Rk,Player,Nation,Pos,Squad,Comp,Age,Born,MP,Starts,Min,90s,Gls,Ast,G+A,G-PK,PK,PKatt,CrdY,CrdR,xG,npxG,xAG,npxG+xAG,PrgC,PrgP,PrgR,G+A-PK,xG+xAG,Rk_stats_shooting,Nation_stats_shooting,Pos_stats_shooting,Comp_stats_shooting,Age_stats_shooting,Born_stats_shooting,90s_stats_shooting,Gls_stats_shooting,Sh,SoT,SoT%,Sh/90,SoT/90,G/Sh,G/SoT,Dist,FK,PK_stats_shooting,PKatt_stats_shooting,xG_stats_shooting,npxG_stats_shooting,npxG/Sh,G-xG,np:G-xG,Rk_stats_passing,Nation_stats_passing,Pos_stats_passing,Comp_stats_passing,Age_stats_passing,Born_stats_passing,90s_stats_passing,Cmp,Att,Cmp%,TotDist,PrgDist,Ast_stats_passing,xAG_stats_passing,xA,A-xAG,KP,1/3,PPA,CrsPA,PrgP_stats_passing,Rk_stats_passing_types,Nation_stats_passing_types,Pos_stats_passing_types,Comp_stats_passing_types,Age_stats_passing_types,Born_stats_passing_types,90s_stats_passing_types,Att_stats_passing_types,Live,Dead,FK_stats_passing_types,TB,Sw,Crs,TI,CK,In,Out,Str,Cmp_stats_passing_types,Off,Blocks,Rk_stats_gca,Nation_stats_gca,Pos_stats_gca,Comp_stats_gca,Age_stats_gca,Born_stats_gca,90s_stats_gca,SCA,SCA90,PassLive,PassDead,TO,Sh_stats_gca,Fld,Def,GCA,GCA90,Rk_stats_defense,Nation_stats_defense,Pos_stats_defense,Comp_stats_defense,Age_stats_defense,Born_stats_defense,90s_stats_defense,Tkl,TklW,Def 3rd,Mid 3rd,Att 3rd,Att_stats_defense,Tkl%,Lost,Blocks_stats_defense,Sh_stats_defense,Pass,Int,Tkl+Int,Clr,Err,Rk_stats_possession,Nation_stats_possession,Pos_stats_possession,Comp_stats_possession,Age_stats_possession,Born_stats_possession,90s_stats_possession,Touches,Def Pen,Def 3rd_stats_possession,Mid 3rd_stats_possession,Att 3rd_stats_possession,Att Pen,Live_stats_possession,Att_stats_possession,Succ,Succ%,Tkld,Tkld%,Carries,TotDist_stats_possession,PrgDist_stats_possession,PrgC_stats_possession,1/3_stats_possession,CPA,Mis,Dis,Rec,PrgR_stats_possession,Rk_stats_playing_time,Nation_stats_playing_time,Pos_stats_playing_time,Comp_stats_playing_time,Age_stats_playing_time,Born_stats_playing_time,MP_stats_playing_time,Min_stats_playing_time,Mn/MP,Min%,90s_stats_playing_time,Starts_stats_playing_time,Mn/Start,Compl,Subs,Mn/Sub,unSub,PPM,onG,onGA,+/-,+/-90,On-Off,onxG,onxGA,xG+/-,xG+/-90,Rk_stats_misc,Nation_stats_misc,Pos_stats_misc,Comp_stats_misc,Age_stats_misc,Born_stats_misc,90s_stats_misc,CrdY_stats_misc,CrdR_stats_misc,2CrdY,Fls,Fld_stats_misc,Off_stats_misc,Crs_stats_misc,Int_stats_misc,TklW_stats_misc,PKwon,PKcon,OG,Recov,Won,Lost_stats_misc,Won%,Rk_stats_keeper,Nation_stats_keeper,Pos_stats_keeper,Comp_stats_keeper,Age_stats_keeper,Born_stats_keeper,MP_stats_keeper,Starts_stats_keeper,Min_stats_keeper,90s_stats_keeper,GA,GA90,SoTA,Saves,Save%,W,D,L,CS,CS%,PKatt_stats_keeper,PKA,PKsv,PKm,Rk_stats_keeper_adv,Nation_stats_keeper_adv,Pos_stats_keeper_adv,Comp_stats_keeper_adv,Age_stats_keeper_adv,Born_stats_keeper_adv,90s_stats_keeper_adv,GA_stats_keeper_adv,PKA_stats_keeper_adv,FK_stats_keeper_adv,CK_stats_keeper_adv,OG_stats_keeper_adv,PSxG,PSxG/SoT,PSxG+/-,/90,Cmp_stats_keeper_adv,Att_stats_keeper_adv,Cmp%_stats_keeper_adv,Att (GK),Thr,Launch%,AvgLen,Opp,Stp,Stp%,#OPA,#OPA/90,AvgDist,Position_Group,Goals_per_90,Assists_per_90,xG_per_90,xAG_per_90,PrgC_per_90,PrgP_per_90,PrgR_per_90,KP_per_90,Tkl_per_90,Int_per_90,PPA_per_90,Carries_per_90,DC_Score,Progression_Score,Finishing_Alpha,Ghost_Factor,DC_Index,Est_Value,Value_Score
9,Matthis Abline,fr FRA,"FW,MF",Nantes,fr Ligue 1,22.0,2003.0,17,14,1338,14.9,2,2,4,2,0,1,3,0,3.8,3.0,1.6,4.6,55.0,32.0,87.0,0.27,0.36,9,fr FRA,"FW,MF",fr Ligue 1,22-283,2003.0,14.9,2,48,12,25.0,3.23,0.81,0.04,0.17,19.6,4.0,0,1,3.8,3.0,0.06,-1.8,-1.0,9,fr FRA,"FW,MF",fr Ligue 1,22-283,2003.0,14.9,152.0,228.0,66.7,2294.0,783.0,2,1.6,1.7,0.4,16.0,17.0,17.0,2.0,32.0,9,fr FRA,"FW,MF",fr Ligue 1,22-283,2003.0,14.9,228.0,223.0,5.0,2.0,0.0,1.0,18,0.0,1.0,0.0,0.0,0.0,152.0,0.0,12.0,9,fr FRA,"FW,MF",fr Ligue 1,22-283,2003.0,14.9,53.0,3.57,28.0,0.0,10.0,9.0,6.0,0.0,5.0,0.34,9,fr FRA,"FW,MF",fr Ligue 1,22-283,2003.0,14.9,12.0,7,5.0,4.0,3.0,9.0,55.6,4.0,3.0,0.0,3.0,2,14.0,7.0,0.0,9,fr FRA,"FW,MF",fr Ligue 1,22-283,2003.0,14.9,424.0,5.0,52.0,153.0,238.0,77.0,423.0,71.0,32.0,45.1,37.0,52.1,269.0,2364.0,1466.0,55.0,31.0,28.0,38.0,21.0,295.0,87.0,10,fr FRA,"FW,MF",fr Ligue 1,22-283,2003.0,17,1338,79,87.5,14.9,14,89.0,12,3,29.0,0,0.82,15,27,-12,-0.81,-0.81,15.2,26.8,-11.6,-0.78,9,fr FRA,"FW,MF",fr Ligue 1,22-283,2003.0,14.9,3,0,0,20,30,2,18,2,7,2.0,0.0,0,46.0,16.0,21.0,43.2,,,,,,,,,,,,,,,,,,,,,,,,,,,,,,,,,,,,,,,,,,,,,,,,,,,,,,Forward,0.1342281879194631,0.1342281879194631,0.25503355704697983,0.10738255033557047,3.6912751677852347,2.1476510067114094,5.8389261744966445,1.0738255033557047,0.8053691275167785,0.1342281879194631,1.1409395973154361,18.053691275167786,-5.4558677852349,5.8389261744966445,-1.7999999999999998,0.8419811320754718,86.58536585365853,36.1,63.6189315603663
13,Francis Abu,gh GHA,MF,Toulouse,fr Ligue 1,24.0,2001.0,8,7,526,5.8,0,0,0,0,0,0,2,0,0.1,0.1,0.0,0.2,1.0,20.0,10.0,0.0,0.03,13,gh GHA,MF,fr Ligue 1,24-253,2001.0,5.8,0,6,0,0.0,1.03,0.0,0.0,,26.6,0.0,0,0,0.1,0.1,0.02,-0.1,-0.1,13,gh GHA,MF,fr Ligue 1,24-253,2001.0,5.8,197.0,238.0,82.8,2960.0,801.0,0,0.0,0.2,0.0,1.0,15.0,2.0,0.0,20.0,13,gh GHA,MF,fr Ligue 1,24-253,2001.0,5.8,238.0,234.0,4.0,4.0,0.0,1.0,0,0.0,0.0,0.0,0.0,0.0,197.0,0.0,3.0,13,gh GHA,MF,fr Ligue 1,24-253,2001.0,5.8,7.0,1.2,6.0,0.0,0.0,1.0,0.0,0.0,0.0,0.0,13,gh GHA,MF,fr Ligue 1,24-253,2001.0,5.8,19.0,14,7.0,10.0,2.0,12.0,66.7,4.0,8.0,3.0,5.0,8,27.0,10.0,2.0,13,gh GHA,MF,fr Ligue 1,24-253,2001.0,5.8,297.0,12.0,81.0,180.0,39.0,6.0,297.0,4.0,3.0,75.0,1.0,25.0,145.0,439.0,157.0,1.0,2.0,0.0,2.0,4.0,169.0,10.0,15,gh GHA,MF,fr Ligue 1,24-253,2001.0,8,526,66,34.4,5.8,7,69.0,1,1,45.0,1,1.13,10,7,3,0.51,0.6,8.0,6.7,1.3,0.22,13,gh GHA,MF,fr Ligue 1,24-253,2001.0,5.8,2,0,0,5,4,0,0,8,14,0.0,0.0,0,33.0,7.0,2.0,77.8,,,,,,,,,,,,,,,,,,,,,,,,,,,,,,,,,,,,,,,,,,,,,,,,,,,,,,Midfielder,0.0,0.0,0.017241379310344827,0.0,0.1724137931034483,3.4482758620689657,1.7241379310344829,0.1724137931034483,3.2758620689655173,1.3793103448275863,0.3448275862068966,25.0,-4.856960689655171,3.6206896551724137,-0.1,0.40404040404040403,51.821862348178136,4.4,49.63779918407867
14,Giorgi Abuashvili,ge GEO,"FW,MF",Metz,fr Ligue 1,22.0,2003.0,10,4,288,3.2,1,0,1,1,0,0,1,0,0.3,0.3,0.2,0.5,11.0,9.0,20.0,0.31,0.15,14,ge GEO,"FW,MF",fr Ligue 1,22-331,2003.0,3.2,1,9,4,44.4,2.81,1.25,0.11,0.25,24.6,0.0,0,0,0.3,0.3,0.03,0.7,0.7,14,ge GEO,"FW,MF",fr Ligue 1,22-331,2003.0,3.2,101.0,128.0,78.9,1734.0,382.0,0,0.2,0.4,-0.2,3.0,8.0,2.0,1.0,9.0,14,ge GEO,"FW,MF",fr Ligue 1,22-331,2003.0,3.2,128.0,114.0,14.0,1.0,2.0,2.0,16,5.0,8.0,4.0,3.0,0.0,101.0,0.0,3.0,14,ge GEO,"FW,MF",fr Ligue 1,22-331,2003.0,3.2,7.0,2.19,2.0,2.0,1.0,1.0,0.0,1.0,1.0,0.31,14,ge GEO,"FW,MF",fr Ligue 1,22-331,2003.0,3.2,9.0,5,6.0,3.0,0.0,8.0,50.0,4.0,5.0,1.0,4.0,1,10.0,4.0,0.0,14,ge GEO,"FW,MF",fr Ligue 1,22-331,2003.0,3.2,177.0,6.0,36.0,80.0,62.0,6.0,177.0,11.0,3.0,27.3,8.0,72.7,100.0,566.0,328.0,11.0,5.0,3.0,6.0,10.0,112.0,20.0,16,ge GEO,"FW,MF",fr Ligue 1,22-331,2003.0,10,288,29,18.8,3.2,4,57.0,0,6,10.0,6,0.8,6,10,-4,-1.25,-0.09,5.1,8.9,-3.8,-1.19,14,ge GEO,"FW,MF",fr Ligue 1,22-331,2003.0,3.2,1,0,0,3,3,0,16,1,5,0.0,0.0,0,15.0,1.0,3.0,25.0,,,,,,,,,,,,,,,,,,,,,,,,,,,,,,,,,,,,,,,,,,,,,,,,,,,,,,Forward,0.3125,0.0,0.09374999999999999,0.0625,3.4375,2.8125,6.25,0.9375,2.8125,0.3125,0.625,31.25,-5.712063000000001,6.25,0.7,1.2372881355932202,85.54006968641114,23.0,69.54477210277328
17,Joshua Acheampong,eng ENG,DF,Chelsea,eng Premier League,19.0,2006.0,7,6,455,5.1,1,0,1,1,0,0,0,0,0.6,0.6,0.0,0.6,5.0,11.0,1.0,0.2,0.12,17,eng ENG,DF,eng Premier League,19-245,2006.0,5.1,1,3,2,66.7,0.59,0.4,0.33,0.5,8.1,0.0,0,0,0.6,0.6,0.2,0.4,0.4,17,eng ENG,DF,eng Premier League,19-245,2006.0,5.1,310.0,341.0,90.9,5150.0,1250.0,0,0.0,0.0,0.0,0.0,10.0,0.0,0.0,11.0,17,eng ENG,DF,eng Premier League,19-245,2006.0,5.1,341.0,321.0,20.0,9.0,0.0,0.0,0,7.0,0.0,0.0,0.0,0.0,310.0,0.0,3.0,17,eng ENG,DF,eng Premier League,19-245,2006.0,5.1,0.0,0.0,0.0,0.0,0.0,0.0,0.0,0.0,0.0,0.0,17,eng ENG,DF,eng Premier League,19-245,2006.0,5.1,6.0,5,5.0,1.0,0.0,5.0,40.0,3.0,7.0,2.0,5.0,8,14.0,16.0,4.0,17,eng ENG,DF,eng Premier League,19-245,2006.0,5.1,390.0,33.0,159.0,202.0,32.0,6.0,390.0,14.0,10.0,71.4,3.0,21.4,273.0,1352.0,687.0,5.0,6.0,1.0,1.0,5.0,293.0,1.0,19,eng ENG,DF,eng Premier League,19-245,2006.0,7,455,65,25.3,5.1,6,70.0,1,1,37.0,12,1.29,6,8,-2,-0.4,-1.27,6.3,10.8,-4.5,-0.9,17,eng ENG,DF,eng Premier League,19-245,2006.0,5.1,0,0,0,1,5,0,0,8,5,0.0,0.0,0,18.0,9.0,7.0,56.3,,,,,,,,,,,,,,,,,,,,,,,,,,,,,,,,,,,,,,,,,,,,,,,,,,,,,,Defender,0.19607843137254904,0.0,0.11764705882352941,0.0,0.9803921568627452,2.1568627450980395,0.19607843137254904,0.0,1.1764705882352942,1.5686274509803924,0.0,53.529411764705884,-5.646654901960782,3.1372549019607847,0.4,0.0,47.110332749562176,15.0,40.96550673874972
21,Junior Adamu,at AUT,FW,Freiburg,de Bundesliga,24.0,2001.0,9,7,446,5.0,1,1,2,1,0,0,1,0,1.6,1.6,1.2,2.7,2.0,4.0,28.0,0.4,0.55,21,at AUT,FW,de Bundesliga,24-213,2001.0,5.0,1,7,3,42.9,1.41,0.61,0.14,0.33,9.6,0.0,0,0,1.6,1.6,0.23,-0.6,-0.6,21,at AUT,FW,de Bundesliga,24-213,2001.0,5.0,49.0,85.0,57.6,642.0,110.0,1,1.2,0.2,-0.2,4.0,1.0,2.0,1.0,4.0,21,at AUT,FW,de Bundesliga,24-213,2001.0,5.0,85.0,81.0,3.0,0.0,0.0,0.0,2,0.0,0.0,0.0,0.0,0.0,49.0,1.0,6.0,21,at AUT,FW,de Bundesliga,24-213,2001.0,5.0,9.0,1.82,6.0,0.0,0.0,2.0,0.0,1.0,2.0,0.4,21,at AUT,FW,de Bundesliga,24-213,2001.0,5.0,11.0,6,8.0,3.0,0.0,3.0,66.7,1.0,3.0,2.0,1.0,6,17.0,6.0,0.0,21,at AUT,FW,de Bundesliga,24-213,2001.0,5.0,168.0,12.0,26.0,78.0,66.0,21.0,168.0,14.0,5.0,35.7,7.0,50.0,83.0,392.0,89.0,2.0,4.0,1.0,25.0,3.0,115.0,28.0,23,at AUT,FW,de Bundesliga,24-213,2001.0,9,446,50,33.0,5.0,7,61.0,0,2,9.0,6,1.44,7,4,3,0.61,1.0,7.7,5.0,2.7,0.55,21,at AUT,FW,de Bundesliga,24-213,2001.0,5.0,1,0,0,10,9,6,2,6,6,0.0,0.0,0,14.0,23.0,28.0,45.1,,,,,,,,,,,,,,,,,,,,,,,,,,,,,,,,,,,,,,,,,,,,,,,,,,,,,,Forward,0.2,0.2,0.32,0.24,0.4,0.8,5.6,0.8,2.2,1.2,0.4,16.6,-12.718364,1.2,-0.6000000000000001,1.0833333333333335,25.78397212543554,1.0,25.528685272708454
23,Jayden Addai,nl NED,FW,Como,it Serie A,20.0,2005.0,10,7,618,6.9,3,0,3,3,0,0,3,0,1.4,1.4,0.5,1.9,24.0,14.0,54.0,0.44,0.28,23,nl NED,FW,it Serie A,20-132,2005.0,6.9,3,12,6,50.0,1.75,0.87,0.25,0.5,18.0,0.0,0,0,1.4,1.4,0.12,1.6,1.6,23,nl NED,FW,it Serie A,20-132,2005.0,6.9,108.0,155.0,69.7,1629.0,351.0,0,0.5,0.7,-0.5,5.0,5.0,5.0,1.0,14.0,23,nl NED,FW,it Serie A,20-132,2005.0,6.9,155.0,152.0,3.0,1.0,1.0,2.0,9,1.0,1.0,0.0,1.0,0.0,108.0,0.0,8.0,23,nl NED,FW,it Serie A,20-132,2005.0,6.9,13.0,1.89,8.0,1.0,3.0,1.0,0.0,0.0,0.0,0.0,23,nl NED,FW,it Serie A,20-132,2005.0,6.9,6.0,2,2.0,3.0,1.0,3.0,0.0,3.0,5.0,1.0,4.0,3,9.0,4.0,0.0,23,nl NED,FW,it Serie A,20-132,2005.0,6.9,233.0,3.0,30.0,80.0,128.0,29.0,233.0,29.0,10.0,34.5,15.0,51.7,155.0,1147.0,676.0,24.0,11.0,12.0,15.0,16.0,167.0,54.0,25,nl NED,FW,it Serie A,20-132,2005.0,10,618,62,40.4,6.9,7,75.0,2,3,31.0,3,1.4,10,6,4,0.58,-0.11,9.5,8.5,1.0,0.15,23,nl NED,FW,it Serie A,20-132,2005.0,6.9,3,0,0,12,12,2,9,3,2,0.0,0.0,0,22.0,2.0,1.0,66.7,,,,,,,,,,,,,,,,,,,,,,,,,,,,,,,,,,,,,,,,,,,,,,,,,,,,,,Forward,0.43478260869565216,0.0,0.20289855072463767,0.07246376811594203,3.4782608695652173,2.0289855072463765,7.826086956521738,0.7246376811594203,0.8695652173913043,0.43478260869565216,0.7246376811594203,22.463768115942027,-3.932623449275363,5.507246376811594,1.6,0.8111587982832618,91.63763066202091,54.1,59.46634046854051
24,Karim Adeyemi,de GER,"MF,FW",Dortmund,de Bundesliga,23.0,2002.0,15,10,735,8.2,4,1,5,4,0,0,2,0,2.7,2.7,1.6,4.2,25.0,19.0,77.0,0.61,0.52,24,de GER,"MF,FW",de Bundesliga,23-352,2002.0,8.2,4,20,9,45.0,2.45,1.1,0.2,0.44,16.4,0.0,0,0,2.7,2.7,0.13,1.3,1.3,24,de GER,"MF,FW",de Bundesliga,23-352,2002.0,8.2,139.0,196.0,70.9,1903.0,401.0,1,1.6,1.8,-0.6,9.0,8.0,5.0,1.0,19.0,24,de GER,"MF,FW",de Bundesliga,23-352,2002.0,8.2,196.0,188.0,8.0,0.0,1.0,1.0,6,7.0,0.0,0.0,0.0,0.0,139.0,0.0,12.0,24,de GER,"MF,FW",de Bundesliga,23-352,2002.0,8.2,32.0,3.92,22.0,0.0,6.0,0.0,4.0,0.0,6.0,0.73,24,de GER,"MF,FW",de Bundesliga,23-352,2002.0,8.2,3.0,2,2.0,0.0,1.0,5.0,0.0,5.0,5.0,0.0,5.0,4,7.0,2.0,0.0,24,de GER,"MF,FW",de Bundesliga,23-352,2002.0,8.2,324.0,3.0,32.0,98.0,198.0,46.0,324.0,42.0,14.0,33.3,27.0,64.3,215.0,1323.0,684.0,25.0,17.0,14.0,33.0,15.0,246.0,77.0,27,de GER,"MF,FW",de Bundesliga,23-352,2002.0,15,735,49,54.4,8.2,10,69.0,0,5,9.0,0,2.13,13,4,9,1.1,0.37,11.9,6.8,5.1,0.62,24,de GER,"MF,FW",de Bundesliga,23-352,2002.0,8.2,2,0,0,13,18,3,6,4,2,1.0,0.0,0,21.0,5.0,7.0,41.7,,,,,,,,,,,,,,,,,,,,,,,,,,,,,,,,,,,,,,,,,,,,,,,,,,,,,,Forward,0.48780487804878053,0.12195121951219513,0.3292682926829269,0.19512195121951223,3.048780487804878,2.3170731707317076,9.390243902439025,1.0975609756097562,0.3658536585365854,0.48780487804878053,0.6097560975609757,26.219512195121954,-7.582692902439025,5.365853658536586,1.2999999999999998,1.2098765432098766,74.73867595818815,22.4,61.06100976976156
25,Simon Adingra,ci CIV,"FW,MF",Sunderland,eng Premier League,24.0,2002.0,13,8,602,6.7,1,0,1,1,0,0,2,0,0.3,0.3,0.8,1.1,22.0,8.0,67.0,0.15,0.17,25,ci CIV,"FW,MF",eng Premier League,24-004,2002.0,6.7,1,6,2,33.3,0.9,0.3,0.17,0.5,16.8,0.0,0,0,0.3,0.3,0.06,0.7,0.7,25,ci CIV,"FW,MF",eng Premier League,24-004,2002.0,6.7,120.0,178.0,67.4,1784.0,273.0,0,0.8,0.6,-0.8,6.0,3.0,6.0,2.0,8.0,25,ci CIV,"FW,MF",eng Premier League,24-004,2002.0,6.7,178.0,174.0,3.0,0.0,1.0,0.0,26,3.0,0.0,0.0,0.0,0.0,120.0,1.0,13.0,25,ci CIV,"FW,MF",eng Premier League,24-004,2002.0,6.7,12.0,1.79,11.0,0.0,1.0,0.0,0.0,0.0,1.0,0.15,25,ci CIV,"FW,MF",eng Premier League,24-004,2002.0,6.7,10.0,8,4.0,4.0,2.0,14.0,35.7,9.0,11.0,0.0,11.0,1,11.0,10.0,0.0,25,ci CIV,"FW,MF",eng Premier League,24-004,2002.0,6.7,270.0,4.0,39.0,99.0,135.0,15.0,270.0,26.0,7.0,26.9,18.0,69.2,170.0,1162.0,582.0,22.0,12.0,4.0,11.0,12.0,191.0,67.0,28,ci CIV,"FW,MF",eng Premier League,24-004,2002.0,13,602,46,33.4,6.7,8,65.0,0,5,16.0,6,1.15,6,7,-1,-0.15,-0.37,6.8,9.8,-3.0,-0.45,25,ci CIV,"FW,MF",eng Premier League,24-004,2002.0,6.7,2,0,0,15,3,4,26,1,8,0.0,0.0,0,18.0,8.0,11.0,42.1,,,,,,,,,,,,,,,,,,,,,,,,,,,,,,,,,,,,,,,,,,,,,,,,,,,,,,Forward,0.14925373134328357,0.0,0.04477611940298507,0.11940298507462686,3.2835820895522385,1.1940298507462686,10.0,0.8955223880597015,1.4925373134328357,0.14925373134328357,0.8955223880597015,25.37313432835821,-6.852242074626866,4.477611940298507,0.7,0.662962962962963,78.57142857142857,30.9,60.024009603841534
30,David Affengruber,at AUT,DF,Elche,es La Liga,24.0,2001.0,17,16,1439,16.0,0,0,0,0,0,0,4,1,0.4,0.4,0.3,0.7,16.0,58.0,5.0,0.0,0.04,30,at AUT,DF,es La Liga,24-292,2001.0,16.0,0,4,1,25.0,0.25,0.06,0.0,0.0,12.3,0.0,0,0,0.4,0.4,0.1,-0.4,-0.4,30,at AUT,DF,es La Liga,24-292,2001.0,16.0,875.0,1004.0,87.2,15153.0,5415.0,0,0.3,0.5,-0.3,4.0,66.0,4.0,0.0,58.0,30,at AUT,DF,es La Liga,24-292,2001.0,16.0,1004.0,956.0,47.0,30.0,0.0,8.0,3,7.0,0.0,0.0,0.0,0.0,875.0,1.0,2.0,30,at AUT,DF,es La Liga,24-292,2001.0,16.0,15.0,0.94,15.0,0.0,0.0,0.0,0.0,0.0,2.0,0.13,30,at AUT,DF,es La Liga,24-292,2001.0,16.0,36.0,24,24.0,12.0,0.0,32.0,75.0,8.0,14.0,11.0,3.0,26,62.0,92.0,3.0,30,at AUT,DF,es La Liga,24-292,2001.0,16.0,1180.0,128.0,519.0,627.0,42.0,10.0,1180.0,6.0,4.0,66.7,1.0,16.7,626.0,3578.0,2279.0,16.0,10.0,2.0,5.0,2.0,771.0,5.0,34,at AUT,DF,es La Liga,24-292,2001.0,17,1439,85,88.8,16.0,16,87.0,13,1,45.0,0,1.24,23,18,5,0.31,2.3,19.6,23.4,-3.8,-0.24,30,at AUT,DF,es La Liga,24-292,2001.0,16.0,4,1,0,16,18,2,3,26,24,0.0,1.0,0,81.0,28.0,16.0,63.6,,,,,,,,,,,,,,,,,,,,,,,,,,,,,,,,,,,,,,,,,,,,,,,,,,,,,,Defender,0.0,0.0,0.025,0.01875,1.0,3.625,0.3125,0.25,2.25,1.625,0.25,39.125,-3.726049999999999,4.625,-0.4,0.07966101694915254,66.37478108581436,11.3,59.63592190998595
34,Lucien Agoume,fr FRA,MF,Sevilla,es La Liga,23.0,2002.0,15,13,1135,12.6,1,2,3,1,0,0,8,0,0.5,0.5,1.8,2.3,18.0,76.0,22.0,0.24,0.18,34,fr FRA,MF,es La Liga,23-330,2002.0,12.6,1,7,1,14.3,0.56,0.08,0.14,1.0,15.9,0.0,0,0,0.5,0.5,0.07,0.5,0.5,34,fr FRA,MF,es La Liga,23-330,2002.0,12.6,489.0,617.0,79.3,8058.0,2672.0,2,1.8,0.9,0.2,12.0,70.0,16.0,2.0,76.0,34,fr FRA,MF,es La Liga,23-330,2002.0,12.6,617.0,588.0,20.0,16.0,6.0,7.0,9,3.0,1.0,0.0,0.0,0.0,489.0,9.0,13.0,34,fr FRA,MF,es La Liga,23-330,2002.0,12.6,24.0,1.9,23.0,0.0,0.0,0.0,0.0,1.0,3.0,0.24,34,fr FRA,MF,es La Liga,23-330,2002.0,12.6,27.0,15,9.0,15.0,3.0,17.0,70.6,5.0,13.0,2.0,11.0,14,41.0,16.0,1.0,34,fr FRA,MF,es La Liga,23-330,2002.0,12.6,720.0,27.0,152.0,411.0,159.0,16.0,720.0,6.0,3.0,50.0,3.0,50.0,394.0,1743.0,858.0,18.0,15.0,1.0,13.0,4.0,479.0,22.0,38,fr FRA,MF,es La Liga,23-330,2002.0,15,1135,76,70.1,12.6,13,84.0,7,2,21.0,1,1.13,20,19,1,0.08,1.19,13.6,16.3,-2.7,-0.22,34,fr FRA,MF,es La Liga,23-330,2002.0,12.6,8,0,0,22,6,3,9,14,15,0.0,0.0,0,50.0,22.0,19.0,53.7,,,,,,,,,,,,,,,,,,,,,,,,,,,,,,,,,,,,,,,,,,,,,,,,,,,,,,Midfielder,0.07936507936507936,0.15873015873015872,0.03968253968253968,0.14285714285714288,1.4285714285714286,6.031746031746032,1.746031746031746,0.9523809523809524,2.142857142857143,1.1111111111111112,1.2698412698412698,31.269841269841272,-0.06523231746031932,7.4603174603174605,0.5,0.2638888888888889,90.41835357624831,42.7,63.36254630430856
41,Honest Ahanor,it ITA,DF,Atalanta,it Serie A,17.0,2008.0,9,6,617,6.9,0,0,0,0,0,0,0,0,1.1,1.1,0.0,1.1,7.0,15.0,7.0,0.0,0.16,41,it ITA,DF,it Serie A,17-316,2008.0,6.9,0,6,0,0.0,0.88,0.0,0.0,,10.2,0.0,0,0,1.1,1.1,0.18,-1.1,-1.1,41,it ITA,DF,it Serie A,17-316,2008.0,6.9,309.0,341.0,90.6,5001.0,1433.0,0,0.0,0.1,0.0,0.0,27.0,1.0,0.0,15.0,41,it ITA,DF,it Serie A,17-316,2008.0,6.9,341.0,331.0,10.0,8.0,0.0,1.0,1,0.0,0.0,0.0,0.0,0.0,309.0,0.0,2.0,41,it ITA,DF,it Serie A,17-316,2008.0,6.9,2.0,0.29,1.0,0.0,0.0,0.0,0.0,1.0,0.0,0.0,41,it ITA,DF,it Serie A,17-316,2008.0,6.9,18.0,9,10.0,6.0,2.0,17.0,70.6,5.0,15.0,5.0,10.0,8,26.0,21.0,1.0,41,it ITA,DF,it Serie A,17-316,2008.0,6.9,428.0,44.0,194.0,202.0,36.0,11.0,428.0,6.0,2.0,33.3,3.0,50.0,233.0,1019.0,534.0,7.0,4.0,1.0,4.0,2.0,292.0,7.0,49,it ITA,DF,it Serie A,17-316,2008.0,9,617,69,38.1,6.9,6,75.0,3,3,55.0,9,1.44,7,10,-3,-0.44,-0.89,8.7,8.3,0.4,0.05,41,it ITA,DF,it Serie A,17-316,2008.0,6.9,0,0,0,5,12,0,1,8,9,0.0,0.0,0,18.0,11.0,8.0,57.9,,,,,,,,,,,,,,,,,,,,,,,,,,,,,,,,,,,,,,,,,,,,,,,,,,,,,,Defender,0.0,0.0,0.15942028985507248,0.0,1.0144927536231882,2.1739130434782608,1.0144927536231882,0.0,2.608695652173913,1.1594202898550725,0.14492753623188406,33.768115942028984,-1.8634173913043472,3.1884057971014492,-1.1,0.06775700934579439,81.9614711033275,31.0,62.56600847582252
45,Abdelhamid Ait Boudlal,ma MAR,DF,Rennes,fr Ligue 1,19.0,2006.0,9,8,648,7.2,2,1,3,2,0,0,2,1,1.2,1.2,0.3,1.5,8.0,25.0,7.0,0.42,0.21,45,ma MAR,DF,fr Ligue 1,19-264,2006.0,7.2,2,3,2,66.7,0.42,0.28,0.67,1.0,12.4,0.0,0,0,1.2,1.2,0.4,0.8,0.8,45,ma MAR,DF,fr Ligue 1,19-264,2006.0,7.2,300.0,353.0,85.0,5049.0,1847.0,1,0.3,0.3,0.7,1.0,16.0,5.0,0.0,25.0,45,ma MAR,DF,fr Ligue 1,19-264,2006.0,7.2,353.0,333.0,20.0,16.0,0.0,7.0,2,1.0,0.0,0.0,0.0,0.0,300.0,0.0,4.0,45,ma MAR,DF,fr Ligue 1,19-264,2006.0,7.2,4.0,0.56,4.0,0.0,0.0,0.0,0.0,0.0,1.0,0.14,45,ma MAR,DF,fr Ligue 1,19-264,2006.0,7.2,13.0,6,9.0,3.0,1.0,14.0,64.3,5.0,8.0,5.0,3.0,5,18.0,33.0,1.0,45,ma MAR,DF,fr Ligue 1,19-264,2006.0,7.2,446.0,53.0,245.0,173.0,31.0,6.0,446.0,6.0,2.0,33.3,4.0,66.7,243.0,1293.0,767.0,8.0,8.0,2.0,14.0,2.0,297.0,7.0,54,ma MAR,DF,fr Ligue 1,19-264,2006.0,9,648,72,42.4,7.2,8,77.0,6,1,33.0,1,2.11,15,11,4,0.56,0.45,12.7,9.8,2.8,0.39,45,ma MAR,DF,fr Ligue 1,19-264,2006.0,7.2,2,1,0,6,2,0,2,5,6,0.0,0.0,0,25.0,16.0,10.0,61.5,,,,,,,,,,,,,,,,,,,,,,,,,,,,,,,,,,,,,,,,,,,,,,,,,,,,,,Defender,0.2777777777777778,0.1388888888888889,0.16666666666666666,0.041666666666666664,1.1111111111111112,3.4722222222222223,0.9722222222222222,0.1388888888888889,1.8055555555555556,0.6944444444444444,0.6944444444444444,33.75,-0.8965388888888857,4.583333333333333,0.8,0.12556053811659196,87.56567425569177,33.4,65.64143497428168
54,Ebenezer Akinsanmiro,ng NGA,MF,Pisa,it Serie A,21.0,2004.0,12,9,854,9.5,0,1,1,0,0,0,1,0,0.6,0.6,1.3,1.8,19.0,46.0,27.0,0.11,0.19,54,ng NGA,MF,it Serie A,21-041,2004.0,9.5,0,10,3,30.0,1.05,0.32,0.0,0.0,24.2,0.0,0,0,0.6,0.6,0.06,-0.6,-0.6,54,ng NGA,MF,it Serie A,21-041,2004.0,9.5,239.0,283.0,84.5,4349.0,1233.0,1,1.3,1.1,-0.3,11.0,41.0,6.0,3.0,46.0,54,ng NGA,MF,it Serie A,21-041,2004.0,9.5,283.0,269.0,10.0,4.0,2.0,3.0,10,1.0,0.0,0.0,0.0,0.0,239.0,4.0,1.0,54,ng NGA,MF,it Serie A,21-041,2004.0,9.5,25.0,2.63,19.0,0.0,2.0,2.0,2.0,0.0,2.0,0.21,54,ng NGA,MF,it Serie A,21-041,2004.0,9.5,20.0,13,9.0,8.0,3.0,10.0,50.0,5.0,7.0,2.0,5.0,11,31.0,9.0,0.0,54,ng NGA,MF,it Serie A,21-041,2004.0,9.5,392.0,11.0,81.0,224.0,98.0,11.0,392.0,30.0,16.0,53.3,13.0,43.3,229.0,1357.0,766.0,19.0,17.0,2.0,19.0,11.0,233.0,27.0,67,ng NGA,MF,it Serie A,21-041,2004.0,12,854,71,52.7,9.5,9,84.0,7,3,33.0,1,0.75,6,12,-6,-0.63,0.07,9.5,13.3,-3.8,-0.4,54,ng NGA,MF,it Serie A,21-041,2004.0,9.5,1,0,0,21,17,1,10,11,13,0.0,0.0,0,67.0,7.0,9.0,43.8,,,,,,,,,,,,,,,,,,,,,,,,,,,,,,,,,,,,,,,,,,,,,,,,,,,,,,Midfielder,0.0,0.10526315789473684,0.06315789473684211,0.1368421052631579,2.0,4.842105263157895,2.8421052631578947,1.1578947368421053,2.1052631578947367,1.1578947368421053,0.631578947368421,24.105263157894736,-0.31875321052631644,6.842105263157895,-0.6,0.6709183673469388,88.66396761133603,39.0,63.78702705851513
55,Maghnes Akliouche,fr FRA,"MF,FW",Monaco,fr Ligue 1,23.0,2002.0,16,15,1295,14.4,3,2,5,3,0,0,2,0,3.6,3.6,2.7,6.3,45.0,76.0,97.0,0.35,0.44,55,fr FRA,"MF,FW",fr Ligue 1,23-314,2002.0,14.4,3,25,8,32.0,1.74,0.56,0.12,0.38,18.3,0.0,0,0,3.6,3.6,0.14,-0.6,-0.6,55,fr FRA,"MF,FW",fr Ligue 1,23-314,2002.0,14.4,501.0,612.0,81.9,7660.0,2186.0,2,2.7,3.2,-0.7,20.0,58.0,21.0,2.0,76.0,55,fr FRA,"MF,FW",fr Ligue 1,23-314,2002.0,14.4,612.0,587.0,23.0,4.0,8.0,4.0,22,11.0,6.0,1.0,4.0,0.0,501.0,2.0,12.0,55,fr FRA,"MF,FW",fr Ligue 1,23-314,2002.0,14.4,52.0,3.61,42.0,3.0,1.0,3.0,1.0,2.0,4.0,0.28,55,fr FRA,"MF,FW",fr Ligue 1,23-314,2002.0,14.4,22.0,14,6.0,9.0,7.0,20.0,35.0,13.0,16.0,1.0,15.0,12,34.0,8.0,1.0,55,fr FRA,"MF,FW",fr Ligue 1,23-314,2002.0,14.4,779.0,11.0,76.0,368.0,348.0,56.0,779.0,31.0,10.0,32.3,18.0,58.1,452.0,2788.0,1448.0,45.0,35.0,16.0,42.0,22.0,548.0,97.0,68,fr FRA,"MF,FW",fr Ligue 1,23-314,2002.0,16,1295,81,84.6,14.4,15,84.0,10,1,31.0,0,1.44,23,24,-1,-0.07,0.7,25.8,23.5,2.2,0.16,55,fr FRA,"MF,FW",fr Ligue 1,23-314,2002.0,14.4,2,0,0,15,18,6,22,12,14,0.0,0.0,0,84.0,2.0,11.0,15.4,,,,,,,,,,,,,,,,,,,,,,,,,,,,,,,,,,,,,,,,,,,,,,,,,,,,,,Forward,0.20833333333333331,0.1388888888888889,0.25,0.1875,3.125,5.277777777777778,6.736111111111111,1.3888888888888888,1.5277777777777777,0.8333333333333333,1.4583333333333333,31.38888888888889,-7.1039785,8.402777777777777,-0.6000000000000001,0.46341463414634143,77.35191637630662,25.8,61.488009838081574
56,Clément Akpa,ci CIV,DF,Auxerre,fr Ligue 1,24.0,2001.0,15,14,1229,13.7,0,0,0,0,0,0,3,1,0.1,0.1,0.4,0.5,8.0,48.0,4.0,0.0,0.04,56,ci CIV,DF,fr Ligue 1,24-042,2001.0,13.7,0,5,0,0.0,0.37,0.0,0.0,,21.8,1.0,0,0,0.1,0.1,0.03,-0.1,-0.1,56,ci CIV,DF,fr Ligue 1,24-042,2001.0,13.7,600.0,743.0,80.8,11851.0,4786.0,0,0.4,0.7,-0.4,7.0,51.0,7.0,3.0,48.0,56,ci CIV,DF,fr Ligue 1,24-042,2001.0,13.7,743.0,674.0,66.0,40.0,0.0,9.0,24,3.0,11.0,1.0,9.0,0.0,600.0,3.0,6.0,56,ci CIV,DF,fr Ligue 1,24-042,2001.0,13.7,16.0,1.17,9.0,4.0,0.0,1.0,2.0,0.0,1.0,0.07,56,ci CIV,DF,fr Ligue 1,24-042,2001.0,13.7,20.0,10,13.0,5.0,2.0,14.0,71.4,4.0,13.0,6.0,7.0,9,29.0,56.0,3.0,56,ci CIV,DF,fr Ligue 1,24-042,2001.0,13.7,866.0,85.0,438.0,383.0,54.0,3.0,866.0,10.0,6.0,60.0,1.0,10.0,546.0,2548.0,1379.0,8.0,7.0,0.0,9.0,1.0,587.0,4.0,69,ci CIV,DF,fr Ligue 1,24-042,2001.0,15,1229,82,80.3,13.7,14,86.0,12,1,26.0,0,0.8,10,20,-10,-0.73,0.16,16.6,18.4,-1.7,-0.13,56,ci CIV,DF,fr Ligue 1,24-042,2001.0,13.7,3,1,1,7,22,1,24,9,10,0.0,1.0,2,41.0,22.0,16.0,57.9,,,,,,,,,,,,,,,,,,,,,,,,,,,,,,,,,,,,,,,,,,,,,,,,,,,,,,Defender,0.0,0.0,0.007299270072992701,0.029197080291970805,0.5839416058394161,3.5036496350364965,0.29197080291970806,0.5109489051094891,1.4598540145985401,0.6569343065693432,0.5109489051094891,39.85401459854015,-3.9504510948905107,4.087591240875913,-0.1,0.13510392609699767,63.92294220665499,9.1,58.59114776045371
61,Carlos Alcaraz,ar ARG,"MF,FW",Everton,eng Premier League,23.0,2002.0,15,6,663,7.4,0,1,1,0,0,0,3,0,1.1,1.1,0.8,2.0,8.0,21.0,26.0,0.14,0.27,61,ar ARG,"MF,FW",eng Premier League,23-036,2002.0,7.4,0,18,5,27.8,2.44,0.68,0.0,0.0,17.3,0.0,0,0,1.1,1.1,0.06,-1.1,-1.1,61,ar ARG,"MF,FW",eng Premier League,23-036,2002.0,7.4,225.0,285.0,78.9,3912.0,646.0,1,0.8,0.4,0.2,9.0,18.0,5.0,1.0,21.0,61,ar ARG,"MF,FW",eng Premier League,23-036,2002.0,7.4,285.0,272.0,10.0,3.0,2.0,3.0,5,0.0,3.0,0.0,1.0,0.0,225.0,3.0,8.0,61,ar ARG,"MF,FW",eng Premier League,23-036,2002.0,7.4,20.0,2.71,13.0,1.0,2.0,2.0,2.0,0.0,1.0,0.14,61,ar ARG,"MF,FW",eng Premier League,23-036,2002.0,7.4,12.0,7,3.0,6.0,3.0,19.0,36.8,12.0,10.0,2.0,8.0,3,15.0,5.0,2.0,61,ar ARG,"MF,FW",eng Premier League,23-036,2002.0,7.4,379.0,11.0,50.0,194.0,139.0,24.0,379.0,13.0,5.0,38.5,6.0,46.2,179.0,935.0,416.0,8.0,11.0,2.0,27.0,8.0,232.0,26.0,75,ar ARG,"MF,FW",eng Premier League,23-036,2002.0,15,663,44,36.8,7.4,6,75.0,0,9,24.0,3,1.33,6,8,-2,-0.27,-0.27,8.1,12.6,-4.5,-0.61,61,ar ARG,"MF,FW",eng Premier League,23-036,2002.0,7.4,3,0,0,8,10,1,5,3,7,0.0,0.0,0,38.0,12.0,16.0,42.9,,,,,,,,,,,,,,,,,,,,,,,,,,,,,,,,,,,,,,,,,,,,,,,,,,,,,,Forward,0.0,0.13513513513513511,0.14864864864864866,0.10810810810810811,1.081081081081081,2.8378378378378377,3.513513513513513,1.2162162162162162,1.6216216216216215,0.4054054054054054,0.6756756756756757,24.18918918918919,-11.431624972972974,3.918918918918919,-1.1,0.7150395778364116,38.501742160278745,2.5,37.562675278320725
67,Mohamed Ali Cho,fr FRA,"FW,MF",Nice,fr Ligue 1,21.0,2004.0,10,9,707,7.9,2,2,4,2,0,0,0,0,1.1,1.1,1.6,2.7,32.0,24.0,62.0,0.51,0.34,67,fr FRA,"FW,MF",fr Ligue 1,21-351,2004.0,7.9,2,11,4,36.4,1.4,0.51,0.18,0.5,16.1,0.0,0,0,1.1,1.1,0.1,0.9,0.9,67,fr FRA,"FW,MF",fr Ligue 1,21-351,2004.0,7.9,152.0,204.0,74.5,2223.0,569.0,2,1.6,1.5,0.4,11.0,13.0,16.0,5.0,24.0,67,fr FRA,"FW,MF",fr Ligue 1,21-351,2004.0,7.9,204.0,196.0,7.0,0.0,2.0,1.0,19,2.0,0.0,0.0,0.0,0.0,152.0,1.0,6.0,67,fr FRA,"FW,MF",fr Ligue 1,21-351,2004.0,7.9,25.0,3.18,23.0,0.0,1.0,0.0,1.0,0.0,4.0,0.51,67,fr FRA,"FW,MF",fr Ligue 1,21-351,2004.0,7.9,3.0,1,1.0,2.0,0.0,4.0,25.0,3.0,6.0,1.0,5.0,3,6.0,3.0,0.0,67,fr FRA,"FW,MF",fr Ligue 1,21-351,2004.0,7.9,289.0,1.0,29.0,128.0,139.0,35.0,289.0,23.0,6.0,26.1,16.0,69.6,198.0,1523.0,796.0,32.0,19.0,11.0,26.0,14.0,226.0,62.0,85,fr FRA,"FW,MF",fr Ligue 1,21-351,2004.0,10,707,71,46.2,7.9,9,77.0,2,1,12.0,0,0.6,10,16,-6,-0.76,-0.33,9.9,14.7,-4.8,-0.61,67,fr FRA,"FW,MF",fr Ligue 1,21-351,2004.0,7.9,0,0,0,3,15,2,19,3,1,0.0,0.0,0,30.0,9.0,20.0,31.0,,,,,,,,,,,,,,,,,,,,,,,,,,,,,,,,,,,,,,,,,,,,,,,,,,,,,,Forward,0.2531645569620253,0.2531645569620253,0.13924050632911392,0.20253164556962025,4.0506329113924044,3.0379746835443036,7.848101265822785,1.3924050632911391,0.37974683544303794,0.37974683544303794,2.0253164556962022,25.063291139240505,-4.055167911392407,7.0886075949367084,0.8999999999999999,1.1003460207612459,91.28919860627178,44.9,63.00151732661959
70,Thiago Almada,ar ARG,"MF,FW",Atlético Madrid,es La Liga,24.0,2001.0,11,4,432,4.8,2,1,3,2,0,0,1,0,2.3,2.3,1.0,3.3,14.0,29.0,21.0,0.62,0.68,70,ar ARG,"MF,FW",es La Liga,24-254,2001.0,4.8,2,10,6,60.0,2.08,1.25,0.2,0.33,15.9,0.0,0,0,2.3,2.3,0.23,-0.3,-0.3,70,ar ARG,"MF,FW",es La Liga,24-254,2001.0,4.8,214.0,258.0,82.9,3415.0,801.0,1,1.0,0.7,0.0,8.0,19.0,8.0,1.0,29.0,70,ar ARG,"MF,FW",es La Liga,24-254,2001.0,4.8,258.0,246.0,12.0,3.0,3.0,2.0,12,3.0,6.0,1.0,4.0,0.0,214.0,0.0,5.0,70,ar ARG,"MF,FW",es La Liga,24-254,2001.0,4.8,15.0,3.12,12.0,0.0,2.0,1.0,0.0,0.0,3.0,0.62,70,ar ARG,"MF,FW",es La Liga,24-254,2001.0,4.8,6.0,4,0.0,6.0,0.0,8.0,12.5,7.0,2.0,1.0,1.0,3,9.0,4.0,0.0,70,ar ARG,"MF,FW",es La Liga,24-254,2001.0,4.8,304.0,6.0,44.0,146.0,117.0,14.0,304.0,15.0,10.0,66.7,5.0,33.3,188.0,1056.0,564.0,14.0,7.0,4.0,14.0,3.0,223.0,21.0,89,ar ARG,"MF,FW",es La Liga,24-254,2001.0,11,432,39,25.3,4.8,4,67.0,0,7,24.0,3,1.82,10,5,5,1.04,0.2,8.0,5.9,2.0,0.42,70,ar ARG,"MF,FW",es La Liga,24-254,2001.0,4.8,1,0,0,3,6,1,12,3,4,0.0,0.0,0,31.0,3.0,8.0,27.3,,,,,,,,,,,,,,,,,,,,,,,,,,,,,,,,,,,,,,,,,,,,,,,,,,,,,,Forward,0.4166666666666667,0.20833333333333334,0.47916666666666663,0.20833333333333334,2.916666666666667,6.041666666666667,4.375,1.6666666666666667,1.25,0.625,1.6666666666666667,39.16666666666667,-7.699198833333332,8.958333333333334,-0.2999999999999998,1.0263157894736843,73.5191637630662,15.0,63.92970762005756
75,Sergi Altimira,es ESP,MF,Betis,es La Liga,24.0,2001.0,11,6,564,6.3,1,1,2,1,0,0,2,0,0.2,0.2,0.2,0.3,7.0,15.0,3.0,0.32,0.05,75,es ESP,MF,es La Liga,24-133,2001.0,6.3,1,2,1,50.0,0.32,0.16,0.5,1.0,18.5,0.0,0,0,0.2,0.2,0.08,0.8,0.8,75,es ESP,MF,es La Liga,24-133,2001.0,6.3,312.0,342.0,91.2,5206.0,1233.0,1,0.2,0.3,0.8,4.0,26.0,0.0,0.0,15.0,75,es ESP,MF,es La Liga,24-133,2001.0,6.3,342.0,330.0,12.0,11.0,1.0,0.0,1,1.0,0.0,0.0,0.0,0.0,312.0,0.0,3.0,75,es ESP,MF,es La Liga,24-133,2001.0,6.3,8.0,1.28,7.0,0.0,0.0,0.0,0.0,1.0,1.0,0.16,75,es ESP,MF,es La Liga,24-133,2001.0,6.3,24.0,13,9.0,14.0,1.0,19.0,52.6,9.0,8.0,3.0,5.0,13,37.0,10.0,0.0,75,es ESP,MF,es La Liga,24-133,2001.0,6.3,409.0,13.0,121.0,252.0,43.0,3.0,409.0,3.0,2.0,66.7,1.0,33.3,224.0,1194.0,522.0,7.0,9.0,1.0,4.0,5.0,265.0,3.0,94,es ESP,MF,es La Liga,24-133,2001.0,11,564,51,34.8,6.3,6,76.0,3,5,21.0,6,1.45,7,12,-5,-0.8,-1.74,7.4,8.2,-0.8,-0.12,75,es ESP,MF,es La Liga,24-133,2001.0,6.3,2,0,0,7,7,0,1,13,13,0.0,0.0,0,37.0,7.0,5.0,58.3,,,,,,,,,,,,,,,,,,,,,,,,,,,,,,,,,,,,,,,,,,,,,,,,,,,,,,Midfielder,0.15873015873015872,0.15873015873015872,0.03174603174603175,0.03174603174603175,1.1111111111111112,2.380952380952381,0.4761904761904762,0.6349206349206349,3.8095238095238098,2.0634920634920637,0.0,35.55555555555556,-5.163444317460317,3.492063492063492,0.8,0.31295843520782396,49.257759784075574,4.1,47.31773274166722
76,Carlos Álvarez,es ESP,MF,Levante,es La Liga,22.0,2003.0,17,14,1210,13.4,3,1,4,3,0,0,2,0,1.6,1.6,2.7,4.3,28.0,73.0,30.0,0.3,0.32,76,es ESP,MF,es La Liga,22-152,2003.0,13.4,3,19,8,42.1,1.41,0.6,0.16,0.38,20.5,3.0,0,0,1.6,1.6,0.08,1.4,1.4,76,es ESP,MF,es La Liga,22-152,2003.0,13.4,359.0,478.0,75.1,5843.0,2080.0,1,2.7,2.9,-1.7,22.0,55.0,18.0,0.0,73.0,76,es ESP,MF,es La Liga,22-152,2003.0,13.4,478.0,421.0,52.0,26.0,12.0,1.0,35,1.0,22.0,13.0,5.0,0.0,359.0,5.0,8.0,76,es ESP,MF,es La Liga,22-152,2003.0,13.4,50.0,3.72,36.0,8.0,0.0,1.0,5.0,0.0,5.0,0.37,76,es ESP,MF,es La Liga,22-152,2003.0,13.4,17.0,8,6.0,9.0,2.0,27.0,33.3,18.0,9.0,0.0,9.0,6,23.0,3.0,1.0,76,es ESP,MF,es La Liga,22-152,2003.0,13.4,626.0,3.0,71.0,332.0,229.0,23.0,626.0,41.0,11.0,26.8,25.0,61.0,385.0,2053.0,895.0,28.0,15.0,4.0,45.0,20.0,425.0,30.0,97,es ESP,MF,es La Liga,22-152,2003.0,17,1210,71,79.1,13.4,14,83.0,7,3,18.0,0,0.76,15,25,-10,-0.74,-1.03,15.8,22.8,-7.0,-0.52,76,es ESP,MF,es La Liga,22-152,2003.0,13.4,2,0,0,12,31,0,35,6,8,1.0,0.0,0,61.0,1.0,8.0,11.1,,,,,,,,,,,,,,,,,,,,,,,,,,,,,,,,,,,,,,,,,,,,,,,,,,,,,,Midfielder,0.22388059701492538,0.07462686567164178,0.11940298507462686,0.20149253731343283,2.08955223880597,5.447761194029851,2.2388059701492535,1.6417910447761193,1.2686567164179103,0.44776119402985076,1.3432835820895521,28.73134328358209,0.16390813432835927,7.537313432835821,1.4,0.5942492012779553,91.76788124156545,45.8,62.94093363619029
77,Hugo Álvarez,es ESP,"FW,MF",Celta Vigo,es La Liga,22.0,2003.0,10,3,386,4.3,2,0,2,2,0,0,0,0,0.1,0.1,0.3,0.4,11.0,18.0,31.0,0.47,0.09,77,es ESP,"FW,MF",es La Liga,22-187,2003.0,4.3,2,3,2,66.7,0.7,0.47,0.67,1.0,17.4,0.0,0,0,0.1,0.1,0.05,1.9,1.9,77,es ESP,"FW,MF",es La Liga,22-187,2003.0,4.3,154.0,191.0,80.6,2225.0,528.0,0,0.3,0.4,-0.3,7.0,7.0,6.0,0.0,18.0,77,es ESP,"FW,MF",es La Liga,22-187,2003.0,4.3,191.0,184.0,6.0,0.0,1.0,0.0,5,6.0,0.0,0.0,0.0,0.0,154.0,1.0,8.0,77,es ESP,"FW,MF",es La Liga,22-187,2003.0,4.3,10.0,2.33,9.0,0.0,0.0,0.0,0.0,1.0,0.0,0.0,77,es ESP,"FW,MF",es La Liga,22-187,2003.0,4.3,7.0,5,3.0,2.0,2.0,4.0,50.0,2.0,3.0,0.0,3.0,3,10.0,7.0,0.0,77,es ESP,"FW,MF",es La Liga,22-187,2003.0,4.3,241.0,6.0,36.0,100.0,108.0,11.0,241.0,9.0,2.0,22.2,5.0,55.6,138.0,723.0,333.0,11.0,7.0,6.0,15.0,3.0,184.0,31.0,99,es ESP,"FW,MF",es La Liga,22-187,2003.0,10,386,39,23.8,4.3,3,73.0,1,7,24.0,5,1.3,8,5,3,0.7,0.63,6.1,6.3,-0.2,-0.05,77,es ESP,"FW,MF",es La Liga,22-187,2003.0,4.3,0,0,0,5,5,1,5,3,5,0.0,0.0,0,16.0,1.0,1.0,50.0,,,,,,,,,,,,,,,,,,,,,,,,,,,,,,,,,,,,,,,,,,,,,,,,,,,,,,Forward,0.46511627906976744,0.0,0.023255813953488375,0.06976744186046512,2.558139534883721,4.186046511627907,7.209302325581396,1.627906976744186,1.627906976744186,0.6976744186046512,1.3953488372093024,32.093023255813954,-7.614257255813953,6.744186046511628,1.9,0.966804979253112,74.21602787456446,16.5,63.70474495670769
87,Samuel Amo-Ameyaw,eng ENG,"DF,FW",Strasbourg,fr Ligue 1,19.0,2006.0,12,4,490,5.4,1,1,2,1,0,0,1,0,0.4,0.4,0.5,0.9,32.0,15.0,54.0,0.37,0.17,87,eng ENG,"DF,FW",fr Ligue 1,19-171,2006.0,5.4,1,6,1,16.7,1.1,0.18,0.17,1.0,16.4,0.0,0,0,0.4,0.4,0.07,0.6,0.6,87,eng ENG,"DF,FW",fr Ligue 1,19-171,2006.0,5.4,195.0,237.0,82.3,3079.0,564.0,1,0.5,0.6,0.5,6.0,12.0,7.0,2.0,15.0,87,eng ENG,"DF,FW",fr Ligue 1,19-171,2006.0,5.4,237.0,220.0,17.0,2.0,2.0,0.0,26,12.0,3.0,2.0,0.0,0.0,195.0,0.0,2.0,87,eng ENG,"DF,FW",fr Ligue 1,19-171,2006.0,5.4,23.0,4.22,16.0,1.0,1.0,0.0,3.0,2.0,2.0,0.37,87,eng ENG,"DF,FW",fr Ligue 1,19-171,2006.0,5.4,16.0,8,5.0,9.0,2.0,20.0,55.0,9.0,4.0,0.0,4.0,3,19.0,1.0,0.0,87,eng ENG,"DF,FW",fr Ligue 1,19-171,2006.0,5.4,298.0,3.0,35.0,126.0,142.0,16.0,298.0,21.0,11.0,52.4,8.0,38.1,217.0,1439.0,812.0,32.0,23.0,7.0,11.0,9.0,222.0,54.0,110,eng ENG,"DF,FW",fr Ligue 1,19-171,2006.0,12,490,41,32.0,5.4,4,69.0,1,8,27.0,3,1.17,8,7,1,0.18,-0.16,8.0,6.6,1.4,0.26,87,eng ENG,"DF,FW",fr Ligue 1,19-171,2006.0,5.4,1,0,0,8,12,1,26,3,8,0.0,1.0,0,20.0,0.0,1.0,0.0,,,,,,,,,,,,,,,,,,,,,,,,,,,,,,,,,,,,,,,,,,,,,,,,,,,,,,Forward,0.18518518518518517,0.18518518518518517,0.07407407407407407,0.09259259259259259,5.925925925925926,2.7777777777777777,10.0,1.111111111111111,2.962962962962963,0.5555555555555555,1.2962962962962963,40.18518518518518,0.506270703703704,8.703703703703702,0.6,1.4161073825503354,98.08362369337979,55.2,63.198211142641625
88,Mathis Amougou,fr FRA,MF,Strasbourg,fr Ligue 1,19.0,2006.0,9,2,272,3.0,0,0,0,0,0,0,1,0,0.2,0.2,0.2,0.4,7.0,16.0,11.0,0.0,0.12,88,fr FRA,MF,fr Ligue 1,19-352,2006.0,3.0,0,2,1,50.0,0.66,0.33,0.0,0.0,15.0,0.0,0,0,0.2,0.2,0.09,-0.2,-0.2,88,fr FRA,MF,fr Ligue 1,19-352,2006.0,3.0,136.0,147.0,92.5,1830.0,518.0,0,0.2,0.1,-0.2,2.0,12.0,2.0,0.0,16.0,88,fr FRA,MF,fr Ligue 1,19-352,2006.0,3.0,147.0,140.0,7.0,4.0,1.0,0.0,0,3.0,0.0,0.0,0.0,0.0,136.0,0.0,1.0,88,fr FRA,MF,fr Ligue 1,19-352,2006.0,3.0,5.0,1.65,4.0,0.0,1.0,0.0,0.0,0.0,0.0,0.0,88,fr FRA,MF,fr Ligue 1,19-352,2006.0,3.0,10.0,5,1.0,8.0,1.0,7.0,57.1,3.0,5.0,1.0,4.0,1,11.0,1.0,1.0,88,fr FRA,MF,fr Ligue 1,19-352,2006.0,3.0,177.0,3.0,41.0,101.0,36.0,3.0,177.0,6.0,2.0,33.3,4.0,66.7,120.0,530.0,300.0,7.0,6.0,2.0,3.0,1.0,128.0,11.0,112,fr FRA,MF,fr Ligue 1,19-352,2006.0,9,272,30,17.8,3.0,2,58.0,0,7,22.0,5,1.44,3,6,-3,-0.99,-1.56,4.0,3.3,0.7,0.22,88,fr FRA,MF,fr Ligue 1,19-352,2006.0,3.0,1,0,0,2,3,0,0,1,5,0.0,0.0,0,14.0,0.0,0.0,50.0,,,,,,,,,,,,,,,,,,,,,,,,,,,,,,,,,,,,,,,,,,,,,,,,,,,,,,Midfielder,0.0,0.0,0.06666666666666667,0.06666666666666667,2.3333333333333335,5.333333333333333,3.6666666666666665,0.6666666666666666,3.3333333333333335,0.3333333333333333,0.6666666666666666,40.0,1.1821866666666656,7.666666666666667,-0.2,0.9322033898305083,95.27665317139001,43.8,66.25636520958972
93,Elliot Anderson,eng ENG,MF,Nott'ham Forest,eng Premier League,23.0,2002.0,20,20,1800,20.0,1,1,2,0,1,1,4,0,1.8,1.0,2.2,3.1,26.0,171.0,56.0,0.05,0.2,93,eng ENG,MF,eng Premier League,23-060,2002.0,20.0,1,17,4,23.5,0.85,0.2,0.0,0.0,20.8,1.0,1,1,1.8,1.0,0.06,-0.8,-1.0,93,eng ENG,MF,eng Premier League,23-060,2002.0,20.0,1218.0,1473.0,82.7,21371.0,6865.0,1,2.2,2.0,-1.2,30.0,164.0,25.0,9.0,171.0,93,eng ENG,MF,eng Premier League,23-060,2002.0,20.0,1473.0,1338.0,133.0,50.0,6.0,14.0,90,7.0,55.0,28.0,19.0,0.0,1218.0,2.0,17.0,93,eng ENG,MF,eng Premier League,23-060,2002.0,20.0,77.0,3.85,51.0,14.0,3.0,3.0,5.0,1.0,4.0,0.2,93,eng ENG,MF,eng Premier League,23-060,2002.0,20.0,53.0,37,27.0,17.0,9.0,48.0,52.1,23.0,39.0,8.0,31.0,23,76.0,18.0,2.0,93,eng ENG,MF,eng Premier League,23-060,2002.0,20.0,1725.0,55.0,369.0,967.0,413.0,35.0,1724.0,52.0,27.0,51.9,21.0,40.4,1037.0,5171.0,2373.0,26.0,28.0,6.0,44.0,35.0,1159.0,56.0,117,eng ENG,MF,eng Premier League,23-060,2002.0,20,1800,90,100.0,20.0,20,90.0,20,0,,0,0.9,19,33,-14,-0.7,,23.2,28.6,-5.4,-0.27,93,eng ENG,MF,eng Premier League,23-060,2002.0,20.0,4,0,0,29,48,1,90,23,37,0.0,1.0,0,166.0,25.0,21.0,54.3,,,,,,,,,,,,,,,,,,,,,,,,,,,,,,,,,,,,,,,,,,,,,,,,,,,,,,Midfielder,0.05,0.05,0.09,0.11000000000000001,1.3,8.55,2.8,1.5,2.65,1.15,1.25,51.85,2.7135000000000016,9.85,-0.8,0.22318840579710147,97.57085020242914,77.5,54.96949307179107
94,André,br BRA,MF,Wolves,eng Premier League,24.0,2001.0,19,15,1380,15.3,0,0,0,0,0,0,5,0,0.2,0.2,0.5,0.7,10.0,54.0,6.0,0.0,0.04,94,br BRA,MF,eng Premier League,24-173,2001.0,15.3,0,5,0,0.0,0.33,0.0,0.0,,29.6,1.0,0,0,0.2,0.2,0.04,-0.2,-0.2,94,br BRA,MF,eng Premier League,24-173,2001.0,15.3,616.0,699.0,88.1,10621.0,3073.0,0,0.5,0.6,-0.5,9.0,55.0,3.0,1.0,54.0,94,br BRA,MF,eng Premier League,24-173,2001.0,15.3,699.0,653.0,43.0,23.0,0.0,4.0,32,2.0,15.0,8.0,7.0,0.0,616.0,3.0,7.0,94,br BRA,MF,eng Premier League,24-173,2001.0,15.3,23.0,1.5,12.0,6.0,1.0,1.0,3.0,0.0,0.0,0.0,94,br BRA,MF,eng Premier League,24-173,2001.0,15.3,41.0,20,23.0,13.0,5.0,41.0,48.8,21.0,22.0,7.0,15.0,15,56.0,37.0,5.0,94,br BRA,MF,eng Premier League,24-173,2001.0,15.3,866.0,65.0,243.0,527.0,109.0,3.0,866.0,19.0,8.0,42.1,8.0,42.1,454.0,2071.0,956.0,10.0,10.0,0.0,15.0,16.0,517.0,6.0,119,br BRA,MF,eng Premier League,24-173,2001.0,19,1380,73,76.7,15.3,15,84.0,11,4,31.0,0,0.26,8,30,-22,-1.43,-0.58,13.6,24.2,-10.6,-0.69,94,br BRA,MF,eng Premier League,24-173,2001.0,15.3,5,0,0,20,19,0,32,15,20,0.0,0.0,0,102.0,3.0,10.0,23.1,,,,,,,,,,,,,,,,,,,,,,,,,,,,,,,,,,,,,,,,,,,,,,,,,,,,,,Midfielder,0.0,0.0,0.013071895424836602,0.032679738562091505,0.6535947712418301,3.5294117647058822,0.39215686274509803,0.5882352941176471,2.679738562091503,0.9803921568627451,0.19607843137254902,29.673202614379083,-4.155465359477124,4.183006535947713,-0.2,0.17321016166281755,58.56950067476383,11.2,52.670414275866754
100,Samuele Angori,it ITA,DF,Pisa,it Serie A,22.0,2003.0,15,11,918,10.2,0,1,1,0,0,0,1,0,0.1,0.1,2.0,2.1,7.0,23.0,29.0,0.1,0.2,100,it ITA,DF,it Serie A,22-090,2003.0,10.2,0,2,0,0.0,0.2,0.0,0.0,,28.1,1.0,0,0,0.1,0.1,0.05,-0.1,-0.1,100,it ITA,DF,it Serie A,22-090,2003.0,10.2,212.0,327.0,64.8,4442.0,1918.0,1,2.0,2.2,-1.0,15.0,18.0,14.0,11.0,23.0,100,it ITA,DF,it Serie A,22-090,2003.0,10.2,327.0,247.0,78.0,29.0,0.0,3.0,63,33.0,16.0,4.0,10.0,0.0,212.0,2.0,12.0,100,it ITA,DF,it Serie A,22-090,2003.0,10.2,25.0,2.45,16.0,9.0,0.0,0.0,0.0,0.0,1.0,0.1,100,it ITA,DF,it Serie A,22-090,2003.0,10.2,18.0,10,5.0,12.0,1.0,16.0,68.8,5.0,7.0,3.0,4.0,9,27.0,30.0,0.0,100,it ITA,DF,it Serie A,22-090,2003.0,10.2,420.0,32.0,127.0,159.0,137.0,8.0,420.0,5.0,2.0,40.0,3.0,60.0,195.0,761.0,294.0,7.0,4.0,0.0,9.0,4.0,211.0,29.0,127,it ITA,DF,it Serie A,22-090,2003.0,15,918,61,56.7,10.2,11,73.0,4,4,30.0,3,0.47,6,12,-6,-0.59,0.18,10.7,13.3,-2.6,-0.26,100,it ITA,DF,it Serie A,22-090,2003.0,10.2,1,0,0,7,19,1,63,9,10,0.0,0.0,0,33.0,7.0,10.0,41.2,,,,,,,,,,,,,,,,,,,,,,,,,,,,,,,,,,,,,,,,,,,,,,,,,,,,,,Defender,0.0,0.09803921568627452,0.009803921568627453,0.19607843137254904,0.6862745098039216,2.2549019607843137,2.843137254901961,1.4705882352941178,1.7647058823529413,0.8823529411764707,1.3725490196078431,19.11764705882353,-5.24068039215686,2.9411764705882355,-0.1,0.5833333333333334,50.61295971978984,4.3,48.52632763162976
102,Ilyas Ansah,de GER,"MF,FW",Union Berlin,de Bundesliga,21.0,2004.0,15,13,1090,12.1,5,1,6,5,0,0,0,0,2.0,2.0,1.1,3.1,23.0,21.0,54.0,0.5,0.26,102,de GER,"MF,FW",de Bundesliga,21-058,2004.0,12.1,5,19,8,42.1,1.57,0.66,0.26,0.63,17.1,0.0,0,0,2.0,2.0,0.1,3.0,3.0,102,de GER,"MF,FW",de Bundesliga,21-058,2004.0,12.1,139.0,183.0,76.0,1858.0,396.0,1,1.1,0.7,-0.1,9.0,9.0,7.0,2.0,21.0,102,de GER,"MF,FW",de Bundesliga,21-058,2004.0,12.1,183.0,179.0,4.0,0.0,3.0,1.0,11,2.0,0.0,0.0,0.0,0.0,139.0,0.0,8.0,102,de GER,"MF,FW",de Bundesliga,21-058,2004.0,12.1,22.0,1.82,13.0,0.0,1.0,2.0,6.0,0.0,4.0,0.33,102,de GER,"MF,FW",de Bundesliga,21-058,2004.0,12.1,5.0,4,2.0,2.0,1.0,9.0,22.2,7.0,6.0,1.0,5.0,4,9.0,10.0,0.0,102,de GER,"MF,FW",de Bundesliga,21-058,2004.0,12.1,364.0,9.0,48.0,149.0,180.0,38.0,364.0,43.0,20.0,46.5,22.0,51.2,226.0,1500.0,565.0,23.0,15.0,10.0,67.0,32.0,254.0,54.0,130,de GER,"MF,FW",de Bundesliga,21-058,2004.0,15,1090,73,80.7,12.1,13,79.0,3,2,29.0,0,1.4,16,15,1,0.08,1.47,13.3,13.5,-0.1,-0.01,102,de GER,"MF,FW",de Bundesliga,21-058,2004.0,12.1,0,0,0,11,20,7,11,4,4,0.0,0.0,0,47.0,7.0,27.0,20.6,,,,,,,,,,,,,,,,,,,,,,,,,,,,,,,,,,,,,,,,,,,,,,,,,,,,,,Forward,0.4132231404958678,0.08264462809917356,0.1652892561983471,0.09090909090909093,1.9008264462809918,1.7355371900826446,4.462809917355372,0.7438016528925621,0.4132231404958678,0.3305785123966942,0.578512396694215,18.677685950413224,-8.213711644628098,3.6363636363636367,3.0,0.5,68.29268292682927,23.0,55.52250644457664
103,Aaron Anselmino,ar ARG,DF,Dortmund,de Bundesliga,20.0,2005.0,5,4,346,3.8,1,0,1,1,0,0,0,0,0.1,0.1,0.0,0.1,6.0,19.0,2.0,0.26,0.02,103,ar ARG,DF,de Bundesliga,20-251,2005.0,3.8,1,1,1,100.0,0.26,0.26,1.0,1.0,9.5,0.0,0,0,0.1,0.1,0.08,0.9,0.9,103,ar ARG,DF,de Bundesliga,20-251,2005.0,3.8,180.0,205.0,87.8,3091.0,956.0,0,0.0,0.1,0.0,0.0,20.0,1.0,0.0,19.0,103,ar ARG,DF,de Bundesliga,20-251,2005.0,3.8,205.0,200.0,4.0,4.0,0.0,0.0,0,0.0,0.0,0.0,0.0,0.0,180.0,1.0,3.0,103,ar ARG,DF,de Bundesliga,20-251,2005.0,3.8,1.0,0.26,1.0,0.0,0.0,0.0,0.0,0.0,0.0,0.0,103,ar ARG,DF,de Bundesliga,20-251,2005.0,3.8,9.0,9,8.0,0.0,1.0,10.0,50.0,5.0,4.0,2.0,2.0,4,13.0,14.0,1.0,103,ar ARG,DF,de Bundesliga,20-251,2005.0,3.8,250.0,13.0,73.0,155.0,22.0,3.0,250.0,2.0,1.0,50.0,1.0,50.0,137.0,647.0,401.0,6.0,4.0,0.0,3.0,0.0,172.0,2.0,131,ar ARG,DF,de Bundesliga,20-251,2005.0,5,346,69,25.6,3.8,4,86.0,3,1,1.0,2,2.6,7,2,5,1.3,0.49,5.4,3.9,1.4,0.37,103,ar ARG,DF,de Bundesliga,20-251,2005.0,3.8,0,0,0,6,3,0,0,4,9,0.0,0.0,0,18.0,9.0,5.0,64.3,,,,,,,,,,,,,,,,,,,,,,,,,,,,,,,,,,,,,,,,,,,,,,,,,,,,,,Defender,0.2631578947368421,0.0,0.026315789473684213,0.0,1.5789473684210527,5.0,0.5263157894736842,0.0,2.368421052631579,1.0526315789473684,0.2631578947368421,36.05263157894737,2.0880263157894756,6.578947368421053,0.9,0.10400000000000001,95.97197898423818,33.9,71.67436817344151
110,Jon Aramburu,ve VEN,DF,Real Sociedad,es La Liga,23.0,2002.0,16,15,1352,15.0,0,0,0,0,0,0,5,0,1.0,1.0,0.3,1.2,12.0,63.0,40.0,0.0,0.08,110,ve VEN,DF,es La Liga,23-166,2002.0,15.0,0,14,4,28.6,0.93,0.27,0.0,0.0,18.3,0.0,0,0,1.0,1.0,0.07,-1.0,-1.0,110,ve VEN,DF,es La Liga,23-166,2002.0,15.0,631.0,824.0,76.6,10037.0,3804.0,0,0.3,0.4,-0.3,7.0,59.0,6.0,5.0,63.0,110,ve VEN,DF,es La Liga,23-166,2002.0,15.0,824.0,660.0,159.0,24.0,0.0,2.0,26,135.0,0.0,0.0,0.0,0.0,631.0,5.0,20.0,110,ve VEN,DF,es La Liga,23-166,2002.0,15.0,21.0,1.4,16.0,2.0,0.0,1.0,1.0,1.0,1.0,0.07,110,ve VEN,DF,es La Liga,23-166,2002.0,15.0,54.0,33,35.0,16.0,3.0,66.0,57.6,28.0,13.0,4.0,9.0,17,71.0,46.0,1.0,110,ve VEN,DF,es La Liga,23-166,2002.0,15.0,999.0,50.0,275.0,542.0,194.0,12.0,999.0,11.0,3.0,27.3,6.0,54.5,491.0,1770.0,852.0,12.0,18.0,0.0,14.0,5.0,561.0,40.0,139,ve VEN,DF,es La Liga,23-166,2002.0,16,1352,85,83.5,15.0,15,88.0,12,1,34.0,0,1.06,18,21,-3,-0.2,0.14,19.7,16.8,2.9,0.19,110,ve VEN,DF,es La Liga,23-166,2002.0,15.0,5,0,0,34,23,1,26,17,33,0.0,0.0,0,55.0,28.0,9.0,75.7,,,,,,,,,,,,,,,,,,,,,,,,,,,,,,,,,,,,,,,,,,,,,,,,,,,,,,Defender,0.0,0.0,0.06666666666666667,0.02,0.8,4.2,2.6666666666666665,0.4666666666666667,3.6,1.1333333333333333,0.4,32.733333333333334,0.6164000000000041,5.0,-1.0,0.14014014014014012,92.6444833625219,38.1,67.08507122557705
120,Hákon Arnar Haraldsson,is ISL,"MF,FW",Lille,fr Ligue 1,22.0,2003.0,16,14,1196,13.3,5,1,6,5,0,0,3,0,4.3,4.3,2.2,6.5,41.0,64.0,76.0,0.45,0.49,120,is ISL,"MF,FW",fr Ligue 1,22-270,2003.0,13.3,5,28,7,25.0,2.11,0.53,0.18,0.71,18.4,1.0,0,0,4.3,4.3,0.15,0.7,0.7,120,is ISL,"MF,FW",fr Ligue 1,22-270,2003.0,13.3,492.0,614.0,80.1,7923.0,2148.0,1,2.2,2.8,-1.2,26.0,37.0,19.0,1.0,64.0,120,is ISL,"MF,FW",fr Ligue 1,22-270,2003.0,13.3,614.0,548.0,65.0,14.0,5.0,3.0,50,2.0,31.0,16.0,13.0,0.0,492.0,1.0,12.0,120,is ISL,"MF,FW",fr Ligue 1,22-270,2003.0,13.3,48.0,3.61,33.0,11.0,2.0,0.0,2.0,0.0,8.0,0.6,120,is ISL,"MF,FW",fr Ligue 1,22-270,2003.0,13.3,14.0,8,7.0,3.0,4.0,20.0,35.0,13.0,9.0,0.0,9.0,4,18.0,5.0,0.0,120,is ISL,"MF,FW",fr Ligue 1,22-270,2003.0,13.3,742.0,12.0,91.0,324.0,332.0,61.0,742.0,31.0,12.0,38.7,18.0,58.1,457.0,2656.0,1372.0,41.0,28.0,14.0,24.0,11.0,512.0,76.0,152,is ISL,"MF,FW",fr Ligue 1,22-270,2003.0,16,1196,75,78.2,13.3,14,82.0,5,2,25.0,0,1.81,26,18,8,0.6,-0.21,24.2,17.0,7.3,0.55,120,is ISL,"MF,FW",fr Ligue 1,22-270,2003.0,13.3,3,0,0,19,20,0,50,4,8,1.0,0.0,0,58.0,3.0,10.0,23.1,,,,,,,,,,,,,,,,,,,,,,,,,,,,,,,,,,,,,,,,,,,,,,,,,,,,,,Forward,0.37593984962406013,0.07518796992481203,0.3233082706766917,0.16541353383458646,3.082706766917293,4.81203007518797,5.714285714285714,1.9548872180451127,1.0526315789473684,0.3007518796992481,1.4285714285714286,34.3609022556391,-6.775828977443609,7.894736842105263,0.7000000000000002,0.4865229110512129,79.26829268292683,26.5,62.66268196278801
124,Arthur,br BRA,DF,Leverkusen,de Bundesliga,22.0,2003.0,8,7,577,6.4,0,3,3,0,0,0,2,0,0.7,0.7,1.0,1.6,6.0,20.0,54.0,0.47,0.25,124,br BRA,DF,de Bundesliga,22-294,2003.0,6.4,0,6,1,16.7,0.94,0.16,0.0,0.0,25.9,0.0,0,0,0.7,0.7,0.11,-0.7,-0.7,124,br BRA,DF,de Bundesliga,22-294,2003.0,6.4,210.0,262.0,80.2,3192.0,802.0,3,1.0,1.1,2.0,7.0,11.0,8.0,3.0,20.0,124,br BRA,DF,de Bundesliga,22-294,2003.0,6.4,262.0,228.0,34.0,0.0,0.0,1.0,15,34.0,0.0,0.0,0.0,0.0,210.0,0.0,6.0,124,br BRA,DF,de Bundesliga,22-294,2003.0,6.4,12.0,1.87,11.0,0.0,1.0,0.0,0.0,0.0,3.0,0.47,124,br BRA,DF,de Bundesliga,22-294,2003.0,6.4,12.0,7,8.0,3.0,1.0,5.0,60.0,2.0,6.0,1.0,5.0,3,15.0,16.0,0.0,124,br BRA,DF,de Bundesliga,22-294,2003.0,6.4,346.0,15.0,89.0,128.0,133.0,12.0,346.0,21.0,8.0,38.1,12.0,57.1,160.0,877.0,434.0,6.0,5.0,3.0,16.0,8.0,209.0,54.0,158,br BRA,DF,de Bundesliga,22-294,2003.0,8,577,72,42.7,6.4,7,76.0,4,1,45.0,3,2.25,17,8,9,1.4,0.94,13.6,6.7,6.9,1.07,124,br BRA,DF,de Bundesliga,22-294,2003.0,6.4,2,0,0,8,5,2,15,3,7,0.0,1.0,0,28.0,10.0,5.0,66.7,,,,,,,,,,,,,,,,,,,,,,,,,,,,,,,,,,,,,,,,,,,,,,,,,,,,,,Defender,0.0,0.46875,0.10937499999999999,0.15625,0.9375,3.125,8.4375,1.09375,1.875,0.46875,1.25,25.0,-2.760746874999997,4.0625,-0.7,0.5404624277456648,76.35726795096322,19.8,63.73728543486079
126,Raúl Asencio,es ESP,DF,Real Madrid,es La Liga,22.0,2003.0,13,8,854,9.5,1,0,1,1,0,0,2,0,0.6,0.6,0.1,0.8,7.0,33.0,8.0,0.11,0.08,126,es ESP,DF,es La Liga,22-326,2003.0,9.5,1,9,2,22.2,0.95,0.21,0.11,0.5,15.6,0.0,0,0,0.6,0.6,0.07,0.4,0.4,126,es ESP,DF,es La Liga,22-326,2003.0,9.5,515.0,550.0,93.6,8651.0,2679.0,0,0.1,0.3,-0.1,3.0,35.0,4.0,0.0,33.0,126,es ESP,DF,es La Liga,22-326,2003.0,9.5,550.0,502.0,48.0,18.0,0.0,3.0,1,14.0,0.0,0.0,0.0,0.0,515.0,0.0,5.0,126,es ESP,DF,es La Liga,22-326,2003.0,9.5,9.0,0.95,9.0,0.0,0.0,0.0,0.0,0.0,1.0,0.11,126,es ESP,DF,es La Liga,22-326,2003.0,9.5,10.0,8,5.0,5.0,0.0,9.0,66.7,3.0,17.0,8.0,9.0,5,15.0,35.0,0.0,126,es ESP,DF,es La Liga,22-326,2003.0,9.5,642.0,71.0,246.0,341.0,59.0,14.0,642.0,1.0,0.0,0.0,1.0,100.0,350.0,1480.0,680.0,7.0,3.0,2.0,6.0,3.0,458.0,8.0,161,es ESP,DF,es La Liga,22-326,2003.0,13,854,66,49.9,9.5,8,85.0,6,5,34.0,5,2.23,20,9,11,1.16,-0.21,20.0,12.4,7.5,0.79,126,es ESP,DF,es La Liga,22-326,2003.0,9.5,2,0,0,10,11,0,1,5,8,0.0,0.0,0,26.0,12.0,9.0,57.1,,,,,,,,,,,,,,,,,,,,,,,,,,,,,,,,,,,,,,,,,,,,,,,,,,,,,,Defender,0.10526315789473684,0.0,0.06315789473684211,0.010526315789473684,0.7368421052631579,3.473684210526316,0.8421052631578947,0.3157894736842105,1.0526315789473684,0.5263157894736842,0.42105263157894735,36.8421052631579,-3.408999999999997,4.2105263157894735,0.4,0.14797507788161995,70.05253940455341,15.0,60.9152516561334
127,Fisnik Asllani,xk KVX,"FW,MF",Hoffenheim,de Bundesliga,23.0,2002.0,15,13,966,10.7,6,2,8,6,0,0,1,0,4.3,4.3,1.9,6.2,11.0,30.0,76.0,0.75,0.58,127,xk KVX,"FW,MF",de Bundesliga,23-150,2002.0,10.7,6,35,11,31.4,3.26,1.02,0.17,0.55,14.9,0.0,0,0,4.3,4.3,0.12,1.7,1.7,127,xk KVX,"FW,MF",de Bundesliga,23-150,2002.0,10.7,176.0,262.0,67.2,2326.0,707.0,2,1.9,1.3,0.1,19.0,15.0,16.0,2.0,30.0,127,xk KVX,"FW,MF",de Bundesliga,23-150,2002.0,10.7,262.0,252.0,8.0,0.0,5.0,0.0,2,2.0,0.0,0.0,0.0,0.0,176.0,2.0,7.0,127,xk KVX,"FW,MF",de Bundesliga,23-150,2002.0,10.7,27.0,2.52,22.0,0.0,3.0,2.0,0.0,0.0,2.0,0.19,127,xk KVX,"FW,MF",de Bundesliga,23-150,2002.0,10.7,7.0,2,3.0,1.0,3.0,15.0,33.3,10.0,6.0,0.0,6.0,3,10.0,10.0,0.0,127,xk KVX,"FW,MF",de Bundesliga,23-150,2002.0,10.7,396.0,4.0,43.0,172.0,184.0,60.0,396.0,19.0,7.0,36.8,11.0,57.9,204.0,793.0,335.0,11.0,6.0,5.0,30.0,16.0,288.0,76.0,162,xk KVX,"FW,MF",de Bundesliga,23-150,2002.0,15,966,64,71.6,10.7,13,71.0,1,2,24.0,0,1.8,18,16,2,0.19,-1.45,15.1,16.4,-1.4,-0.13,127,xk KVX,"FW,MF",de Bundesliga,23-150,2002.0,10.7,1,0,0,8,21,7,2,3,2,0.0,0.0,0,33.0,13.0,32.0,28.9,,,,,,,,,,,,,,,,,,,,,,,,,,,,,,,,,,,,,,,,,,,,,,,,,,,,,,Forward,0.5607476635514019,0.1869158878504673,0.40186915887850466,0.17757009345794392,1.0280373831775702,2.8037383177570097,7.102803738317758,1.7757009345794394,0.6542056074766356,0.28037383177570097,1.4953271028037385,19.065420560747665,-10.92525668224299,3.8317757009345796,1.7000000000000002,0.6363636363636364,43.55400696864111,4.1,41.83862340887715
128,Kristjan Asllani,al ALB,MF,Torino,it Serie A,23.0,2002.0,15,13,1129,12.5,0,0,0,0,0,1,3,0,1.4,0.6,0.8,1.4,7.0,60.0,10.0,0.0,0.18,128,al ALB,MF,it Serie A,23-302,2002.0,12.5,0,19,3,15.8,1.51,0.24,0.0,0.0,29.7,1.0,0,1,1.4,0.6,0.03,-1.4,-0.6,128,al ALB,MF,it Serie A,23-302,2002.0,12.5,535.0,677.0,79.0,11468.0,3663.0,0,0.8,1.3,-0.8,15.0,59.0,9.0,1.0,60.0,128,al ALB,MF,it Serie A,23-302,2002.0,12.5,677.0,568.0,105.0,55.0,3.0,7.0,52,4.0,31.0,12.0,18.0,0.0,535.0,4.0,3.0,128,al ALB,MF,it Serie A,23-302,2002.0,12.5,29.0,2.31,16.0,10.0,1.0,1.0,0.0,1.0,2.0,0.16,128,al ALB,MF,it Serie A,23-302,2002.0,12.5,21.0,14,12.0,5.0,4.0,20.0,45.0,11.0,6.0,1.0,5.0,12,33.0,10.0,2.0,128,al ALB,MF,it Serie A,23-302,2002.0,12.5,767.0,21.0,185.0,454.0,132.0,6.0,766.0,7.0,3.0,42.9,3.0,42.9,400.0,1574.0,610.0,7.0,11.0,1.0,10.0,4.0,468.0,10.0,163,al ALB,MF,it Serie A,23-302,2002.0,15,1129,75,69.7,12.5,13,82.0,5,2,29.0,2,1.27,13,20,-7,-0.56,-0.37,15.9,17.3,-1.4,-0.11,128,al ALB,MF,it Serie A,23-302,2002.0,12.5,3,0,0,7,14,0,52,12,14,0.0,0.0,0,63.0,1.0,9.0,10.0,,,,,,,,,,,,,,,,,,,,,,,,,,,,,,,,,,,,,,,,,,,,,,,,,,,,,,Midfielder,0.0,0.0,0.11199999999999999,0.064,0.56,4.8,0.8,1.2,1.68,0.96,0.72,32.0,-2.147228,5.36,-1.4,0.3011734028683181,77.32793522267207,24.7,62.01117499813317
131,Yaser Asprilla,co COL,"FW,MF",Girona,es La Liga,22.0,2003.0,14,6,593,6.6,0,0,0,0,0,0,0,0,0.6,0.6,1.7,2.2,20.0,22.0,51.0,0.0,0.34,131,co COL,"FW,MF",es La Liga,22-047,2003.0,6.6,0,15,5,33.3,2.28,0.76,0.0,0.0,23.1,1.0,0,0,0.6,0.6,0.04,-0.6,-0.6,131,co COL,"FW,MF",es La Liga,22-047,2003.0,6.6,138.0,186.0,74.2,2691.0,776.0,0,1.7,1.4,-1.7,12.0,10.0,9.0,1.0,22.0,131,co COL,"FW,MF",es La Liga,22-047,2003.0,6.6,186.0,165.0,20.0,5.0,0.0,2.0,35,2.0,12.0,3.0,7.0,0.0,138.0,1.0,5.0,131,co COL,"FW,MF",es La Liga,22-047,2003.0,6.6,21.0,3.19,14.0,4.0,2.0,1.0,0.0,0.0,0.0,0.0,131,co COL,"FW,MF",es La Liga,22-047,2003.0,6.6,8.0,3,2.0,5.0,1.0,4.0,75.0,1.0,8.0,1.0,7.0,5,13.0,4.0,0.0,131,co COL,"FW,MF",es La Liga,22-047,2003.0,6.6,267.0,5.0,39.0,92.0,142.0,20.0,267.0,25.0,12.0,48.0,9.0,36.0,179.0,1209.0,513.0,20.0,9.0,9.0,20.0,10.0,176.0,51.0,166,co COL,"FW,MF",es La Liga,22-047,2003.0,14,593,42,36.6,6.6,6,70.0,2,8,22.0,4,0.79,4,14,-10,-1.52,-0.9,6.5,11.9,-5.3,-0.81,131,co COL,"FW,MF",es La Liga,22-047,2003.0,6.6,0,0,0,8,6,5,35,5,3,0.0,0.0,0,24.0,2.0,5.0,28.6,,,,,,,,,,,,,,,,,,,,,,,,,,,,,,,,,,,,,,,,,,,,,,,,,,,,,,Forward,0.0,0.0,0.09090909090909091,0.25757575757575757,3.0303030303030303,3.3333333333333335,7.7272727272727275,1.8181818181818183,1.2121212121212122,0.7575757575757576,1.3636363636363638,27.12121212121212,-6.500425636363636,6.363636363636364,-0.6,1.1947565543071161,80.48780487804879,25.4,64.18485237483955
133,Dehmaine Assoumani,fr FRA,MF,Nantes,fr Ligue 1,20.0,2005.0,15,9,699,7.8,0,0,0,0,0,0,3,0,0.5,0.5,0.7,1.2,11.0,22.0,27.0,0.0,0.15,133,fr FRA,MF,fr Ligue 1,20-263,2005.0,7.8,0,12,2,16.7,1.55,0.26,0.0,0.0,27.8,2.0,0,0,0.5,0.5,0.04,-0.5,-0.5,133,fr FRA,MF,fr Ligue 1,20-263,2005.0,7.8,178.0,267.0,66.7,3285.0,1005.0,0,0.7,0.8,-0.7,10.0,16.0,6.0,2.0,22.0,133,fr FRA,MF,fr Ligue 1,20-263,2005.0,7.8,267.0,227.0,38.0,13.0,0.0,6.0,39,2.0,23.0,10.0,12.0,0.0,178.0,2.0,3.0,133,fr FRA,MF,fr Ligue 1,20-263,2005.0,7.8,21.0,2.7,12.0,6.0,1.0,0.0,2.0,0.0,2.0,0.26,133,fr FRA,MF,fr Ligue 1,20-263,2005.0,7.8,11.0,5,6.0,1.0,4.0,12.0,33.3,8.0,6.0,0.0,6.0,9,20.0,10.0,2.0,133,fr FRA,MF,fr Ligue 1,20-263,2005.0,7.8,354.0,15.0,79.0,163.0,118.0,10.0,354.0,22.0,10.0,45.5,11.0,50.0,181.0,936.0,419.0,11.0,7.0,1.0,14.0,9.0,197.0,27.0,168,fr FRA,MF,fr Ligue 1,20-263,2005.0,15,699,47,45.7,7.8,9,70.0,0,6,11.0,0,0.93,9,9,0,0.0,1.3,7.4,12.7,-5.3,-0.68,133,fr FRA,MF,fr Ligue 1,20-263,2005.0,7.8,3,0,0,15,14,0,39,9,5,0.0,0.0,0,37.0,4.0,6.0,40.0,,,,,,,,,,,,,,,,,,,,,,,,,,,,,,,,,,,,,,,,,,,,,,,,,,,,,,Midfielder,0.0,0.0,0.06410256410256411,0.08974358974358974,1.4102564102564104,2.8205128205128207,3.4615384615384617,1.2820512820512822,1.4102564102564104,1.153846153846154,0.7692307692307693,23.205128205128204,-2.7650108205128205,4.230769230769231,-0.5,0.7627118644067797,71.12010796221323,16.6,60.99494679435097
135,Otavio Ataide,br BRA,DF,Paris FC,fr Ligue 1,23.0,2002.0,14,13,1208,13.4,0,0,0,0,0,0,5,1,0.2,0.2,0.0,0.2,12.0,41.0,3.0,0.0,0.02,135,br BRA,DF,fr Ligue 1,23-259,2002.0,13.4,0,7,0,0.0,0.52,0.0,0.0,,23.3,0.0,0,0,0.2,0.2,0.03,-0.2,-0.2,135,br BRA,DF,fr Ligue 1,23-259,2002.0,13.4,807.0,912.0,88.5,16591.0,5523.0,0,0.0,0.1,0.0,1.0,35.0,1.0,0.0,41.0,135,br BRA,DF,fr Ligue 1,23-259,2002.0,13.4,912.0,883.0,27.0,19.0,0.0,8.0,1,2.0,0.0,0.0,0.0,0.0,807.0,2.0,4.0,135,br BRA,DF,fr Ligue 1,23-259,2002.0,13.4,10.0,0.75,6.0,0.0,0.0,3.0,0.0,1.0,1.0,0.07,135,br BRA,DF,fr Ligue 1,23-259,2002.0,13.4,27.0,12,14.0,12.0,1.0,16.0,75.0,4.0,16.0,10.0,6.0,18,45.0,101.0,2.0,135,br BRA,DF,fr Ligue 1,23-259,2002.0,13.4,1096.0,196.0,646.0,423.0,35.0,6.0,1096.0,6.0,5.0,83.3,1.0,16.7,626.0,3347.0,1962.0,12.0,6.0,0.0,9.0,7.0,804.0,3.0,170,br BRA,DF,fr Ligue 1,23-259,2002.0,14,1208,86,79.0,13.4,13,89.0,12,1,45.0,0,1.14,17,21,-4,-0.3,1.1,17.6,20.5,-3.0,-0.22,135,br BRA,DF,fr Ligue 1,23-259,2002.0,13.4,5,1,0,16,22,1,1,18,12,0.0,1.0,0,49.0,17.0,15.0,53.1,,,,,,,,,,,,,,,,,,,,,,,,,,,,,,,,,,,,,,,,,,,,,,,,,,,,,,Defender,0.0,0.0,0.014925373134328358,0.0,0.8955223880597015,3.059701492537313,0.22388059701492538,0.07462686567164178,2.014925373134328,1.3432835820895521,0.07462686567164178,46.71641791044776,-4.343210447761193,3.955223880597015,-0.2,0.06843065693430657,59.719789842381786,7.5,55.55329287663422
137,Arthur Atta,fr FRA,MF,Udinese,it Serie A,22.0,2003.0,13,13,1104,12.3,1,2,3,1,0,0,2,0,1.5,1.5,1.3,2.9,39.0,52.0,70.0,0.24,0.23,137,fr FRA,MF,it Serie A,22-356,2003.0,12.3,1,25,9,36.0,2.04,0.73,0.04,0.11,21.5,1.0,0,0,1.5,1.5,0.06,-0.5,-0.5,137,fr FRA,MF,it Serie A,22-356,2003.0,12.3,354.0,456.0,77.6,5606.0,1611.0,2,1.3,1.3,0.7,20.0,43.0,13.0,3.0,52.0,137,fr FRA,MF,it Serie A,22-356,2003.0,12.3,456.0,413.0,43.0,14.0,0.0,3.0,34,9.0,20.0,14.0,2.0,0.0,354.0,0.0,16.0,137,fr FRA,MF,it Serie A,22-356,2003.0,12.3,44.0,3.59,21.0,8.0,7.0,4.0,4.0,0.0,6.0,0.49,137,fr FRA,MF,it Serie A,22-356,2003.0,12.3,13.0,6,1.0,10.0,2.0,16.0,31.3,11.0,10.0,1.0,9.0,6,19.0,15.0,0.0,137,fr FRA,MF,it Serie A,22-356,2003.0,12.3,628.0,16.0,88.0,275.0,280.0,36.0,628.0,62.0,34.0,54.8,24.0,38.7,380.0,2569.0,1244.0,39.0,29.0,11.0,41.0,27.0,440.0,70.0,172,fr FRA,MF,it Serie A,22-356,2003.0,13,1104,85,68.1,12.3,13,85.0,8,0,,0,1.38,14,18,-4,-0.33,0.89,13.6,13.9,-0.3,-0.03,137,fr FRA,MF,it Serie A,22-356,2003.0,12.3,2,0,0,10,19,3,34,6,6,0.0,0.0,0,43.0,7.0,8.0,46.7,,,,,,,,,,,,,,,,,,,,,,,,,,,,,,,,,,,,,,,,,,,,,,,,,,,,,,Midfielder,0.08130081300813008,0.16260162601626016,0.12195121951219512,0.1056910569105691,3.170731707317073,4.227642276422764,5.691056910569105,1.6260162601626016,1.056910569105691,0.4878048780487805,1.056910569105691,30.894308943089428,-0.4073784959349602,7.398373983739837,-0.5,0.571656050955414,87.98920377867746,36.6,64.41376557736271
138,Noah Atubolu,de GER,GK,Freiburg,de Bundesliga,23.0,2002.0,15,15,1350,15.0,0,0,0,0,0,0,0,0,0.0,0.0,0.2,0.2,0.0,3.0,0.0,0.0,0.01,138,de GER,GK,de Bundesliga,23-225,2002.0,15.0,0,0,0,,0.0,0.0,,,,0.0,0,0,0.0,0.0,,0.0,0.0,138,de GER,GK,de Bundesliga,23-225,2002.0,15.0,452.0,646.0,70.0,13881.0,10256.0,0,0.2,0.4,-0.2,1.0,23.0,2.0,0.0,3.0,138,de GER,GK,de Bundesliga,23-225,2002.0,15.0,646.0,534.0,110.0,41.0,0.0,2.0,0,0.0,0.0,0.0,0.0,0.0,452.0,2.0,0.0,138,de GER,GK,de Bundesliga,23-225,2002.0,15.0,4.0,0.27,4.0,0.0,0.0,0.0,0.0,0.0,0.0,0.0,138,de GER,GK,de Bundesliga,23-225,2002.0,15.0,0.0,0,0.0,0.0,0.0,0.0,,0.0,0.0,0.0,0.0,0,0.0,10.0,1.0,138,de GER,GK,de Bundesliga,23-225,2002.0,15.0,672.0,459.0,654.0,18.0,0.0,0.0,672.0,0.0,0.0,,0.0,,375.0,2174.0,1120.0,0.0,0.0,0.0,0.0,0.0,377.0,0.0,173,de GER,GK,de Bundesliga,23-225,2002.0,15,1350,90,100.0,15.0,15,90.0,15,0,,0,1.33,25,26,-1,-0.07,,23.8,19.7,4.0,0.27,138,de GER,GK,de Bundesliga,23-225,2002.0,15.0,0,0,0,0,2,0,0,0,0,0.0,0.0,0,24.0,3.0,0.0,100.0,5.0,de GER,GK,de Bundesliga,23-225,2002.0,15.0,15.0,1350.0,15.0,26.0,1.73,60.0,33.0,56.7,5.0,5.0,5.0,4.0,26.7,1.0,0.0,1.0,0.0,5.0,de GER,GK,de Bundesliga,23-225,2002.0,15.0,26.0,0.0,0.0,5.0,0.0,23.8,0.39,-2.2,-0.15,109.0,286.0,38.1,575.0,58.0,40.2,35.7,172.0,10.0,5.8,25.0,1.67,16.6,Goalkeeper,0.0,0.0,0.0,0.013333333333333334,0.0,0.2,0.0,0.06666666666666667,0.0,0.0,0.13333333333333333,25.0,-11.5,0.2,0.0,0.04017857142857143,91.33858267716536,28.2,71.24694436596363
143,Leon Avdullahu,xk KVX,MF,Hoffenheim,de Bundesliga,21.0,2004.0,15,15,1296,14.4,0,1,1,0,0,0,2,0,0.3,0.3,0.7,1.0,9.0,72.0,15.0,0.07,0.07,143,xk KVX,MF,de Bundesliga,21-316,2004.0,14.4,0,8,1,12.5,0.56,0.07,0.0,0.0,20.4,0.0,0,0,0.3,0.3,0.04,-0.3,-0.3,143,xk KVX,MF,de Bundesliga,21-316,2004.0,14.4,760.0,867.0,87.7,13452.0,4426.0,1,0.7,0.8,0.3,9.0,78.0,7.0,1.0,72.0,143,xk KVX,MF,de Bundesliga,21-316,2004.0,14.4,867.0,832.0,35.0,27.0,1.0,6.0,10,6.0,2.0,1.0,0.0,0.0,760.0,0.0,10.0,143,xk KVX,MF,de Bundesliga,21-316,2004.0,14.4,22.0,1.53,17.0,2.0,0.0,1.0,2.0,0.0,2.0,0.14,143,xk KVX,MF,de Bundesliga,21-316,2004.0,14.4,17.0,11,5.0,10.0,2.0,23.0,47.8,12.0,17.0,4.0,13.0,16,33.0,21.0,0.0,143,xk KVX,MF,de Bundesliga,21-316,2004.0,14.4,990.0,46.0,252.0,620.0,126.0,10.0,990.0,8.0,4.0,50.0,4.0,50.0,503.0,2369.0,858.0,9.0,10.0,1.0,15.0,5.0,689.0,15.0,179,xk KVX,MF,de Bundesliga,21-316,2004.0,15,1296,86,96.0,14.4,15,86.0,12,0,,0,1.8,29,19,10,0.69,2.36,21.4,21.5,-0.1,0.0,143,xk KVX,MF,de Bundesliga,21-316,2004.0,14.4,2,0,0,10,8,0,10,16,11,0.0,0.0,0,81.0,15.0,10.0,60.0,,,,,,,,,,,,,,,,,,,,,,,,,,,,,,,,,,,,,,,,,,,,,,,,,,,,,,Midfielder,0.0,0.06944444444444445,0.020833333333333332,0.048611111111111105,0.625,5.0,1.0416666666666667,0.625,1.1805555555555556,1.1111111111111112,0.4861111111111111,34.93055555555556,-1.2672832777777776,5.625,-0.3,0.15454545454545454,84.21052631578947,39.0,60.58311245740249
145,Arthur Avom,cm CMR,MF,Lorient,fr Ligue 1,21.0,2004.0,16,14,1268,14.1,0,1,1,0,0,0,3,0,0.7,0.7,1.7,2.4,30.0,80.0,32.0,0.07,0.17,145,cm CMR,MF,fr Ligue 1,21-021,2004.0,14.1,0,14,1,7.1,0.99,0.07,0.0,0.0,23.4,1.0,0,0,0.7,0.7,0.05,-0.7,-0.7,145,cm CMR,MF,fr Ligue 1,21-021,2004.0,14.1,608.0,740.0,82.2,10844.0,3206.0,1,1.7,2.2,-0.7,20.0,63.0,20.0,3.0,80.0,145,cm CMR,MF,fr Ligue 1,21-021,2004.0,14.1,740.0,676.0,57.0,32.0,5.0,4.0,30,4.0,8.0,4.0,1.0,0.0,608.0,7.0,15.0,145,cm CMR,MF,fr Ligue 1,21-021,2004.0,14.1,57.0,4.05,44.0,3.0,1.0,3.0,6.0,0.0,2.0,0.14,145,cm CMR,MF,fr Ligue 1,21-021,2004.0,14.1,33.0,19,11.0,20.0,2.0,30.0,50.0,15.0,13.0,1.0,12.0,21,54.0,11.0,0.0,145,cm CMR,MF,fr Ligue 1,21-021,2004.0,14.1,881.0,32.0,220.0,464.0,215.0,26.0,881.0,29.0,16.0,55.2,9.0,31.0,553.0,2930.0,1421.0,30.0,16.0,4.0,26.0,15.0,581.0,32.0,181,cm CMR,MF,fr Ligue 1,21-021,2004.0,16,1268,79,82.9,14.1,14,87.0,11,2,26.0,0,1.13,18,18,0,0.0,3.09,20.9,15.5,5.4,0.38,145,cm CMR,MF,fr Ligue 1,21-021,2004.0,14.1,3,0,0,12,30,0,30,21,19,1.0,1.0,1,77.0,4.0,9.0,30.8,,,,,,,,,,,,,,,,,,,,,,,,,,,,,,,,,,,,,,,,,,,,,,,,,,,,,,Midfielder,0.0,0.07092198581560284,0.04964539007092198,0.12056737588652482,2.127659574468085,5.673758865248227,2.269503546099291,1.4184397163120568,2.3404255319148937,1.4893617021276595,1.4184397163120568,39.21985815602837,0.6199971489361698,7.801418439716312,-0.7,0.4597048808172531,93.52226720647774,51.6,61.69014987234679
148,Yasin Ayari,se SWE,MF,Brighton,eng Premier League,22.0,2003.0,18,15,1439,16.0,2,0,2,2,0,0,0,0,2.4,2.4,0.8,3.2,12.0,50.0,24.0,0.13,0.2,148,se SWE,MF,eng Premier League,22-091,2003.0,16.0,2,37,9,24.3,2.31,0.56,0.05,0.22,21.9,2.0,0,0,2.4,2.4,0.07,-0.4,-0.4,148,se SWE,MF,eng Premier League,22-091,2003.0,16.0,642.0,767.0,83.7,10739.0,2434.0,0,0.8,0.9,-0.8,10.0,33.0,9.0,1.0,50.0,148,se SWE,MF,eng Premier League,22-091,2003.0,16.0,767.0,726.0,36.0,14.0,0.0,5.0,22,3.0,16.0,9.0,1.0,0.0,642.0,5.0,10.0,148,se SWE,MF,eng Premier League,22-091,2003.0,16.0,34.0,2.13,21.0,5.0,1.0,5.0,2.0,0.0,4.0,0.25,148,se SWE,MF,eng Premier League,22-091,2003.0,16.0,37.0,19,10.0,19.0,8.0,33.0,39.4,20.0,10.0,2.0,8.0,21,58.0,15.0,2.0,148,se SWE,MF,eng Premier League,22-091,2003.0,16.0,962.0,43.0,231.0,534.0,210.0,25.0,962.0,40.0,13.0,32.5,24.0,60.0,561.0,2446.0,992.0,12.0,19.0,3.0,23.0,14.0,656.0,24.0,184,se SWE,MF,eng Premier League,22-091,2003.0,18,1439,80,79.9,16.0,15,86.0,12,3,48.0,0,1.5,24,17,7,0.44,1.44,25.0,19.9,5.1,0.32,148,se SWE,MF,eng Premier League,22-091,2003.0,16.0,0,0,0,16,21,0,22,21,19,0.0,0.0,0,95.0,7.0,14.0,33.3,,,,,,,,,,,,,,,,,,,,,,,,,,,,,,,,,,,,,,,,,,,,,,,,,,,,,,Midfielder,0.125,0.0,0.15,0.05,0.75,3.125,1.5,0.625,2.3125,1.3125,0.5625,35.0625,-3.9824822500000003,3.875,-0.3999999999999999,0.22141372141372143,59.64912280701754,11.7,53.40118424979189
149,Neil El Aynaoui,ma MAR,MF,Roma,it Serie A,24.0,2001.0,12,3,400,4.4,0,1,1,0,0,0,2,0,0.1,0.1,0.5,0.6,8.0,15.0,7.0,0.23,0.14,149,ma MAR,MF,it Serie A,24-187,2001.0,4.4,0,3,2,66.7,0.68,0.45,0.0,0.0,26.0,0.0,0,0,0.1,0.1,0.04,-0.1,-0.1,149,ma MAR,MF,it Serie A,24-187,2001.0,4.4,186.0,213.0,87.3,3089.0,766.0,1,0.5,0.2,0.5,4.0,16.0,1.0,0.0,15.0,149,ma MAR,MF,it Serie A,24-187,2001.0,4.4,213.0,205.0,8.0,3.0,1.0,0.0,4,2.0,3.0,2.0,1.0,0.0,186.0,0.0,1.0,149,ma MAR,MF,it Serie A,24-187,2001.0,4.4,10.0,2.25,8.0,1.0,0.0,0.0,0.0,1.0,1.0,0.23,149,ma MAR,MF,it Serie A,24-187,2001.0,4.4,7.0,4,5.0,1.0,1.0,6.0,66.7,2.0,3.0,1.0,2.0,6,13.0,5.0,0.0,149,ma MAR,MF,it Serie A,24-187,2001.0,4.4,253.0,8.0,69.0,139.0,46.0,4.0,253.0,4.0,1.0,25.0,2.0,50.0,138.0,617.0,321.0,8.0,2.0,1.0,6.0,3.0,185.0,7.0,185,ma MAR,MF,it Serie A,24-187,2001.0,12,400,33,24.7,4.4,3,62.0,1,9,24.0,2,2.0,5,4,1,0.23,-0.29,6.5,6.6,-0.1,-0.02,149,ma MAR,MF,it Serie A,24-187,2001.0,4.4,2,0,0,8,2,1,4,6,4,0.0,0.0,0,20.0,2.0,4.0,33.3,,,,,,,,,,,,,,,,,,,,,,,,,,,,,,,,,,,,,,,,,,,,,,,,,,,,,,Midfielder,0.0,0.22727272727272727,0.022727272727272728,0.11363636363636363,1.8181818181818181,3.4090909090909087,1.5909090909090908,0.9090909090909091,1.5909090909090908,1.3636363636363635,0.22727272727272727,31.36363636363636,-3.3220408181818177,5.227272727272727,-0.1,0.8893280632411068,66.39676113360325,9.2,60.80289481099199
151,Oussama El Azzouzi,ma MAR,"MF,DF",Auxerre,fr Ligue 1,24.0,2001.0,8,7,546,6.1,1,0,1,1,0,0,1,1,0.5,0.5,0.2,0.6,6.0,32.0,6.0,0.16,0.1,151,ma MAR,"MF,DF",fr Ligue 1,24-221,2001.0,6.1,1,4,1,25.0,0.66,0.16,0.25,1.0,20.9,0.0,0,0,0.5,0.5,0.11,0.5,0.5,151,ma MAR,"MF,DF",fr Ligue 1,24-221,2001.0,6.1,235.0,258.0,91.1,4180.0,1103.0,0,0.2,0.3,-0.2,4.0,32.0,4.0,0.0,32.0,151,ma MAR,"MF,DF",fr Ligue 1,24-221,2001.0,6.1,258.0,249.0,8.0,6.0,0.0,4.0,0,1.0,1.0,0.0,0.0,0.0,235.0,1.0,2.0,151,ma MAR,"MF,DF",fr Ligue 1,24-221,2001.0,6.1,11.0,1.81,9.0,0.0,0.0,0.0,0.0,2.0,0.0,0.0,151,ma MAR,"MF,DF",fr Ligue 1,24-221,2001.0,6.1,11.0,10,4.0,7.0,0.0,13.0,46.2,7.0,4.0,1.0,3.0,12,23.0,10.0,0.0,151,ma MAR,"MF,DF",fr Ligue 1,24-221,2001.0,6.1,316.0,18.0,93.0,163.0,61.0,9.0,316.0,9.0,3.0,33.3,6.0,66.7,178.0,881.0,468.0,6.0,6.0,0.0,4.0,5.0,211.0,6.0,189,ma MAR,"MF,DF",fr Ligue 1,24-221,2001.0,8,546,68,35.7,6.1,7,75.0,1,1,19.0,0,0.75,9,9,0,0.0,1.19,9.8,7.4,2.4,0.39,151,ma MAR,"MF,DF",fr Ligue 1,24-221,2001.0,6.1,1,1,0,17,4,0,0,12,10,0.0,0.0,0,25.0,9.0,3.0,75.0,,,,,,,,,,,,,,,,,,,,,,,,,,,,,,,,,,,,,,,,,,,,,,,,,,,,,,Midfielder,0.1639344262295082,0.0,0.0819672131147541,0.03278688524590164,0.9836065573770493,5.245901639344263,0.9836065573770493,0.6557377049180328,1.8032786885245902,1.9672131147540985,0.6557377049180328,29.180327868852462,-1.8246382295081958,6.229508196721312,0.5,0.5727848101265822,80.29689608636977,20.6,66.58117420096995
152,Mio Backhaus,de GER,GK,Werder Bremen,de Bundesliga,21.0,2004.0,13,13,1170,13.0,0,0,0,0,0,0,0,0,0.0,0.0,0.0,0.0,0.0,0.0,0.0,0.0,0.0,152,de GER,GK,de Bundesliga,21-264,2004.0,13.0,0,0,0,,0.0,0.0,,,,0.0,0,0,0.0,0.0,,0.0,0.0,152,de GER,GK,de Bundesliga,21-264,2004.0,13.0,388.0,463.0,83.8,9257.0,5732.0,0,0.0,0.0,0.0,0.0,4.0,0.0,0.0,0.0,152,de GER,GK,de Bundesliga,21-264,2004.0,13.0,463.0,388.0,73.0,24.0,0.0,1.0,0,0.0,0.0,0.0,0.0,0.0,388.0,2.0,0.0,152,de GER,GK,de Bundesliga,21-264,2004.0,13.0,2.0,0.15,2.0,0.0,0.0,0.0,0.0,0.0,0.0,0.0,152,de GER,GK,de Bundesliga,21-264,2004.0,13.0,0.0,0,0.0,0.0,0.0,1.0,0.0,1.0,0.0,0.0,0.0,0,0.0,11.0,0.0,152,de GER,GK,de Bundesliga,21-264,2004.0,13.0,509.0,407.0,496.0,13.0,0.0,0.0,509.0,0.0,0.0,,0.0,,332.0,1656.0,1022.0,0.0,0.0,0.0,0.0,1.0,273.0,0.0,192,de GER,GK,de Bundesliga,21-264,2004.0,13,1170,90,86.7,13.0,13,90.0,13,0,,0,1.08,17,24,-7,-0.54,0.96,15.4,21.9,-6.5,-0.5,152,de GER,GK,de Bundesliga,21-264,2004.0,13.0,0,0,0,0,4,0,0,0,0,0.0,0.0,0,12.0,3.0,0.0,100.0,7.0,de GER,GK,de Bundesliga,21-264,2004.0,13.0,13.0,1170.0,13.0,24.0,1.85,74.0,51.0,70.3,3.0,5.0,5.0,3.0,23.1,2.0,2.0,0.0,0.0,7.0,de GER,GK,de Bundesliga,21-264,2004.0,13.0,24.0,2.0,0.0,1.0,1.0,25.3,0.33,2.3,0.17,26.0,87.0,29.9,412.0,78.0,16.3,27.5,218.0,22.0,10.1,13.0,1.0,11.7,Goalkeeper,0.0,0.0,0.0,0.0,0.0,0.0,0.0,0.0,0.0,0.0,0.0,25.53846153846154,-10.5,0.0,0.0,0.029469548133595286,98.03149606299213,42.3,68.89072105621372
154,Benoît Badiashile,fr FRA,DF,Chelsea,eng Premier League,24.0,2001.0,6,4,336,3.7,0,0,0,0,0,0,2,0,0.0,0.0,0.0,0.0,1.0,18.0,0.0,0.0,0.0,154,fr FRA,DF,eng Premier League,24-285,2001.0,3.7,0,0,0,,0.0,0.0,,,,0.0,0,0,0.0,0.0,,0.0,0.0,154,fr FRA,DF,eng Premier League,24-285,2001.0,3.7,258.0,275.0,93.8,4836.0,1356.0,0,0.0,0.0,0.0,0.0,19.0,1.0,0.0,18.0,154,fr FRA,DF,eng Premier League,24-285,2001.0,3.7,275.0,258.0,17.0,7.0,0.0,0.0,0,0.0,0.0,0.0,0.0,0.0,258.0,0.0,1.0,154,fr FRA,DF,eng Premier League,24-285,2001.0,3.7,2.0,0.54,2.0,0.0,0.0,0.0,0.0,0.0,1.0,0.27,154,fr FRA,DF,eng Premier League,24-285,2001.0,3.7,3.0,1,1.0,2.0,0.0,2.0,50.0,1.0,5.0,3.0,2.0,7,10.0,14.0,1.0,154,fr FRA,DF,eng Premier League,24-285,2001.0,3.7,306.0,40.0,150.0,149.0,8.0,0.0,306.0,0.0,0.0,,0.0,,201.0,769.0,369.0,1.0,1.0,0.0,1.0,0.0,219.0,0.0,194,fr FRA,DF,eng Premier League,24-285,2001.0,6,336,56,18.7,3.7,4,70.0,2,2,29.0,5,1.17,4,7,-3,-0.8,-1.66,6.1,5.1,1.0,0.26,154,fr FRA,DF,eng Premier League,24-285,2001.0,3.7,2,0,0,3,2,0,0,7,1,0.0,0.0,0,11.0,3.0,4.0,42.9,,,,,,,,,,,,,,,,,,,,,,,,,,,,,,,,,,,,,,,,,,,,,,,,,,,,,,Defender,0.0,0.0,0.0,0.0,0.27027027027027023,4.864864864864865,0.0,0.0,0.8108108108108107,1.8918918918918919,0.27027027027027023,54.32432432432432,-3.8566702702702678,5.135135135135135,0.0,0.17647058823529413,65.14886164623468,15.0,56.651184040204065
155,Alex Baena,es ESP,"MF,FW",Atlético Madrid,es La Liga,24.0,2001.0,11,9,610,6.8,2,1,3,2,0,0,2,0,1.2,1.2,2.9,4.1,20.0,41.0,50.0,0.44,0.61,155,es ESP,"MF,FW",es La Liga,24-169,2001.0,6.8,2,11,5,45.5,1.62,0.74,0.18,0.4,19.9,0.0,0,0,1.2,1.2,0.11,0.8,0.8,155,es ESP,"MF,FW",es La Liga,24-169,2001.0,6.8,233.0,328.0,71.0,4209.0,1406.0,1,2.9,1.9,-1.9,19.0,20.0,23.0,4.0,41.0,155,es ESP,"MF,FW",es La Liga,24-169,2001.0,6.8,328.0,280.0,45.0,9.0,2.0,0.0,58,1.0,32.0,15.0,11.0,0.0,233.0,3.0,16.0,155,es ESP,"MF,FW",es La Liga,24-169,2001.0,6.8,32.0,4.72,24.0,7.0,0.0,1.0,0.0,0.0,3.0,0.44,155,es ESP,"MF,FW",es La Liga,24-169,2001.0,6.8,9.0,5,4.0,3.0,2.0,8.0,62.5,3.0,6.0,2.0,4.0,6,15.0,4.0,1.0,155,es ESP,"MF,FW",es La Liga,24-169,2001.0,6.8,403.0,12.0,57.0,171.0,177.0,16.0,403.0,19.0,6.0,31.6,10.0,52.6,246.0,1603.0,792.0,20.0,12.0,5.0,7.0,9.0,272.0,50.0,195,es ESP,"MF,FW",es La Liga,24-169,2001.0,11,610,55,35.7,6.8,9,66.0,1,2,8.0,1,2.09,12,3,9,1.33,0.67,11.4,6.5,4.9,0.72,155,es ESP,"MF,FW",es La Liga,24-169,2001.0,6.8,2,0,0,16,13,6,58,6,5,0.0,0.0,0,31.0,3.0,9.0,25.0,,,,,,,,,,,,,,,,,,,,,,,,,,,,,,,,,,,,,,,,,,,,,,,,,,,,,,Forward,0.29411764705882354,0.14705882352941177,0.17647058823529413,0.4264705882352941,2.9411764705882355,6.029411764705882,7.352941176470589,2.794117647058824,1.3235294117647058,0.8823529411764706,3.3823529411764706,36.1764705882353,-8.380244705882351,8.970588235294118,0.8,1.1712158808933002,67.59581881533101,14.0,59.2945779081851
156,Samson Baidoo,at AUT,DF,Lens,fr Ligue 1,21.0,2004.0,16,15,1395,15.5,2,1,3,2,0,0,2,0,1.4,1.4,0.6,2.0,3.0,40.0,1.0,0.19,0.13,156,at AUT,DF,fr Ligue 1,21-280,2004.0,15.5,2,15,4,26.7,0.97,0.26,0.13,0.5,12.0,0.0,0,0,1.4,1.4,0.09,0.6,0.6,156,at AUT,DF,fr Ligue 1,21-280,2004.0,15.5,725.0,781.0,92.8,13975.0,4581.0,1,0.6,0.3,0.4,2.0,44.0,0.0,0.0,40.0,156,at AUT,DF,fr Ligue 1,21-280,2004.0,15.5,781.0,745.0,34.0,19.0,0.0,2.0,0,1.0,0.0,0.0,0.0,0.0,725.0,2.0,0.0,156,at AUT,DF,fr Ligue 1,21-280,2004.0,15.5,14.0,0.9,8.0,0.0,1.0,5.0,0.0,0.0,3.0,0.19,156,at AUT,DF,fr Ligue 1,21-280,2004.0,15.5,26.0,16,20.0,4.0,2.0,23.0,65.2,8.0,31.0,21.0,10.0,17,43.0,62.0,0.0,156,at AUT,DF,fr Ligue 1,21-280,2004.0,15.5,954.0,147.0,498.0,428.0,33.0,17.0,954.0,6.0,6.0,100.0,0.0,0.0,480.0,2009.0,934.0,3.0,1.0,0.0,5.0,1.0,604.0,1.0,198,at AUT,DF,fr Ligue 1,21-280,2004.0,16,1395,87,91.2,15.5,15,90.0,15,1,45.0,1,2.31,29,11,18,1.16,1.16,29.5,20.8,8.7,0.56,156,at AUT,DF,fr Ligue 1,21-280,2004.0,15.5,2,0,0,15,5,1,0,17,16,0.0,0.0,0,74.0,30.0,34.0,46.9,,,,,,,,,,,,,,,,,,,,,,,,,,,,,,,,,,,,,,,,,,,,,,,,,,,,,,Defender,0.12903225806451613,0.06451612903225806,0.09032258064516129,0.03870967741935484,0.1935483870967742,2.5806451612903225,0.06451612903225806,0.12903225806451613,1.6774193548387097,1.096774193548387,0.0,30.967741935483872,-4.537683870967741,2.774193548387097,0.6000000000000001,0.09433962264150944,57.4430823117338,7.7,53.33619527551885
161,Johan Bakayoko,be BEL,FW,RB Leipzig,de Bundesliga,22.0,2003.0,12,8,664,7.4,2,0,2,2,0,0,1,0,1.4,1.4,0.7,2.0,22.0,15.0,65.0,0.27,0.28,161,be BEL,FW,de Bundesliga,22-260,2003.0,7.4,2,18,7,38.9,2.44,0.95,0.11,0.29,20.9,0.0,0,0,1.4,1.4,0.08,0.6,0.6,161,be BEL,FW,de Bundesliga,22-260,2003.0,7.4,194.0,241.0,80.5,2476.0,348.0,0,0.7,1.0,-0.7,8.0,5.0,8.0,2.0,15.0,161,be BEL,FW,de Bundesliga,22-260,2003.0,7.4,241.0,237.0,4.0,0.0,2.0,1.0,12,4.0,0.0,0.0,0.0,0.0,194.0,0.0,4.0,161,be BEL,FW,de Bundesliga,22-260,2003.0,7.4,23.0,3.12,15.0,0.0,3.0,3.0,2.0,0.0,2.0,0.27,161,be BEL,FW,de Bundesliga,22-260,2003.0,7.4,5.0,2,3.0,2.0,0.0,5.0,20.0,4.0,3.0,0.0,3.0,1,6.0,3.0,0.0,161,be BEL,FW,de Bundesliga,22-260,2003.0,7.4,316.0,4.0,39.0,131.0,147.0,33.0,316.0,30.0,14.0,46.7,14.0,46.7,201.0,1274.0,641.0,22.0,12.0,10.0,13.0,8.0,242.0,65.0,204,be BEL,FW,de Bundesliga,22-260,2003.0,12,664,55,49.2,7.4,8,72.0,0,4,23.0,2,1.92,11,9,2,0.27,-0.91,13.4,10.7,2.7,0.36,161,be BEL,FW,de Bundesliga,22-260,2003.0,7.4,1,0,0,9,9,3,12,1,2,1.0,0.0,0,22.0,1.0,6.0,14.3,,,,,,,,,,,,,,,,,,,,,,,,,,,,,,,,,,,,,,,,,,,,,,,,,,,,,,Forward,0.27027027027027023,0.0,0.18918918918918917,0.09459459459459459,2.972972972972973,2.0270270270270268,8.783783783783784,1.081081081081081,0.6756756756756757,0.13513513513513511,1.081081081081081,27.16216216216216,-6.922953810810811,5.0,0.6000000000000001,0.9873417721518988,78.22299651567944,23.0,63.59593212656865
166,Tommaso Baldanzi,it ITA,"FW,MF",Roma,it Serie A,22.0,2003.0,10,3,386,4.3,1,0,1,1,0,0,2,0,1.5,1.5,0.6,2.1,9.0,12.0,31.0,0.23,0.48,166,it ITA,"FW,MF",it Serie A,22-288,2003.0,4.3,1,11,4,36.4,2.56,0.93,0.09,0.25,17.0,0.0,0,0,1.5,1.5,0.13,-0.5,-0.5,166,it ITA,"FW,MF",it Serie A,22-288,2003.0,4.3,121.0,146.0,82.9,1750.0,312.0,0,0.6,0.9,-0.6,6.0,6.0,9.0,2.0,12.0,166,it ITA,"FW,MF",it Serie A,22-288,2003.0,4.3,146.0,134.0,11.0,2.0,2.0,0.0,9,1.0,4.0,3.0,1.0,0.0,121.0,1.0,3.0,166,it ITA,"FW,MF",it Serie A,22-288,2003.0,4.3,14.0,3.27,11.0,2.0,0.0,1.0,0.0,0.0,0.0,0.0,166,it ITA,"FW,MF",it Serie A,22-288,2003.0,4.3,5.0,1,1.0,2.0,2.0,1.0,0.0,1.0,1.0,0.0,1.0,3,8.0,1.0,0.0,166,it ITA,"FW,MF",it Serie A,22-288,2003.0,4.3,193.0,0.0,11.0,78.0,105.0,17.0,193.0,7.0,0.0,0.0,5.0,71.4,130.0,663.0,265.0,9.0,6.0,4.0,8.0,7.0,146.0,31.0,210,it ITA,"FW,MF",it Serie A,22-288,2003.0,10,386,39,23.8,4.3,3,56.0,0,7,31.0,6,1.2,5,3,2,0.47,0.03,5.4,4.6,0.9,0.2,166,it ITA,"FW,MF",it Serie A,22-288,2003.0,4.3,2,0,0,8,18,2,9,3,1,0.0,0.0,0,13.0,1.0,7.0,12.5,,,,,,,,,,,,,,,,,,,,,,,,,,,,,,,,,,,,,,,,,,,,,,,,,,,,,,Forward,0.23255813953488372,0.0,0.3488372093023256,0.13953488372093023,2.0930232558139537,2.7906976744186047,7.209302325581396,1.3953488372093024,1.1627906976744187,0.6976744186046512,2.0930232558139537,30.232558139534884,-8.389813441860465,4.883720930232558,-0.5,1.694300518134715,67.24738675958189,10.8,60.6925873281425
167,Alejandro Balde,es ESP,DF,Barcelona,es La Liga,22.0,2003.0,15,14,1123,12.5,0,2,2,0,0,0,2,0,0.2,0.2,1.2,1.5,33.0,62.0,92.0,0.16,0.12,167,es ESP,DF,es La Liga,22-079,2003.0,12.5,0,7,1,14.3,0.56,0.08,0.0,0.0,20.9,0.0,0,0,0.2,0.2,0.04,-0.2,-0.2,167,es ESP,DF,es La Liga,22-079,2003.0,12.5,692.0,766.0,90.3,9373.0,1912.0,2,1.2,1.5,0.8,13.0,35.0,11.0,2.0,62.0,167,es ESP,DF,es La Liga,22-079,2003.0,12.5,766.0,671.0,94.0,11.0,1.0,0.0,16,83.0,0.0,0.0,0.0,0.0,692.0,1.0,14.0,167,es ESP,DF,es La Liga,22-079,2003.0,12.5,39.0,3.13,34.0,0.0,2.0,0.0,3.0,0.0,6.0,0.48,167,es ESP,DF,es La Liga,22-079,2003.0,12.5,25.0,15,12.0,10.0,3.0,18.0,77.8,4.0,13.0,7.0,6.0,5,30.0,17.0,1.0,167,es ESP,DF,es La Liga,22-079,2003.0,12.5,872.0,21.0,195.0,372.0,315.0,29.0,872.0,27.0,14.0,51.9,8.0,29.6,444.0,2426.0,1281.0,33.0,26.0,9.0,13.0,7.0,610.0,92.0,211,es ESP,DF,es La Liga,22-079,2003.0,15,1123,75,65.7,12.5,14,77.0,4,1,45.0,0,2.47,32,14,18,1.44,-0.86,27.9,17.3,10.6,0.85,167,es ESP,DF,es La Liga,22-079,2003.0,12.5,2,0,0,9,16,4,16,5,15,1.0,1.0,0,55.0,8.0,8.0,50.0,,,,,,,,,,,,,,,,,,,,,,,,,,,,,,,,,,,,,,,,,,,,,,,,,,,,,,Defender,0.0,0.16,0.016,0.096,2.64,4.96,7.36,1.04,2.0,0.4,0.88,35.52,1.383168000000003,7.6,-0.2,0.35894495412844035,94.39579684763572,49.8,63.0145506326006
169,Carlos Baleba,cm CMR,MF,Brighton,eng Premier League,22.0,2004.0,16,14,896,10.0,0,0,0,0,0,0,4,0,0.2,0.2,0.1,0.3,10.0,24.0,8.0,0.0,0.03,169,cm CMR,MF,eng Premier League,22-002,2004.0,10.0,0,10,0,0.0,1.0,0.0,0.0,,27.8,0.0,0,0,0.2,0.2,0.02,-0.2,-0.2,169,cm CMR,MF,eng Premier League,22-002,2004.0,10.0,319.0,374.0,85.3,5025.0,1071.0,0,0.1,0.2,-0.1,3.0,25.0,2.0,0.0,24.0,169,cm CMR,MF,eng Premier League,22-002,2004.0,10.0,374.0,369.0,5.0,4.0,2.0,2.0,0,1.0,0.0,0.0,0.0,0.0,319.0,0.0,6.0,169,cm CMR,MF,eng Premier League,22-002,2004.0,10.0,9.0,0.9,8.0,0.0,0.0,0.0,1.0,0.0,0.0,0.0,169,cm CMR,MF,eng Premier League,22-002,2004.0,10.0,18.0,10,3.0,12.0,3.0,16.0,31.3,11.0,9.0,2.0,7.0,15,33.0,18.0,1.0,169,cm CMR,MF,eng Premier League,22-002,2004.0,10.0,483.0,26.0,117.0,294.0,81.0,1.0,483.0,13.0,7.0,53.8,5.0,38.5,279.0,1248.0,575.0,10.0,11.0,1.0,17.0,11.0,281.0,8.0,213,cm CMR,MF,eng Premier League,22-002,2004.0,16,896,56,49.8,10.0,14,62.0,1,2,16.0,0,1.44,10,13,-3,-0.3,-0.9,12.6,12.7,0.0,0.0,169,cm CMR,MF,eng Premier League,22-002,2004.0,10.0,4,0,0,21,10,0,0,15,10,0.0,1.0,0,51.0,14.0,9.0,60.9,,,,,,,,,,,,,,,,,,,,,,,,,,,,,,,,,,,,,,,,,,,,,,,,,,,,,,Midfielder,0.0,0.0,0.02,0.01,1.0,2.4,0.8,0.3,1.8,1.5,0.2,27.9,-4.486510000000001,3.4,-0.2,0.18633540372670807,55.06072874493927,7.7,51.124167822599134
174,Folarin Balogun,us USA,FW,Monaco,fr Ligue 1,24.0,2001.0,13,9,844,9.4,4,2,6,3,1,1,1,1,5.2,4.4,1.6,6.0,19.0,18.0,77.0,0.53,0.72,174,us USA,FW,fr Ligue 1,24-186,2001.0,9.4,4,27,8,29.6,2.88,0.85,0.11,0.38,14.0,0.0,1,1,5.2,4.4,0.16,-1.2,-1.4,174,us USA,FW,fr Ligue 1,24-186,2001.0,9.4,128.0,182.0,70.3,1554.0,297.0,2,1.6,0.8,0.4,9.0,4.0,5.0,0.0,18.0,174,us USA,FW,fr Ligue 1,24-186,2001.0,9.4,182.0,168.0,14.0,0.0,2.0,0.0,5,0.0,0.0,0.0,0.0,0.0,128.0,0.0,7.0,174,us USA,FW,fr Ligue 1,24-186,2001.0,9.4,27.0,2.88,17.0,0.0,1.0,2.0,6.0,1.0,3.0,0.32,174,us USA,FW,fr Ligue 1,24-186,2001.0,9.4,4.0,4,1.0,1.0,2.0,4.0,25.0,3.0,6.0,1.0,5.0,3,7.0,4.0,0.0,174,us USA,FW,fr Ligue 1,24-186,2001.0,9.4,267.0,6.0,13.0,113.0,144.0,63.0,266.0,18.0,10.0,55.6,8.0,44.4,158.0,1014.0,512.0,19.0,13.0,18.0,23.0,17.0,210.0,77.0,221,us USA,FW,fr Ligue 1,24-186,2001.0,13,844,65,55.2,9.4,9,76.0,3,4,41.0,1,1.31,14,15,-1,-0.11,0.16,17.7,14.4,3.3,0.35,174,us USA,FW,fr Ligue 1,24-186,2001.0,9.4,1,1,0,16,17,8,5,3,4,2.0,0.0,0,23.0,10.0,11.0,47.6,,,,,,,,,,,,,,,,,,,,,,,,,,,,,,,,,,,,,,,,,,,,,,,,,,,,,,Forward,0.425531914893617,0.2127659574468085,0.5531914893617021,0.1702127659574468,2.021276595744681,1.9148936170212765,8.191489361702127,0.9574468085106382,0.425531914893617,0.3191489361702127,0.5319148936170213,16.80851063829787,-9.301468340425531,3.9361702127659575,-1.2000000000000002,1.0786516853932584,58.18815331010453,7.6,54.07820939600793
177,Mohamed Bamba,ci CIV,FW,Lorient,fr Ligue 1,24.0,2001.0,15,7,649,7.2,1,2,3,1,0,1,3,0,2.3,1.5,1.3,2.8,5.0,6.0,24.0,0.42,0.5,177,ci CIV,FW,fr Ligue 1,24-026,2001.0,7.2,1,11,6,54.5,1.53,0.83,0.09,0.17,18.8,0.0,0,1,2.3,1.5,0.14,-1.3,-0.5,177,ci CIV,FW,fr Ligue 1,24-026,2001.0,7.2,88.0,121.0,72.7,1246.0,226.0,2,1.3,0.9,0.7,6.0,3.0,2.0,0.0,6.0,177,ci CIV,FW,fr Ligue 1,24-026,2001.0,7.2,121.0,105.0,15.0,0.0,3.0,0.0,3,0.0,0.0,0.0,0.0,0.0,88.0,1.0,6.0,177,ci CIV,FW,fr Ligue 1,24-026,2001.0,7.2,10.0,1.39,9.0,0.0,0.0,1.0,0.0,0.0,3.0,0.42,177,ci CIV,FW,fr Ligue 1,24-026,2001.0,7.2,3.0,2,2.0,1.0,0.0,3.0,33.3,2.0,4.0,0.0,4.0,2,5.0,6.0,0.0,177,ci CIV,FW,fr Ligue 1,24-026,2001.0,7.2,188.0,7.0,27.0,98.0,65.0,22.0,187.0,7.0,4.0,57.1,2.0,28.6,95.0,380.0,192.0,5.0,2.0,3.0,21.0,3.0,123.0,24.0,224,ci CIV,FW,fr Ligue 1,24-026,2001.0,15,649,43,42.4,7.2,7,64.0,0,8,25.0,2,0.87,8,15,-7,-0.97,-0.77,8.5,9.9,-1.4,-0.2,177,ci CIV,FW,fr Ligue 1,24-026,2001.0,7.2,3,0,0,16,8,12,3,2,2,0.0,0.0,0,16.0,14.0,25.0,35.9,,,,,,,,,,,,,,,,,,,,,,,,,,,,,,,,,,,,,,,,,,,,,,,,,,,,,,Forward,0.1388888888888889,0.2777777777777778,0.3194444444444444,0.18055555555555555,0.6944444444444444,0.8333333333333333,3.333333333333333,0.8333333333333333,0.41666666666666663,0.2777777777777778,0.2777777777777778,13.194444444444445,-11.992459555555556,1.5277777777777777,-1.2999999999999998,0.7393617021276595,31.881533101045296,1.0,31.56587435747059
178,Lameck Banda,zm ZAM,"FW,MF",Lecce,it Serie A,24.0,2001.0,13,7,628,7.0,2,1,3,2,0,0,3,0,1.0,1.0,0.6,1.6,15.0,9.0,44.0,0.43,0.23,178,zm ZAM,"FW,MF",it Serie A,24-341,2001.0,7.0,2,10,5,50.0,1.43,0.72,0.2,0.4,20.5,1.0,0,0,1.0,1.0,0.1,1.0,1.0,178,zm ZAM,"FW,MF",it Serie A,24-341,2001.0,7.0,119.0,157.0,75.8,1703.0,344.0,1,0.6,0.8,0.4,5.0,4.0,6.0,1.0,9.0,178,zm ZAM,"FW,MF",it Serie A,24-341,2001.0,7.0,157.0,150.0,6.0,1.0,1.0,1.0,20,4.0,1.0,1.0,0.0,0.0,119.0,1.0,10.0,178,zm ZAM,"FW,MF",it Serie A,24-341,2001.0,7.0,13.0,1.87,9.0,0.0,2.0,0.0,1.0,1.0,4.0,0.57,178,zm ZAM,"FW,MF",it Serie A,24-341,2001.0,7.0,10.0,5,3.0,6.0,1.0,10.0,30.0,7.0,4.0,0.0,4.0,4,14.0,6.0,0.0,178,zm ZAM,"FW,MF",it Serie A,24-341,2001.0,7.0,250.0,6.0,37.0,102.0,115.0,17.0,250.0,21.0,6.0,28.6,13.0,61.9,169.0,1194.0,503.0,15.0,11.0,5.0,30.0,14.0,170.0,44.0,225,zm ZAM,"FW,MF",it Serie A,24-341,2001.0,13,628,48,41.0,7.0,7,66.0,0,6,28.0,3,1.31,8,4,4,0.57,2.07,6.7,8.1,-1.4,-0.21,178,zm ZAM,"FW,MF",it Serie A,24-341,2001.0,7.0,3,0,0,17,18,0,20,4,5,0.0,0.0,0,33.0,5.0,7.0,41.7,,,,,,,,,,,,,,,,,,,,,,,,,,,,,,,,,,,,,,,,,,,,,,,,,,,,,,Forward,0.2857142857142857,0.14285714285714285,0.14285714285714285,0.08571428571428572,2.142857142857143,1.2857142857142858,6.285714285714286,0.7142857142857143,1.4285714285714286,0.5714285714285714,0.8571428571428571,24.142857142857142,-9.603257285714285,3.4285714285714284,1.0,0.748,55.400696864111495,7.0,51.776352209449996
179,Noahkai Banks,us USA,DF,Augsburg,de Bundesliga,19.0,2006.0,12,10,891,9.9,1,0,1,1,0,0,4,0,0.9,0.9,0.1,1.0,8.0,39.0,9.0,0.1,0.1,179,us USA,DF,de Bundesliga,19-035,2006.0,9.9,1,4,2,50.0,0.4,0.2,0.25,0.5,13.2,0.0,0,0,0.9,0.9,0.22,0.1,0.1,179,us USA,DF,de Bundesliga,19-035,2006.0,9.9,393.0,441.0,89.1,7607.0,2156.0,0,0.1,0.2,-0.1,2.0,41.0,4.0,0.0,39.0,179,us USA,DF,de Bundesliga,19-035,2006.0,9.9,441.0,420.0,20.0,17.0,1.0,1.0,1,1.0,0.0,0.0,0.0,0.0,393.0,1.0,2.0,179,us USA,DF,de Bundesliga,19-035,2006.0,9.9,13.0,1.31,10.0,0.0,0.0,2.0,1.0,0.0,0.0,0.0,179,us USA,DF,de Bundesliga,19-035,2006.0,9.9,21.0,12,15.0,4.0,2.0,19.0,78.9,4.0,13.0,6.0,7.0,7,28.0,42.0,0.0,179,us USA,DF,de Bundesliga,19-035,2006.0,9.9,549.0,43.0,206.0,292.0,55.0,5.0,549.0,8.0,2.0,25.0,3.0,37.5,257.0,1249.0,554.0,8.0,6.0,0.0,1.0,3.0,345.0,9.0,226,us USA,DF,de Bundesliga,19-035,2006.0,12,891,74,66.0,9.9,10,86.0,7,2,17.0,3,0.92,10,15,-5,-0.51,0.67,12.0,13.5,-1.6,-0.16,179,us USA,DF,de Bundesliga,19-035,2006.0,9.9,4,0,0,17,11,3,1,7,12,0.0,0.0,0,28.0,19.0,13.0,59.4,,,,,,,,,,,,,,,,,,,,,,,,,,,,,,,,,,,,,,,,,,,,,,,,,,,,,,Defender,0.10101010101010101,0.0,0.09090909090909091,0.010101010101010102,0.8080808080808081,3.9393939393939394,0.9090909090909091,0.20202020202020202,2.121212121212121,0.7070707070707071,0.40404040404040403,25.95959595959596,0.47035757575757664,4.747474747474747,0.09999999999999998,0.23861566484517308,92.11908931698774,43.5,64.19448732891132
180,Ezechiel Banzuzi,nl NED,MF,RB Leipzig,de Bundesliga,20.0,2005.0,12,1,336,3.7,0,1,1,0,0,0,2,0,0.5,0.5,0.2,0.7,2.0,12.0,11.0,0.27,0.18,180,nl NED,MF,de Bundesliga,20-323,2005.0,3.7,0,7,3,42.9,1.87,0.8,0.0,0.0,19.2,0.0,0,0,0.5,0.5,0.07,-0.5,-0.5,180,nl NED,MF,de Bundesliga,20-323,2005.0,3.7,130.0,161.0,80.7,1790.0,497.0,1,0.2,0.2,0.8,4.0,8.0,1.0,0.0,12.0,180,nl NED,MF,de Bundesliga,20-323,2005.0,3.7,161.0,155.0,4.0,4.0,0.0,0.0,3,0.0,0.0,0.0,0.0,0.0,130.0,2.0,1.0,180,nl NED,MF,de Bundesliga,20-323,2005.0,3.7,10.0,2.69,9.0,0.0,0.0,1.0,0.0,0.0,1.0,0.27,180,nl NED,MF,de Bundesliga,20-323,2005.0,3.7,9.0,6,7.0,1.0,1.0,4.0,75.0,1.0,7.0,3.0,4.0,5,14.0,23.0,0.0,180,nl NED,MF,de Bundesliga,20-323,2005.0,3.7,222.0,27.0,67.0,101.0,55.0,7.0,222.0,3.0,2.0,66.7,1.0,33.3,97.0,445.0,163.0,2.0,4.0,1.0,2.0,3.0,135.0,11.0,228,nl NED,MF,de Bundesliga,20-323,2005.0,12,336,28,24.9,3.7,1,66.0,0,11,25.0,1,2.17,3,3,0,0.0,-0.98,6.1,5.5,0.6,0.16,180,nl NED,MF,de Bundesliga,20-323,2005.0,3.7,2,0,0,7,2,0,3,5,6,0.0,0.0,0,17.0,15.0,15.0,50.0,,,,,,,,,,,,,,,,,,,,,,,,,,,,,,,,,,,,,,,,,,,,,,,,,,,,,,Midfielder,0.0,0.27027027027027023,0.13513513513513511,0.05405405405405406,0.5405405405405405,3.243243243243243,2.972972972972973,1.081081081081081,2.4324324324324325,1.3513513513513513,0.27027027027027023,26.216216216216214,-3.139135756756758,3.7837837837837838,-0.5,1.2117117117117115,67.74628879892038,12.2,60.37993654092725
181,Tommaso Barbieri,it ITA,"DF,FW",Cremonese,it Serie A,23.0,2002.0,13,11,972,10.8,0,1,1,0,0,0,4,0,0.6,0.6,0.8,1.4,24.0,26.0,46.0,0.09,0.13,181,it ITA,"DF,FW",it Serie A,23-132,2002.0,10.8,0,8,1,12.5,0.74,0.09,0.0,0.0,19.0,0.0,0,0,0.6,0.6,0.07,-0.6,-0.6,181,it ITA,"DF,FW",it Serie A,23-132,2002.0,10.8,259.0,376.0,68.9,4635.0,1448.0,1,0.8,0.4,0.2,7.0,25.0,9.0,4.0,26.0,181,it ITA,"DF,FW",it Serie A,23-132,2002.0,10.8,376.0,332.0,43.0,5.0,0.0,4.0,44,38.0,0.0,0.0,0.0,0.0,259.0,1.0,15.0,181,it ITA,"DF,FW",it Serie A,23-132,2002.0,10.8,17.0,1.57,12.0,0.0,1.0,2.0,0.0,2.0,1.0,0.09,181,it ITA,"DF,FW",it Serie A,23-132,2002.0,10.8,32.0,19,17.0,11.0,4.0,28.0,53.6,13.0,20.0,7.0,13.0,10,42.0,25.0,0.0,181,it ITA,"DF,FW",it Serie A,23-132,2002.0,10.8,541.0,35.0,161.0,227.0,160.0,17.0,541.0,22.0,8.0,36.4,11.0,50.0,276.0,1675.0,901.0,24.0,17.0,1.0,23.0,7.0,300.0,46.0,230,it ITA,"DF,FW",it Serie A,23-132,2002.0,13,972,75,60.0,10.8,11,84.0,7,2,24.0,2,0.92,11,12,-1,-0.09,0.19,11.5,16.1,-4.6,-0.42,181,it ITA,"DF,FW",it Serie A,23-132,2002.0,10.8,4,0,0,21,15,1,44,10,19,0.0,0.0,0,36.0,9.0,15.0,37.5,,,,,,,,,,,,,,,,,,,,,,,,,,,,,,,,,,,,,,,,,,,,,,,,,,,,,,Forward,0.0,0.09259259259259259,0.05555555555555555,0.07407407407407407,2.222222222222222,2.4074074074074074,4.259259259259259,0.6481481481481481,2.962962962962963,0.9259259259259258,0.8333333333333333,25.555555555555554,-8.561226851851853,4.62962962962963,-0.6,0.2902033271719039,64.98257839721255,15.3,56.35956495855382
182,Valentín Barco,ar ARG,"MF,DF",Strasbourg,fr Ligue 1,21.0,2004.0,15,14,1242,13.8,1,4,5,1,0,0,2,1,1.4,1.4,3.5,4.9,25.0,109.0,49.0,0.36,0.36,182,ar ARG,"MF,DF",fr Ligue 1,21-166,2004.0,13.8,1,17,4,23.5,1.23,0.29,0.06,0.25,19.3,3.0,0,0,1.4,1.4,0.09,-0.4,-0.4,182,ar ARG,"MF,DF",fr Ligue 1,21-166,2004.0,13.8,718.0,885.0,81.1,11757.0,3857.0,4,3.5,4.1,0.5,19.0,63.0,31.0,3.0,109.0,182,ar ARG,"MF,DF",fr Ligue 1,21-166,2004.0,13.8,885.0,779.0,102.0,55.0,23.0,1.0,61,15.0,32.0,11.0,18.0,0.0,718.0,4.0,12.0,182,ar ARG,"MF,DF",fr Ligue 1,21-166,2004.0,13.8,48.0,3.48,32.0,9.0,1.0,1.0,3.0,2.0,10.0,0.72,182,ar ARG,"MF,DF",fr Ligue 1,21-166,2004.0,13.8,29.0,18,15.0,9.0,5.0,21.0,85.7,3.0,12.0,0.0,12.0,9,38.0,12.0,1.0,182,ar ARG,"MF,DF",fr Ligue 1,21-166,2004.0,13.8,1029.0,33.0,233.0,541.0,268.0,18.0,1029.0,42.0,16.0,38.1,24.0,57.1,694.0,2881.0,1610.0,25.0,31.0,3.0,18.0,14.0,761.0,49.0,231,ar ARG,"MF,DF",fr Ligue 1,21-166,2004.0,15,1242,83,81.2,13.8,14,85.0,10,1,50.0,0,1.6,25,17,8,0.58,1.52,23.9,18.7,5.2,0.38,182,ar ARG,"MF,DF",fr Ligue 1,21-166,2004.0,13.8,2,1,0,12,42,0,61,9,18,0.0,1.0,0,79.0,6.0,7.0,46.2,,,,,,,,,,,,,,,,,,,,,,,,,,,,,,,,,,,,,,,,,,,,,,,,,,,,,,Midfielder,0.07246376811594203,0.2898550724637681,0.10144927536231883,0.25362318840579706,1.8115942028985506,7.898550724637681,3.550724637681159,1.3768115942028984,2.101449275362319,0.6521739130434783,2.2463768115942027,50.289855072463766,3.0092990144927523,9.71014492753623,-0.3999999999999999,0.33819241982507287,97.84075573549258,60.5,60.95997242086764
183,Bradley Barcola,fr FRA,FW,Paris S-G,fr Ligue 1,23.0,2002.0,14,9,806,9.0,5,0,5,5,0,0,2,0,3.9,3.9,1.9,5.8,41.0,38.0,135.0,0.56,0.65,183,fr FRA,FW,fr Ligue 1,23-125,2002.0,9.0,5,34,17,50.0,3.8,1.9,0.15,0.29,16.3,0.0,0,0,3.9,3.9,0.12,1.1,1.1,183,fr FRA,FW,fr Ligue 1,23-125,2002.0,9.0,313.0,373.0,83.9,4528.0,1117.0,0,1.9,2.3,-1.9,19.0,16.0,21.0,1.0,38.0,183,fr FRA,FW,fr Ligue 1,23-125,2002.0,9.0,373.0,369.0,3.0,1.0,3.0,1.0,9,1.0,1.0,0.0,0.0,0.0,313.0,1.0,7.0,183,fr FRA,FW,fr Ligue 1,23-125,2002.0,9.0,39.0,4.35,32.0,0.0,4.0,2.0,1.0,0.0,6.0,0.67,183,fr FRA,FW,fr Ligue 1,23-125,2002.0,9.0,13.0,7,3.0,5.0,5.0,13.0,38.5,8.0,5.0,1.0,4.0,5,18.0,3.0,0.0,183,fr FRA,FW,fr Ligue 1,23-125,2002.0,9.0,505.0,5.0,33.0,147.0,336.0,71.0,505.0,49.0,19.0,38.8,29.0,59.2,347.0,2221.0,1193.0,41.0,22.0,29.0,19.0,9.0,418.0,135.0,232,fr FRA,FW,fr Ligue 1,23-125,2002.0,14,806,58,52.7,9.0,9,72.0,2,5,31.0,2,2.57,21,5,16,1.79,1.04,16.0,8.3,7.7,0.86,183,fr FRA,FW,fr Ligue 1,23-125,2002.0,9.0,2,0,0,10,6,1,9,5,7,1.0,0.0,0,31.0,5.0,4.0,55.6,,,,,,,,,,,,,,,,,,,,,,,,,,,,,,,,,,,,,,,,,,,,,,,,,,,,,,Forward,0.5555555555555556,0.0,0.43333333333333335,0.2111111111111111,4.555555555555555,4.222222222222222,15.0,2.111111111111111,1.4444444444444444,0.5555555555555556,2.3333333333333335,38.55555555555556,-4.197959222222224,8.777777777777779,1.1,0.8613861386138613,90.94076655052264,53.2,59.36081367527588
191,Ander Barrenetxea,es ESP,"MF,FW",Real Sociedad,es La Liga,24.0,2001.0,16,12,997,11.1,3,3,6,3,0,0,2,0,1.6,1.6,3.9,5.5,44.0,51.0,101.0,0.54,0.49,191,es ESP,"MF,FW",es La Liga,24-009,2001.0,11.1,3,20,7,35.0,1.81,0.63,0.15,0.43,19.3,1.0,0,0,1.6,1.6,0.08,1.4,1.4,191,es ESP,"MF,FW",es La Liga,24-009,2001.0,11.1,342.0,463.0,73.9,5651.0,1601.0,3,3.9,2.9,-0.9,27.0,19.0,17.0,4.0,51.0,191,es ESP,"MF,FW",es La Liga,24-009,2001.0,11.1,463.0,425.0,33.0,2.0,4.0,6.0,47,7.0,24.0,11.0,0.0,0.0,342.0,5.0,22.0,191,es ESP,"MF,FW",es La Liga,24-009,2001.0,11.1,56.0,5.06,42.0,9.0,4.0,0.0,1.0,0.0,6.0,0.54,191,es ESP,"MF,FW",es La Liga,24-009,2001.0,11.1,10.0,5,4.0,4.0,2.0,6.0,0.0,6.0,14.0,2.0,12.0,9,19.0,8.0,0.0,191,es ESP,"MF,FW",es La Liga,24-009,2001.0,11.1,636.0,15.0,76.0,246.0,328.0,64.0,636.0,77.0,33.0,42.9,35.0,45.5,402.0,2593.0,1282.0,44.0,26.0,23.0,41.0,16.0,429.0,101.0,241,es ESP,"MF,FW",es La Liga,24-009,2001.0,16,997,62,61.5,11.1,12,73.0,3,4,30.0,0,1.0,14,14,0,0.0,0.58,16.4,12.6,3.8,0.34,191,es ESP,"MF,FW",es La Liga,24-009,2001.0,11.1,2,0,0,20,14,1,47,9,5,0.0,0.0,0,57.0,4.0,10.0,28.6,,,,,,,,,,,,,,,,,,,,,,,,,,,,,,,,,,,,,,,,,,,,,,,,,,,,,,Forward,0.2702702702702703,0.2702702702702703,0.14414414414414414,0.35135135135135137,3.963963963963964,4.594594594594595,9.0990990990991,2.4324324324324325,0.9009009009009009,0.8108108108108109,1.5315315315315317,36.21621621621622,-6.545161639639639,8.558558558558559,1.4,0.7955974842767295,80.31358885017421,33.1,60.340788016659815
192,Pablo Barrios,es ESP,MF,Atlético Madrid,es La Liga,22.0,2003.0,18,16,1347,15.0,1,0,1,1,0,0,0,0,1.5,1.5,0.7,2.3,42.0,100.0,49.0,0.07,0.15,192,es ESP,MF,es La Liga,22-204,2003.0,15.0,1,17,5,29.4,1.14,0.33,0.06,0.2,22.9,0.0,0,0,1.5,1.5,0.09,-0.5,-0.5,192,es ESP,MF,es La Liga,22-204,2003.0,15.0,761.0,878.0,86.7,12631.0,3443.0,0,0.7,1.6,-0.7,13.0,93.0,26.0,6.0,100.0,192,es ESP,MF,es La Liga,22-204,2003.0,15.0,878.0,853.0,20.0,14.0,7.0,8.0,21,4.0,0.0,0.0,0.0,0.0,761.0,5.0,11.0,192,es ESP,MF,es La Liga,22-204,2003.0,15.0,35.0,2.34,28.0,0.0,5.0,1.0,1.0,0.0,0.0,0.0,192,es ESP,MF,es La Liga,22-204,2003.0,15.0,21.0,13,8.0,10.0,3.0,22.0,50.0,11.0,15.0,2.0,13.0,22,43.0,14.0,4.0,192,es ESP,MF,es La Liga,22-204,2003.0,15.0,1037.0,24.0,172.0,588.0,298.0,28.0,1037.0,52.0,30.0,57.7,18.0,34.6,668.0,3691.0,1737.0,42.0,47.0,7.0,28.0,18.0,772.0,49.0,242,es ESP,MF,es La Liga,22-204,2003.0,18,1347,75,78.8,15.0,16,80.0,11,2,37.0,0,1.94,23,14,9,0.6,-1.38,20.9,18.1,2.8,0.19,192,es ESP,MF,es La Liga,22-204,2003.0,15.0,0,0,0,11,20,0,21,22,13,0.0,1.0,0,92.0,14.0,13.0,51.9,,,,,,,,,,,,,,,,,,,,,,,,,,,,,,,,,,,,,,,,,,,,,,,,,,,,,,Midfielder,0.06666666666666667,0.0,0.1,0.04666666666666666,2.8,6.666666666666667,3.2666666666666666,0.8666666666666667,1.4,1.4666666666666666,1.7333333333333334,44.53333333333333,2.112392,9.466666666666667,-0.5,0.22565091610414656,96.89608636977059,51.3,64.04235715120329
193,Thierno Barry,fr FRA,FW,Everton,eng Premier League,23.0,2002.0,20,12,1019,11.3,3,0,3,3,0,0,2,0,3.5,3.5,0.4,3.9,8.0,7.0,58.0,0.26,0.34,193,fr FRA,FW,eng Premier League,23-076,2002.0,11.3,3,20,6,30.0,1.77,0.53,0.15,0.5,9.7,0.0,0,0,3.5,3.5,0.17,-0.5,-0.5,193,fr FRA,FW,eng Premier League,23-076,2002.0,11.3,110.0,187.0,58.8,1378.0,147.0,0,0.4,0.2,-0.4,5.0,5.0,0.0,0.0,7.0,193,fr FRA,FW,eng Premier League,23-076,2002.0,11.3,187.0,187.0,0.0,0.0,2.0,0.0,0,0.0,0.0,0.0,0.0,0.0,110.0,0.0,3.0,193,fr FRA,FW,eng Premier League,23-076,2002.0,11.3,10.0,0.88,9.0,0.0,1.0,0.0,0.0,0.0,0.0,0.0,193,fr FRA,FW,eng Premier League,23-076,2002.0,11.3,1.0,0,0.0,0.0,1.0,8.0,0.0,8.0,8.0,2.0,6.0,2,3.0,11.0,0.0,193,fr FRA,FW,eng Premier League,23-076,2002.0,11.3,331.0,14.0,27.0,149.0,156.0,44.0,331.0,16.0,5.0,31.3,11.0,68.8,150.0,688.0,255.0,8.0,9.0,5.0,50.0,8.0,253.0,58.0,244,fr FRA,FW,eng Premier League,23-076,2002.0,20,1019,51,56.6,11.3,12,71.0,1,8,21.0,0,1.4,14,15,-1,-0.09,0.03,11.2,16.8,-5.6,-0.5,193,fr FRA,FW,eng Premier League,23-076,2002.0,11.3,2,0,0,23,4,8,0,2,0,0.0,0.0,0,15.0,65.0,84.0,43.6,,,,,,,,,,,,,,,,,,,,,,,,,,,,,,,,,,,,,,,,,,,,,,,,,,,,,,Forward,0.2654867256637168,0.0,0.30973451327433627,0.035398230088495575,0.7079646017699115,0.6194690265486725,5.132743362831858,0.44247787610619466,0.08849557522123894,0.17699115044247787,0.0,13.27433628318584,-11.158513380530973,1.327433628318584,-0.5,0.26586102719033233,41.46341463414634,4.0,39.868667917448406
194,Davide Bartesaghi,it ITA,DF,Milan,it Serie A,20.0,2005.0,13,11,1002,11.1,2,0,2,2,0,0,1,0,0.6,0.6,1.5,2.1,16.0,21.0,79.0,0.18,0.19,194,it ITA,DF,it Serie A,20-007,2005.0,11.1,2,11,6,54.5,0.99,0.54,0.18,0.33,21.1,3.0,0,0,0.6,0.6,0.06,1.4,1.4,194,it ITA,DF,it Serie A,20-007,2005.0,11.1,422.0,535.0,78.9,7489.0,2386.0,0,1.5,1.8,-1.5,17.0,29.0,8.0,6.0,21.0,194,it ITA,DF,it Serie A,20-007,2005.0,11.1,535.0,426.0,106.0,14.0,1.0,3.0,57,75.0,16.0,11.0,4.0,0.0,422.0,3.0,10.0,194,it ITA,DF,it Serie A,20-007,2005.0,11.1,27.0,2.43,17.0,6.0,1.0,3.0,0.0,0.0,0.0,0.0,194,it ITA,DF,it Serie A,20-007,2005.0,11.1,21.0,16,10.0,8.0,3.0,20.0,75.0,5.0,11.0,3.0,8.0,5,26.0,25.0,1.0,194,it ITA,DF,it Serie A,20-007,2005.0,11.1,644.0,32.0,177.0,262.0,208.0,15.0,644.0,15.0,6.0,40.0,8.0,53.3,321.0,1406.0,656.0,16.0,12.0,5.0,11.0,11.0,412.0,79.0,245,it ITA,DF,it Serie A,20-007,2005.0,13,1002,77,65.5,11.1,11,86.0,8,2,27.0,4,2.23,14,8,6,0.54,-1.0,17.0,13.3,3.8,0.34,194,it ITA,DF,it Serie A,20-007,2005.0,11.1,1,0,0,7,7,2,57,5,16,0.0,0.0,0,22.0,6.0,7.0,46.2,,,,,,,,,,,,,,,,,,,,,,,,,,,,,,,,,,,,,,,,,,,,,,,,,,,,,,Defender,0.1801801801801802,0.0,0.05405405405405406,0.13513513513513514,1.4414414414414416,1.8918918918918919,7.117117117117117,1.5315315315315317,1.8918918918918919,0.45045045045045046,0.7207207207207208,28.91891891891892,-4.09508108108108,3.3333333333333335,1.4,0.37732919254658387,62.17162872154116,15.6,53.78168574527783
215,Maximilian Beier,de GER,"MF,FW",Dortmund,de Bundesliga,23.0,2002.0,13,8,701,7.8,4,2,6,4,0,0,2,0,3.3,3.3,1.1,4.4,12.0,15.0,74.0,0.77,0.56,215,de GER,"MF,FW",de Bundesliga,23-080,2002.0,7.8,4,17,9,52.9,2.18,1.16,0.24,0.44,14.2,0.0,0,0,3.3,3.3,0.22,0.7,0.7,215,de GER,"MF,FW",de Bundesliga,23-080,2002.0,7.8,166.0,236.0,70.3,2295.0,541.0,2,1.1,1.9,0.9,8.0,6.0,11.0,1.0,15.0,215,de GER,"MF,FW",de Bundesliga,23-080,2002.0,7.8,236.0,223.0,11.0,1.0,3.0,0.0,7,9.0,1.0,0.0,0.0,0.0,166.0,2.0,10.0,215,de GER,"MF,FW",de Bundesliga,23-080,2002.0,7.8,24.0,3.08,19.0,1.0,2.0,1.0,1.0,0.0,5.0,0.64,215,de GER,"MF,FW",de Bundesliga,23-080,2002.0,7.8,6.0,5,3.0,2.0,1.0,11.0,36.4,7.0,9.0,2.0,7.0,3,9.0,11.0,1.0,215,de GER,"MF,FW",de Bundesliga,23-080,2002.0,7.8,340.0,9.0,49.0,95.0,200.0,39.0,340.0,16.0,6.0,37.5,10.0,62.5,184.0,788.0,413.0,12.0,7.0,6.0,25.0,13.0,229.0,74.0,270,de GER,"MF,FW",de Bundesliga,23-080,2002.0,13,701,54,51.9,7.8,8,76.0,0,5,19.0,1,2.15,16,5,11,1.41,1.0,14.2,7.0,7.2,0.92,215,de GER,"MF,FW",de Bundesliga,23-080,2002.0,7.8,2,0,0,9,7,0,7,3,5,0.0,0.0,0,29.0,12.0,17.0,41.4,,,,,,,,,,,,,,,,,,,,,,,,,,,,,,,,,,,,,,,,,,,,,,,,,,,,,,Forward,0.5128205128205129,0.25641025641025644,0.4230769230769231,0.14102564102564105,1.5384615384615385,1.9230769230769231,9.487179487179487,1.0256410256410258,0.7692307692307693,0.38461538461538464,1.4102564102564104,23.58974358974359,-10.407369025641026,3.4615384615384617,0.7000000000000002,0.9058823529411765,47.73519163763066,4.3,45.7672019536248
217,Reda Belahyane,ma MAR,MF,Lazio,it Serie A,21.0,2004.0,7,1,292,3.2,0,1,1,0,0,0,1,1,0.0,0.0,1.1,1.1,2.0,10.0,5.0,0.31,0.34,217,ma MAR,MF,it Serie A,21-218,2004.0,3.2,0,0,0,,0.0,0.0,,,,0.0,0,0,0.0,0.0,,0.0,0.0,217,ma MAR,MF,it Serie A,21-218,2004.0,3.2,90.0,110.0,81.8,1294.0,365.0,1,1.1,0.8,-0.1,4.0,12.0,4.0,1.0,10.0,217,ma MAR,MF,it Serie A,21-218,2004.0,3.2,110.0,110.0,0.0,0.0,1.0,1.0,1,0.0,0.0,0.0,0.0,0.0,90.0,0.0,2.0,217,ma MAR,MF,it Serie A,21-218,2004.0,3.2,11.0,3.39,10.0,0.0,1.0,0.0,0.0,0.0,2.0,0.62,217,ma MAR,MF,it Serie A,21-218,2004.0,3.2,6.0,5,1.0,3.0,2.0,2.0,100.0,0.0,3.0,0.0,3.0,2,8.0,5.0,0.0,217,ma MAR,MF,it Serie A,21-218,2004.0,3.2,135.0,6.0,26.0,76.0,35.0,2.0,135.0,5.0,2.0,40.0,3.0,60.0,80.0,340.0,149.0,2.0,7.0,1.0,2.0,5.0,95.0,5.0,273,ma MAR,MF,it Serie A,21-218,2004.0,7,292,42,18.0,3.2,1,90.0,1,6,34.0,10,0.86,3,5,-2,-0.62,-1.02,4.5,4.1,0.4,0.12,217,ma MAR,MF,it Serie A,21-218,2004.0,3.2,1,1,0,7,1,0,1,2,5,0.0,0.0,0,13.0,2.0,1.0,66.7,,,,,,,,,,,,,,,,,,,,,,,,,,,,,,,,,,,,,,,,,,,,,,,,,,,,,,Midfielder,0.0,0.3125,0.0,0.34375,0.625,3.125,1.5625,1.25,1.875,0.625,1.25,25.0,-3.6815115,3.75,0.0,2.511111111111111,63.292847503373814,9.6,57.74894845198341
218,Rafik Belghali,dz ALG,"DF,FW",Hellas Verona,it Serie A,23.0,2002.0,15,12,1105,12.3,2,0,2,2,0,0,5,0,1.5,1.5,1.0,2.4,29.0,40.0,66.0,0.16,0.2,218,dz ALG,"DF,FW",it Serie A,23-212,2002.0,12.3,2,10,4,40.0,0.81,0.33,0.2,0.5,14.1,0.0,0,0,1.5,1.5,0.15,0.5,0.5,218,dz ALG,"DF,FW",it Serie A,23-212,2002.0,12.3,304.0,408.0,74.5,4413.0,1884.0,0,1.0,1.8,-1.0,15.0,33.0,15.0,7.0,40.0,218,dz ALG,"DF,FW",it Serie A,23-212,2002.0,12.3,408.0,336.0,71.0,0.0,1.0,1.0,34,71.0,0.0,0.0,0.0,0.0,304.0,1.0,13.0,218,dz ALG,"DF,FW",it Serie A,23-212,2002.0,12.3,32.0,2.61,23.0,1.0,6.0,2.0,0.0,0.0,3.0,0.24,218,dz ALG,"DF,FW",it Serie A,23-212,2002.0,12.3,15.0,9,8.0,5.0,2.0,13.0,53.8,6.0,15.0,4.0,11.0,12,27.0,21.0,0.0,218,dz ALG,"DF,FW",it Serie A,23-212,2002.0,12.3,548.0,20.0,121.0,214.0,230.0,38.0,548.0,45.0,23.0,51.1,19.0,42.2,264.0,1810.0,851.0,29.0,19.0,8.0,31.0,13.0,270.0,66.0,275,dz ALG,"DF,FW",it Serie A,23-212,2002.0,15,1105,74,72.2,12.3,12,86.0,8,3,23.0,0,0.8,13,16,-3,-0.24,2.3,13.5,14.5,-1.0,-0.08,218,dz ALG,"DF,FW",it Serie A,23-212,2002.0,12.3,5,0,0,13,5,4,34,12,9,0.0,0.0,0,59.0,5.0,15.0,25.0,,,,,,,,,,,,,,,,,,,,,,,,,,,,,,,,,,,,,,,,,,,,,,,,,,,,,,Forward,0.16260162601626016,0.0,0.12195121951219512,0.08130081300813008,2.357723577235772,3.252032520325203,5.365853658536585,1.2195121951219512,1.2195121951219512,0.975609756097561,1.2195121951219512,21.46341463414634,-8.72675923577236,5.609756097560975,0.5,0.47627737226277367,63.58885017421603,14.2,55.682005406493886
220,Yassin Belkhdim,fr FRA,"FW,MF",Angers,fr Ligue 1,23.0,2002.0,17,16,1351,15.0,2,2,4,2,0,0,2,0,1.4,1.4,1.2,2.6,13.0,36.0,47.0,0.27,0.17,220,fr FRA,"FW,MF",fr Ligue 1,23-325,2002.0,15.0,2,19,7,36.8,1.27,0.47,0.11,0.29,19.2,0.0,0,0,1.4,1.4,0.07,0.6,0.6,220,fr FRA,"FW,MF",fr Ligue 1,23-325,2002.0,15.0,391.0,493.0,79.3,5916.0,1682.0,2,1.2,1.1,0.8,12.0,24.0,7.0,3.0,36.0,220,fr FRA,"FW,MF",fr Ligue 1,23-325,2002.0,15.0,493.0,483.0,9.0,5.0,0.0,5.0,27,3.0,1.0,0.0,0.0,0.0,391.0,1.0,21.0,220,fr FRA,"FW,MF",fr Ligue 1,23-325,2002.0,15.0,19.0,1.27,17.0,0.0,0.0,1.0,0.0,1.0,3.0,0.2,220,fr FRA,"FW,MF",fr Ligue 1,23-325,2002.0,15.0,42.0,29,19.0,21.0,2.0,21.0,57.1,9.0,18.0,3.0,15.0,20,62.0,22.0,0.0,220,fr FRA,"FW,MF",fr Ligue 1,23-325,2002.0,15.0,648.0,26.0,187.0,311.0,158.0,23.0,648.0,8.0,2.0,25.0,6.0,75.0,325.0,1337.0,545.0,13.0,7.0,3.0,19.0,10.0,437.0,47.0,277,fr FRA,"FW,MF",fr Ligue 1,23-325,2002.0,17,1351,79,88.3,15.0,16,83.0,6,1,30.0,0,1.29,12,17,-5,-0.33,-1.84,13.1,24.7,-11.6,-0.77,220,fr FRA,"FW,MF",fr Ligue 1,23-325,2002.0,15.0,2,0,0,17,21,1,27,20,29,0.0,0.0,0,54.0,5.0,10.0,33.3,,,,,,,,,,,,,,,,,,,,,,,,,,,,,,,,,,,,,,,,,,,,,,,,,,,,,,Forward,0.13333333333333333,0.13333333333333333,0.09333333333333332,0.08,0.8666666666666667,2.4,3.1333333333333333,0.8,2.8,1.3333333333333333,0.4666666666666667,21.666666666666668,-11.420660666666667,3.2666666666666666,0.6000000000000001,0.19598765432098766,38.850174216027874,2.3,37.9767098885903
222,Armel Bella Kotchap,de GER,DF,Hellas Verona,it Serie A,24.0,2001.0,12,8,865,9.6,0,0,0,0,0,0,1,0,0.1,0.1,0.1,0.1,6.0,25.0,2.0,0.0,0.01,222,de GER,DF,it Serie A,24-025,2001.0,9.6,0,2,0,0.0,0.21,0.0,0.0,,16.2,0.0,0,0,0.1,0.1,0.03,-0.1,-0.1,222,de GER,DF,it Serie A,24-025,2001.0,9.6,303.0,370.0,81.9,5343.0,1854.0,0,0.1,0.3,-0.1,1.0,20.0,2.0,0.0,25.0,222,de GER,DF,it Serie A,24-025,2001.0,9.6,370.0,348.0,22.0,7.0,0.0,3.0,1,15.0,0.0,0.0,0.0,0.0,303.0,0.0,4.0,222,de GER,DF,it Serie A,24-025,2001.0,9.6,4.0,0.42,4.0,0.0,0.0,0.0,0.0,0.0,0.0,0.0,222,de GER,DF,it Serie A,24-025,2001.0,9.6,10.0,5,4.0,6.0,0.0,5.0,80.0,1.0,16.0,10.0,6.0,23,33.0,60.0,0.0,222,de GER,DF,it Serie A,24-025,2001.0,9.6,507.0,78.0,237.0,253.0,21.0,9.0,507.0,2.0,1.0,50.0,1.0,50.0,234.0,1027.0,488.0,6.0,4.0,1.0,5.0,1.0,246.0,2.0,279,de GER,DF,it Serie A,24-025,2001.0,12,865,72,56.5,9.6,8,90.0,7,4,37.0,3,0.75,10,18,-8,-0.83,0.11,8.3,14.4,-6.1,-0.63,222,de GER,DF,it Serie A,24-025,2001.0,9.6,1,0,0,16,11,0,1,23,5,0.0,1.0,0,41.0,31.0,5.0,86.1,,,,,,,,,,,,,,,,,,,,,,,,,,,,,,,,,,,,,,,,,,,,,,,,,,,,,,Defender,0.0,0.0,0.010416666666666668,0.010416666666666668,0.625,2.604166666666667,0.20833333333333334,0.10416666666666667,1.0416666666666667,2.3958333333333335,0.20833333333333334,24.375,-8.657816666666665,3.229166666666667,-0.1,0.08284023668639053,17.68826619964974,1.0,17.513134851138354
226,Jobe Bellingham,eng ENG,MF,Dortmund,de Bundesliga,20.0,2005.0,14,5,486,5.4,0,0,0,0,0,0,0,1,0.3,0.3,0.2,0.5,6.0,46.0,19.0,0.0,0.09,226,eng ENG,MF,de Bundesliga,20-104,2005.0,5.4,0,4,1,25.0,0.74,0.19,0.0,0.0,22.0,0.0,0,0,0.3,0.3,0.07,-0.3,-0.3,226,eng ENG,MF,de Bundesliga,20-104,2005.0,5.4,274.0,318.0,86.2,4768.0,1246.0,0,0.2,0.5,-0.2,3.0,36.0,4.0,0.0,46.0,226,eng ENG,MF,de Bundesliga,20-104,2005.0,5.4,318.0,312.0,6.0,4.0,1.0,1.0,1,0.0,0.0,0.0,0.0,0.0,274.0,0.0,3.0,226,eng ENG,MF,de Bundesliga,20-104,2005.0,5.4,11.0,2.04,11.0,0.0,0.0,0.0,0.0,0.0,1.0,0.19,226,eng ENG,MF,de Bundesliga,20-104,2005.0,5.4,12.0,9,4.0,7.0,1.0,5.0,80.0,1.0,7.0,2.0,5.0,10,22.0,9.0,1.0,226,eng ENG,MF,de Bundesliga,20-104,2005.0,5.4,387.0,14.0,77.0,221.0,92.0,4.0,387.0,10.0,4.0,40.0,5.0,50.0,213.0,997.0,464.0,6.0,8.0,0.0,9.0,10.0,271.0,19.0,283,eng ENG,MF,de Bundesliga,20-104,2005.0,14,486,35,36.0,5.4,5,69.0,2,9,15.0,0,2.07,10,6,4,0.74,-0.3,11.0,6.4,4.6,0.85,226,eng ENG,MF,de Bundesliga,20-104,2005.0,5.4,0,1,0,6,8,0,1,10,9,0.0,0.0,0,29.0,7.0,5.0,58.3,,,,,,,,,,,,,,,,,,,,,,,,,,,,,,,,,,,,,,,,,,,,,,,,,,,,,,Midfielder,0.0,0.0,0.05555555555555555,0.037037037037037035,1.111111111111111,8.518518518518517,3.518518518518518,0.5555555555555555,2.222222222222222,1.8518518518518516,0.7407407407407407,39.44444444444444,3.479268703703702,9.62962962962963,-0.3,0.5271317829457364,98.51551956815115,45.4,67.75482776351522
227,Jude Bellingham,eng ENG,MF,Real Madrid,es La Liga,22.0,2003.0,15,12,1102,12.2,4,3,7,4,0,0,1,0,4.5,4.5,2.5,6.9,31.0,110.0,63.0,0.57,0.57,227,eng ENG,MF,es La Liga,22-190,2003.0,12.2,4,31,17,54.8,2.53,1.39,0.13,0.24,14.6,0.0,0,0,4.5,4.5,0.15,-0.5,-0.5,227,eng ENG,MF,es La Liga,22-190,2003.0,12.2,609.0,686.0,88.8,10497.0,2129.0,3,2.5,1.5,0.5,27.0,82.0,16.0,1.0,110.0,227,eng ENG,MF,es La Liga,22-190,2003.0,12.2,686.0,669.0,14.0,13.0,2.0,9.0,6,1.0,0.0,0.0,0.0,0.0,609.0,3.0,7.0,227,eng ENG,MF,es La Liga,22-190,2003.0,12.2,64.0,5.23,46.0,0.0,3.0,6.0,6.0,3.0,8.0,0.65,227,eng ENG,MF,es La Liga,22-190,2003.0,12.2,37.0,25,14.0,15.0,8.0,28.0,64.3,10.0,16.0,1.0,15.0,9,46.0,11.0,0.0,227,eng ENG,MF,es La Liga,22-190,2003.0,12.2,848.0,21.0,104.0,453.0,305.0,58.0,848.0,36.0,20.0,55.6,14.0,38.9,495.0,2751.0,1402.0,31.0,17.0,8.0,17.0,18.0,671.0,63.0,284,eng ENG,MF,es La Liga,22-190,2003.0,15,1102,73,64.4,12.2,12,88.0,9,3,16.0,0,2.2,26,13,13,1.06,-0.57,30.2,13.9,16.3,1.33,227,eng ENG,MF,es La Liga,22-190,2003.0,12.2,1,0,0,22,28,1,6,9,25,0.0,0.0,0,61.0,16.0,15.0,51.6,,,,,,,,,,,,,,,,,,,,,,,,,,,,,,,,,,,,,,,,,,,,,,,,,,,,,,Midfielder,0.3278688524590164,0.24590163934426232,0.36885245901639346,0.20491803278688525,2.540983606557377,9.01639344262295,5.163934426229509,2.2131147540983607,3.0327868852459017,0.7377049180327869,1.3114754098360657,40.57377049180328,4.655177032786886,11.557377049180328,-0.5,0.616745283018868,99.19028340080972,134.4,42.31667380580619
231,Lucas Beltrán,ar ARG,FW,Valencia,es La Liga,24.0,2001.0,15,7,616,6.8,1,0,1,1,0,0,0,0,1.7,1.7,0.9,2.6,12.0,24.0,41.0,0.15,0.38,231,ar ARG,FW,es La Liga,24-282,2001.0,6.8,1,18,6,33.3,2.63,0.88,0.06,0.17,14.7,0.0,0,0,1.7,1.7,0.1,-0.7,-0.7,231,ar ARG,FW,es La Liga,24-282,2001.0,6.8,133.0,171.0,77.8,1964.0,473.0,0,0.9,0.5,-0.9,6.0,19.0,2.0,0.0,24.0,231,ar ARG,FW,es La Liga,24-282,2001.0,6.8,171.0,162.0,8.0,0.0,0.0,0.0,6,0.0,0.0,0.0,0.0,0.0,133.0,1.0,6.0,231,ar ARG,FW,es La Liga,24-282,2001.0,6.8,22.0,3.21,14.0,0.0,3.0,3.0,2.0,0.0,1.0,0.15,231,ar ARG,FW,es La Liga,24-282,2001.0,6.8,6.0,4,1.0,5.0,0.0,7.0,28.6,5.0,7.0,0.0,7.0,3,9.0,4.0,0.0,231,ar ARG,FW,es La Liga,24-282,2001.0,6.8,279.0,7.0,27.0,149.0,108.0,32.0,279.0,18.0,9.0,50.0,5.0,27.8,151.0,706.0,270.0,12.0,6.0,2.0,29.0,19.0,213.0,41.0,288,ar ARG,FW,es La Liga,24-282,2001.0,15,616,41,38.0,6.8,7,60.0,0,8,24.0,0,0.8,7,13,-6,-0.88,-0.25,10.5,10.2,0.3,0.04,231,ar ARG,FW,es La Liga,24-282,2001.0,6.8,0,0,0,9,18,3,6,3,4,0.0,0.0,0,23.0,11.0,22.0,33.3,,,,,,,,,,,,,,,,,,,,,,,,,,,,,,,,,,,,,,,,,,,,,,,,,,,,,,Forward,0.14705882352941177,0.0,0.25,0.1323529411764706,1.7647058823529411,3.5294117647058822,6.029411764705882,0.8823529411764706,0.8823529411764706,0.4411764705882353,0.29411764705882354,22.205882352941178,-10.50101711764706,5.294117647058823,-0.7,1.150537634408602,47.386759581881535,4.0,45.56419190565532
236,Yassine Benhattab,fr FRA,"MF,FW",Nantes,fr Ligue 1,23.0,2002.0,10,5,477,5.3,0,0,0,0,0,0,0,0,0.2,0.2,0.7,0.9,15.0,15.0,34.0,0.0,0.16,236,fr FRA,"MF,FW",fr Ligue 1,23-048,2002.0,5.3,0,4,1,25.0,0.75,0.19,0.0,0.0,17.4,0.0,0,0,0.2,0.2,0.04,-0.2,-0.2,236,fr FRA,"MF,FW",fr Ligue 1,23-048,2002.0,5.3,107.0,168.0,63.7,1660.0,514.0,0,0.7,0.8,-0.7,6.0,4.0,8.0,3.0,15.0,236,fr FRA,"MF,FW",fr Ligue 1,23-048,2002.0,5.3,168.0,160.0,7.0,1.0,1.0,0.0,25,1.0,5.0,3.0,2.0,0.0,107.0,1.0,8.0,236,fr FRA,"MF,FW",fr Ligue 1,23-048,2002.0,5.3,15.0,2.83,10.0,0.0,2.0,1.0,1.0,1.0,1.0,0.19,236,fr FRA,"MF,FW",fr Ligue 1,23-048,2002.0,5.3,10.0,6,7.0,2.0,1.0,4.0,50.0,2.0,2.0,0.0,2.0,0,10.0,3.0,2.0,236,fr FRA,"MF,FW",fr Ligue 1,23-048,2002.0,5.3,233.0,8.0,49.0,86.0,102.0,16.0,233.0,15.0,8.0,53.3,7.0,46.7,153.0,1152.0,498.0,15.0,13.0,7.0,25.0,4.0,157.0,34.0,295,fr FRA,"MF,FW",fr Ligue 1,23-048,2002.0,10,477,48,31.2,5.3,5,67.0,0,5,28.0,4,0.6,3,9,-6,-1.13,-0.62,3.7,8.9,-5.2,-0.98,236,fr FRA,"MF,FW",fr Ligue 1,23-048,2002.0,5.3,0,0,0,3,3,1,25,0,6,0.0,0.0,0,28.0,1.0,4.0,20.0,,,,,,,,,,,,,,,,,,,,,,,,,,,,,,,,,,,,,,,,,,,,,,,,,,,,,,Forward,0.0,0.0,0.03773584905660378,0.1320754716981132,2.8301886792452833,2.8301886792452833,6.415094339622642,1.1320754716981132,1.8867924528301887,0.0,1.509433962264151,28.867924528301888,-7.79888583018868,5.660377358490567,-0.2,1.2145922746781117,71.77700348432056,13.2,63.407246894276106
242,Lucas Beraldo,br BRA,DF,Paris S-G,fr Ligue 1,22.0,2003.0,9,8,643,7.1,1,0,1,1,0,0,0,0,0.4,0.4,0.0,0.5,1.0,38.0,1.0,0.14,0.07,242,br BRA,DF,fr Ligue 1,22-042,2003.0,7.1,1,3,1,33.3,0.42,0.14,0.33,1.0,8.4,0.0,0,0,0.4,0.4,0.15,0.6,0.6,242,br BRA,DF,fr Ligue 1,22-042,2003.0,7.1,649.0,684.0,94.9,11117.0,4679.0,0,0.0,0.4,0.0,1.0,49.0,0.0,0.0,38.0,242,br BRA,DF,fr Ligue 1,22-042,2003.0,7.1,684.0,665.0,19.0,7.0,1.0,3.0,0,1.0,0.0,0.0,0.0,0.0,649.0,0.0,2.0,242,br BRA,DF,fr Ligue 1,22-042,2003.0,7.1,7.0,0.98,6.0,0.0,0.0,1.0,0.0,0.0,2.0,0.28,242,br BRA,DF,fr Ligue 1,22-042,2003.0,7.1,10.0,6,8.0,2.0,0.0,11.0,54.5,5.0,10.0,5.0,5.0,7,17.0,42.0,0.0,242,br BRA,DF,fr Ligue 1,22-042,2003.0,7.1,766.0,101.0,343.0,384.0,40.0,7.0,766.0,0.0,0.0,,0.0,,457.0,1491.0,769.0,1.0,1.0,0.0,4.0,0.0,587.0,1.0,305,br BRA,DF,fr Ligue 1,22-042,2003.0,9,643,71,42.0,7.1,8,80.0,5,1,1.0,7,2.33,16,8,8,1.12,-0.3,13.0,8.2,4.7,0.66,242,br BRA,DF,fr Ligue 1,22-042,2003.0,7.1,0,0,0,6,2,0,0,7,6,0.0,0.0,0,44.0,21.0,13.0,61.8,,,,,,,,,,,,,,,,,,,,,,,,,,,,,,,,,,,,,,,,,,,,,,,,,,,,,,Defender,0.14084507042253522,0.0,0.05633802816901409,0.0,0.14084507042253522,5.352112676056338,0.14084507042253522,0.14084507042253522,1.4084507042253522,0.9859154929577465,0.0,64.36619718309859,0.23195492957746744,5.492957746478874,0.6,0.1279373368146214,91.59369527145358,34.3,68.20081554091853
247,Lucas Bergström,fi FIN,GK,Mallorca,es La Liga,23.0,2002.0,5,5,450,5.0,0,0,0,0,0,0,1,0,0.0,0.0,0.0,0.0,0.0,0.0,0.0,0.0,0.0,247,fi FIN,GK,es La Liga,23-122,2002.0,5.0,0,0,0,,0.0,0.0,,,,0.0,0,0,0.0,0.0,,0.0,0.0,247,fi FIN,GK,es La Liga,23-122,2002.0,5.0,101.0,168.0,60.1,3911.0,3258.0,0,0.0,0.0,0.0,0.0,4.0,0.0,0.0,0.0,247,fi FIN,GK,es La Liga,23-122,2002.0,5.0,168.0,107.0,61.0,24.0,0.0,1.0,0,0.0,0.0,0.0,0.0,0.0,101.0,0.0,0.0,247,fi FIN,GK,es La Liga,23-122,2002.0,5.0,2.0,0.4,2.0,0.0,0.0,0.0,0.0,0.0,0.0,0.0,247,fi FIN,GK,es La Liga,23-122,2002.0,5.0,0.0,0,0.0,0.0,0.0,1.0,0.0,1.0,0.0,0.0,0.0,0,0.0,7.0,0.0,247,fi FIN,GK,es La Liga,23-122,2002.0,5.0,181.0,149.0,179.0,2.0,0.0,0.0,181.0,0.0,0.0,,0.0,,96.0,486.0,332.0,0.0,0.0,0.0,0.0,0.0,70.0,0.0,310,fi FIN,GK,es La Liga,23-122,2002.0,5,450,90,27.8,5.0,5,90.0,5,0,,13,1.0,4,7,-3,-0.6,-0.37,4.8,7.6,-2.7,-0.55,247,fi FIN,GK,es La Liga,23-122,2002.0,5.0,1,0,0,0,0,0,0,0,0,0.0,0.0,0,9.0,5.0,0.0,100.0,12.0,fi FIN,GK,es La Liga,23-122,2002.0,5.0,5.0,450.0,5.0,7.0,1.4,22.0,15.0,68.2,1.0,2.0,2.0,2.0,40.0,0.0,0.0,0.0,0.0,12.0,fi FIN,GK,es La Liga,23-122,2002.0,5.0,7.0,0.0,1.0,0.0,0.0,6.3,0.29,-0.7,-0.13,45.0,104.0,43.3,131.0,23.0,55.7,42.5,106.0,4.0,3.8,12.0,2.4,15.1,Goalkeeper,0.0,0.0,0.0,0.0,0.0,0.0,0.0,0.0,0.0,0.0,0.0,19.2,-11.5,0.0,0.0,0.22099447513812157,91.33858267716536,18.8,76.88432885283281
248,Lucas Bergvall,se SWE,MF,Tottenham,eng Premier League,19.0,2006.0,15,9,748,8.3,1,2,3,1,0,0,2,0,0.8,0.8,0.3,1.1,13.0,32.0,32.0,0.36,0.13,248,se SWE,MF,eng Premier League,19-337,2006.0,8.3,1,8,3,37.5,0.96,0.36,0.13,0.33,11.1,0.0,0,0,0.8,0.8,0.1,0.2,0.2,248,se SWE,MF,eng Premier League,19-337,2006.0,8.3,210.0,280.0,75.0,3452.0,863.0,2,0.3,0.3,1.7,4.0,28.0,5.0,1.0,32.0,248,se SWE,MF,eng Premier League,19-337,2006.0,8.3,280.0,246.0,33.0,0.0,1.0,2.0,13,24.0,0.0,0.0,0.0,0.0,210.0,1.0,3.0,248,se SWE,MF,eng Premier League,19-337,2006.0,8.3,15.0,1.8,9.0,3.0,2.0,1.0,0.0,0.0,2.0,0.24,248,se SWE,MF,eng Premier League,19-337,2006.0,8.3,19.0,12,5.0,12.0,2.0,10.0,50.0,5.0,6.0,1.0,5.0,2,21.0,11.0,1.0,248,se SWE,MF,eng Premier League,19-337,2006.0,8.3,360.0,12.0,62.0,172.0,132.0,19.0,360.0,16.0,12.0,75.0,3.0,18.8,183.0,1353.0,614.0,13.0,14.0,2.0,15.0,5.0,205.0,32.0,311,se SWE,MF,eng Premier League,19-337,2006.0,15,748,50,41.6,8.3,9,68.0,0,6,23.0,3,1.27,11,10,1,0.12,-0.14,8.3,8.7,-0.4,-0.05,248,se SWE,MF,eng Premier League,19-337,2006.0,8.3,2,0,0,15,5,3,13,2,12,0.0,0.0,0,32.0,4.0,11.0,26.7,,,,,,,,,,,,,,,,,,,,,,,,,,,,,,,,,,,,,,,,,,,,,,,,,,,,,,Midfielder,0.12048192771084336,0.24096385542168672,0.09638554216867469,0.03614457831325301,1.5662650602409638,3.8554216867469875,3.8554216867469875,0.48192771084337344,2.2891566265060237,0.24096385542168672,0.6024096385542168,22.048192771084334,-1.354971277108434,5.421686746987952,0.19999999999999996,0.5,83.13090418353576,46.4,56.78340449695065
249,Medon Berisha,al ALB,MF,Lecce,it Serie A,22.0,2003.0,13,12,871,9.7,2,3,5,2,0,0,0,0,1.2,1.2,2.6,3.8,19.0,46.0,21.0,0.52,0.39,249,al ALB,MF,it Serie A,22-076,2003.0,9.7,2,24,5,20.8,2.48,0.52,0.08,0.4,27.9,6.0,0,0,1.2,1.2,0.05,0.8,0.8,249,al ALB,MF,it Serie A,22-076,2003.0,9.7,317.0,426.0,74.4,6236.0,1731.0,3,2.6,2.0,0.4,20.0,39.0,4.0,2.0,46.0,249,al ALB,MF,it Serie A,22-076,2003.0,9.7,426.0,353.0,72.0,21.0,1.0,6.0,59,2.0,48.0,14.0,27.0,0.0,317.0,1.0,7.0,249,al ALB,MF,it Serie A,22-076,2003.0,9.7,37.0,3.82,16.0,16.0,1.0,2.0,1.0,1.0,4.0,0.41,249,al ALB,MF,it Serie A,22-076,2003.0,9.7,21.0,12,8.0,10.0,3.0,9.0,77.8,2.0,9.0,2.0,7.0,5,26.0,4.0,1.0,249,al ALB,MF,it Serie A,22-076,2003.0,9.7,516.0,10.0,64.0,283.0,176.0,14.0,516.0,6.0,3.0,50.0,1.0,16.7,279.0,1621.0,858.0,19.0,13.0,2.0,11.0,11.0,298.0,21.0,312,al ALB,MF,it Serie A,22-076,2003.0,13,871,67,56.9,9.7,12,70.0,1,1,28.0,2,1.23,7,10,-3,-0.31,0.78,8.3,8.9,-0.6,-0.06,249,al ALB,MF,it Serie A,22-076,2003.0,9.7,0,0,0,11,10,1,59,5,12,0.0,0.0,0,41.0,7.0,8.0,46.7,,,,,,,,,,,,,,,,,,,,,,,,,,,,,,,,,,,,,,,,,,,,,,,,,,,,,,Midfielder,0.2061855670103093,0.30927835051546393,0.12371134020618557,0.2680412371134021,1.9587628865979383,4.742268041237113,2.1649484536082477,2.061855670103093,2.1649484536082477,0.5154639175257733,0.4123711340206186,28.762886597938145,-0.604084010309279,6.701030927835052,0.8,0.7403100775193798,87.17948717948718,29.6,67.26812282367838
251,Adrian Bernabe,es ESP,MF,Parma,it Serie A,24.0,2001.0,17,17,1363,15.1,2,0,2,2,0,0,0,0,1.7,1.7,1.9,3.6,33.0,90.0,39.0,0.13,0.24,251,es ESP,MF,it Serie A,24-224,2001.0,15.1,2,29,7,24.1,1.91,0.46,0.07,0.29,22.2,4.0,0,0,1.7,1.7,0.06,0.3,0.3,251,es ESP,MF,it Serie A,24-224,2001.0,15.1,560.0,699.0,80.1,10219.0,2777.0,0,1.9,1.3,-1.9,25.0,75.0,10.0,1.0,90.0,251,es ESP,MF,it Serie A,24-224,2001.0,15.1,699.0,620.0,75.0,29.0,3.0,9.0,43,2.0,19.0,14.0,5.0,0.0,560.0,4.0,12.0,251,es ESP,MF,it Serie A,24-224,2001.0,15.1,61.0,4.03,41.0,11.0,1.0,5.0,3.0,0.0,2.0,0.13,251,es ESP,MF,it Serie A,24-224,2001.0,15.1,22.0,15,11.0,9.0,2.0,36.0,52.8,17.0,13.0,4.0,9.0,6,28.0,11.0,0.0,251,es ESP,MF,it Serie A,24-224,2001.0,15.1,841.0,19.0,130.0,488.0,230.0,17.0,841.0,29.0,9.0,31.0,14.0,48.3,500.0,2466.0,1429.0,33.0,35.0,2.0,16.0,11.0,582.0,39.0,314,es ESP,MF,it Serie A,24-224,2001.0,17,1363,80,89.1,15.1,17,80.0,4,0,,0,1.06,11,18,-7,-0.46,-0.46,14.9,17.7,-2.8,-0.19,251,es ESP,MF,it Serie A,24-224,2001.0,15.1,0,0,0,7,33,0,43,6,15,0.0,0.0,0,69.0,2.0,9.0,18.2,,,,,,,,,,,,,,,,,,,,,,,,,,,,,,,,,,,,,,,,,,,,,,,,,,,,,,Midfielder,0.13245033112582782,0.0,0.11258278145695365,0.12582781456953643,2.185430463576159,5.960264900662252,2.5827814569536423,1.6556291390728477,1.456953642384106,0.3973509933774835,0.6622516556291391,33.11258278145696,0.1019891721854318,8.14569536423841,0.30000000000000004,0.47919143876337694,91.3630229419703,42.3,64.20451366266359
255,Lorenzo Bernasconi,it ITA,DF,Atalanta,it Serie A,22.0,2003.0,8,6,505,5.6,0,0,0,0,0,0,1,0,0.2,0.2,0.9,1.2,14.0,22.0,32.0,0.0,0.21,255,it ITA,DF,it Serie A,22-050,2003.0,5.6,0,5,0,0.0,0.89,0.0,0.0,,19.1,0.0,0,0,0.2,0.2,0.05,-0.2,-0.2,255,it ITA,DF,it Serie A,22-050,2003.0,5.6,248.0,327.0,75.8,4237.0,1286.0,0,0.9,0.9,-0.9,7.0,14.0,4.0,2.0,22.0,255,it ITA,DF,it Serie A,22-050,2003.0,5.6,327.0,263.0,63.0,5.0,0.0,0.0,45,37.0,21.0,16.0,5.0,0.0,248.0,1.0,5.0,255,it ITA,DF,it Serie A,22-050,2003.0,5.6,13.0,2.32,5.0,7.0,0.0,1.0,0.0,0.0,0.0,0.0,255,it ITA,DF,it Serie A,22-050,2003.0,5.6,14.0,6,4.0,8.0,2.0,11.0,45.5,6.0,4.0,3.0,1.0,7,21.0,10.0,0.0,255,it ITA,DF,it Serie A,22-050,2003.0,5.6,377.0,15.0,76.0,156.0,147.0,6.0,377.0,2.0,1.0,50.0,1.0,50.0,157.0,851.0,474.0,14.0,10.0,2.0,5.0,1.0,218.0,32.0,319,it ITA,DF,it Serie A,22-050,2003.0,8,505,63,31.2,5.6,6,79.0,3,2,16.0,10,1.88,4,3,1,0.18,0.1,9.4,4.2,5.3,0.94,255,it ITA,DF,it Serie A,22-050,2003.0,5.6,1,0,0,4,1,1,45,7,6,0.0,0.0,0,15.0,2.0,1.0,66.7,,,,,,,,,,,,,,,,,,,,,,,,,,,,,,,,,,,,,,,,,,,,,,,,,,,,,,Defender,0.0,0.0,0.03571428571428572,0.16071428571428573,2.5,3.928571428571429,5.714285714285714,1.25,2.5,1.25,0.7142857142857143,28.03571428571429,-1.0507178571428533,6.428571428571429,-0.2,0.6153846153846154,86.69001751313485,23.7,70.0808549014833
257,Nicolò Bertola,it ITA,DF,Udinese,it Serie A,22.0,2003.0,14,12,1026,11.4,0,1,1,0,0,0,2,0,0.5,0.5,0.2,0.7,8.0,24.0,18.0,0.09,0.07,257,it ITA,DF,it Serie A,22-288,2003.0,11.4,0,11,3,27.3,0.96,0.26,0.0,0.0,16.8,0.0,0,0,0.5,0.5,0.05,-0.5,-0.5,257,it ITA,DF,it Serie A,22-288,2003.0,11.4,368.0,483.0,76.2,6834.0,2123.0,1,0.2,0.1,0.8,6.0,19.0,3.0,0.0,24.0,257,it ITA,DF,it Serie A,22-288,2003.0,11.4,483.0,447.0,35.0,17.0,0.0,3.0,6,16.0,0.0,0.0,0.0,0.0,368.0,1.0,8.0,257,it ITA,DF,it Serie A,22-288,2003.0,11.4,10.0,0.88,9.0,0.0,0.0,1.0,0.0,0.0,1.0,0.09,257,it ITA,DF,it Serie A,22-288,2003.0,11.4,24.0,14,15.0,8.0,1.0,19.0,63.2,7.0,19.0,9.0,10.0,13,37.0,56.0,2.0,257,it ITA,DF,it Serie A,22-288,2003.0,11.4,636.0,62.0,275.0,293.0,73.0,18.0,636.0,13.0,4.0,30.8,7.0,53.8,320.0,1448.0,731.0,8.0,12.0,0.0,11.0,4.0,366.0,18.0,321,it ITA,DF,it Serie A,22-288,2003.0,14,1026,73,63.3,11.4,12,81.0,7,2,28.0,4,1.5,11,16,-5,-0.44,0.47,13.1,15.1,-2.0,-0.17,257,it ITA,DF,it Serie A,22-288,2003.0,11.4,2,0,0,12,8,0,6,13,14,0.0,0.0,0,44.0,21.0,14.0,60.0,,,,,,,,,,,,,,,,,,,,,,,,,,,,,,,,,,,,,,,,,,,,,,,,,,,,,,Defender,0.0,0.08771929824561403,0.043859649122807015,0.017543859649122806,0.7017543859649122,2.1052631578947367,1.5789473684210527,0.5263157894736842,2.1052631578947367,1.1403508771929824,0.2631578947368421,28.07017543859649,-5.358489473684209,2.807017543859649,-0.5,0.13836477987421383,49.38704028021016,4.0,47.48753873097131
262,Mika Biereth,dk DEN,"FW,MF",Monaco,fr Ligue 1,22.0,2003.0,16,11,822,9.1,2,0,2,2,0,0,0,0,3.2,3.2,0.7,3.8,4.0,11.0,61.0,0.22,0.42,262,dk DEN,"FW,MF",fr Ligue 1,22-331,2003.0,9.1,2,16,5,31.3,1.75,0.55,0.13,0.4,12.4,0.0,0,0,3.2,3.2,0.2,-1.2,-1.2,262,dk DEN,"FW,MF",fr Ligue 1,22-331,2003.0,9.1,89.0,149.0,59.7,1268.0,307.0,0,0.7,0.8,-0.7,10.0,6.0,7.0,1.0,11.0,262,dk DEN,"FW,MF",fr Ligue 1,22-331,2003.0,9.1,149.0,127.0,20.0,0.0,3.0,0.0,7,2.0,0.0,0.0,0.0,0.0,89.0,2.0,6.0,262,dk DEN,"FW,MF",fr Ligue 1,22-331,2003.0,9.1,20.0,2.19,17.0,0.0,1.0,1.0,1.0,0.0,3.0,0.33,262,dk DEN,"FW,MF",fr Ligue 1,22-331,2003.0,9.1,7.0,4,1.0,2.0,4.0,9.0,33.3,6.0,8.0,1.0,7.0,0,7.0,4.0,0.0,262,dk DEN,"FW,MF",fr Ligue 1,22-331,2003.0,9.1,227.0,5.0,12.0,87.0,129.0,42.0,227.0,10.0,3.0,30.0,7.0,70.0,128.0,452.0,112.0,4.0,4.0,2.0,25.0,18.0,166.0,61.0,328,dk DEN,"FW,MF",fr Ligue 1,22-331,2003.0,16,822,51,53.7,9.1,11,68.0,1,5,15.0,1,1.25,15,20,-5,-0.55,-0.8,15.4,15.2,0.2,0.02,262,dk DEN,"FW,MF",fr Ligue 1,22-331,2003.0,9.1,0,0,0,11,10,6,7,0,4,0.0,0.0,0,19.0,8.0,25.0,24.2,,,,,,,,,,,,,,,,,,,,,,,,,,,,,,,,,,,,,,,,,,,,,,,,,,,,,,Forward,0.21978021978021978,0.0,0.3516483516483517,0.07692307692307693,0.43956043956043955,1.208791208791209,6.7032967032967035,1.098901098901099,0.7692307692307693,0.0,0.7692307692307693,14.065934065934066,-11.88689565934066,1.6483516483516485,-1.2000000000000002,0.9647577092511014,33.10104529616725,1.0,32.77331217442302
266,Tom Bischof,de GER,"DF,MF",Bayern Munich,de Bundesliga,20.0,2005.0,12,7,599,6.7,0,3,3,0,0,0,2,0,0.8,0.8,1.3,2.1,14.0,47.0,42.0,0.45,0.32,266,de GER,"DF,MF",de Bundesliga,20-191,2005.0,6.7,0,14,1,7.1,2.1,0.15,0.0,0.0,21.6,1.0,0,0,0.8,0.8,0.06,-0.8,-0.8,266,de GER,"DF,MF",de Bundesliga,20-191,2005.0,6.7,549.0,598.0,91.8,7974.0,1808.0,3,1.3,1.3,1.7,12.0,46.0,12.0,3.0,47.0,266,de GER,"DF,MF",de Bundesliga,20-191,2005.0,6.7,598.0,551.0,47.0,6.0,2.0,3.0,15,35.0,6.0,3.0,0.0,0.0,549.0,0.0,8.0,266,de GER,"DF,MF",de Bundesliga,20-191,2005.0,6.7,26.0,3.91,23.0,2.0,1.0,0.0,0.0,0.0,5.0,0.75,266,de GER,"DF,MF",de Bundesliga,20-191,2005.0,6.7,7.0,7,4.0,3.0,0.0,11.0,45.5,6.0,9.0,1.0,8.0,5,12.0,6.0,0.0,266,de GER,"DF,MF",de Bundesliga,20-191,2005.0,6.7,661.0,11.0,100.0,304.0,261.0,12.0,661.0,6.0,3.0,50.0,3.0,50.0,413.0,1658.0,755.0,14.0,15.0,4.0,9.0,4.0,505.0,42.0,333,de GER,"DF,MF",de Bundesliga,20-191,2005.0,12,599,50,44.4,6.7,7,78.0,4,5,11.0,0,2.67,23,6,17,2.55,-0.68,19.8,5.0,14.8,2.22,266,de GER,"DF,MF",de Bundesliga,20-191,2005.0,6.7,2,0,0,8,3,1,15,5,7,0.0,1.0,0,31.0,4.0,2.0,66.7,,,,,,,,,,,,,,,,,,,,,,,,,,,,,,,,,,,,,,,,,,,,,,,,,,,,,,Midfielder,0.0,0.44776119402985076,0.11940298507462686,0.19402985074626866,2.08955223880597,7.014925373134328,6.26865671641791,1.791044776119403,1.044776119402985,0.7462686567164178,1.791044776119403,61.64179104477612,2.7448661343283574,9.104477611940299,-0.8,0.5915279878971256,97.70580296896087,71.7,56.90495222420552
274,Oscar Bobb,no NOR,"MF,FW",Manchester City,eng Premier League,22.0,2003.0,9,5,468,5.2,0,1,1,0,0,0,1,0,0.4,0.4,0.7,1.1,17.0,18.0,55.0,0.19,0.21,274,no NOR,"MF,FW",eng Premier League,22-177,2003.0,5.2,0,4,0,0.0,0.77,0.0,0.0,,14.7,0.0,0,0,0.4,0.4,0.1,-0.4,-0.4,274,no NOR,"MF,FW",eng Premier League,22-177,2003.0,5.2,195.0,218.0,89.4,2572.0,565.0,1,0.7,1.2,0.3,10.0,6.0,16.0,2.0,18.0,274,no NOR,"MF,FW",eng Premier League,22-177,2003.0,5.2,218.0,210.0,8.0,2.0,1.0,1.0,5,6.0,0.0,0.0,0.0,0.0,195.0,0.0,4.0,274,no NOR,"MF,FW",eng Premier League,22-177,2003.0,5.2,22.0,4.23,16.0,0.0,5.0,0.0,1.0,0.0,3.0,0.58,274,no NOR,"MF,FW",eng Premier League,22-177,2003.0,5.2,8.0,5,3.0,3.0,2.0,7.0,57.1,3.0,9.0,0.0,9.0,3,11.0,1.0,0.0,274,no NOR,"MF,FW",eng Premier League,22-177,2003.0,5.2,274.0,3.0,21.0,97.0,161.0,29.0,274.0,28.0,16.0,57.1,10.0,35.7,183.0,998.0,487.0,17.0,12.0,13.0,10.0,8.0,208.0,55.0,345,no NOR,"MF,FW",eng Premier League,22-177,2003.0,9,468,52,26.0,5.2,5,78.0,2,4,20.0,4,1.67,10,5,5,0.96,-0.46,9.3,4.9,4.4,0.85,274,no NOR,"MF,FW",eng Premier League,22-177,2003.0,5.2,1,0,0,5,9,0,5,3,5,0.0,0.0,0,18.0,3.0,5.0,37.5,,,,,,,,,,,,,,,,,,,,,,,,,,,,,,,,,,,,,,,,,,,,,,,,,,,,,,Forward,0.0,0.1923076923076923,0.07692307692307693,0.1346153846153846,3.269230769230769,3.4615384615384612,10.576923076923077,1.923076923076923,1.5384615384615383,0.5769230769230769,3.0769230769230766,35.19230769230769,-7.124783538461539,6.730769230769231,-0.4,1.5437956204379564,77.00348432055749,21.8,63.221251494710586
279,Lamare Bogarde,nl NED,"MF,DF",Aston Villa,eng Premier League,22.0,2004.0,15,4,431,4.8,0,0,0,0,0,0,4,0,0.0,0.0,0.0,0.0,5.0,13.0,3.0,0.0,0.01,279,nl NED,"MF,DF",eng Premier League,22-000,2004.0,4.8,0,0,0,,0.0,0.0,,,,0.0,0,0,0.0,0.0,,0.0,0.0,279,nl NED,"MF,DF",eng Premier League,22-000,2004.0,4.8,226.0,249.0,90.8,3355.0,802.0,0,0.0,0.1,0.0,2.0,17.0,2.0,0.0,13.0,279,nl NED,"MF,DF",eng Premier League,22-000,2004.0,4.8,249.0,237.0,11.0,6.0,0.0,0.0,0,5.0,0.0,0.0,0.0,0.0,226.0,1.0,4.0,279,nl NED,"MF,DF",eng Premier League,22-000,2004.0,4.8,5.0,1.03,5.0,0.0,0.0,0.0,0.0,0.0,1.0,0.21,279,nl NED,"MF,DF",eng Premier League,22-000,2004.0,4.8,9.0,5,6.0,2.0,1.0,7.0,57.1,3.0,9.0,4.0,5.0,1,10.0,9.0,2.0,279,nl NED,"MF,DF",eng Premier League,22-000,2004.0,4.8,299.0,25.0,95.0,168.0,39.0,2.0,299.0,12.0,2.0,16.7,5.0,41.7,194.0,904.0,435.0,5.0,6.0,0.0,5.0,3.0,214.0,3.0,350,nl NED,"MF,DF",eng Premier League,22-000,2004.0,15,431,29,23.9,4.8,4,86.0,1,11,8.0,5,2.13,9,6,3,0.63,0.23,7.6,7.5,0.2,0.03,279,nl NED,"MF,DF",eng Premier League,22-000,2004.0,4.8,4,0,0,10,14,0,0,1,5,0.0,0.0,0,14.0,4.0,7.0,36.4,,,,,,,,,,,,,,,,,,,,,,,,,,,,,,,,,,,,,,,,,,,,,,,,,,,,,,Midfielder,0.0,0.0,0.0,0.0,1.0416666666666667,2.7083333333333335,0.625,0.4166666666666667,1.875,0.20833333333333334,0.4166666666666667,40.41666666666667,-4.091403166666667,3.75,0.0,0.34448160535117056,59.24426450742241,7.9,54.90663995127192
281,Adama Boiro,es ESP,DF,Athletic Club,es La Liga,23.0,2002.0,6,4,363,4.0,0,0,0,0,0,0,1,0,0.0,0.0,0.1,0.1,9.0,25.0,13.0,0.0,0.03,281,es ESP,DF,es La Liga,23-197,2002.0,4.0,0,0,0,,0.0,0.0,,,,0.0,0,0,0.0,0.0,,0.0,0.0,281,es ESP,DF,es La Liga,23-197,2002.0,4.0,184.0,213.0,86.4,2948.0,1047.0,0,0.1,0.3,-0.1,2.0,23.0,5.0,4.0,25.0,281,es ESP,DF,es La Liga,23-197,2002.0,4.0,213.0,186.0,27.0,3.0,0.0,0.0,11,24.0,0.0,0.0,0.0,0.0,184.0,0.0,5.0,281,es ESP,DF,es La Liga,23-197,2002.0,4.0,5.0,1.24,4.0,0.0,0.0,0.0,0.0,1.0,0.0,0.0,281,es ESP,DF,es La Liga,23-197,2002.0,4.0,6.0,5,3.0,2.0,1.0,9.0,55.6,4.0,4.0,1.0,3.0,6,12.0,8.0,1.0,281,es ESP,DF,es La Liga,23-197,2002.0,4.0,252.0,4.0,52.0,140.0,64.0,2.0,252.0,6.0,2.0,33.3,4.0,66.7,155.0,691.0,363.0,9.0,9.0,0.0,3.0,2.0,160.0,13.0,353,es ESP,DF,es La Liga,23-197,2002.0,6,363,61,21.2,4.0,4,75.0,2,2,32.0,13,0.33,2,9,-7,-1.74,-1.67,5.2,5.5,-0.3,-0.07,281,es ESP,DF,es La Liga,23-197,2002.0,4.0,1,0,0,2,2,0,11,6,5,0.0,0.0,0,20.0,4.0,8.0,33.3,,,,,,,,,,,,,,,,,,,,,,,,,,,,,,,,,,,,,,,,,,,,,,,,,,,,,,Defender,0.0,0.0,0.0,0.025,2.25,6.25,3.25,0.5,1.5,1.5,1.25,38.75,1.2122500000000027,8.5,0.0,0.4920634920634921,94.04553415061297,26.8,74.16840232698183
286,Warren Bondo,fr FRA,MF,Cremonese,it Serie A,22.0,2003.0,17,15,1170,13.0,0,0,0,0,0,0,3,0,0.2,0.2,0.2,0.4,12.0,42.0,8.0,0.0,0.03,286,fr FRA,MF,it Serie A,22-112,2003.0,13.0,0,5,0,0.0,0.38,0.0,0.0,,26.2,0.0,0,0,0.2,0.2,0.03,-0.2,-0.2,286,fr FRA,MF,it Serie A,22-112,2003.0,13.0,418.0,476.0,87.8,6958.0,1616.0,0,0.2,0.3,-0.2,3.0,27.0,6.0,0.0,42.0,286,fr FRA,MF,it Serie A,22-112,2003.0,13.0,476.0,466.0,10.0,9.0,0.0,3.0,1,1.0,0.0,0.0,0.0,0.0,418.0,0.0,8.0,286,fr FRA,MF,it Serie A,22-112,2003.0,13.0,18.0,1.38,13.0,0.0,3.0,0.0,1.0,1.0,1.0,0.08,286,fr FRA,MF,it Serie A,22-112,2003.0,13.0,23.0,10,11.0,8.0,4.0,15.0,66.7,5.0,10.0,3.0,7.0,4,27.0,6.0,1.0,286,fr FRA,MF,it Serie A,22-112,2003.0,13.0,576.0,17.0,152.0,347.0,85.0,7.0,576.0,20.0,11.0,55.0,7.0,35.0,358.0,2064.0,976.0,12.0,13.0,1.0,16.0,11.0,414.0,8.0,361,fr FRA,MF,it Serie A,22-112,2003.0,17,1170,69,72.2,13.0,15,75.0,6,2,25.0,0,1.18,13,14,-1,-0.08,0.32,11.2,17.4,-6.3,-0.48,286,fr FRA,MF,it Serie A,22-112,2003.0,13.0,3,0,0,26,22,0,1,4,10,0.0,0.0,0,53.0,3.0,9.0,25.0,,,,,,,,,,,,,,,,,,,,,,,,,,,,,,,,,,,,,,,,,,,,,,,,,,,,,,Midfielder,0.0,0.0,0.015384615384615385,0.015384615384615385,0.9230769230769231,3.230769230769231,0.6153846153846154,0.23076923076923078,1.7692307692307692,0.3076923076923077,0.46153846153846156,27.53846153846154,-3.722978461538462,4.153846153846154,-0.2,0.23958333333333331,62.61808367071525,11.1,56.361911494793205
287,Giovanni Bonfanti,it ITA,DF,Pisa,it Serie A,22.0,2003.0,9,6,494,5.5,0,0,0,0,0,0,1,0,0.4,0.4,0.1,0.5,5.0,9.0,12.0,0.0,0.09,287,it ITA,DF,it Serie A,22-353,2003.0,5.5,0,6,1,16.7,1.09,0.18,0.0,0.0,13.1,0.0,0,0,0.4,0.4,0.06,-0.4,-0.4,287,it ITA,DF,it Serie A,22-353,2003.0,5.5,114.0,193.0,59.1,2175.0,1086.0,0,0.1,0.1,-0.1,3.0,8.0,5.0,2.0,9.0,287,it ITA,DF,it Serie A,22-353,2003.0,5.5,193.0,137.0,56.0,5.0,0.0,1.0,12,41.0,0.0,0.0,0.0,0.0,114.0,0.0,7.0,287,it ITA,DF,it Serie A,22-353,2003.0,5.5,5.0,0.91,4.0,1.0,0.0,0.0,0.0,0.0,0.0,0.0,287,it ITA,DF,it Serie A,22-353,2003.0,5.5,13.0,6,5.0,6.0,2.0,4.0,50.0,2.0,3.0,2.0,1.0,7,20.0,26.0,0.0,287,it ITA,DF,it Serie A,22-353,2003.0,5.5,268.0,33.0,113.0,100.0,58.0,9.0,268.0,12.0,5.0,41.7,7.0,58.3,116.0,532.0,235.0,5.0,4.0,0.0,5.0,5.0,113.0,12.0,362,it ITA,DF,it Serie A,22-353,2003.0,9,494,55,30.5,5.5,6,66.0,1,3,32.0,7,0.56,3,11,-8,-1.46,-1.14,5.2,7.2,-2.0,-0.36,287,it ITA,DF,it Serie A,22-353,2003.0,5.5,1,0,0,10,3,0,12,7,6,0.0,0.0,0,19.0,9.0,8.0,52.9,,,,,,,,,,,,,,,,,,,,,,,,,,,,,,,,,,,,,,,,,,,,,,,,,,,,,,Defender,0.0,0.0,0.07272727272727274,0.018181818181818184,0.9090909090909091,1.6363636363636365,2.1818181818181817,0.5454545454545454,2.3636363636363638,1.2727272727272727,0.9090909090909091,21.09090909090909,-6.0561636363636335,2.5454545454545454,-0.4,0.3395522388059702,42.73204903677758,1.6,42.0591033826551
289,Rahim Bonkano,ne NIG,DF,Oviedo,es La Liga,24.0,2002.0,17,13,1234,13.7,0,0,0,0,0,0,1,0,0.0,0.0,0.6,0.7,28.0,44.0,69.0,0.0,0.05,289,ne NIG,DF,es La Liga,24-004,2002.0,13.7,0,1,0,0.0,0.07,0.0,0.0,,36.6,0.0,0,0,0.0,0.0,0.02,0.0,0.0,289,ne NIG,DF,es La Liga,24-004,2002.0,13.7,535.0,697.0,76.8,8632.0,3192.0,0,0.6,0.7,-0.6,12.0,25.0,16.0,6.0,44.0,289,ne NIG,DF,es La Liga,24-004,2002.0,13.7,697.0,560.0,136.0,7.0,0.0,0.0,51,129.0,0.0,0.0,0.0,0.0,535.0,1.0,25.0,289,ne NIG,DF,es La Liga,24-004,2002.0,13.7,27.0,1.97,22.0,4.0,1.0,0.0,0.0,0.0,0.0,0.0,289,ne NIG,DF,es La Liga,24-004,2002.0,13.7,28.0,13,17.0,10.0,1.0,22.0,77.3,5.0,16.0,6.0,10.0,23,51.0,54.0,1.0,289,ne NIG,DF,es La Liga,24-004,2002.0,13.7,870.0,61.0,306.0,342.0,230.0,7.0,870.0,14.0,6.0,42.9,8.0,57.1,419.0,2040.0,1027.0,28.0,16.0,0.0,20.0,4.0,465.0,69.0,365,ne NIG,DF,es La Liga,24-004,2002.0,17,1234,73,76.2,13.7,13,88.0,11,4,23.0,1,0.71,6,22,-16,-1.17,-0.47,12.5,25.2,-12.7,-0.93,289,ne NIG,DF,es La Liga,24-004,2002.0,13.7,1,0,0,7,4,6,51,23,13,0.0,0.0,0,57.0,10.0,8.0,55.6,,,,,,,,,,,,,,,,,,,,,,,,,,,,,,,,,,,,,,,,,,,,,,,,,,,,,,Defender,0.0,0.0,0.0,0.043795620437956206,2.0437956204379564,3.2116788321167884,5.036496350364963,0.8759124087591241,2.0437956204379564,1.6788321167883213,1.1678832116788322,30.583941605839417,-4.8248014598540125,5.255474452554745,0.0,0.22643678160919542,55.51663747810858,6.3,52.226375802548056
290,Ange-Yoan Bonny,fr FRA,FW,Inter,it Serie A,22.0,2003.0,12,5,437,4.9,4,3,7,4,0,0,0,0,1.8,1.8,1.8,3.5,10.0,12.0,42.0,1.44,0.73,290,fr FRA,FW,it Serie A,22-072,2003.0,4.9,4,9,4,44.4,1.85,0.82,0.44,1.0,12.5,0.0,0,0,1.8,1.8,0.2,2.2,2.2,290,fr FRA,FW,it Serie A,22-072,2003.0,4.9,82.0,104.0,78.8,1181.0,226.0,3,1.8,1.0,1.2,10.0,6.0,4.0,0.0,12.0,290,fr FRA,FW,it Serie A,22-072,2003.0,4.9,104.0,104.0,0.0,0.0,0.0,0.0,0,0.0,0.0,0.0,0.0,0.0,82.0,0.0,4.0,290,fr FRA,FW,it Serie A,22-072,2003.0,4.9,16.0,3.3,14.0,0.0,0.0,1.0,1.0,0.0,5.0,1.03,290,fr FRA,FW,it Serie A,22-072,2003.0,4.9,4.0,2,2.0,1.0,1.0,0.0,,0.0,0.0,0.0,0.0,0,4.0,4.0,0.0,290,fr FRA,FW,it Serie A,22-072,2003.0,4.9,153.0,3.0,15.0,68.0,73.0,26.0,153.0,8.0,2.0,25.0,4.0,50.0,95.0,514.0,240.0,10.0,7.0,3.0,12.0,11.0,131.0,42.0,366,fr FRA,FW,it Serie A,22-072,2003.0,12,437,36,28.6,4.9,5,65.0,0,7,16.0,2,2.0,14,6,8,1.65,0.41,10.7,4.2,6.5,1.34,290,fr FRA,FW,it Serie A,22-072,2003.0,4.9,0,0,0,7,14,4,0,0,2,1.0,0.0,0,13.0,7.0,6.0,53.8,,,,,,,,,,,,,,,,,,,,,,,,,,,,,,,,,,,,,,,,,,,,,,,,,,,,,,Forward,0.8163265306122448,0.6122448979591836,0.36734693877551017,0.36734693877551017,2.0408163265306123,2.4489795918367343,8.571428571428571,2.0408163265306123,0.8163265306122448,0.0,0.8163265306122448,19.387755102040813,-8.778747897959184,4.489795918367347,2.2,2.156862745098039,62.7177700348432,15.0,54.53719133464626
295,Ayyoub Bouaddi,fr FRA,MF,Lille,fr Ligue 1,18.0,2007.0,15,13,1059,11.8,0,1,1,0,0,0,4,1,1.5,1.5,0.6,2.0,21.0,34.0,39.0,0.08,0.17,295,fr FRA,MF,fr Ligue 1,18-095,2007.0,11.8,0,11,2,18.2,0.93,0.17,0.0,0.0,19.8,0.0,0,0,1.5,1.5,0.13,-1.5,-1.5,295,fr FRA,MF,fr Ligue 1,18-095,2007.0,11.8,364.0,437.0,83.3,6248.0,1304.0,1,0.6,0.6,0.4,11.0,32.0,2.0,0.0,34.0,295,fr FRA,MF,fr Ligue 1,18-095,2007.0,11.8,437.0,427.0,9.0,7.0,0.0,2.0,6,2.0,0.0,0.0,0.0,0.0,364.0,1.0,10.0,295,fr FRA,MF,fr Ligue 1,18-095,2007.0,11.8,23.0,1.95,15.0,0.0,2.0,3.0,1.0,2.0,1.0,0.08,295,fr FRA,MF,fr Ligue 1,18-095,2007.0,11.8,22.0,14,6.0,8.0,8.0,17.0,70.6,5.0,23.0,5.0,18.0,10,32.0,14.0,1.0,295,fr FRA,MF,fr Ligue 1,18-095,2007.0,11.8,576.0,24.0,118.0,306.0,157.0,33.0,576.0,24.0,17.0,70.8,7.0,29.2,334.0,1865.0,807.0,21.0,8.0,4.0,25.0,8.0,358.0,39.0,372,fr FRA,MF,fr Ligue 1,18-095,2007.0,15,1059,71,69.2,11.8,13,79.0,6,2,14.0,0,1.73,16,12,4,0.34,-1.0,22.3,14.1,8.2,0.7,295,fr FRA,MF,fr Ligue 1,18-095,2007.0,11.8,4,1,0,25,12,0,6,10,14,0.0,1.0,0,66.0,13.0,8.0,61.9,,,,,,,,,,,,,,,,,,,,,,,,,,,,,,,,,,,,,,,,,,,,,,,,,,,,,,Midfielder,0.0,0.0847457627118644,0.1271186440677966,0.05084745762711864,1.7796610169491525,2.8813559322033897,3.3050847457627115,0.9322033898305084,1.8644067796610169,0.847457627118644,0.1694915254237288,28.30508474576271,-1.684488745762712,4.661016949152542,-1.5,0.3385416666666667,80.83670715249663,39.2,58.0723470923108
297,Badredine Bouanani,dz ALG,"FW,MF",Stuttgart,de Bundesliga,21.0,2004.0,9,4,316,3.5,0,0,0,0,0,0,1,0,0.6,0.6,0.3,0.8,16.0,10.0,24.0,0.0,0.23,297,dz ALG,"FW,MF",de Bundesliga,21-028,2004.0,3.5,0,9,1,11.1,2.56,0.28,0.0,0.0,16.9,1.0,0,0,0.6,0.6,0.06,-0.6,-0.6,297,dz ALG,"FW,MF",de Bundesliga,21-028,2004.0,3.5,106.0,149.0,71.1,1497.0,373.0,0,0.3,0.6,-0.3,4.0,6.0,4.0,1.0,10.0,297,dz ALG,"FW,MF",de Bundesliga,21-028,2004.0,3.5,149.0,136.0,11.0,2.0,1.0,0.0,13,3.0,5.0,1.0,0.0,0.0,106.0,2.0,3.0,297,dz ALG,"FW,MF",de Bundesliga,21-028,2004.0,3.5,13.0,3.7,10.0,2.0,1.0,0.0,0.0,0.0,1.0,0.28,297,dz ALG,"FW,MF",de Bundesliga,21-028,2004.0,3.5,2.0,1,0.0,1.0,1.0,2.0,0.0,2.0,2.0,0.0,2.0,4,6.0,5.0,0.0,297,dz ALG,"FW,MF",de Bundesliga,21-028,2004.0,3.5,193.0,2.0,16.0,63.0,118.0,16.0,193.0,10.0,3.0,30.0,7.0,70.0,110.0,744.0,383.0,16.0,14.0,8.0,4.0,4.0,151.0,24.0,374,dz ALG,"FW,MF",de Bundesliga,21-028,2004.0,9,316,35,23.4,3.5,4,68.0,0,5,9.0,4,2.0,7,4,3,0.85,0.85,4.2,4.1,0.1,0.02,297,dz ALG,"FW,MF",de Bundesliga,21-028,2004.0,3.5,1,0,0,1,5,1,13,4,1,0.0,0.0,0,9.0,2.0,4.0,33.3,,,,,,,,,,,,,,,,,,,,,,,,,,,,,,,,,,,,,,,,,,,,,,,,,,,,,,Forward,0.0,0.0,0.17142857142857143,0.08571428571428572,4.571428571428571,2.857142857142857,6.857142857142857,1.1428571428571428,0.5714285714285714,1.1428571428571428,1.1428571428571428,31.428571428571427,-3.1512851428571445,7.428571428571429,-0.6,1.917098445595855,93.90243902439023,43.3,65.52856875393596
302,Enzo Boyomo,cm CMR,DF,Osasuna,es La Liga,24.0,2001.0,16,16,1414,15.7,1,0,1,1,0,0,4,0,0.3,0.3,0.8,1.1,9.0,46.0,10.0,0.06,0.07,302,cm CMR,DF,es La Liga,24-090,2001.0,15.7,1,2,1,50.0,0.13,0.06,0.5,1.0,9.2,0.0,0,0,0.3,0.3,0.17,0.7,0.7,302,cm CMR,DF,es La Liga,24-090,2001.0,15.7,553.0,678.0,81.6,10018.0,3816.0,0,0.8,0.7,-0.8,4.0,39.0,5.0,1.0,46.0,302,cm CMR,DF,es La Liga,24-090,2001.0,15.7,678.0,646.0,32.0,17.0,0.0,4.0,7,15.0,0.0,0.0,0.0,0.0,553.0,0.0,8.0,302,cm CMR,DF,es La Liga,24-090,2001.0,15.7,16.0,1.02,15.0,1.0,0.0,0.0,0.0,0.0,0.0,0.0,302,cm CMR,DF,es La Liga,24-090,2001.0,15.7,40.0,24,29.0,10.0,1.0,24.0,79.2,5.0,29.0,11.0,18.0,7,47.0,76.0,1.0,302,cm CMR,DF,es La Liga,24-090,2001.0,15.7,865.0,100.0,395.0,428.0,50.0,10.0,865.0,6.0,3.0,50.0,2.0,33.3,484.0,2171.0,1148.0,9.0,7.0,0.0,14.0,6.0,514.0,10.0,382,cm CMR,DF,es La Liga,24-090,2001.0,16,1414,88,87.3,15.7,16,88.0,13,0,,0,0.94,14,19,-5,-0.32,-1.19,16.1,20.8,-4.7,-0.3,302,cm CMR,DF,es La Liga,24-090,2001.0,15.7,4,0,0,20,3,0,7,7,24,0.0,1.0,0,72.0,24.0,20.0,54.5,,,,,,,,,,,,,,,,,,,,,,,,,,,,,,,,,,,,,,,,,,,,,,,,,,,,,,Defender,0.06369426751592357,0.0,0.01910828025477707,0.050955414012738856,0.5732484076433121,2.9299363057324843,0.6369426751592357,0.25477707006369427,2.547770700636943,0.445859872611465,0.3184713375796179,30.82802547770701,-3.1719923566878965,3.5031847133757963,0.7,0.11791907514450868,72.15411558669001,15.2,62.63378089122397
304,Conor Bradley,nir NIR,DF,Liverpool,eng Premier League,22.0,2003.0,14,11,840,9.3,0,1,1,0,0,0,5,0,0.2,0.2,1.1,1.3,23.0,35.0,44.0,0.11,0.14,304,nir NIR,DF,eng Premier League,22-180,2003.0,9.3,0,5,0,0.0,0.54,0.0,0.0,,17.3,0.0,0,0,0.2,0.2,0.04,-0.2,-0.2,304,nir NIR,DF,eng Premier League,22-180,2003.0,9.3,457.0,554.0,82.5,7143.0,1809.0,1,1.1,0.9,-0.1,4.0,34.0,9.0,3.0,35.0,304,nir NIR,DF,eng Premier League,22-180,2003.0,9.3,554.0,453.0,100.0,11.0,3.0,0.0,23,88.0,1.0,0.0,0.0,0.0,457.0,1.0,9.0,304,nir NIR,DF,eng Premier League,22-180,2003.0,9.3,10.0,1.07,7.0,0.0,1.0,0.0,2.0,0.0,2.0,0.21,304,nir NIR,DF,eng Premier League,22-180,2003.0,9.3,18.0,15,11.0,6.0,1.0,18.0,38.9,11.0,24.0,4.0,20.0,12,30.0,26.0,0.0,304,nir NIR,DF,eng Premier League,22-180,2003.0,9.3,688.0,33.0,189.0,282.0,223.0,27.0,688.0,24.0,5.0,20.8,15.0,62.5,378.0,2056.0,1034.0,23.0,15.0,5.0,15.0,8.0,408.0,44.0,384,nir NIR,DF,eng Premier League,22-180,2003.0,14,840,60,46.7,9.3,11,69.0,3,3,29.0,1,1.5,11,13,-2,-0.21,-0.78,13.4,10.2,3.2,0.35,304,nir NIR,DF,eng Premier League,22-180,2003.0,9.3,5,0,0,16,20,1,23,12,15,0.0,0.0,0,40.0,15.0,16.0,48.4,,,,,,,,,,,,,,,,,,,,,,,,,,,,,,,,,,,,,,,,,,,,,,,,,,,,,,Defender,0.0,0.1075268817204301,0.02150537634408602,0.11827956989247312,2.4731182795698925,3.7634408602150535,4.731182795698924,0.4301075268817204,1.9354838709677418,1.2903225806451613,0.9677419354838709,40.64516129032258,-2.295565591397848,6.236559139784946,-0.2,0.1555232558139535,79.33450087565674,28.2,61.88338601845301
313,Sascha Britschgi,ch SUI,DF,Parma,it Serie A,19.0,2006.0,13,12,1020,11.3,0,2,2,0,0,0,2,0,0.3,0.3,1.1,1.3,11.0,27.0,42.0,0.18,0.12,313,ch SUI,DF,it Serie A,19-131,2006.0,11.3,0,8,1,12.5,0.71,0.09,0.0,0.0,23.1,0.0,0,0,0.3,0.3,0.03,-0.3,-0.3,313,ch SUI,DF,it Serie A,19-131,2006.0,11.3,252.0,364.0,69.2,3985.0,1480.0,2,1.1,0.6,0.9,8.0,16.0,10.0,6.0,27.0,313,ch SUI,DF,it Serie A,19-131,2006.0,11.3,364.0,294.0,69.0,1.0,0.0,0.0,26,68.0,0.0,0.0,0.0,0.0,252.0,1.0,20.0,313,ch SUI,DF,it Serie A,19-131,2006.0,11.3,19.0,1.68,14.0,2.0,0.0,3.0,0.0,0.0,3.0,0.26,313,ch SUI,DF,it Serie A,19-131,2006.0,11.3,23.0,12,12.0,7.0,4.0,30.0,53.3,14.0,8.0,3.0,5.0,6,29.0,24.0,1.0,313,ch SUI,DF,it Serie A,19-131,2006.0,11.3,459.0,30.0,134.0,196.0,134.0,7.0,459.0,9.0,2.0,22.2,4.0,44.4,219.0,1044.0,454.0,11.0,13.0,1.0,5.0,11.0,240.0,42.0,397,ch SUI,DF,it Serie A,19-131,2006.0,13,1020,78,66.7,11.3,12,84.0,8,1,13.0,3,1.23,9,12,-3,-0.26,0.44,10.7,15.5,-4.8,-0.43,313,ch SUI,DF,it Serie A,19-131,2006.0,11.3,2,0,0,8,11,0,26,6,12,0.0,0.0,0,33.0,7.0,10.0,41.2,,,,,,,,,,,,,,,,,,,,,,,,,,,,,,,,,,,,,,,,,,,,,,,,,,,,,,Defender,0.0,0.17699115044247787,0.026548672566371678,0.09734513274336283,0.9734513274336283,2.389380530973451,3.716814159292035,0.7079646017699115,2.0353982300884956,0.5309734513274336,0.8849557522123893,19.380530973451325,-2.519223008849556,3.3628318584070795,-0.3,0.3660130718954248,77.5831873905429,28.6,60.32907262095093
314,Brian Brobbey,nl NED,FW,Sunderland,eng Premier League,23.0,2002.0,15,6,617,6.9,3,1,4,3,0,0,1,0,1.6,1.6,0.2,1.7,3.0,9.0,25.0,0.58,0.25,314,nl NED,FW,eng Premier League,23-338,2002.0,6.9,3,12,6,50.0,1.75,0.88,0.25,0.5,11.6,0.0,0,0,1.6,1.6,0.13,1.4,1.4,314,nl NED,FW,eng Premier League,23-338,2002.0,6.9,56.0,84.0,66.7,651.0,114.0,1,0.2,0.1,0.8,3.0,3.0,2.0,0.0,9.0,314,nl NED,FW,eng Premier League,23-338,2002.0,6.9,84.0,83.0,1.0,0.0,0.0,0.0,1,0.0,0.0,0.0,0.0,0.0,56.0,0.0,4.0,314,nl NED,FW,eng Premier League,23-338,2002.0,6.9,9.0,1.31,7.0,0.0,0.0,1.0,1.0,0.0,2.0,0.29,314,nl NED,FW,eng Premier League,23-338,2002.0,6.9,4.0,1,1.0,1.0,2.0,6.0,50.0,3.0,6.0,1.0,5.0,0,4.0,6.0,0.0,314,nl NED,FW,eng Premier League,23-338,2002.0,6.9,149.0,5.0,20.0,61.0,70.0,20.0,149.0,4.0,0.0,0.0,2.0,50.0,76.0,269.0,106.0,3.0,1.0,3.0,22.0,9.0,108.0,25.0,398,nl NED,FW,eng Premier League,23-338,2002.0,15,617,41,34.3,6.9,6,69.0,1,9,22.0,2,1.33,6,5,1,0.15,0.07,5.5,10.5,-5.0,-0.73,314,nl NED,FW,eng Premier League,23-338,2002.0,6.9,1,0,0,6,13,5,1,0,1,0.0,0.0,0,18.0,28.0,25.0,52.8,,,,,,,,,,,,,,,,,,,,,,,,,,,,,,,,,,,,,,,,,,,,,,,,,,,,,,Forward,0.43478260869565216,0.14492753623188406,0.2318840579710145,0.028985507246376812,0.43478260869565216,1.3043478260869565,3.623188405797101,0.43478260869565216,0.5797101449275363,0.0,0.2898550724637681,11.014492753623188,-12.315451347826087,1.7391304347826086,1.4,0.8791946308724832,29.61672473867596,1.1,29.294485399283836
316,Armando Broja,al ALB,FW,Burnley,eng Premier League,24.0,2001.0,14,5,560,6.2,1,1,2,1,0,0,0,0,1.9,1.9,0.3,2.2,13.0,6.0,31.0,0.32,0.35,316,al ALB,FW,eng Premier League,24-117,2001.0,6.2,1,12,5,41.7,1.93,0.8,0.08,0.2,11.6,0.0,0,0,1.9,1.9,0.16,-0.9,-0.9,316,al ALB,FW,eng Premier League,24-117,2001.0,6.2,62.0,98.0,63.3,756.0,135.0,1,0.3,0.1,0.7,4.0,4.0,2.0,0.0,6.0,316,al ALB,FW,eng Premier League,24-117,2001.0,6.2,98.0,96.0,2.0,0.0,0.0,0.0,2,1.0,0.0,0.0,0.0,0.0,62.0,0.0,2.0,316,al ALB,FW,eng Premier League,24-117,2001.0,6.2,10.0,1.61,4.0,0.0,1.0,3.0,2.0,0.0,1.0,0.16,316,al ALB,FW,eng Premier League,24-117,2001.0,6.2,5.0,2,2.0,3.0,0.0,4.0,25.0,3.0,6.0,0.0,6.0,2,7.0,7.0,0.0,316,al ALB,FW,eng Premier League,24-117,2001.0,6.2,194.0,9.0,19.0,81.0,99.0,31.0,194.0,19.0,5.0,26.3,12.0,63.2,91.0,626.0,277.0,13.0,4.0,6.0,21.0,15.0,132.0,31.0,401,al ALB,FW,eng Premier League,24-117,2001.0,14,560,40,31.1,6.2,5,83.0,2,9,16.0,3,0.14,7,20,-13,-2.09,-1.65,8.3,14.1,-5.8,-0.94,316,al ALB,FW,eng Premier League,24-117,2001.0,6.2,0,0,0,8,11,1,2,2,2,0.0,0.0,0,18.0,28.0,46.0,37.8,,,,,,,,,,,,,,,,,,,,,,,,,,,,,,,,,,,,,,,,,,,,,,,,,,,,,,Forward,0.16129032258064516,0.16129032258064516,0.30645161290322576,0.04838709677419355,2.096774193548387,0.9677419354838709,5.0,0.6451612903225806,0.8064516129032258,0.3225806451612903,0.3225806451612903,14.67741935483871,-9.083062387096774,3.064516129032258,-0.8999999999999999,0.8298969072164949,60.10452961672473,11.6,53.85710539133041
318,Nathaniel Brown,de GER,"DF,FW",Eint Frankfurt,de Bundesliga,22.0,2003.0,15,11,1088,12.1,1,3,4,1,0,0,1,0,1.5,1.5,1.7,3.2,36.0,31.0,69.0,0.33,0.26,318,de GER,"DF,FW",de Bundesliga,22-203,2003.0,12.1,1,8,4,50.0,0.66,0.33,0.13,0.25,16.1,0.0,0,0,1.5,1.5,0.18,-0.5,-0.5,318,de GER,"DF,FW",de Bundesliga,22-203,2003.0,12.1,418.0,519.0,80.5,6457.0,1580.0,3,1.7,1.9,1.3,15.0,25.0,6.0,2.0,31.0,318,de GER,"DF,FW",de Bundesliga,22-203,2003.0,12.1,519.0,449.0,69.0,11.0,1.0,0.0,25,56.0,2.0,2.0,0.0,0.0,418.0,1.0,16.0,318,de GER,"DF,FW",de Bundesliga,22-203,2003.0,12.1,30.0,2.48,25.0,3.0,0.0,0.0,2.0,0.0,5.0,0.41,318,de GER,"DF,FW",de Bundesliga,22-203,2003.0,12.1,33.0,25,19.0,11.0,3.0,31.0,64.5,11.0,19.0,1.0,18.0,13,46.0,20.0,0.0,318,de GER,"DF,FW",de Bundesliga,22-203,2003.0,12.1,661.0,20.0,209.0,283.0,180.0,31.0,661.0,19.0,8.0,42.1,11.0,57.9,376.0,2035.0,1014.0,36.0,22.0,9.0,18.0,8.0,400.0,69.0,403,de GER,"DF,FW",de Bundesliga,22-203,2003.0,15,1088,73,80.6,12.1,11,84.0,7,4,41.0,0,1.67,23,25,-2,-0.17,-0.85,17.1,16.9,0.2,0.02,318,de GER,"DF,FW",de Bundesliga,22-203,2003.0,12.1,1,0,0,10,10,1,25,13,25,0.0,0.0,0,51.0,5.0,12.0,29.4,,,,,,,,,,,,,,,,,,,,,,,,,,,,,,,,,,,,,,,,,,,,,,,,,,,,,,Forward,0.08264462809917356,0.24793388429752067,0.12396694214876033,0.14049586776859505,2.9752066115702482,2.56198347107438,5.702479338842975,1.2396694214876034,2.7272727272727275,1.0743801652892562,0.49586776859504134,31.074380165289256,-6.741417892561983,5.537190082644628,-0.5,0.3751891074130106,79.61672473867596,29.3,61.57519314669447
325,Hugo Bueno,es ESP,"DF,MF",Wolves,eng Premier League,23.0,2002.0,17,11,1073,11.9,0,1,1,0,0,0,1,0,0.3,0.3,1.1,1.4,40.0,30.0,61.0,0.08,0.12,325,es ESP,"DF,MF",eng Premier League,23-109,2002.0,11.9,0,5,3,60.0,0.42,0.25,0.0,0.0,18.0,0.0,0,0,0.3,0.3,0.06,-0.3,-0.3,325,es ESP,"DF,MF",eng Premier League,23-109,2002.0,11.9,443.0,569.0,77.9,7227.0,1917.0,1,1.1,1.3,-0.1,17.0,25.0,19.0,18.0,30.0,325,es ESP,"DF,MF",eng Premier League,23-109,2002.0,11.9,569.0,430.0,139.0,15.0,0.0,1.0,80,109.0,15.0,14.0,1.0,0.0,443.0,0.0,20.0,325,es ESP,"DF,MF",eng Premier League,23-109,2002.0,11.9,32.0,2.69,25.0,3.0,1.0,2.0,1.0,0.0,1.0,0.08,325,es ESP,"DF,MF",eng Premier League,23-109,2002.0,11.9,32.0,15,18.0,11.0,3.0,36.0,47.2,19.0,12.0,2.0,10.0,18,50.0,34.0,0.0,325,es ESP,"DF,MF",eng Premier League,23-109,2002.0,11.9,733.0,32.0,205.0,294.0,243.0,27.0,733.0,37.0,13.0,35.1,21.0,56.8,347.0,2223.0,1145.0,40.0,16.0,7.0,19.0,15.0,400.0,61.0,410,es ESP,"DF,MF",eng Premier League,23-109,2002.0,17,1073,63,59.6,11.9,11,84.0,7,6,25.0,0,0.35,10,20,-10,-0.84,1.14,11.7,15.3,-3.7,-0.31,325,es ESP,"DF,MF",eng Premier League,23-109,2002.0,11.9,1,0,0,8,6,0,80,18,15,0.0,0.0,0,52.0,9.0,5.0,64.3,,,,,,,,,,,,,,,,,,,,,,,,,,,,,,,,,,,,,,,,,,,,,,,,,,,,,,Midfielder,0.0,0.08403361344537814,0.025210084033613443,0.09243697478991597,3.361344537815126,2.5210084033613445,5.126050420168067,1.4285714285714286,2.6890756302521006,1.5126050420168067,1.5966386554621848,29.159663865546218,-2.5625814117647066,5.88235294117647,-0.3,0.3669849931787176,73.8191632928475,26.3,58.44747687478029
336,Wouter Burger,nl NED,MF,Hoffenheim,de Bundesliga,24.0,2001.0,14,14,1161,12.9,3,4,7,3,0,0,2,0,1.7,1.7,3.2,4.9,5.0,76.0,39.0,0.54,0.38,336,nl NED,MF,de Bundesliga,24-323,2001.0,12.9,3,13,6,46.2,1.01,0.47,0.23,0.5,15.1,0.0,0,0,1.7,1.7,0.13,1.3,1.3,336,nl NED,MF,de Bundesliga,24-323,2001.0,12.9,479.0,658.0,72.8,7573.0,2534.0,4,3.2,1.7,0.8,18.0,65.0,17.0,2.0,76.0,336,nl NED,MF,de Bundesliga,24-323,2001.0,12.9,658.0,622.0,29.0,9.0,2.0,4.0,26,4.0,11.0,9.0,0.0,0.0,479.0,7.0,11.0,336,nl NED,MF,de Bundesliga,24-323,2001.0,12.9,38.0,2.95,35.0,1.0,0.0,1.0,0.0,1.0,7.0,0.54,336,nl NED,MF,de Bundesliga,24-323,2001.0,12.9,31.0,23,8.0,19.0,4.0,24.0,41.7,14.0,14.0,3.0,11.0,9,40.0,35.0,0.0,336,nl NED,MF,de Bundesliga,24-323,2001.0,12.9,806.0,47.0,158.0,455.0,198.0,26.0,806.0,5.0,2.0,40.0,3.0,60.0,337.0,1174.0,510.0,5.0,8.0,1.0,20.0,13.0,477.0,39.0,422,nl NED,MF,de Bundesliga,24-323,2001.0,14,1161,83,86.0,12.9,14,83.0,9,0,,0,1.93,26,15,11,0.85,1.81,19.9,18.4,1.4,0.11,336,nl NED,MF,de Bundesliga,24-323,2001.0,12.9,2,0,0,31,5,1,26,9,23,0.0,1.0,0,62.0,38.0,34.0,52.8,,,,,,,,,,,,,,,,,,,,,,,,,,,,,,,,,,,,,,,,,,,,,,,,,,,,,,Midfielder,0.23255813953488372,0.31007751937984496,0.1317829457364341,0.24806201550387597,0.38759689922480617,5.891472868217054,3.0232558139534884,1.3953488372093024,2.4031007751937983,0.6976744186046512,1.317829457364341,26.124031007751938,-1.4921452558139539,6.27906976744186,1.3,0.36600496277915634,82.18623481781377,31.6,62.45154621414421
348,Jorge Cabello,es ESP,DF,Levante,es La Liga,21.0,2004.0,5,4,362,4.0,0,0,0,0,0,0,1,0,0.0,0.0,0.0,0.0,0.0,7.0,0.0,0.0,0.0,348,es ESP,DF,es La Liga,21-255,2004.0,4.0,0,0,0,,0.0,0.0,,,,0.0,0,0,0.0,0.0,,0.0,0.0,348,es ESP,DF,es La Liga,21-255,2004.0,4.0,106.0,123.0,86.2,2064.0,582.0,0,0.0,0.0,0.0,0.0,6.0,0.0,0.0,7.0,348,es ESP,DF,es La Liga,21-255,2004.0,4.0,123.0,120.0,3.0,3.0,0.0,1.0,0,0.0,0.0,0.0,0.0,0.0,106.0,0.0,2.0,348,es ESP,DF,es La Liga,21-255,2004.0,4.0,2.0,0.5,2.0,0.0,0.0,0.0,0.0,0.0,0.0,0.0,348,es ESP,DF,es La Liga,21-255,2004.0,4.0,7.0,4,2.0,4.0,1.0,6.0,83.3,1.0,5.0,4.0,1.0,0,7.0,23.0,2.0,348,es ESP,DF,es La Liga,21-255,2004.0,4.0,166.0,25.0,101.0,63.0,3.0,0.0,166.0,2.0,2.0,100.0,0.0,0.0,90.0,309.0,143.0,0.0,0.0,0.0,1.0,0.0,102.0,0.0,436,es ESP,DF,es La Liga,21-255,2004.0,5,362,72,23.7,4.0,4,79.0,2,1,45.0,10,0.0,3,9,-6,-1.49,-1.26,4.6,5.9,-1.3,-0.33,348,es ESP,DF,es La Liga,21-255,2004.0,4.0,1,0,0,3,3,0,0,0,4,0.0,0.0,0,5.0,6.0,8.0,42.9,,,,,,,,,,,,,,,,,,,,,,,,,,,,,,,,,,,,,,,,,,,,,,,,,,,,,,Defender,0.0,0.0,0.0,0.0,0.0,1.75,0.0,0.0,1.75,0.0,0.0,22.5,-4.680024999999999,1.75,0.0,0.30120481927710846,56.91768826619965,5.4,54.0016017705879
354,Moisés Caicedo,ec ECU,MF,Chelsea,eng Premier League,24.0,2001.0,15,14,1252,13.9,3,1,4,3,0,0,5,1,0.7,0.7,1.1,1.8,11.0,88.0,12.0,0.29,0.13,354,ec ECU,MF,eng Premier League,24-064,2001.0,13.9,3,12,4,33.3,0.86,0.29,0.25,0.75,22.9,0.0,0,0,0.7,0.7,0.05,2.3,2.3,354,ec ECU,MF,eng Premier League,24-064,2001.0,13.9,774.0,854.0,90.6,12465.0,3527.0,1,1.1,1.0,-0.1,9.0,76.0,7.0,1.0,88.0,354,ec ECU,MF,eng Premier League,24-064,2001.0,13.9,854.0,827.0,25.0,23.0,4.0,1.0,2,2.0,0.0,0.0,0.0,0.0,774.0,2.0,7.0,354,ec ECU,MF,eng Premier League,24-064,2001.0,13.9,35.0,2.52,30.0,0.0,0.0,2.0,0.0,3.0,5.0,0.36,354,ec ECU,MF,eng Premier League,24-064,2001.0,13.9,41.0,24,17.0,15.0,9.0,32.0,68.8,10.0,16.0,8.0,8.0,34,75.0,14.0,1.0,354,ec ECU,MF,eng Premier League,24-064,2001.0,13.9,1004.0,38.0,211.0,637.0,165.0,4.0,1004.0,21.0,7.0,33.3,8.0,38.1,587.0,2587.0,1328.0,11.0,14.0,0.0,9.0,8.0,685.0,12.0,442,ec ECU,MF,eng Premier League,24-064,2001.0,15,1252,83,69.6,13.9,14,86.0,13,1,45.0,1,1.53,26,17,9,0.65,0.32,25.9,19.5,6.5,0.47,354,ec ECU,MF,eng Premier League,24-064,2001.0,13.9,5,1,0,26,25,0,2,34,24,0.0,0.0,0,86.0,9.0,10.0,47.4,,,,,,,,,,,,,,,,,,,,,,,,,,,,,,,,,,,,,,,,,,,,,,,,,,,,,,Midfielder,0.2158273381294964,0.07194244604316546,0.05035971223021582,0.07913669064748202,0.7913669064748201,6.330935251798561,0.8633093525179856,0.6474820143884892,2.949640287769784,2.446043165467626,0.5035971223021583,42.23021582733813,-0.9818128633093535,7.122302158273381,2.3,0.250996015936255,86.09986504723346,60.4,53.67822010426027
357,Riccardo Calafiori,it ITA,DF,Arsenal,eng Premier League,23.0,2002.0,16,16,1255,13.9,1,2,3,1,0,0,5,0,2.5,2.5,0.5,3.0,23.0,48.0,56.0,0.22,0.21,357,it ITA,DF,eng Premier League,23-231,2002.0,13.9,1,22,5,22.7,1.58,0.36,0.05,0.2,14.6,0.0,0,0,2.5,2.5,0.11,-1.5,-1.5,357,it ITA,DF,eng Premier League,23-231,2002.0,13.9,558.0,692.0,80.6,8844.0,2085.0,2,0.5,0.4,1.5,4.0,42.0,7.0,3.0,48.0,357,it ITA,DF,eng Premier League,23-231,2002.0,13.9,692.0,564.0,127.0,9.0,0.0,0.0,20,118.0,0.0,0.0,0.0,0.0,558.0,1.0,21.0,357,it ITA,DF,eng Premier League,23-231,2002.0,13.9,28.0,2.01,16.0,1.0,3.0,5.0,2.0,1.0,5.0,0.36,357,it ITA,DF,eng Premier League,23-231,2002.0,13.9,28.0,17,13.0,8.0,7.0,22.0,68.2,7.0,9.0,1.0,8.0,13,41.0,47.0,1.0,357,it ITA,DF,eng Premier League,23-231,2002.0,13.9,842.0,39.0,205.0,388.0,255.0,38.0,842.0,21.0,12.0,57.1,5.0,23.8,378.0,2075.0,1108.0,23.0,20.0,4.0,8.0,5.0,464.0,56.0,445,it ITA,DF,eng Premier League,23-231,2002.0,16,1255,78,69.7,13.9,16,78.0,6,0,,0,2.25,24,7,17,1.22,-0.27,24.7,6.9,17.7,1.27,357,it ITA,DF,eng Premier League,23-231,2002.0,13.9,5,0,0,22,9,2,20,13,17,0.0,0.0,0,56.0,29.0,19.0,60.4,,,,,,,,,,,,,,,,,,,,,,,,,,,,,,,,,,,,,,,,,,,,,,,,,,,,,,Defender,0.07194244604316546,0.14388489208633093,0.17985611510791366,0.03597122302158273,1.6546762589928057,3.4532374100719423,4.028776978417266,0.28776978417266186,2.014388489208633,0.935251798561151,0.5035971223021583,27.194244604316545,-2.939094964028776,5.107913669064748,-1.5,0.2387173396674584,74.6059544658494,29.0,57.83407322934062
368,Lamine Camara,sn SEN,MF,Monaco,fr Ligue 1,22.0,2004.0,9,7,604,6.7,0,3,3,0,0,0,2,0,0.4,0.4,1.7,2.1,14.0,42.0,13.0,0.45,0.32,368,sn SEN,MF,fr Ligue 1,22-004,2004.0,6.7,0,8,0,0.0,1.19,0.0,0.0,,24.6,3.0,0,0,0.4,0.4,0.05,-0.4,-0.4,368,sn SEN,MF,fr Ligue 1,22-004,2004.0,6.7,350.0,427.0,82.0,5804.0,1730.0,3,1.7,1.4,1.3,13.0,42.0,4.0,1.0,42.0,368,sn SEN,MF,fr Ligue 1,22-004,2004.0,6.7,427.0,391.0,36.0,16.0,1.0,2.0,25,1.0,19.0,13.0,5.0,0.0,350.0,0.0,5.0,368,sn SEN,MF,fr Ligue 1,22-004,2004.0,6.7,21.0,3.13,15.0,4.0,2.0,0.0,0.0,0.0,6.0,0.89,368,sn SEN,MF,fr Ligue 1,22-004,2004.0,6.7,11.0,5,3.0,7.0,1.0,7.0,42.9,4.0,8.0,1.0,7.0,17,28.0,3.0,2.0,368,sn SEN,MF,fr Ligue 1,22-004,2004.0,6.7,512.0,5.0,89.0,308.0,125.0,4.0,512.0,19.0,10.0,52.6,8.0,42.1,251.0,1342.0,638.0,14.0,9.0,1.0,19.0,4.0,338.0,13.0,461,sn SEN,MF,fr Ligue 1,22-004,2004.0,9,604,67,39.5,6.7,7,81.0,3,2,17.0,0,1.67,12,9,3,0.45,1.03,10.7,12.8,-2.1,-0.32,368,sn SEN,MF,fr Ligue 1,22-004,2004.0,6.7,2,0,0,7,22,0,25,17,5,0.0,0.0,0,53.0,4.0,7.0,36.4,,,,,,,,,,,,,,,,,,,,,,,,,,,,,,,,,,,,,,,,,,,,,,,,,,,,,,Midfielder,0.0,0.44776119402985076,0.05970149253731343,0.2537313432835821,2.08955223880597,6.26865671641791,1.9402985074626866,1.9402985074626866,1.6417910447761193,2.5373134328358207,0.5970149253731343,37.46268656716418,1.329024313432834,8.35820895522388,-0.4,0.611328125,95.54655870445345,38.7,68.88720887127141
370,Ousmane Camara,ml MLI,DF,Angers,fr Ligue 1,22.0,2003.0,16,15,1323,14.7,1,0,1,1,0,0,1,0,0.1,0.1,0.1,0.3,1.0,16.0,0.0,0.07,0.02,370,ml MLI,DF,fr Ligue 1,22-305,2003.0,14.7,1,2,1,50.0,0.14,0.07,0.5,1.0,12.0,0.0,0,0,0.1,0.1,0.05,0.9,0.9,370,ml MLI,DF,fr Ligue 1,22-305,2003.0,14.7,575.0,646.0,89.0,11118.0,3484.0,0,0.1,0.1,-0.1,2.0,12.0,0.0,0.0,16.0,370,ml MLI,DF,fr Ligue 1,22-305,2003.0,14.7,646.0,632.0,12.0,11.0,0.0,0.0,1,0.0,0.0,0.0,0.0,0.0,575.0,2.0,2.0,370,ml MLI,DF,fr Ligue 1,22-305,2003.0,14.7,5.0,0.34,4.0,0.0,0.0,0.0,0.0,1.0,0.0,0.0,370,ml MLI,DF,fr Ligue 1,22-305,2003.0,14.7,23.0,16,21.0,1.0,1.0,13.0,69.2,4.0,21.0,16.0,5.0,16,39.0,96.0,0.0,370,ml MLI,DF,fr Ligue 1,22-305,2003.0,14.7,826.0,174.0,516.0,310.0,5.0,3.0,826.0,4.0,2.0,50.0,2.0,50.0,452.0,1991.0,854.0,1.0,0.0,0.0,6.0,0.0,527.0,0.0,463,ml MLI,DF,fr Ligue 1,22-305,2003.0,16,1323,83,86.5,14.7,15,87.0,14,1,18.0,0,1.38,17,13,4,0.27,2.88,15.7,22.5,-6.9,-0.47,370,ml MLI,DF,fr Ligue 1,22-305,2003.0,14.7,1,0,0,10,3,0,1,16,16,0.0,0.0,0,55.0,23.0,21.0,52.3,,,,,,,,,,,,,,,,,,,,,,,,,,,,,,,,,,,,,,,,,,,,,,,,,,,,,,Defender,0.06802721088435375,0.0,0.006802721088435375,0.006802721088435375,0.06802721088435375,1.08843537414966,0.0,0.1360544217687075,1.5646258503401362,1.08843537414966,0.0,30.74829931972789,-8.219955102040814,1.1564625850340136,0.9,0.041162227602905575,20.84063047285464,1.0,20.634287596885784
371,Francesco Camarda,it ITA,FW,Lecce,it Serie A,17.0,2008.0,16,6,576,6.4,1,0,1,1,0,1,1,0,1.7,0.9,0.6,1.5,2.0,6.0,17.0,0.16,0.36,371,it ITA,FW,it Serie A,17-301,2008.0,6.4,1,12,2,16.7,1.87,0.31,0.08,0.5,15.1,0.0,0,1,1.7,0.9,0.08,-0.7,0.1,371,it ITA,FW,it Serie A,17-301,2008.0,6.4,57.0,83.0,68.7,812.0,110.0,0,0.6,0.6,-0.6,3.0,4.0,0.0,0.0,6.0,371,it ITA,FW,it Serie A,17-301,2008.0,6.4,83.0,76.0,6.0,0.0,0.0,0.0,1,0.0,0.0,0.0,0.0,0.0,57.0,1.0,0.0,371,it ITA,FW,it Serie A,17-301,2008.0,6.4,8.0,1.25,5.0,0.0,1.0,2.0,0.0,0.0,0.0,0.0,371,it ITA,FW,it Serie A,17-301,2008.0,6.4,1.0,0,0.0,0.0,1.0,4.0,0.0,4.0,4.0,1.0,3.0,0,1.0,2.0,0.0,371,it ITA,FW,it Serie A,17-301,2008.0,6.4,139.0,3.0,16.0,64.0,62.0,18.0,138.0,7.0,3.0,42.9,4.0,57.1,73.0,279.0,129.0,2.0,2.0,0.0,16.0,5.0,96.0,17.0,464,it ITA,FW,it Serie A,17-301,2008.0,16,576,36,37.6,6.4,6,62.0,0,10,20.0,1,0.88,4,8,-4,-0.62,0.04,5.1,8.3,-3.3,-0.51,371,it ITA,FW,it Serie A,17-301,2008.0,6.4,1,0,0,12,2,0,1,0,0,0.0,0.0,0,14.0,12.0,24.0,33.3,,,,,,,,,,,,,,,,,,,,,,,,,,,,,,,,,,,,,,,,,,,,,,,,,,,,,,Forward,0.15625,0.0,0.265625,0.09374999999999999,0.3125,0.9375,2.65625,0.46875,0.15625,0.0,0.0,11.40625,-8.804134375,1.25,-0.7,0.8992805755395683,62.36933797909408,16.6,53.48999826680453
372,Eduardo Camavinga,fr FRA,MF,Real Madrid,es La Liga,23.0,2002.0,13,5,602,6.7,1,0,1,1,0,0,0,0,1.0,1.0,0.9,1.9,13.0,40.0,18.0,0.15,0.29,372,fr FRA,MF,es La Liga,23-056,2002.0,6.7,1,7,2,28.6,1.05,0.3,0.14,0.5,21.9,0.0,0,0,1.0,1.0,0.14,0.0,0.0,372,fr FRA,MF,es La Liga,23-056,2002.0,6.7,390.0,422.0,92.4,6761.0,1616.0,0,0.9,0.9,-0.9,7.0,63.0,5.0,0.0,40.0,372,fr FRA,MF,es La Liga,23-056,2002.0,6.7,422.0,412.0,9.0,6.0,1.0,6.0,2,3.0,0.0,0.0,0.0,0.0,390.0,1.0,2.0,372,fr FRA,MF,es La Liga,23-056,2002.0,6.7,17.0,2.54,15.0,0.0,0.0,1.0,1.0,0.0,3.0,0.45,372,fr FRA,MF,es La Liga,23-056,2002.0,6.7,27.0,15,16.0,9.0,2.0,24.0,70.8,7.0,12.0,3.0,9.0,4,31.0,10.0,0.0,372,fr FRA,MF,es La Liga,23-056,2002.0,6.7,509.0,10.0,93.0,303.0,115.0,9.0,509.0,16.0,11.0,68.8,4.0,25.0,261.0,1272.0,572.0,13.0,7.0,2.0,12.0,2.0,377.0,18.0,465,fr FRA,MF,es La Liga,23-056,2002.0,13,602,46,35.2,6.7,5,78.0,2,8,27.0,1,2.31,17,6,11,1.64,0.59,18.2,7.2,11.0,1.64,372,fr FRA,MF,es La Liga,23-056,2002.0,6.7,0,0,0,9,13,0,2,4,15,0.0,0.0,0,28.0,5.0,4.0,55.6,,,,,,,,,,,,,,,,,,,,,,,,,,,,,,,,,,,,,,,,,,,,,,,,,,,,,,Midfielder,0.14925373134328357,0.0,0.14925373134328357,0.13432835820895522,1.9402985074626866,5.970149253731343,2.6865671641791042,1.044776119402985,4.029850746268656,0.5970149253731343,0.7462686567164178,38.95522388059701,0.056105507462683946,7.91044776119403,0.0,0.49901768172888017,90.95816464237517,47.3,61.75028149516304
376,Sergio Camello,es ESP,"FW,MF",Rayo Vallecano,es La Liga,24.0,2001.0,12,4,439,4.9,0,0,0,0,0,0,2,1,1.0,1.0,0.1,1.1,1.0,8.0,21.0,0.0,0.22,376,es ESP,"FW,MF",es La Liga,24-329,2001.0,4.9,0,8,3,37.5,1.64,0.62,0.0,0.0,12.4,0.0,0,0,1.0,1.0,0.12,-1.0,-1.0,376,es ESP,"FW,MF",es La Liga,24-329,2001.0,4.9,98.0,116.0,84.5,1345.0,206.0,0,0.1,0.1,-0.1,5.0,8.0,1.0,0.0,8.0,376,es ESP,"FW,MF",es La Liga,24-329,2001.0,4.9,116.0,106.0,8.0,2.0,0.0,1.0,1,1.0,0.0,0.0,0.0,0.0,98.0,2.0,0.0,376,es ESP,"FW,MF",es La Liga,24-329,2001.0,4.9,16.0,3.28,12.0,0.0,1.0,0.0,2.0,1.0,0.0,0.0,376,es ESP,"FW,MF",es La Liga,24-329,2001.0,4.9,2.0,2,0.0,1.0,1.0,2.0,0.0,2.0,2.0,0.0,2.0,2,4.0,0.0,1.0,376,es ESP,"FW,MF",es La Liga,24-329,2001.0,4.9,159.0,1.0,7.0,82.0,74.0,12.0,159.0,15.0,7.0,46.7,7.0,46.7,112.0,404.0,78.0,1.0,4.0,0.0,13.0,11.0,120.0,21.0,469,es ESP,"FW,MF",es La Liga,24-329,2001.0,12,439,37,27.1,4.9,4,71.0,1,8,19.0,3,0.46,3,10,-7,-1.44,-1.44,5.9,6.4,-0.5,-0.1,376,es ESP,"FW,MF",es La Liga,24-329,2001.0,4.9,2,1,0,3,9,2,1,2,2,0.0,0.0,0,19.0,2.0,6.0,25.0,,,,,,,,,,,,,,,,,,,,,,,,,,,,,,,,,,,,,,,,,,,,,,,,,,,,,,Forward,0.0,0.0,0.2040816326530612,0.02040816326530612,0.2040816326530612,1.6326530612244896,4.285714285714286,1.0204081632653061,0.4081632653061224,0.4081632653061224,0.2040816326530612,22.857142857142854,-14.173707265306122,1.8367346938775508,-1.0,2.0628930817610063,14.634146341463413,1.0,14.489253803429122
379,Matteo Cancellieri,it ITA,FW,Lazio,it Serie A,23.0,2002.0,11,10,764,8.5,3,0,3,3,0,0,2,0,2.3,2.3,0.5,2.8,15.0,21.0,62.0,0.35,0.33,379,it ITA,FW,it Serie A,23-327,2002.0,8.5,3,21,8,38.1,2.47,0.94,0.14,0.38,15.4,0.0,0,0,2.3,2.3,0.11,0.7,0.7,379,it ITA,FW,it Serie A,23-327,2002.0,8.5,165.0,218.0,75.7,2288.0,512.0,0,0.5,1.0,-0.5,7.0,8.0,4.0,2.0,21.0,379,it ITA,FW,it Serie A,23-327,2002.0,8.5,218.0,212.0,5.0,3.0,1.0,0.0,8,2.0,0.0,0.0,0.0,0.0,165.0,1.0,8.0,379,it ITA,FW,it Serie A,23-327,2002.0,8.5,16.0,1.88,10.0,0.0,0.0,2.0,4.0,0.0,1.0,0.12,379,it ITA,FW,it Serie A,23-327,2002.0,8.5,20.0,13,8.0,10.0,2.0,18.0,38.9,11.0,8.0,1.0,7.0,12,32.0,7.0,1.0,379,it ITA,FW,it Serie A,23-327,2002.0,8.5,351.0,9.0,49.0,159.0,147.0,35.0,351.0,30.0,6.0,20.0,15.0,50.0,210.0,1041.0,464.0,15.0,8.0,8.0,20.0,14.0,258.0,62.0,473,it ITA,FW,it Serie A,23-327,2002.0,11,764,69,47.2,8.5,10,72.0,4,1,45.0,1,1.27,11,6,5,0.59,0.69,9.2,9.3,-0.1,-0.01,379,it ITA,FW,it Serie A,23-327,2002.0,8.5,2,0,0,19,39,1,8,12,13,0.0,0.0,0,28.0,15.0,14.0,51.7,,,,,,,,,,,,,,,,,,,,,,,,,,,,,,,,,,,,,,,,,,,,,,,,,,,,,,Forward,0.35294117647058826,0.0,0.27058823529411763,0.058823529411764705,1.7647058823529411,2.4705882352941178,7.294117647058823,0.8235294117647058,2.3529411764705883,1.411764705882353,0.47058823529411764,24.705882352941178,-9.397397176470589,4.235294117647059,0.7000000000000002,0.5356125356125355,57.491289198606275,8.3,53.085216249867294
386,Elia Caprile,it ITA,GK,Cagliari,it Serie A,24.0,2001.0,18,18,1620,18.0,0,0,0,0,0,0,1,0,0.0,0.0,0.1,0.1,0.0,0.0,0.0,0.0,0.0,386,it ITA,GK,it Serie A,24-133,2001.0,18.0,0,0,0,,0.0,0.0,,,,0.0,0,0,0.0,0.0,,0.0,0.0,386,it ITA,GK,it Serie A,24-133,2001.0,18.0,424.0,605.0,70.1,11893.0,8613.0,0,0.1,0.0,-0.1,1.0,9.0,1.0,0.0,0.0,386,it ITA,GK,it Serie A,24-133,2001.0,18.0,605.0,428.0,176.0,67.0,0.0,0.0,0,0.0,0.0,0.0,0.0,0.0,424.0,1.0,0.0,386,it ITA,GK,it Serie A,24-133,2001.0,18.0,2.0,0.11,1.0,1.0,0.0,0.0,0.0,0.0,0.0,0.0,386,it ITA,GK,it Serie A,24-133,2001.0,18.0,0.0,0,0.0,0.0,0.0,0.0,,0.0,0.0,0.0,0.0,0,0.0,12.0,1.0,386,it ITA,GK,it Serie A,24-133,2001.0,18.0,659.0,568.0,656.0,3.0,0.0,0.0,659.0,0.0,0.0,,0.0,,338.0,1696.0,1082.0,0.0,0.0,0.0,1.0,0.0,278.0,0.0,480,it ITA,GK,it Serie A,24-133,2001.0,18,1620,90,100.0,18.0,18,90.0,18,0,,0,1.0,19,25,-6,-0.33,,16.4,26.8,-10.4,-0.58,386,it ITA,GK,it Serie A,24-133,2001.0,18.0,1,0,0,0,6,0,0,0,0,0.0,0.0,0,11.0,8.0,3.0,72.7,16.0,it ITA,GK,it Serie A,24-133,2001.0,18.0,18.0,1620.0,18.0,25.0,1.39,92.0,67.0,73.9,4.0,6.0,8.0,3.0,16.7,1.0,1.0,0.0,0.0,16.0,it ITA,GK,it Serie A,24-133,2001.0,18.0,25.0,1.0,2.0,3.0,0.0,30.0,0.32,5.0,0.28,87.0,251.0,34.7,495.0,82.0,40.8,36.3,248.0,33.0,13.3,19.0,1.06,12.3,Goalkeeper,0.0,0.0,0.0,0.005555555555555556,0.0,0.0,0.0,0.05555555555555555,0.0,0.0,0.05555555555555555,18.77777777777778,-12.0,0.0,0.0,0.016691957511380882,85.03937007874016,23.3,68.96948100465545
389,Valentin Carboni,ar ARG,"MF,FW",Genoa,it Serie A,20.0,2005.0,12,3,359,4.0,0,0,0,0,0,0,2,0,0.4,0.4,0.2,0.7,7.0,17.0,25.0,0.0,0.17,389,ar ARG,"MF,FW",it Serie A,20-306,2005.0,4.0,0,6,2,33.3,1.5,0.5,0.0,0.0,17.8,0.0,0,0,0.4,0.4,0.07,-0.4,-0.4,389,ar ARG,"MF,FW",it Serie A,20-306,2005.0,4.0,111.0,146.0,76.0,1644.0,481.0,0,0.2,0.3,-0.2,4.0,6.0,8.0,0.0,17.0,389,ar ARG,"MF,FW",it Serie A,20-306,2005.0,4.0,146.0,136.0,6.0,0.0,0.0,1.0,8,3.0,0.0,0.0,0.0,0.0,111.0,4.0,3.0,389,ar ARG,"MF,FW",it Serie A,20-306,2005.0,4.0,15.0,3.76,12.0,0.0,2.0,0.0,1.0,0.0,1.0,0.25,389,ar ARG,"MF,FW",it Serie A,20-306,2005.0,4.0,14.0,8,8.0,4.0,2.0,9.0,55.6,4.0,8.0,0.0,8.0,2,16.0,6.0,0.0,389,ar ARG,"MF,FW",it Serie A,20-306,2005.0,4.0,221.0,5.0,32.0,110.0,85.0,9.0,221.0,21.0,10.0,47.6,9.0,42.9,122.0,665.0,269.0,7.0,6.0,2.0,18.0,9.0,133.0,25.0,483,ar ARG,"MF,FW",it Serie A,20-306,2005.0,12,359,30,22.2,4.0,3,66.0,0,9,18.0,6,0.67,2,4,-2,-0.5,0.07,4.9,4.0,0.9,0.22,389,ar ARG,"MF,FW",it Serie A,20-306,2005.0,4.0,2,0,0,11,5,0,8,2,8,0.0,1.0,0,25.0,3.0,5.0,37.5,,,,,,,,,,,,,,,,,,,,,,,,,,,,,,,,,,,,,,,,,,,,,,,,,,,,,,Forward,0.0,0.0,0.1,0.05,1.75,4.25,6.25,1.0,3.5,0.5,2.0,30.5,-9.031678,6.0,-0.4,1.7013574660633481,60.45296167247387,9.3,55.309205555785795
396,Kevin Carlos,es ESP,FW,Nice,fr Ligue 1,24.0,2001.0,10,6,551,6.1,0,0,0,0,0,0,1,0,1.2,1.2,0.1,1.3,4.0,6.0,26.0,0.0,0.21,396,es ESP,FW,fr Ligue 1,24-270,2001.0,6.1,0,14,7,50.0,2.29,1.14,0.0,0.0,11.3,0.0,0,0,1.2,1.2,0.09,-1.2,-1.2,396,es ESP,FW,fr Ligue 1,24-270,2001.0,6.1,61.0,96.0,63.5,749.0,101.0,0,0.1,0.1,-0.1,1.0,3.0,1.0,1.0,6.0,396,es ESP,FW,fr Ligue 1,24-270,2001.0,6.1,96.0,86.0,9.0,0.0,0.0,0.0,2,0.0,0.0,0.0,0.0,0.0,61.0,1.0,2.0,396,es ESP,FW,fr Ligue 1,24-270,2001.0,6.1,11.0,1.8,7.0,0.0,1.0,2.0,1.0,0.0,5.0,0.82,396,es ESP,FW,fr Ligue 1,24-270,2001.0,6.1,0.0,0,0.0,0.0,0.0,2.0,0.0,2.0,2.0,1.0,1.0,1,1.0,4.0,0.0,396,es ESP,FW,fr Ligue 1,24-270,2001.0,6.1,148.0,5.0,16.0,81.0,55.0,22.0,148.0,7.0,2.0,28.6,5.0,71.4,83.0,409.0,137.0,4.0,2.0,2.0,18.0,8.0,114.0,26.0,496,es ESP,FW,fr Ligue 1,24-270,2001.0,10,551,55,36.0,6.1,6,74.0,2,4,27.0,5,1.2,9,8,1,0.16,1.17,6.1,9.4,-3.3,-0.53,396,es ESP,FW,fr Ligue 1,24-270,2001.0,6.1,1,0,0,20,10,3,2,1,0,1.0,0.0,0,9.0,18.0,15.0,54.5,,,,,,,,,,,,,,,,,,,,,,,,,,,,,,,,,,,,,,,,,,,,,,,,,,,,,,Forward,0.0,0.0,0.19672131147540983,0.01639344262295082,0.6557377049180328,0.9836065573770493,4.262295081967213,0.1639344262295082,0.0,0.1639344262295082,0.1639344262295082,13.606557377049182,-13.074994786885245,1.639344262295082,-1.2,1.2162162162162162,23.170731707317074,1.0,22.94131852209611
398,Carmona,es ESP,DF,Sevilla,es La Liga,23.0,2002.0,16,15,1358,15.1,1,3,4,1,0,0,8,0,0.4,0.4,1.2,1.6,29.0,45.0,54.0,0.27,0.11,398,es ESP,DF,es La Liga,23-341,2002.0,15.1,1,9,2,22.2,0.6,0.13,0.11,0.5,21.5,0.0,0,0,0.4,0.4,0.04,0.6,0.6,398,es ESP,DF,es La Liga,23-341,2002.0,15.1,619.0,783.0,79.1,10402.0,3481.0,3,1.2,0.7,1.8,8.0,44.0,7.0,3.0,45.0,398,es ESP,DF,es La Liga,23-341,2002.0,15.1,783.0,644.0,138.0,18.0,1.0,7.0,16,119.0,1.0,0.0,1.0,0.0,619.0,1.0,12.0,398,es ESP,DF,es La Liga,23-341,2002.0,15.1,25.0,1.66,17.0,1.0,3.0,2.0,2.0,0.0,5.0,0.33,398,es ESP,DF,es La Liga,23-341,2002.0,15.1,40.0,26,22.0,16.0,2.0,48.0,41.7,28.0,19.0,5.0,14.0,17,57.0,52.0,1.0,398,es ESP,DF,es La Liga,23-341,2002.0,15.1,972.0,56.0,330.0,464.0,188.0,18.0,972.0,30.0,11.0,36.7,12.0,40.0,470.0,2495.0,1427.0,29.0,21.0,10.0,20.0,6.0,521.0,54.0,498,es ESP,DF,es La Liga,23-341,2002.0,16,1358,85,83.8,15.1,15,89.0,13,1,20.0,1,1.19,20,23,-3,-0.2,0.49,15.6,24.3,-8.7,-0.57,398,es ESP,DF,es La Liga,23-341,2002.0,15.1,8,0,0,28,24,1,16,17,26,0.0,0.0,0,84.0,26.0,7.0,78.8,,,,,,,,,,,,,,,,,,,,,,,,,,,,,,,,,,,,,,,,,,,,,,,,,,,,,,Defender,0.06622516556291391,0.19867549668874174,0.026490066225165566,0.07947019867549669,1.9205298013245033,2.980132450331126,3.576158940397351,0.5298013245033113,2.6490066225165565,1.1258278145695364,0.4635761589403974,31.125827814569536,-3.1429324503311236,4.900662251655629,0.6,0.17078189300411523,72.85464098073555,16.4,62.58989774977281
402,Álvaro Carreras,es ESP,DF,Real Madrid,es La Liga,22.0,2003.0,17,16,1428,15.9,1,1,2,1,0,0,3,1,0.2,0.2,1.0,1.2,38.0,132.0,89.0,0.13,0.07,402,es ESP,DF,es La Liga,22-288,2003.0,15.9,1,6,1,16.7,0.38,0.06,0.17,1.0,18.0,0.0,0,0,0.2,0.2,0.03,0.8,0.8,402,es ESP,DF,es La Liga,22-288,2003.0,15.9,1058.0,1194.0,88.6,16193.0,5032.0,1,1.0,1.0,0.0,17.0,118.0,7.0,0.0,132.0,402,es ESP,DF,es La Liga,22-288,2003.0,15.9,1194.0,1053.0,139.0,22.0,0.0,8.0,21,117.0,0.0,0.0,0.0,0.0,1058.0,2.0,17.0,402,es ESP,DF,es La Liga,22-288,2003.0,15.9,39.0,2.46,35.0,0.0,0.0,1.0,2.0,1.0,3.0,0.19,402,es ESP,DF,es La Liga,22-288,2003.0,15.9,23.0,10,14.0,4.0,5.0,27.0,44.4,15.0,25.0,3.0,22.0,25,48.0,47.0,1.0,402,es ESP,DF,es La Liga,22-288,2003.0,15.9,1369.0,52.0,316.0,679.0,382.0,26.0,1369.0,32.0,11.0,34.4,14.0,43.8,760.0,3653.0,2096.0,38.0,28.0,7.0,12.0,11.0,935.0,89.0,502,es ESP,DF,es La Liga,22-288,2003.0,17,1428,84,83.5,15.9,16,89.0,13,1,1.0,0,2.29,36,14,22,1.39,0.75,36.9,17.0,19.9,1.26,402,es ESP,DF,es La Liga,22-288,2003.0,15.9,3,1,0,10,23,4,21,25,10,1.0,0.0,0,98.0,16.0,17.0,48.5,,,,,,,,,,,,,,,,,,,,,,,,,,,,,,,,,,,,,,,,,,,,,,,,,,,,,,Defender,0.06289308176100629,0.06289308176100629,0.012578616352201259,0.06289308176100629,2.389937106918239,8.30188679245283,5.59748427672956,1.069182389937107,1.4465408805031446,1.572327044025157,0.44025157232704404,47.79874213836478,5.681699371069186,10.69182389937107,0.8,0.17969320672023376,99.47460595446584,59.9,62.2105102904727
405,Cesare Casadei,it ITA,MF,Torino,it Serie A,22.0,2003.0,17,12,1151,12.8,1,0,1,1,0,0,4,0,2.1,1.9,1.0,2.9,12.0,56.0,25.0,0.08,0.24,405,it ITA,MF,it Serie A,22-360,2003.0,12.8,1,20,8,40.0,1.56,0.63,0.05,0.13,16.2,0.0,0,0,2.1,1.9,0.1,-1.1,-0.9,405,it ITA,MF,it Serie A,22-360,2003.0,12.8,356.0,454.0,78.4,5660.0,1485.0,0,1.0,1.1,-1.0,11.0,45.0,3.0,0.0,56.0,405,it ITA,MF,it Serie A,22-360,2003.0,12.8,454.0,447.0,5.0,3.0,1.0,3.0,2,1.0,1.0,0.0,0.0,0.0,356.0,2.0,4.0,405,it ITA,MF,it Serie A,22-360,2003.0,12.8,31.0,2.42,25.0,0.0,0.0,2.0,1.0,3.0,1.0,0.08,405,it ITA,MF,it Serie A,22-360,2003.0,12.8,22.0,11,11.0,9.0,2.0,19.0,47.4,10.0,10.0,2.0,8.0,6,28.0,17.0,0.0,405,it ITA,MF,it Serie A,22-360,2003.0,12.8,607.0,29.0,115.0,375.0,125.0,32.0,607.0,14.0,7.0,50.0,6.0,42.9,288.0,1414.0,561.0,12.0,13.0,2.0,31.0,11.0,395.0,25.0,506,it ITA,MF,it Serie A,22-360,2003.0,17,1151,68,71.0,12.8,12,86.0,10,5,25.0,1,1.35,14,19,-5,-0.39,0.18,15.8,17.6,-1.9,-0.15,405,it ITA,MF,it Serie A,22-360,2003.0,12.8,4,0,0,32,11,0,2,6,11,0.0,1.0,0,52.0,58.0,27.0,68.2,,,,,,,,,,,,,,,,,,,,,,,,,,,,,,,,,,,,,,,,,,,,,,,,,,,,,,Midfielder,0.078125,0.0,0.1640625,0.078125,0.9375,4.375,1.953125,0.859375,1.71875,0.46875,0.234375,22.5,-2.1963245625,5.3125,-1.1,0.39868204283360786,76.6531713900135,22.6,62.52297829528018
406,Marc Casado,es ESP,MF,Barcelona,es La Liga,22.0,2003.0,13,6,549,6.1,0,1,1,0,0,0,0,0,0.3,0.3,0.2,0.5,7.0,27.0,9.0,0.16,0.08,406,es ESP,MF,es La Liga,22-113,2003.0,6.1,0,7,0,0.0,1.15,0.0,0.0,,22.3,0.0,0,0,0.3,0.3,0.04,-0.3,-0.3,406,es ESP,MF,es La Liga,22-113,2003.0,6.1,480.0,519.0,92.5,7410.0,1776.0,1,0.2,0.5,0.8,8.0,37.0,4.0,1.0,27.0,406,es ESP,MF,es La Liga,22-113,2003.0,6.1,519.0,495.0,23.0,19.0,1.0,1.0,1,3.0,0.0,0.0,0.0,0.0,480.0,1.0,7.0,406,es ESP,MF,es La Liga,22-113,2003.0,6.1,19.0,3.11,18.0,0.0,0.0,1.0,0.0,0.0,3.0,0.49,406,es ESP,MF,es La Liga,22-113,2003.0,6.1,8.0,1,2.0,3.0,3.0,9.0,33.3,6.0,12.0,2.0,10.0,5,13.0,5.0,0.0,406,es ESP,MF,es La Liga,22-113,2003.0,6.1,583.0,11.0,96.0,360.0,132.0,3.0,583.0,4.0,2.0,50.0,2.0,50.0,350.0,1598.0,627.0,7.0,9.0,0.0,11.0,3.0,453.0,9.0,507,es ESP,MF,es La Liga,22-113,2003.0,13,549,42,32.1,6.1,6,74.0,3,7,15.0,6,2.77,16,6,10,1.64,-0.14,12.4,6.6,5.8,0.95,406,es ESP,MF,es La Liga,22-113,2003.0,6.1,0,0,0,16,9,0,1,5,1,0.0,0.0,0,24.0,3.0,2.0,60.0,,,,,,,,,,,,,,,,,,,,,,,,,,,,,,,,,,,,,,,,,,,,,,,,,,,,,,Midfielder,0.0,0.1639344262295082,0.04918032786885246,0.03278688524590164,1.1475409836065575,4.426229508196721,1.4754098360655739,1.3114754098360657,1.3114754098360657,0.819672131147541,0.6557377049180328,57.37704918032787,-1.9137873606557383,5.573770491803279,-0.3,0.5334476843910806,79.75708502024291,28.1,62.261580812055364
410,Josué Casimir,ht HAI,"MF,DF",Auxerre,fr Ligue 1,24.0,2001.0,16,12,1006,11.2,0,0,0,0,0,1,4,1,2.1,1.5,0.3,1.7,25.0,28.0,66.0,0.0,0.22,410,ht HAI,"MF,DF",fr Ligue 1,24-103,2001.0,11.2,0,14,7,50.0,1.25,0.63,0.0,0.0,17.2,0.0,0,1,2.1,1.5,0.1,-2.1,-1.5,410,ht HAI,"MF,DF",fr Ligue 1,24-103,2001.0,11.2,279.0,383.0,72.8,4392.0,1287.0,0,0.3,0.9,-0.3,4.0,14.0,8.0,3.0,28.0,410,ht HAI,"MF,DF",fr Ligue 1,24-103,2001.0,11.2,383.0,329.0,54.0,10.0,1.0,2.0,42,21.0,23.0,2.0,12.0,0.0,279.0,0.0,11.0,410,ht HAI,"MF,DF",fr Ligue 1,24-103,2001.0,11.2,26.0,2.33,15.0,4.0,2.0,4.0,1.0,0.0,1.0,0.09,410,ht HAI,"MF,DF",fr Ligue 1,24-103,2001.0,11.2,18.0,9,13.0,3.0,2.0,14.0,57.1,6.0,10.0,0.0,10.0,7,25.0,12.0,1.0,410,ht HAI,"MF,DF",fr Ligue 1,24-103,2001.0,11.2,491.0,9.0,95.0,189.0,219.0,19.0,490.0,12.0,6.0,50.0,5.0,41.7,255.0,1532.0,752.0,25.0,19.0,9.0,25.0,9.0,310.0,66.0,512,ht HAI,"MF,DF",fr Ligue 1,24-103,2001.0,16,1006,63,65.8,11.2,12,77.0,4,4,22.0,0,0.56,6,20,-14,-1.25,-1.42,11.5,15.8,-4.4,-0.39,410,ht HAI,"MF,DF",fr Ligue 1,24-103,2001.0,11.2,4,1,1,22,21,2,42,7,9,0.0,0.0,0,44.0,17.0,17.0,50.0,,,,,,,,,,,,,,,,,,,,,,,,,,,,,,,,,,,,,,,,,,,,,,,,,,,,,,Midfielder,0.0,0.0,0.18750000000000003,0.026785714285714288,2.232142857142857,2.5,5.892857142857143,0.35714285714285715,1.6071428571428572,0.625,0.7142857142857143,22.767857142857146,-4.393111214285714,4.732142857142858,-2.1,0.47454175152749495,55.735492577597846,6.9,52.13797247670519
414,Castrin,es ESP,DF,Sevilla,es La Liga,23.0,2003.0,8,7,603,6.7,0,0,0,0,0,0,3,0,0.2,0.2,0.0,0.3,2.0,21.0,1.0,0.0,0.04,414,es ESP,DF,es La Liga,23-004,2003.0,6.7,0,4,1,25.0,0.6,0.15,0.0,0.0,11.5,0.0,0,0,0.2,0.2,0.05,-0.2,-0.2,414,es ESP,DF,es La Liga,23-004,2003.0,6.7,379.0,432.0,87.7,7980.0,2681.0,0,0.0,0.1,0.0,1.0,30.0,0.0,0.0,21.0,414,es ESP,DF,es La Liga,23-004,2003.0,6.7,432.0,416.0,16.0,14.0,0.0,5.0,0,2.0,0.0,0.0,0.0,0.0,379.0,0.0,1.0,414,es ESP,DF,es La Liga,23-004,2003.0,6.7,2.0,0.3,2.0,0.0,0.0,0.0,0.0,0.0,0.0,0.0,414,es ESP,DF,es La Liga,23-004,2003.0,6.7,14.0,8,10.0,4.0,0.0,14.0,57.1,6.0,11.0,8.0,3.0,8,22.0,42.0,0.0,414,es ESP,DF,es La Liga,23-004,2003.0,6.7,520.0,55.0,299.0,209.0,13.0,5.0,520.0,4.0,2.0,50.0,2.0,50.0,288.0,1293.0,671.0,2.0,0.0,0.0,2.0,2.0,338.0,1.0,519,es ESP,DF,es La Liga,23-004,2003.0,8,603,75,37.2,6.7,7,82.0,5,1,30.0,8,1.0,12,9,3,0.45,1.16,7.4,9.3,-1.9,-0.28,414,es ESP,DF,es La Liga,23-004,2003.0,6.7,3,0,0,7,7,0,0,8,8,0.0,0.0,0,32.0,14.0,10.0,58.3,,,,,,,,,,,,,,,,,,,,,,,,,,,,,,,,,,,,,,,,,,,,,,,,,,,,,,Defender,0.0,0.0,0.029850746268656716,0.0,0.29850746268656714,3.134328358208955,0.14925373134328357,0.14925373134328357,2.08955223880597,1.1940298507462686,0.0,42.98507462686567,-3.950083582089551,3.432835820895522,-0.2,0.05769230769230769,64.09807355516638,8.2,59.24036372935894
416,Santiago Castro,ar ARG,FW,Bologna,it Serie A,21.0,2004.0,15,10,989,11.0,5,1,6,5,0,0,1,0,3.6,3.6,0.9,4.5,7.0,16.0,53.0,0.55,0.41,416,ar ARG,FW,it Serie A,21-098,2004.0,11.0,5,25,11,44.0,2.28,1.0,0.2,0.45,14.5,0.0,0,0,3.6,3.6,0.16,1.4,1.4,416,ar ARG,FW,it Serie A,21-098,2004.0,11.0,119.0,165.0,72.1,2244.0,295.0,1,0.9,0.5,0.1,12.0,10.0,4.0,0.0,16.0,416,ar ARG,FW,it Serie A,21-098,2004.0,11.0,165.0,140.0,23.0,0.0,2.0,3.0,3,5.0,0.0,0.0,0.0,0.0,119.0,2.0,2.0,416,ar ARG,FW,it Serie A,21-098,2004.0,11.0,27.0,2.46,23.0,0.0,1.0,3.0,0.0,0.0,1.0,0.09,416,ar ARG,FW,it Serie A,21-098,2004.0,11.0,5.0,4,2.0,1.0,2.0,5.0,40.0,3.0,4.0,1.0,3.0,1,6.0,19.0,0.0,416,ar ARG,FW,it Serie A,21-098,2004.0,11.0,279.0,19.0,32.0,121.0,129.0,39.0,279.0,16.0,7.0,43.8,5.0,31.3,155.0,579.0,235.0,7.0,5.0,5.0,31.0,16.0,192.0,53.0,521,ar ARG,FW,it Serie A,21-098,2004.0,15,989,66,64.6,11.0,10,81.0,4,5,35.0,2,1.33,15,12,3,0.27,-0.56,15.1,14.1,1.0,0.09,416,ar ARG,FW,it Serie A,21-098,2004.0,11.0,1,0,0,22,19,4,3,1,4,0.0,0.0,0,20.0,18.0,27.0,40.0,,,,,,,,,,,,,,,,,,,,,,,,,,,,,,,,,,,,,,,,,,,,,,,,,,,,,,Forward,0.45454545454545453,0.09090909090909091,0.32727272727272727,0.08181818181818182,0.6363636363636364,1.4545454545454546,4.818181818181818,1.0909090909090908,0.45454545454545453,0.09090909090909091,0.36363636363636365,14.090909090909092,-10.881107909090908,2.090909090909091,1.4,0.8817204301075269,44.076655052264805,5.0,41.977766716442666
430,Fares Chaïbi,dz ALG,MF,Eint Frankfurt,de Bundesliga,23.0,2002.0,13,12,955,10.6,1,6,7,1,0,0,1,0,1.2,1.2,2.1,3.3,21.0,48.0,59.0,0.66,0.31,430,dz ALG,MF,de Bundesliga,23-038,2002.0,10.6,1,14,4,28.6,1.32,0.38,0.07,0.25,18.5,2.0,0,0,1.2,1.2,0.09,-0.2,-0.2,430,dz ALG,MF,de Bundesliga,23-038,2002.0,10.6,360.0,496.0,72.6,5552.0,1498.0,6,2.1,1.6,3.9,23.0,41.0,11.0,1.0,48.0,430,dz ALG,MF,de Bundesliga,23-038,2002.0,10.6,496.0,433.0,61.0,20.0,1.0,5.0,51,14.0,25.0,21.0,2.0,0.0,360.0,2.0,17.0,430,dz ALG,MF,de Bundesliga,23-038,2002.0,10.6,40.0,3.77,28.0,10.0,0.0,1.0,1.0,0.0,10.0,0.94,430,dz ALG,MF,de Bundesliga,23-038,2002.0,10.6,19.0,11,9.0,9.0,1.0,16.0,50.0,8.0,13.0,1.0,12.0,8,27.0,14.0,0.0,430,dz ALG,MF,de Bundesliga,23-038,2002.0,10.6,605.0,13.0,79.0,315.0,222.0,31.0,605.0,12.0,4.0,33.3,7.0,58.3,314.0,1347.0,642.0,21.0,16.0,5.0,21.0,11.0,393.0,59.0,541,dz ALG,MF,de Bundesliga,23-038,2002.0,13,955,73,70.7,10.6,12,77.0,7,1,26.0,1,1.77,24,25,-1,-0.09,-0.32,16.5,15.1,1.4,0.13,430,dz ALG,MF,de Bundesliga,23-038,2002.0,10.6,1,0,0,10,8,2,51,8,11,0.0,0.0,0,56.0,14.0,14.0,50.0,,,,,,,,,,,,,,,,,,,,,,,,,,,,,,,,,,,,,,,,,,,,,,,,,,,,,,Midfielder,0.09433962264150944,0.5660377358490566,0.11320754716981132,0.19811320754716982,1.9811320754716981,4.528301886792453,5.566037735849057,2.169811320754717,1.7924528301886793,0.7547169811320755,1.0377358490566038,29.622641509433965,-1.2265078867924544,6.5094339622641515,-0.19999999999999996,0.6231404958677687,84.34547908232119,33.5,63.18013414406082
431,Ilyas Chaira,ma MAR,"FW,MF",Oviedo,es La Liga,24.0,2001.0,16,13,952,10.6,0,1,1,0,0,0,0,1,2.0,2.0,0.8,2.9,39.0,34.0,77.0,0.09,0.27,431,ma MAR,"FW,MF",es La Liga,24-337,2001.0,10.6,0,22,9,40.9,2.08,0.85,0.0,0.0,19.7,0.0,0,0,2.0,2.0,0.09,-2.0,-2.0,431,ma MAR,"FW,MF",es La Liga,24-337,2001.0,10.6,259.0,318.0,81.4,3754.0,631.0,1,0.8,0.8,0.2,8.0,17.0,6.0,2.0,34.0,431,ma MAR,"FW,MF",es La Liga,24-337,2001.0,10.6,318.0,308.0,6.0,1.0,0.0,1.0,24,4.0,1.0,0.0,0.0,0.0,259.0,4.0,9.0,431,ma MAR,"FW,MF",es La Liga,24-337,2001.0,10.6,27.0,2.56,17.0,1.0,1.0,4.0,3.0,1.0,1.0,0.09,431,ma MAR,"FW,MF",es La Liga,24-337,2001.0,10.6,16.0,12,6.0,9.0,1.0,24.0,45.8,13.0,15.0,3.0,12.0,4,20.0,11.0,0.0,431,ma MAR,"FW,MF",es La Liga,24-337,2001.0,10.6,466.0,11.0,75.0,206.0,192.0,30.0,466.0,43.0,14.0,32.6,27.0,62.8,277.0,1988.0,971.0,39.0,24.0,9.0,26.0,13.0,324.0,77.0,542,ma MAR,"FW,MF",es La Liga,24-337,2001.0,16,952,60,58.8,10.6,13,66.0,0,3,31.0,0,0.75,6,12,-6,-0.57,1.18,10.2,16.0,-5.8,-0.54,431,ma MAR,"FW,MF",es La Liga,24-337,2001.0,10.6,0,1,0,22,13,8,24,4,12,1.0,0.0,0,49.0,3.0,13.0,18.8,,,,,,,,,,,,,,,,,,,,,,,,,,,,,,,,,,,,,,,,,,,,,,,,,,,,,,Forward,0.0,0.09433962264150944,0.18867924528301888,0.07547169811320756,3.679245283018868,3.207547169811321,7.264150943396227,0.7547169811320755,1.509433962264151,0.37735849056603776,0.5660377358490566,26.132075471698116,-6.130709075471696,6.886792452830189,-2.0,0.5493562231759657,82.22996515679442,33.3,61.6878958415562
438,Chema,es ESP,MF,Stuttgart,de Bundesliga,20.0,2005.0,10,7,661,7.3,1,0,1,1,0,0,1,0,0.8,0.8,0.2,0.9,8.0,48.0,9.0,0.14,0.12,438,es ESP,MF,de Bundesliga,20-255,2005.0,7.3,1,8,3,37.5,1.09,0.41,0.13,0.33,12.0,0.0,0,0,0.8,0.8,0.09,0.2,0.2,438,es ESP,MF,de Bundesliga,20-255,2005.0,7.3,320.0,374.0,85.6,5111.0,1626.0,0,0.2,0.3,-0.2,7.0,38.0,4.0,0.0,48.0,438,es ESP,MF,de Bundesliga,20-255,2005.0,7.3,374.0,365.0,6.0,5.0,0.0,0.0,0,0.0,0.0,0.0,0.0,0.0,320.0,3.0,2.0,438,es ESP,MF,de Bundesliga,20-255,2005.0,7.3,16.0,2.18,15.0,0.0,0.0,1.0,0.0,0.0,0.0,0.0,438,es ESP,MF,de Bundesliga,20-255,2005.0,7.3,16.0,9,7.0,7.0,2.0,8.0,75.0,2.0,14.0,6.0,8.0,17,33.0,22.0,0.0,438,es ESP,MF,de Bundesliga,20-255,2005.0,7.3,464.0,21.0,99.0,288.0,81.0,14.0,464.0,1.0,1.0,100.0,0.0,0.0,226.0,1026.0,480.0,8.0,4.0,0.0,7.0,2.0,270.0,9.0,557,es ESP,MF,de Bundesliga,20-255,2005.0,10,661,66,49.0,7.3,7,88.0,5,3,14.0,5,1.9,12,13,-1,-0.14,-0.66,10.2,11.0,-0.8,-0.11,438,es ESP,MF,de Bundesliga,20-255,2005.0,7.3,1,0,0,9,5,1,0,17,9,0.0,1.0,0,44.0,24.0,17.0,58.5,,,,,,,,,,,,,,,,,,,,,,,,,,,,,,,,,,,,,,,,,,,,,,,,,,,,,,Midfielder,0.136986301369863,0.0,0.10958904109589042,0.027397260273972605,1.095890410958904,6.575342465753425,1.2328767123287672,0.9589041095890412,2.191780821917808,2.328767123287671,0.547945205479452,30.958904109589042,1.4015708493150685,7.671232876712329,0.19999999999999996,0.4698275862068966,95.68151147098516,51.2,63.28142293054574
440,Sidiki Cherif,fr FRA,FW,Angers,fr Ligue 1,19.0,2006.0,17,13,1069,11.9,4,0,4,4,0,0,3,0,3.0,3.0,0.4,3.5,32.0,18.0,66.0,0.34,0.29,440,fr FRA,FW,fr Ligue 1,19-021,2006.0,11.9,4,28,12,42.9,2.36,1.01,0.14,0.33,15.5,0.0,0,0,3.0,3.0,0.11,1.0,1.0,440,fr FRA,FW,fr Ligue 1,19-021,2006.0,11.9,154.0,213.0,72.3,1984.0,336.0,0,0.4,0.4,-0.4,5.0,8.0,1.0,0.0,18.0,440,fr FRA,FW,fr Ligue 1,19-021,2006.0,11.9,213.0,204.0,8.0,1.0,1.0,1.0,6,0.0,0.0,0.0,0.0,0.0,154.0,1.0,12.0,440,fr FRA,FW,fr Ligue 1,19-021,2006.0,11.9,19.0,1.6,12.0,0.0,3.0,2.0,1.0,1.0,0.0,0.0,440,fr FRA,FW,fr Ligue 1,19-021,2006.0,11.9,7.0,2,2.0,5.0,0.0,7.0,42.9,4.0,10.0,0.0,10.0,6,13.0,2.0,0.0,440,fr FRA,FW,fr Ligue 1,19-021,2006.0,11.9,358.0,4.0,35.0,203.0,127.0,42.0,358.0,34.0,11.0,32.4,22.0,64.7,230.0,1659.0,770.0,32.0,19.0,11.0,38.0,18.0,264.0,66.0,559,fr FRA,FW,fr Ligue 1,19-021,2006.0,17,1069,63,69.9,11.9,13,71.0,2,4,38.0,0,1.29,12,15,-3,-0.25,-0.45,11.3,17.3,-5.9,-0.5,440,fr FRA,FW,fr Ligue 1,19-021,2006.0,11.9,3,0,0,14,16,11,6,6,2,0.0,0.0,0,39.0,16.0,30.0,34.8,,,,,,,,,,,,,,,,,,,,,,,,,,,,,,,,,,,,,,,,,,,,,,,,,,,,,,Forward,0.3361344537815126,0.0,0.25210084033613445,0.03361344537815126,2.6890756302521006,1.5126050420168067,5.546218487394958,0.42016806722689076,0.5882352941176471,0.5042016806722689,0.08403361344537814,19.327731092436974,-4.969823697478993,4.201680672268908,1.0,0.446927374301676,89.19860627177701,59.3,55.99410312101507
441,Rayan Cherki,fr FRA,"MF,FW",Manchester City,eng Premier League,22.0,2003.0,15,10,822,9.1,2,7,9,2,0,0,1,0,1.3,1.3,5.1,6.4,54.0,56.0,92.0,0.99,0.7,441,fr FRA,"MF,FW",eng Premier League,22-141,2003.0,9.1,2,18,6,33.3,1.97,0.66,0.11,0.33,18.7,1.0,0,0,1.3,1.3,0.07,0.7,0.7,441,fr FRA,"MF,FW",eng Premier League,22-141,2003.0,9.1,511.0,626.0,81.6,7387.0,1745.0,7,5.1,4.5,1.9,28.0,33.0,30.0,3.0,56.0,441,fr FRA,"MF,FW",eng Premier League,22-141,2003.0,9.1,626.0,568.0,57.0,13.0,15.0,2.0,39,17.0,23.0,21.0,1.0,0.0,511.0,1.0,12.0,441,fr FRA,"MF,FW",eng Premier League,22-141,2003.0,9.1,50.0,5.47,36.0,5.0,5.0,3.0,1.0,0.0,12.0,1.31,441,fr FRA,"MF,FW",eng Premier League,22-141,2003.0,9.1,15.0,10,6.0,8.0,1.0,22.0,36.4,14.0,5.0,1.0,4.0,4,19.0,4.0,0.0,441,fr FRA,"MF,FW",eng Premier League,22-141,2003.0,9.1,748.0,11.0,71.0,321.0,362.0,55.0,748.0,56.0,22.0,39.3,28.0,50.0,506.0,2817.0,1583.0,54.0,42.0,27.0,25.0,15.0,574.0,92.0,560,fr FRA,"MF,FW",eng Premier League,22-141,2003.0,15,822,55,45.7,9.1,10,76.0,3,5,13.0,1,2.13,19,7,12,1.31,0.03,17.8,10.9,6.9,0.75,441,fr FRA,"MF,FW",eng Premier League,22-141,2003.0,9.1,1,0,0,5,18,0,39,4,10,0.0,0.0,0,48.0,0.0,4.0,0.0,,,,,,,,,,,,,,,,,,,,,,,,,,,,,,,,,,,,,,,,,,,,,,,,,,,,,,Forward,0.21978021978021978,0.7692307692307693,0.14285714285714288,0.5604395604395604,5.934065934065934,6.153846153846154,10.10989010989011,3.076923076923077,1.6483516483516485,0.43956043956043955,3.296703296703297,55.604395604395606,-1.40163612087912,12.087912087912088,0.7,0.7312834224598931,96.34146341463415,59.6,60.364325447765765
442,Lucas Chevalier,fr FRA,GK,Paris S-G,fr Ligue 1,24.0,2001.0,15,15,1350,15.0,0,0,0,0,0,0,0,0,0.0,0.0,0.0,0.0,0.0,0.0,0.0,0.0,0.0,442,fr FRA,GK,fr Ligue 1,24-060,2001.0,15.0,0,0,0,,0.0,0.0,,,,0.0,0,0,0.0,0.0,,0.0,0.0,442,fr FRA,GK,fr Ligue 1,24-060,2001.0,15.0,353.0,398.0,88.7,7957.0,4283.0,0,0.0,0.0,0.0,0.0,0.0,0.0,0.0,0.0,442,fr FRA,GK,fr Ligue 1,24-060,2001.0,15.0,398.0,335.0,62.0,16.0,0.0,0.0,0,0.0,0.0,0.0,0.0,0.0,353.0,1.0,1.0,442,fr FRA,GK,fr Ligue 1,24-060,2001.0,15.0,0.0,0.0,0.0,0.0,0.0,0.0,0.0,0.0,0.0,0.0,442,fr FRA,GK,fr Ligue 1,24-060,2001.0,15.0,0.0,0,0.0,0.0,0.0,0.0,,0.0,0.0,0.0,0.0,0,0.0,3.0,1.0,442,fr FRA,GK,fr Ligue 1,24-060,2001.0,15.0,417.0,354.0,410.0,7.0,0.0,0.0,417.0,0.0,0.0,,0.0,,274.0,1120.0,704.0,0.0,0.0,0.0,0.0,0.0,250.0,0.0,562,fr FRA,GK,fr Ligue 1,24-060,2001.0,15,1350,90,88.2,15.0,15,90.0,15,0,,1,2.2,29,13,16,1.07,-1.93,26.9,14.5,12.4,0.82,442,fr FRA,GK,fr Ligue 1,24-060,2001.0,15.0,0,0,0,0,1,0,0,0,0,0.0,0.0,0,38.0,2.0,0.0,100.0,19.0,fr FRA,GK,fr Ligue 1,24-060,2001.0,15.0,15.0,1350.0,15.0,13.0,0.87,41.0,28.0,70.7,10.0,3.0,2.0,7.0,46.7,3.0,1.0,1.0,1.0,19.0,fr FRA,GK,fr Ligue 1,24-060,2001.0,15.0,13.0,1.0,0.0,1.0,1.0,11.2,0.24,-0.8,-0.05,17.0,52.0,32.7,351.0,54.0,8.5,24.0,114.0,7.0,6.1,13.0,0.87,14.1,Goalkeeper,0.0,0.0,0.0,0.0,0.0,0.0,0.0,0.0,0.0,0.0,0.0,18.266666666666666,-12.0,0.0,0.0,0.0,85.03937007874016,25.0,68.03149606299213
443,Fabio Chiarodia,it ITA,DF,Gladbach,de Bundesliga,20.0,2005.0,5,4,278,3.1,0,0,0,0,0,0,0,0,0.0,0.0,0.0,0.0,1.0,18.0,2.0,0.0,0.01,443,it ITA,DF,de Bundesliga,20-214,2005.0,3.1,0,1,0,0.0,0.32,0.0,0.0,,29.9,0.0,0,0,0.0,0.0,0.02,0.0,0.0,443,it ITA,DF,de Bundesliga,20-214,2005.0,3.1,181.0,202.0,89.6,3177.0,1057.0,0,0.0,0.1,0.0,0.0,15.0,2.0,0.0,18.0,443,it ITA,DF,de Bundesliga,20-214,2005.0,3.1,202.0,180.0,22.0,8.0,0.0,0.0,0,2.0,0.0,0.0,0.0,0.0,181.0,0.0,1.0,443,it ITA,DF,de Bundesliga,20-214,2005.0,3.1,4.0,1.29,2.0,0.0,0.0,0.0,0.0,2.0,0.0,0.0,443,it ITA,DF,de Bundesliga,20-214,2005.0,3.1,7.0,4,4.0,3.0,0.0,4.0,75.0,1.0,3.0,2.0,1.0,3,10.0,14.0,0.0,443,it ITA,DF,de Bundesliga,20-214,2005.0,3.1,231.0,30.0,101.0,126.0,6.0,0.0,231.0,0.0,0.0,,0.0,,128.0,632.0,351.0,1.0,2.0,0.0,2.0,0.0,148.0,2.0,563,it ITA,DF,de Bundesliga,20-214,2005.0,5,278,56,20.6,3.1,4,68.0,0,1,7.0,0,0.4,0,7,-7,-2.27,-2.35,2.6,4.5,-1.9,-0.61,443,it ITA,DF,de Bundesliga,20-214,2005.0,3.1,0,0,0,3,0,0,0,3,4,0.0,0.0,0,13.0,3.0,2.0,60.0,,,,,,,,,,,,,,,,,,,,,,,,,,,,,,,,,,,,,,,,,,,,,,,,,,,,,,Defender,0.0,0.0,0.0,0.0,0.3225806451612903,5.806451612903226,0.6451612903225806,0.0,2.258064516129032,0.9677419354838709,0.6451612903225806,41.29032258064516,3.5110967741935504,6.129032258064516,0.0,0.5584415584415584,98.42381786339755,37.0,71.8422028199982
447,Joris Chotard,fr FRA,MF,Brest,fr Ligue 1,24.0,2001.0,16,15,1347,15.0,2,0,2,2,0,0,1,0,1.1,1.1,0.0,1.1,5.0,69.0,13.0,0.13,0.08,447,fr FRA,MF,fr Ligue 1,24-103,2001.0,15.0,2,14,5,35.7,0.94,0.33,0.14,0.4,26.6,0.0,0,0,1.1,1.1,0.08,0.9,0.9,447,fr FRA,MF,fr Ligue 1,24-103,2001.0,15.0,471.0,600.0,78.5,8924.0,2857.0,0,0.0,0.5,0.0,1.0,63.0,7.0,0.0,69.0,447,fr FRA,MF,fr Ligue 1,24-103,2001.0,15.0,600.0,584.0,15.0,9.0,3.0,7.0,17,1.0,4.0,3.0,0.0,0.0,471.0,1.0,10.0,447,fr FRA,MF,fr Ligue 1,24-103,2001.0,15.0,22.0,1.47,20.0,1.0,0.0,1.0,0.0,0.0,1.0,0.07,447,fr FRA,MF,fr Ligue 1,24-103,2001.0,15.0,27.0,14,13.0,12.0,2.0,26.0,57.7,11.0,19.0,5.0,14.0,17,44.0,38.0,0.0,447,fr FRA,MF,fr Ligue 1,24-103,2001.0,15.0,743.0,57.0,190.0,449.0,108.0,5.0,743.0,5.0,3.0,60.0,2.0,40.0,364.0,1470.0,766.0,5.0,7.0,1.0,13.0,2.0,418.0,13.0,568,fr FRA,MF,fr Ligue 1,24-103,2001.0,16,1347,84,88.0,15.0,15,89.0,12,1,19.0,0,1.31,20,21,-1,-0.07,1.41,23.7,21.2,2.5,0.17,447,fr FRA,MF,fr Ligue 1,24-103,2001.0,15.0,1,0,0,18,7,0,17,17,14,0.0,0.0,0,61.0,13.0,11.0,54.2,,,,,,,,,,,,,,,,,,,,,,,,,,,,,,,,,,,,,,,,,,,,,,,,,,,,,,Midfielder,0.13333333333333333,0.0,0.07333333333333333,0.0,0.3333333333333333,4.6,0.8666666666666667,0.06666666666666667,1.8,1.1333333333333333,0.4666666666666667,24.266666666666666,-3.4207083333333337,4.933333333333334,0.8999999999999999,0.19784656796769853,64.64237516869096,11.6,57.923275240762514
450,Carney Chukwuemeka,eng ENG,"MF,FW",Dortmund,de Bundesliga,22.0,2003.0,12,5,483,5.4,1,0,1,1,0,0,0,0,0.6,0.6,0.4,1.0,12.0,22.0,39.0,0.19,0.18,450,eng ENG,"MF,FW",de Bundesliga,22-077,2003.0,5.4,1,9,1,11.1,1.68,0.19,0.11,1.0,17.6,0.0,0,0,0.6,0.6,0.06,0.4,0.4,450,eng ENG,"MF,FW",de Bundesliga,22-077,2003.0,5.4,173.0,201.0,86.1,2197.0,596.0,0,0.4,1.2,-0.4,7.0,12.0,7.0,0.0,22.0,450,eng ENG,"MF,FW",de Bundesliga,22-077,2003.0,5.4,201.0,199.0,1.0,0.0,1.0,0.0,0,0.0,1.0,0.0,0.0,0.0,173.0,1.0,5.0,450,eng ENG,"MF,FW",de Bundesliga,22-077,2003.0,5.4,15.0,2.8,13.0,1.0,0.0,1.0,0.0,0.0,0.0,0.0,450,eng ENG,"MF,FW",de Bundesliga,22-077,2003.0,5.4,11.0,9,5.0,3.0,3.0,4.0,50.0,2.0,13.0,0.0,13.0,4,15.0,5.0,1.0,450,eng ENG,"MF,FW",de Bundesliga,22-077,2003.0,5.4,288.0,8.0,34.0,115.0,144.0,17.0,288.0,32.0,15.0,46.9,16.0,50.0,171.0,1034.0,473.0,12.0,10.0,4.0,10.0,10.0,203.0,39.0,571,eng ENG,"MF,FW",de Bundesliga,22-077,2003.0,12,483,40,35.8,5.4,5,72.0,0,7,17.0,2,2.5,7,3,4,0.75,-0.29,8.4,4.2,4.2,0.78,450,eng ENG,"MF,FW",de Bundesliga,22-077,2003.0,5.4,0,0,0,3,8,0,0,4,9,0.0,0.0,0,28.0,3.0,9.0,25.0,,,,,,,,,,,,,,,,,,,,,,,,,,,,,,,,,,,,,,,,,,,,,,,,,,,,,,Forward,0.18518518518518517,0.0,0.1111111111111111,0.07407407407407407,2.222222222222222,4.0740740740740735,7.222222222222221,1.2962962962962963,2.0370370370370368,0.7407407407407407,1.2962962962962963,31.666666666666664,-8.418314074074075,6.296296296296296,0.4,0.9722222222222222,67.07317073170732,10.7,60.59003679467689
454,Alessandro Circati,au AUS,DF,Parma,it Serie A,22.0,2003.0,12,12,1030,11.4,1,0,1,1,0,0,2,0,0.5,0.5,0.1,0.6,0.0,26.0,1.0,0.09,0.05,454,au AUS,DF,it Serie A,22-087,2003.0,11.4,1,1,1,100.0,0.09,0.09,1.0,1.0,7.7,0.0,0,0,0.5,0.5,0.5,0.5,0.5,454,au AUS,DF,it Serie A,22-087,2003.0,11.4,463.0,535.0,86.5,8930.0,3331.0,0,0.1,0.2,-0.1,4.0,28.0,3.0,0.0,26.0,454,au AUS,DF,it Serie A,22-087,2003.0,11.4,535.0,514.0,20.0,20.0,0.0,2.0,0,0.0,0.0,0.0,0.0,0.0,463.0,1.0,5.0,454,au AUS,DF,it Serie A,22-087,2003.0,11.4,9.0,0.79,8.0,0.0,0.0,0.0,1.0,0.0,0.0,0.0,454,au AUS,DF,it Serie A,22-087,2003.0,11.4,12.0,6,7.0,4.0,1.0,8.0,75.0,2.0,24.0,14.0,10.0,11,23.0,63.0,0.0,454,au AUS,DF,it Serie A,22-087,2003.0,11.4,663.0,99.0,359.0,293.0,14.0,2.0,663.0,0.0,0.0,,0.0,,364.0,1678.0,932.0,0.0,0.0,0.0,10.0,1.0,388.0,1.0,578,au AUS,DF,it Serie A,22-087,2003.0,12,1030,86,67.3,11.4,12,86.0,11,0,,0,0.92,7,11,-4,-0.35,0.19,9.9,12.8,-2.9,-0.25,454,au AUS,DF,it Serie A,22-087,2003.0,11.4,2,0,0,9,7,0,0,11,6,0.0,0.0,0,38.0,34.0,22.0,60.7,,,,,,,,,,,,,,,,,,,,,,,,,,,,,,,,,,,,,,,,,,,,,,,,,,,,,,Defender,0.08771929824561403,0.0,0.043859649122807015,0.008771929824561403,0.0,2.280701754385965,0.08771929824561403,0.3508771929824561,1.0526315789473684,0.9649122807017544,0.2631578947368421,31.929824561403507,-6.454103508771928,2.280701754385965,0.5,0.11915535444947209,39.229422066549915,1.8,38.53577806144393
457,Djaoui Cissé,fr FRA,MF,Rennes,fr Ligue 1,21.0,2004.0,14,10,710,7.9,0,0,0,0,0,0,2,0,0.6,0.6,0.8,1.4,20.0,45.0,31.0,0.0,0.18,457,fr FRA,MF,fr Ligue 1,21-339,2004.0,7.9,0,19,4,21.1,2.41,0.51,0.0,0.0,24.5,1.0,0,0,0.6,0.6,0.03,-0.6,-0.6,457,fr FRA,MF,fr Ligue 1,21-339,2004.0,7.9,295.0,393.0,75.1,4867.0,1395.0,0,0.8,0.6,-0.8,10.0,33.0,4.0,0.0,45.0,457,fr FRA,MF,fr Ligue 1,21-339,2004.0,7.9,393.0,356.0,33.0,6.0,0.0,4.0,25,5.0,21.0,9.0,5.0,0.0,295.0,4.0,10.0,457,fr FRA,MF,fr Ligue 1,21-339,2004.0,7.9,22.0,2.79,13.0,4.0,2.0,1.0,0.0,2.0,1.0,0.13,457,fr FRA,MF,fr Ligue 1,21-339,2004.0,7.9,26.0,12,13.0,7.0,6.0,16.0,62.5,6.0,12.0,4.0,8.0,2,28.0,5.0,0.0,457,fr FRA,MF,fr Ligue 1,21-339,2004.0,7.9,506.0,6.0,91.0,253.0,167.0,15.0,506.0,19.0,7.0,36.8,12.0,63.2,253.0,1366.0,667.0,20.0,8.0,7.0,22.0,9.0,342.0,31.0,581,fr FRA,MF,fr Ligue 1,21-339,2004.0,14,710,51,46.4,7.9,10,60.0,0,4,29.0,3,1.64,15,10,5,0.63,0.63,12.4,12.0,0.3,0.04,457,fr FRA,MF,fr Ligue 1,21-339,2004.0,7.9,2,0,0,12,7,0,25,2,12,0.0,0.0,0,35.0,4.0,4.0,50.0,,,,,,,,,,,,,,,,,,,,,,,,,,,,,,,,,,,,,,,,,,,,,,,,,,,,,,Midfielder,0.0,0.0,0.07594936708860758,0.10126582278481013,2.531645569620253,5.69620253164557,3.9240506329113924,1.2658227848101264,3.291139240506329,0.2531645569620253,0.5063291139240506,32.0253164556962,1.1245883164556947,8.227848101265822,-0.6,0.5513833992094862,95.00674763832659,45.5,65.29673377204577
465,Nathan Collins,ie IRL,DF,Brentford,eng Premier League,24.0,2001.0,20,19,1727,19.2,1,1,2,1,0,0,4,0,1.5,1.5,1.4,2.8,11.0,52.0,5.0,0.1,0.15,465,ie IRL,DF,eng Premier League,24-250,2001.0,19.2,1,11,5,45.5,0.57,0.26,0.09,0.2,7.2,0.0,0,0,1.5,1.5,0.13,-0.5,-0.5,465,ie IRL,DF,eng Premier League,24-250,2001.0,19.2,799.0,979.0,81.6,15704.0,6066.0,1,1.4,0.7,-0.4,6.0,43.0,5.0,1.0,52.0,465,ie IRL,DF,eng Premier League,24-250,2001.0,19.2,979.0,939.0,37.0,17.0,0.0,2.0,1,0.0,0.0,0.0,0.0,0.0,799.0,3.0,1.0,465,ie IRL,DF,eng Premier League,24-250,2001.0,19.2,14.0,0.73,12.0,0.0,0.0,0.0,1.0,1.0,2.0,0.1,465,ie IRL,DF,eng Premier League,24-250,2001.0,19.2,20.0,10,10.0,9.0,1.0,13.0,69.2,4.0,36.0,28.0,8.0,23,43.0,135.0,2.0,465,ie IRL,DF,eng Premier League,24-250,2001.0,19.2,1251.0,223.0,686.0,493.0,79.0,43.0,1251.0,6.0,2.0,33.3,2.0,33.3,630.0,3094.0,1791.0,11.0,8.0,1.0,10.0,8.0,751.0,5.0,591,ie IRL,DF,eng Premier League,24-250,2001.0,20,1727,86,95.9,19.2,19,90.0,19,1,17.0,0,1.5,32,27,5,0.26,1.49,30.5,25.1,5.3,0.28,465,ie IRL,DF,eng Premier League,24-250,2001.0,19.2,4,0,0,13,15,1,1,23,10,1.0,1.0,1,82.0,56.0,43.0,56.6,,,,,,,,,,,,,,,,,,,,,,,,,,,,,,,,,,,,,,,,,,,,,,,,,,,,,,Defender,0.052083333333333336,0.052083333333333336,0.078125,0.07291666666666667,0.5729166666666667,2.7083333333333335,0.2604166666666667,0.3125,1.0416666666666667,1.1979166666666667,0.2604166666666667,32.8125,-6.888868749999998,3.28125,-0.5,0.0583533173461231,33.274956217162874,1.4,32.81553867570303
466,Nnamdi Collins,de GER,DF,Eint Frankfurt,de Bundesliga,21.0,2004.0,13,9,849,9.4,0,1,1,0,0,0,2,0,0.0,0.0,0.2,0.2,19.0,61.0,9.0,0.11,0.02,466,de GER,DF,de Bundesliga,21-360,2004.0,9.4,0,1,0,0.0,0.11,0.0,0.0,,32.1,0.0,0,0,0.0,0.0,0.02,0.0,0.0,466,de GER,DF,de Bundesliga,21-360,2004.0,9.4,537.0,635.0,84.6,9517.0,3120.0,1,0.2,0.3,0.8,2.0,60.0,2.0,1.0,61.0,466,de GER,DF,de Bundesliga,21-360,2004.0,9.4,635.0,577.0,56.0,12.0,0.0,0.0,4,43.0,0.0,0.0,0.0,0.0,537.0,2.0,8.0,466,de GER,DF,de Bundesliga,21-360,2004.0,9.4,10.0,1.06,10.0,0.0,0.0,0.0,0.0,0.0,2.0,0.21,466,de GER,DF,de Bundesliga,21-360,2004.0,9.4,28.0,18,10.0,12.0,6.0,21.0,66.7,7.0,9.0,0.0,9.0,16,44.0,33.0,2.0,466,de GER,DF,de Bundesliga,21-360,2004.0,9.4,759.0,29.0,234.0,437.0,91.0,3.0,759.0,17.0,6.0,35.3,10.0,58.8,453.0,2008.0,1118.0,19.0,7.0,2.0,9.0,4.0,492.0,9.0,592,de GER,DF,de Bundesliga,21-360,2004.0,13,849,65,62.9,9.4,9,86.0,7,4,19.0,2,1.85,25,20,5,0.53,1.43,17.0,12.1,4.9,0.52,466,de GER,DF,de Bundesliga,21-360,2004.0,9.4,2,0,0,10,6,0,4,16,18,0.0,0.0,0,28.0,12.0,8.0,60.0,,,,,,,,,,,,,,,,,,,,,,,,,,,,,,,,,,,,,,,,,,,,,,,,,,,,,,Defender,0.0,0.10638297872340426,0.0,0.02127659574468085,2.021276595744681,6.48936170212766,0.9574468085106382,0.2127659574468085,2.978723404255319,1.702127659574468,0.2127659574468085,48.191489361702125,4.684144680851068,8.51063829787234,0.0,0.13965744400527008,99.12434325744309,47.1,67.38568542314283
469,Lorenzo Colombo,it ITA,FW,Genoa,it Serie A,23.0,2002.0,18,12,970,10.8,3,1,4,3,0,1,1,0,4.5,3.7,0.3,4.0,10.0,11.0,72.0,0.37,0.45,469,it ITA,FW,it Serie A,23-303,2002.0,10.8,3,25,10,40.0,2.32,0.93,0.12,0.3,15.4,0.0,0,1,4.5,3.7,0.15,-1.5,-0.7,469,it ITA,FW,it Serie A,23-303,2002.0,10.8,140.0,219.0,63.9,1828.0,250.0,1,0.3,0.4,0.7,6.0,8.0,3.0,0.0,11.0,469,it ITA,FW,it Serie A,23-303,2002.0,10.8,219.0,205.0,11.0,0.0,3.0,2.0,8,0.0,0.0,0.0,0.0,0.0,140.0,3.0,6.0,469,it ITA,FW,it Serie A,23-303,2002.0,10.8,15.0,1.39,9.0,0.0,0.0,2.0,4.0,0.0,4.0,0.37,469,it ITA,FW,it Serie A,23-303,2002.0,10.8,8.0,7,1.0,5.0,2.0,11.0,27.3,8.0,8.0,1.0,7.0,0,8.0,6.0,0.0,469,it ITA,FW,it Serie A,23-303,2002.0,10.8,360.0,8.0,27.0,177.0,158.0,42.0,359.0,25.0,7.0,28.0,16.0,64.0,217.0,1001.0,282.0,10.0,10.0,2.0,34.0,28.0,277.0,72.0,595,it ITA,FW,it Serie A,23-303,2002.0,18,970,54,59.9,10.8,12,70.0,0,6,21.0,0,0.83,11,18,-7,-0.65,-0.23,14.5,11.0,3.5,0.32,469,it ITA,FW,it Serie A,23-303,2002.0,10.8,1,0,0,18,26,0,8,0,7,1.0,1.0,0,22.0,21.0,45.0,31.8,,,,,,,,,,,,,,,,,,,,,,,,,,,,,,,,,,,,,,,,,,,,,,,,,,,,,,Forward,0.27777777777777773,0.09259259259259259,0.41666666666666663,0.027777777777777776,0.9259259259259258,1.0185185185185184,6.666666666666666,0.5555555555555555,0.7407407407407407,0.0,0.27777777777777773,20.09259259259259,-11.00507862962963,1.9444444444444444,-1.5,0.38611111111111107,42.857142857142854,3.6,41.36789851075565
472,Pietro Comuzzo,it ITA,DF,Fiorentina,it Serie A,20.0,2005.0,12,10,825,9.2,0,0,0,0,0,0,0,0,0.4,0.4,0.1,0.5,0.0,29.0,0.0,0.0,0.05,472,it ITA,DF,it Serie A,20-319,2005.0,9.2,0,5,1,20.0,0.55,0.11,0.0,0.0,15.0,0.0,0,0,0.4,0.4,0.08,-0.4,-0.4,472,it ITA,DF,it Serie A,20-319,2005.0,9.2,429.0,480.0,89.4,8245.0,2387.0,0,0.1,0.1,-0.1,2.0,21.0,0.0,0.0,29.0,472,it ITA,DF,it Serie A,20-319,2005.0,9.2,480.0,468.0,12.0,9.0,0.0,0.0,0,3.0,0.0,0.0,0.0,0.0,429.0,0.0,5.0,472,it ITA,DF,it Serie A,20-319,2005.0,9.2,10.0,1.09,10.0,0.0,0.0,0.0,0.0,0.0,1.0,0.11,472,it ITA,DF,it Serie A,20-319,2005.0,9.2,21.0,13,8.0,12.0,1.0,13.0,46.2,7.0,13.0,7.0,6.0,15,36.0,58.0,0.0,472,it ITA,DF,it Serie A,20-319,2005.0,9.2,594.0,59.0,292.0,287.0,19.0,5.0,594.0,0.0,0.0,,0.0,,297.0,1146.0,528.0,0.0,2.0,0.0,2.0,1.0,377.0,0.0,599,it ITA,DF,it Serie A,20-319,2005.0,12,825,69,50.9,9.2,10,79.0,4,2,16.0,6,0.67,9,14,-5,-0.55,0.02,12.9,12.1,0.8,0.09,472,it ITA,DF,it Serie A,20-319,2005.0,9.2,0,0,0,10,1,0,0,15,13,0.0,1.0,0,36.0,19.0,13.0,59.4,,,,,,,,,,,,,,,,,,,,,,,,,,,,,,,,,,,,,,,,,,,,,,,,,,,,,,Defender,0.0,0.0,0.04347826086956522,0.010869565217391306,0.0,3.1521739130434785,0.0,0.2173913043478261,2.2826086956521743,1.6304347826086958,0.0,32.28260869565218,-2.673956521739128,3.1521739130434785,-0.4,0.1835016835016835,76.88266199649738,19.5,64.33695564560449
473,Francisco Conceição,pt POR,"MF,FW",Juventus,it Serie A,23.0,2002.0,14,12,935,10.4,2,0,2,2,0,0,1,0,2.8,2.8,0.9,3.7,63.0,36.0,80.0,0.19,0.36,473,pt POR,"MF,FW",it Serie A,23-022,2002.0,10.4,2,28,9,32.1,2.7,0.87,0.07,0.22,17.0,0.0,0,0,2.8,2.8,0.1,-0.8,-0.8,473,pt POR,"MF,FW",it Serie A,23-022,2002.0,10.4,346.0,414.0,83.6,5442.0,932.0,0,0.9,2.0,-0.9,12.0,22.0,12.0,3.0,36.0,473,pt POR,"MF,FW",it Serie A,23-022,2002.0,10.4,414.0,397.0,17.0,1.0,1.0,1.0,41,6.0,9.0,6.0,0.0,0.0,346.0,0.0,8.0,473,pt POR,"MF,FW",it Serie A,23-022,2002.0,10.4,41.0,3.95,22.0,4.0,9.0,3.0,2.0,1.0,4.0,0.39,473,pt POR,"MF,FW",it Serie A,23-022,2002.0,10.4,16.0,10,3.0,5.0,8.0,11.0,54.5,5.0,9.0,0.0,9.0,4,20.0,3.0,0.0,473,pt POR,"MF,FW",it Serie A,23-022,2002.0,10.4,553.0,5.0,61.0,221.0,283.0,58.0,553.0,51.0,27.0,52.9,21.0,41.2,405.0,3131.0,1765.0,63.0,33.0,28.0,26.0,17.0,440.0,80.0,600,pt POR,"MF,FW",it Serie A,23-022,2002.0,14,935,67,57.7,10.4,12,74.0,2,2,21.0,1,1.64,9,8,1,0.1,-0.82,13.1,9.3,3.8,0.37,473,pt POR,"MF,FW",it Serie A,23-022,2002.0,10.4,1,0,0,18,17,0,41,4,10,0.0,0.0,0,44.0,2.0,10.0,16.7,,,,,,,,,,,,,,,,,,,,,,,,,,,,,,,,,,,,,,,,,,,,,,,,,,,,,,Forward,0.1923076923076923,0.0,0.2692307692307692,0.08653846153846154,6.0576923076923075,3.4615384615384612,7.692307692307692,1.1538461538461537,1.5384615384615383,0.3846153846153846,1.1538461538461537,38.94230769230769,-1.0093116923076941,9.519230769230768,-0.7999999999999998,0.7142857142857143,97.21254355400697,81.4,53.59015631422655
481,Félix Correia,pt POR,"FW,MF",Lille,fr Ligue 1,24.0,2001.0,17,13,1069,11.9,3,4,7,3,0,0,1,0,2.3,2.3,3.5,5.8,31.0,69.0,117.0,0.59,0.49,481,pt POR,"FW,MF",fr Ligue 1,24-348,2001.0,11.9,3,19,5,26.3,1.6,0.42,0.16,0.6,18.1,0.0,0,0,2.3,2.3,0.13,0.7,0.7,481,pt POR,"FW,MF",fr Ligue 1,24-348,2001.0,11.9,387.0,525.0,73.7,6690.0,2334.0,4,3.5,3.0,0.5,21.0,44.0,32.0,8.0,69.0,481,pt POR,"FW,MF",fr Ligue 1,24-348,2001.0,11.9,525.0,487.0,38.0,11.0,5.0,5.0,61,12.0,15.0,6.0,6.0,0.0,387.0,0.0,26.0,481,pt POR,"FW,MF",fr Ligue 1,24-348,2001.0,11.9,59.0,4.96,45.0,7.0,2.0,4.0,1.0,0.0,9.0,0.76,481,pt POR,"FW,MF",fr Ligue 1,24-348,2001.0,11.9,11.0,5,4.0,3.0,4.0,18.0,55.6,8.0,10.0,1.0,9.0,12,23.0,5.0,1.0,481,pt POR,"FW,MF",fr Ligue 1,24-348,2001.0,11.9,643.0,10.0,68.0,254.0,324.0,36.0,643.0,26.0,7.0,26.9,17.0,65.4,386.0,1815.0,991.0,31.0,28.0,9.0,17.0,11.0,447.0,117.0,614,pt POR,"FW,MF",fr Ligue 1,24-348,2001.0,17,1069,63,69.9,11.9,13,76.0,2,4,21.0,0,1.88,22,14,8,0.67,0.09,21.9,16.2,5.7,0.48,481,pt POR,"FW,MF",fr Ligue 1,24-348,2001.0,11.9,1,0,0,7,13,1,61,12,5,0.0,1.0,0,50.0,6.0,8.0,42.9,,,,,,,,,,,,,,,,,,,,,,,,,,,,,,,,,,,,,,,,,,,,,,,,,,,,,,Forward,0.25210084033613445,0.3361344537815126,0.19327731092436973,0.29411764705882354,2.6050420168067228,5.798319327731092,9.831932773109243,1.7647058823529411,0.9243697478991596,1.0084033613445378,2.6890756302521006,32.436974789915965,-9.683323327731092,8.403361344537815,0.7000000000000002,0.771384136858476,54.70383275261324,7.3,50.98213676851187
483,Edoardo Corvi,it ITA,GK,Parma,it Serie A,24.0,2001.0,6,6,540,6.0,0,0,0,0,0,0,1,0,0.0,0.0,0.0,0.0,0.0,0.0,0.0,0.0,0.0,483,it ITA,GK,it Serie A,24-288,2001.0,6.0,0,0,0,,0.0,0.0,,,,0.0,0,0,0.0,0.0,,0.0,0.0,483,it ITA,GK,it Serie A,24-288,2001.0,6.0,165.0,214.0,77.1,4480.0,2897.0,0,0.0,0.0,0.0,0.0,3.0,0.0,0.0,0.0,483,it ITA,GK,it Serie A,24-288,2001.0,6.0,214.0,157.0,57.0,20.0,0.0,0.0,0,0.0,0.0,0.0,0.0,0.0,165.0,0.0,0.0,483,it ITA,GK,it Serie A,24-288,2001.0,6.0,3.0,0.5,2.0,1.0,0.0,0.0,0.0,0.0,0.0,0.0,483,it ITA,GK,it Serie A,24-288,2001.0,6.0,0.0,0,0.0,0.0,0.0,1.0,0.0,1.0,0.0,0.0,0.0,0,0.0,3.0,1.0,483,it ITA,GK,it Serie A,24-288,2001.0,6.0,226.0,177.0,224.0,2.0,0.0,0.0,226.0,0.0,0.0,,0.0,,130.0,564.0,340.0,0.0,0.0,0.0,0.0,0.0,106.0,0.0,617,it ITA,GK,it Serie A,24-288,2001.0,6,540,90,35.3,6.0,6,90.0,6,0,,11,1.67,5,5,0,0.0,0.64,6.8,7.1,-0.3,-0.05,483,it ITA,GK,it Serie A,24-288,2001.0,6.0,1,0,0,0,3,0,0,0,0,0.0,0.0,0,10.0,1.0,0.0,100.0,20.0,it ITA,GK,it Serie A,24-288,2001.0,6.0,6.0,540.0,6.0,5.0,0.83,20.0,15.0,80.0,3.0,1.0,2.0,2.0,33.3,1.0,1.0,0.0,0.0,20.0,it ITA,GK,it Serie A,24-288,2001.0,6.0,5.0,1.0,0.0,0.0,0.0,7.0,0.3,2.0,0.33,26.0,71.0,36.6,177.0,30.0,30.5,32.3,133.0,5.0,3.8,11.0,1.83,14.9,Goalkeeper,0.0,0.0,0.0,0.0,0.0,0.0,0.0,0.0,0.0,0.0,0.0,21.666666666666668,-12.0,0.0,0.0,0.22123893805309736,85.03937007874016,17.5,72.37393198190652
484,Coba da Costa,es ESP,"MF,FW",Getafe,es La Liga,23.0,2002.0,13,2,342,3.8,0,0,0,0,0,0,1,0,0.3,0.3,0.1,0.4,10.0,12.0,35.0,0.0,0.11,484,es ESP,"MF,FW",es La Liga,23-163,2002.0,3.8,0,5,1,20.0,1.32,0.26,0.0,0.0,20.1,0.0,0,0,0.3,0.3,0.06,-0.3,-0.3,484,es ESP,"MF,FW",es La Liga,23-163,2002.0,3.8,92.0,154.0,59.7,1292.0,307.0,0,0.1,0.5,-0.1,3.0,8.0,4.0,3.0,12.0,484,es ESP,"MF,FW",es La Liga,23-163,2002.0,3.8,154.0,152.0,1.0,0.0,0.0,0.0,23,1.0,0.0,0.0,0.0,0.0,92.0,1.0,4.0,484,es ESP,"MF,FW",es La Liga,23-163,2002.0,3.8,11.0,2.89,7.0,0.0,3.0,1.0,0.0,0.0,1.0,0.26,484,es ESP,"MF,FW",es La Liga,23-163,2002.0,3.8,10.0,6,2.0,6.0,2.0,11.0,45.5,6.0,5.0,0.0,5.0,1,11.0,2.0,0.0,484,es ESP,"MF,FW",es La Liga,23-163,2002.0,3.8,223.0,2.0,24.0,83.0,119.0,14.0,223.0,20.0,10.0,50.0,10.0,50.0,115.0,610.0,263.0,10.0,11.0,4.0,30.0,7.0,155.0,35.0,620,es ESP,"MF,FW",es La Liga,23-163,2002.0,13,342,26,21.1,3.8,2,56.0,0,11,21.0,4,0.92,2,3,-1,-0.26,0.3,2.8,3.3,-0.5,-0.14,484,es ESP,"MF,FW",es La Liga,23-163,2002.0,3.8,1,0,0,7,5,2,23,1,6,0.0,0.0,0,13.0,17.0,7.0,70.8,,,,,,,,,,,,,,,,,,,,,,,,,,,,,,,,,,,,,,,,,,,,,,,,,,,,,,Forward,0.0,0.0,0.07894736842105263,0.026315789473684213,2.6315789473684212,3.1578947368421053,9.210526315789474,0.7894736842105263,2.6315789473684212,0.2631578947368421,1.0526315789473684,30.263157894736842,-8.444931157894738,5.7894736842105265,-0.3,1.295964125560538,66.37630662020906,11.0,59.79847443262078
490,Abdoul Coulibaly,de GER,DF,Werder Bremen,de Bundesliga,18.0,2007.0,14,13,1130,12.6,1,0,1,1,0,0,5,1,0.5,0.5,0.2,0.7,7.0,28.0,0.0,0.08,0.05,490,de GER,DF,de Bundesliga,18-227,2007.0,12.6,1,3,1,33.3,0.24,0.08,0.33,1.0,8.2,0.0,0,0,0.5,0.5,0.17,0.5,0.5,490,de GER,DF,de Bundesliga,18-227,2007.0,12.6,691.0,806.0,85.7,13957.0,4226.0,0,0.2,0.2,-0.2,4.0,37.0,2.0,0.0,28.0,490,de GER,DF,de Bundesliga,18-227,2007.0,12.6,806.0,743.0,61.0,12.0,0.0,7.0,1,0.0,0.0,0.0,0.0,0.0,691.0,2.0,7.0,490,de GER,DF,de Bundesliga,18-227,2007.0,12.6,7.0,0.56,7.0,0.0,0.0,0.0,0.0,0.0,0.0,0.0,490,de GER,DF,de Bundesliga,18-227,2007.0,12.6,16.0,8,11.0,5.0,0.0,15.0,40.0,9.0,18.0,13.0,5.0,15,31.0,70.0,2.0,490,de GER,DF,de Bundesliga,18-227,2007.0,12.6,948.0,149.0,518.0,416.0,14.0,4.0,948.0,4.0,4.0,100.0,0.0,0.0,572.0,2684.0,1399.0,7.0,4.0,0.0,8.0,1.0,661.0,0.0,626,de GER,DF,de Bundesliga,18-227,2007.0,14,1130,81,83.7,12.6,13,86.0,10,1,13.0,0,1.14,14,22,-8,-0.64,0.18,15.5,21.0,-5.6,-0.44,490,de GER,DF,de Bundesliga,18-227,2007.0,12.6,5,1,1,12,4,1,1,15,8,0.0,0.0,1,30.0,25.0,27.0,48.1,,,,,,,,,,,,,,,,,,,,,,,,,,,,,,,,,,,,,,,,,,,,,,,,,,,,,,Defender,0.07936507936507936,0.0,0.03968253968253968,0.015873015873015876,0.5555555555555556,2.2222222222222223,0.0,0.31746031746031744,1.2698412698412698,1.1904761904761905,0.15873015873015872,45.3968253968254,-4.409069841269841,2.7777777777777777,0.5,0.059071729957805914,59.01926444833625,11.6,52.884645563025316
493,Mamadou Coulibaly,fr FRA,MF,Monaco,fr Ligue 1,21.0,2004.0,12,10,732,8.1,2,1,3,2,0,0,4,1,0.7,0.7,1.0,1.7,13.0,44.0,26.0,0.37,0.21,493,fr FRA,MF,fr Ligue 1,21-259,2004.0,8.1,2,4,3,75.0,0.49,0.37,0.5,0.67,18.0,0.0,0,0,0.7,0.7,0.17,1.3,1.3,493,fr FRA,MF,fr Ligue 1,21-259,2004.0,8.1,367.0,421.0,87.2,5935.0,1412.0,1,1.0,1.1,0.0,8.0,24.0,12.0,1.0,44.0,493,fr FRA,MF,fr Ligue 1,21-259,2004.0,8.1,421.0,413.0,8.0,4.0,2.0,4.0,4,2.0,0.0,0.0,0.0,0.0,367.0,0.0,8.0,493,fr FRA,MF,fr Ligue 1,21-259,2004.0,8.1,12.0,1.48,12.0,0.0,0.0,0.0,0.0,0.0,1.0,0.12,493,fr FRA,MF,fr Ligue 1,21-259,2004.0,8.1,22.0,14,10.0,8.0,4.0,13.0,38.5,8.0,12.0,1.0,11.0,11,33.0,12.0,0.0,493,fr FRA,MF,fr Ligue 1,21-259,2004.0,8.1,523.0,17.0,96.0,323.0,111.0,8.0,523.0,16.0,7.0,43.8,9.0,56.3,285.0,1523.0,619.0,13.0,7.0,6.0,22.0,3.0,365.0,26.0,630,fr FRA,MF,fr Ligue 1,21-259,2004.0,12,732,61,47.8,8.1,10,73.0,2,2,1.0,3,1.17,10,20,-10,-1.23,-2.02,13.4,15.7,-2.4,-0.29,493,fr FRA,MF,fr Ligue 1,21-259,2004.0,8.1,4,1,0,19,10,0,4,11,14,0.0,0.0,0,48.0,6.0,9.0,40.0,,,,,,,,,,,,,,,,,,,,,,,,,,,,,,,,,,,,,,,,,,,,,,,,,,,,,,Midfielder,0.2469135802469136,0.1234567901234568,0.08641975308641975,0.1234567901234568,1.6049382716049383,5.432098765432099,3.2098765432098766,0.9876543209876544,2.7160493827160495,1.3580246913580247,1.4814814814814816,35.18518518518518,0.20983145679012516,7.037037037037037,1.3,0.28298279158699813,92.1727395411606,44.2,63.920069029931064
494,Soumaïla Coulibaly,fr FRA,DF,Brest,fr Ligue 1,22.0,2003.0,9,9,810,9.0,0,0,0,0,0,0,2,0,0.2,0.2,0.0,0.3,5.0,17.0,1.0,0.0,0.03,494,fr FRA,DF,fr Ligue 1,22-083,2003.0,9.0,0,4,2,50.0,0.44,0.22,0.0,0.0,10.8,0.0,0,0,0.2,0.2,0.06,-0.2,-0.2,494,fr FRA,DF,fr Ligue 1,22-083,2003.0,9.0,446.0,491.0,90.8,9337.0,2601.0,0,0.0,0.1,0.0,1.0,23.0,1.0,0.0,17.0,494,fr FRA,DF,fr Ligue 1,22-083,2003.0,9.0,491.0,473.0,17.0,11.0,0.0,9.0,1,0.0,0.0,0.0,0.0,0.0,446.0,1.0,1.0,494,fr FRA,DF,fr Ligue 1,22-083,2003.0,9.0,7.0,0.78,7.0,0.0,0.0,0.0,0.0,0.0,2.0,0.22,494,fr FRA,DF,fr Ligue 1,22-083,2003.0,9.0,8.0,6,2.0,5.0,1.0,5.0,100.0,0.0,9.0,7.0,2.0,8,16.0,43.0,1.0,494,fr FRA,DF,fr Ligue 1,22-083,2003.0,9.0,578.0,83.0,304.0,259.0,17.0,10.0,578.0,1.0,0.0,0.0,0.0,0.0,383.0,1672.0,1008.0,5.0,2.0,1.0,5.0,0.0,394.0,1.0,632,fr FRA,DF,fr Ligue 1,22-083,2003.0,9,810,90,52.9,9.0,9,90.0,9,0,,0,1.22,10,15,-5,-0.56,-0.68,13.5,12.4,1.1,0.12,494,fr FRA,DF,fr Ligue 1,22-083,2003.0,9.0,2,0,0,13,13,0,1,8,6,0.0,0.0,1,47.0,19.0,6.0,76.0,,,,,,,,,,,,,,,,,,,,,,,,,,,,,,,,,,,,,,,,,,,,,,,,,,,,,,Defender,0.0,0.0,0.022222222222222223,0.0,0.5555555555555556,1.8888888888888888,0.1111111111111111,0.1111111111111111,0.8888888888888888,0.8888888888888888,0.1111111111111111,42.55555555555556,-7.3286222222222195,2.4444444444444446,-0.2,0.13494809688581313,29.597197898423815,1.0,29.304156335073085
498,Yan Couto,br BRA,"DF,MF",Dortmund,de Bundesliga,23.0,2002.0,10,8,668,7.4,1,2,3,1,0,0,4,0,0.6,0.6,2.7,3.2,28.0,20.0,70.0,0.4,0.44,498,br BRA,"DF,MF",de Bundesliga,23-216,2002.0,7.4,1,6,2,33.3,0.81,0.27,0.17,0.5,18.6,0.0,0,0,0.6,0.6,0.09,0.4,0.4,498,br BRA,"DF,MF",de Bundesliga,23-216,2002.0,7.4,344.0,448.0,76.8,5815.0,1976.0,2,2.7,2.3,-0.7,11.0,7.0,13.0,7.0,20.0,498,br BRA,"DF,MF",de Bundesliga,23-216,2002.0,7.4,448.0,352.0,95.0,9.0,1.0,2.0,38,80.0,6.0,5.0,0.0,0.0,344.0,1.0,10.0,498,br BRA,"DF,MF",de Bundesliga,23-216,2002.0,7.4,29.0,3.91,17.0,4.0,3.0,3.0,1.0,1.0,7.0,0.94,498,br BRA,"DF,MF",de Bundesliga,23-216,2002.0,7.4,15.0,13,7.0,6.0,2.0,15.0,86.7,2.0,13.0,0.0,13.0,4,19.0,14.0,0.0,498,br BRA,"DF,MF",de Bundesliga,23-216,2002.0,7.4,531.0,12.0,113.0,183.0,238.0,12.0,531.0,16.0,6.0,37.5,9.0,56.3,263.0,1465.0,837.0,28.0,22.0,2.0,10.0,8.0,333.0,70.0,636,br BRA,"DF,MF",de Bundesliga,23-216,2002.0,10,668,67,49.5,7.4,8,81.0,3,2,10.0,5,2.4,16,6,10,1.35,0.82,12.0,6.8,5.2,0.7,498,br BRA,"DF,MF",de Bundesliga,23-216,2002.0,7.4,4,0,0,10,11,2,38,4,13,0.0,0.0,0,37.0,1.0,7.0,12.5,,,,,,,,,,,,,,,,,,,,,,,,,,,,,,,,,,,,,,,,,,,,,,,,,,,,,,Midfielder,0.13513513513513511,0.27027027027027023,0.08108108108108107,0.36486486486486486,3.7837837837837838,2.7027027027027026,9.45945945945946,1.4864864864864864,2.0270270270270268,0.5405405405405405,1.7567567567567566,35.54054054054054,-2.3931258918918914,6.486486486486486,0.4,0.736346516007533,75.03373819163292,18.5,63.319610288297824
502,Charlie Cresswell,eng ENG,DF,Toulouse,fr Ligue 1,23.0,2002.0,17,17,1530,17.0,3,1,4,3,0,0,4,0,2.1,2.1,0.6,2.7,7.0,42.0,6.0,0.24,0.16,502,eng ENG,DF,fr Ligue 1,23-141,2002.0,17.0,3,21,7,33.3,1.24,0.41,0.14,0.43,9.4,0.0,0,0,2.1,2.1,0.1,0.9,0.9,502,eng ENG,DF,fr Ligue 1,23-141,2002.0,17.0,681.0,795.0,85.7,13240.0,5233.0,1,0.6,0.7,0.4,7.0,36.0,2.0,0.0,42.0,502,eng ENG,DF,fr Ligue 1,23-141,2002.0,17.0,795.0,741.0,54.0,20.0,0.0,4.0,1,0.0,0.0,0.0,0.0,0.0,681.0,0.0,2.0,502,eng ENG,DF,fr Ligue 1,23-141,2002.0,17.0,19.0,1.12,11.0,2.0,0.0,6.0,0.0,0.0,2.0,0.12,502,eng ENG,DF,fr Ligue 1,23-141,2002.0,17.0,16.0,10,12.0,4.0,0.0,18.0,50.0,9.0,24.0,20.0,4.0,17,33.0,111.0,0.0,502,eng ENG,DF,fr Ligue 1,23-141,2002.0,17.0,1003.0,192.0,554.0,396.0,58.0,43.0,1003.0,0.0,0.0,,0.0,,531.0,2479.0,1244.0,7.0,3.0,1.0,3.0,4.0,621.0,6.0,640,eng ENG,DF,fr Ligue 1,23-141,2002.0,17,1530,90,100.0,17.0,17,90.0,17,0,,0,1.35,24,22,2,0.12,,23.8,21.2,2.6,0.15,502,eng ENG,DF,fr Ligue 1,23-141,2002.0,17.0,4,0,0,20,13,2,1,17,10,0.0,0.0,0,50.0,73.0,40.0,64.6,,,,,,,,,,,,,,,,,,,,,,,,,,,,,,,,,,,,,,,,,,,,,,,,,,,,,,Defender,0.17647058823529413,0.058823529411764705,0.12352941176470589,0.03529411764705882,0.4117647058823529,2.4705882352941178,0.35294117647058826,0.4117647058823529,0.9411764705882353,1.0,0.11764705882352941,31.235294117647058,-6.760494117647056,2.8823529411764706,0.8999999999999999,0.11166500498504486,35.02626970227671,1.3,34.57677167055944
506,Pau Cubarsí,es ESP,DF,Barcelona,es La Liga,18.0,2007.0,15,15,1297,14.4,0,0,0,0,0,0,1,0,0.3,0.3,0.4,0.7,17.0,77.0,1.0,0.0,0.05,506,es ESP,DF,es La Liga,18-348,2007.0,14.4,0,6,0,0.0,0.42,0.0,0.0,,19.6,0.0,0,0,0.3,0.3,0.05,-0.3,-0.3,506,es ESP,DF,es La Liga,18-348,2007.0,14.4,1235.0,1308.0,94.4,21366.0,7723.0,0,0.4,0.4,-0.4,4.0,106.0,3.0,0.0,77.0,506,es ESP,DF,es La Liga,18-348,2007.0,14.4,1308.0,1261.0,46.0,41.0,1.0,1.0,0,3.0,0.0,0.0,0.0,0.0,1235.0,1.0,3.0,506,es ESP,DF,es La Liga,18-348,2007.0,14.4,16.0,1.11,14.0,0.0,1.0,1.0,0.0,0.0,1.0,0.07,506,es ESP,DF,es La Liga,18-348,2007.0,14.4,19.0,15,8.0,10.0,1.0,15.0,46.7,8.0,9.0,6.0,3.0,13,32.0,55.0,1.0,506,es ESP,DF,es La Liga,18-348,2007.0,14.4,1427.0,116.0,520.0,859.0,53.0,7.0,1427.0,2.0,1.0,50.0,0.0,0.0,886.0,5317.0,2668.0,17.0,17.0,1.0,2.0,0.0,1118.0,1.0,645,es ESP,DF,es La Liga,18-348,2007.0,15,1297,86,75.8,14.4,15,86.0,11,0,,4,2.6,41,17,24,1.67,-0.3,33.6,20.9,12.7,0.88,506,es ESP,DF,es La Liga,18-348,2007.0,14.4,1,0,0,13,4,0,0,13,15,0.0,0.0,0,48.0,35.0,15.0,70.0,,,,,,,,,,,,,,,,,,,,,,,,,,,,,,,,,,,,,,,,,,,,,,,,,,,,,,Defender,0.0,0.0,0.020833333333333332,0.02777777777777778,1.1805555555555556,5.347222222222222,0.06944444444444445,0.2777777777777778,1.3194444444444444,0.9027777777777778,0.20833333333333331,61.52777777777778,2.3751374999999992,6.527777777777778,-0.3,0.0777855641205326,96.49737302977232,84.6,52.2737665383382
516,Lucas Da Cunha,fr FRA,MF,Como,it Serie A,24.0,2001.0,15,12,1145,12.7,1,0,1,0,1,1,1,0,1.9,1.2,1.1,2.3,15.0,53.0,22.0,0.0,0.24,516,fr FRA,MF,it Serie A,24-210,2001.0,12.7,1,12,5,41.7,0.94,0.39,0.0,0.0,24.2,0.0,1,1,1.9,1.2,0.1,-0.9,-1.2,516,fr FRA,MF,it Serie A,24-210,2001.0,12.7,693.0,796.0,87.1,11404.0,3237.0,0,1.1,1.8,-1.1,17.0,50.0,13.0,4.0,53.0,516,fr FRA,MF,it Serie A,24-210,2001.0,12.7,796.0,737.0,58.0,42.0,0.0,9.0,37,1.0,14.0,0.0,9.0,0.0,693.0,1.0,11.0,516,fr FRA,MF,it Serie A,24-210,2001.0,12.7,37.0,2.91,24.0,8.0,3.0,1.0,1.0,0.0,3.0,0.24,516,fr FRA,MF,it Serie A,24-210,2001.0,12.7,21.0,11,8.0,9.0,4.0,24.0,37.5,15.0,8.0,0.0,8.0,9,30.0,9.0,0.0,516,fr FRA,MF,it Serie A,24-210,2001.0,12.7,890.0,32.0,204.0,500.0,191.0,19.0,889.0,15.0,8.0,53.3,6.0,40.0,508.0,2159.0,983.0,15.0,21.0,2.0,10.0,9.0,649.0,22.0,658,fr FRA,MF,it Serie A,24-210,2001.0,15,1145,76,74.8,12.7,12,85.0,8,3,41.0,2,1.73,19,10,9,0.71,0.24,17.0,13.4,3.5,0.28,516,fr FRA,MF,it Serie A,24-210,2001.0,12.7,1,0,0,14,9,0,37,9,11,0.0,0.0,0,64.0,8.0,11.0,42.1,,,,,,,,,,,,,,,,,,,,,,,,,,,,,,,,,,,,,,,,,,,,,,,,,,,,,,Midfielder,0.07874015748031496,0.0,0.14960629921259844,0.08661417322834647,1.1811023622047245,4.1732283464566935,1.7322834645669292,1.3385826771653544,1.6535433070866143,0.7086614173228347,1.0236220472440944,40.0,-2.8226909291338576,5.354330708661418,-0.8999999999999999,0.32696629213483147,70.58029689608637,17.2,60.22209632771874
517,Adam Daghim,dk DEN,FW,Wolfsburg,de Bundesliga,20.0,2005.0,9,5,549,6.1,2,0,2,2,0,0,0,0,0.7,0.7,0.0,0.8,25.0,18.0,50.0,0.33,0.13,517,dk DEN,FW,de Bundesliga,20-099,2005.0,6.1,2,9,3,33.3,1.48,0.49,0.22,0.67,16.7,0.0,0,0,0.7,0.7,0.08,1.3,1.3,517,dk DEN,FW,de Bundesliga,20-099,2005.0,6.1,106.0,177.0,59.9,1451.0,550.0,0,0.0,0.8,0.0,1.0,7.0,5.0,0.0,18.0,517,dk DEN,FW,de Bundesliga,20-099,2005.0,6.1,177.0,176.0,0.0,0.0,0.0,0.0,9,0.0,0.0,0.0,0.0,0.0,106.0,1.0,15.0,517,dk DEN,FW,de Bundesliga,20-099,2005.0,6.1,16.0,2.62,12.0,0.0,2.0,1.0,1.0,0.0,3.0,0.49,517,dk DEN,FW,de Bundesliga,20-099,2005.0,6.1,10.0,6,7.0,2.0,1.0,15.0,46.7,8.0,13.0,1.0,12.0,7,17.0,12.0,0.0,517,dk DEN,FW,de Bundesliga,20-099,2005.0,6.1,275.0,9.0,56.0,92.0,129.0,29.0,275.0,13.0,2.0,15.4,11.0,84.6,162.0,947.0,591.0,25.0,16.0,10.0,18.0,9.0,181.0,50.0,661,dk DEN,FW,de Bundesliga,20-099,2005.0,9,549,61,40.7,6.1,5,89.0,4,4,26.0,0,0.44,6,12,-6,-0.98,-1.1,7.6,11.9,-4.3,-0.71,517,dk DEN,FW,de Bundesliga,20-099,2005.0,6.1,0,0,0,9,10,1,9,7,6,0.0,0.0,0,15.0,7.0,6.0,53.8,,,,,,,,,,,,,,,,,,,,,,,,,,,,,,,,,,,,,,,,,,,,,,,,,,,,,,Forward,0.3278688524590164,0.0,0.11475409836065574,0.0,4.0983606557377055,2.9508196721311477,8.196721311475411,0.1639344262295082,1.639344262295082,1.1475409836065575,0.819672131147541,26.557377049180328,-3.537186967213114,7.049180327868853,1.3,0.9527272727272728,92.6829268292683,56.3,59.29809777944229
521,Ameen Al-Dakhil,be BEL,DF,Stuttgart,de Bundesliga,23.0,2002.0,7,3,357,4.0,0,0,0,0,0,0,1,0,0.1,0.1,0.0,0.1,5.0,14.0,3.0,0.0,0.03,521,be BEL,DF,de Bundesliga,23-305,2002.0,4.0,0,1,0,0.0,0.25,0.0,0.0,,17.1,0.0,0,0,0.1,0.1,0.06,-0.1,-0.1,521,be BEL,DF,de Bundesliga,23-305,2002.0,4.0,208.0,235.0,88.5,3430.0,737.0,0,0.0,0.1,0.0,2.0,19.0,0.0,0.0,14.0,521,be BEL,DF,de Bundesliga,23-305,2002.0,4.0,235.0,230.0,5.0,3.0,0.0,0.0,0,1.0,0.0,0.0,0.0,0.0,208.0,0.0,2.0,521,be BEL,DF,de Bundesliga,23-305,2002.0,4.0,7.0,1.76,5.0,0.0,0.0,1.0,0.0,1.0,1.0,0.25,521,be BEL,DF,de Bundesliga,23-305,2002.0,4.0,7.0,5,2.0,3.0,2.0,7.0,71.4,2.0,7.0,2.0,5.0,4,11.0,23.0,1.0,521,be BEL,DF,de Bundesliga,23-305,2002.0,4.0,286.0,19.0,114.0,157.0,17.0,1.0,286.0,2.0,1.0,50.0,1.0,50.0,172.0,802.0,376.0,5.0,2.0,0.0,3.0,4.0,189.0,3.0,665,be BEL,DF,de Bundesliga,23-305,2002.0,7,357,51,26.4,4.0,3,90.0,3,4,22.0,5,1.86,5,8,-3,-0.76,-1.3,4.8,6.0,-1.2,-0.3,521,be BEL,DF,de Bundesliga,23-305,2002.0,4.0,1,0,0,1,1,0,0,4,5,0.0,0.0,0,14.0,6.0,7.0,46.2,,,,,,,,,,,,,,,,,,,,,,,,,,,,,,,,,,,,,,,,,,,,,,,,,,,,,,Defender,0.0,0.0,0.025,0.0,1.25,3.5,0.75,0.5,1.75,1.0,0.0,43.0,-3.375974999999997,4.75,-0.1,0.6153846153846154,70.92819614711033,10.0,64.48017831555484
527,Kévin Danois,fr FRA,MF,Auxerre,fr Ligue 1,21.0,2004.0,16,15,1326,14.7,1,1,2,1,0,0,2,0,1.3,1.3,2.5,3.8,27.0,83.0,32.0,0.14,0.26,527,fr FRA,MF,fr Ligue 1,21-191,2004.0,14.7,1,15,5,33.3,1.02,0.34,0.07,0.2,25.0,0.0,0,0,1.3,1.3,0.08,-0.3,-0.3,527,fr FRA,MF,fr Ligue 1,21-191,2004.0,14.7,613.0,753.0,81.4,10838.0,3162.0,1,2.5,1.9,-1.5,26.0,82.0,7.0,0.0,83.0,527,fr FRA,MF,fr Ligue 1,21-191,2004.0,14.7,753.0,682.0,67.0,24.0,5.0,8.0,46,1.0,36.0,13.0,18.0,0.0,613.0,4.0,10.0,527,fr FRA,MF,fr Ligue 1,21-191,2004.0,14.7,49.0,3.33,32.0,13.0,0.0,3.0,0.0,1.0,2.0,0.14,527,fr FRA,MF,fr Ligue 1,21-191,2004.0,14.7,31.0,19,12.0,16.0,3.0,30.0,20.0,24.0,12.0,2.0,10.0,16,47.0,5.0,0.0,527,fr FRA,MF,fr Ligue 1,21-191,2004.0,14.7,884.0,10.0,158.0,494.0,248.0,9.0,884.0,25.0,15.0,60.0,8.0,32.0,495.0,2757.0,1324.0,27.0,18.0,2.0,28.0,21.0,585.0,32.0,671,fr FRA,MF,fr Ligue 1,21-191,2004.0,16,1326,83,86.7,14.7,15,87.0,10,1,22.0,1,0.75,13,23,-10,-0.68,0.64,17.5,18.3,-0.8,-0.05,527,fr FRA,MF,fr Ligue 1,21-191,2004.0,14.7,2,0,0,15,9,0,46,16,19,0.0,0.0,0,97.0,3.0,14.0,17.6,,,,,,,,,,,,,,,,,,,,,,,,,,,,,,,,,,,,,,,,,,,,,,,,,,,,,,Midfielder,0.06802721088435375,0.06802721088435375,0.08843537414965986,0.17006802721088435,1.836734693877551,5.646258503401361,2.17687074829932,1.7687074829931975,2.108843537414966,1.08843537414966,0.4761904761904762,33.673469387755105,0.7352165578231293,7.482993197278912,-0.30000000000000004,0.3766968325791855,93.79217273954116,52.2,61.624292207320075
539,Davinchi,es ESP,DF,Getafe,es La Liga,18.0,2007.0,7,4,429,4.8,0,0,0,0,0,0,1,0,0.2,0.2,0.0,0.2,3.0,11.0,12.0,0.0,0.05,539,es ESP,DF,es La Liga,18-081,2007.0,4.8,0,3,1,33.3,0.63,0.21,0.0,0.0,17.0,0.0,0,0,0.2,0.2,0.06,-0.2,-0.2,539,es ESP,DF,es La Liga,18-081,2007.0,4.8,140.0,214.0,65.4,2186.0,1062.0,0,0.0,0.5,0.0,2.0,9.0,2.0,0.0,11.0,539,es ESP,DF,es La Liga,18-081,2007.0,4.8,214.0,159.0,54.0,0.0,0.0,0.0,12,54.0,0.0,0.0,0.0,0.0,140.0,1.0,8.0,539,es ESP,DF,es La Liga,18-081,2007.0,4.8,12.0,2.52,7.0,2.0,1.0,1.0,0.0,1.0,0.0,0.0,539,es ESP,DF,es La Liga,18-081,2007.0,4.8,14.0,9,9.0,3.0,2.0,12.0,83.3,2.0,6.0,1.0,5.0,3,17.0,23.0,1.0,539,es ESP,DF,es La Liga,18-081,2007.0,4.8,287.0,9.0,91.0,120.0,78.0,6.0,287.0,13.0,8.0,61.5,5.0,38.5,79.0,363.0,155.0,3.0,3.0,1.0,10.0,3.0,112.0,12.0,684,es ESP,DF,es La Liga,18-081,2007.0,7,429,61,26.5,4.8,4,82.0,3,3,34.0,1,1.57,5,5,0,0.0,0.68,3.4,3.5,-0.1,-0.02,539,es ESP,DF,es La Liga,18-081,2007.0,4.8,1,0,0,14,1,0,12,3,9,0.0,0.0,0,20.0,6.0,6.0,50.0,,,,,,,,,,,,,,,,,,,,,,,,,,,,,,,,,,,,,,,,,,,,,,,,,,,,,,Defender,0.0,0.0,0.04166666666666667,0.0,0.625,2.291666666666667,2.5,0.4166666666666667,2.916666666666667,0.625,0.4166666666666667,16.458333333333336,-1.0196541666666654,2.916666666666667,-0.2,0.878048780487805,86.86514886164623,30.0,66.81934527818942
542,Mathys De Carvalho,fr FRA,MF,Lyon,fr Ligue 1,20.0,2005.0,9,3,271,3.0,0,0,0,0,0,0,1,0,0.4,0.4,0.1,0.5,5.0,19.0,3.0,0.0,0.16,542,fr FRA,MF,fr Ligue 1,20-249,2005.0,3.0,0,7,2,28.6,2.32,0.66,0.0,0.0,18.8,0.0,0,0,0.4,0.4,0.06,-0.4,-0.4,542,fr FRA,MF,fr Ligue 1,20-249,2005.0,3.0,168.0,181.0,92.8,3005.0,676.0,0,0.1,0.1,-0.1,1.0,19.0,2.0,0.0,19.0,542,fr FRA,MF,fr Ligue 1,20-249,2005.0,3.0,181.0,175.0,5.0,4.0,0.0,0.0,2,0.0,0.0,0.0,0.0,0.0,168.0,1.0,1.0,542,fr FRA,MF,fr Ligue 1,20-249,2005.0,3.0,5.0,1.66,3.0,0.0,0.0,0.0,1.0,1.0,0.0,0.0,542,fr FRA,MF,fr Ligue 1,20-249,2005.0,3.0,7.0,4,1.0,3.0,3.0,7.0,71.4,2.0,9.0,1.0,8.0,4,11.0,7.0,1.0,542,fr FRA,MF,fr Ligue 1,20-249,2005.0,3.0,220.0,11.0,48.0,137.0,38.0,6.0,220.0,1.0,1.0,100.0,0.0,0.0,126.0,674.0,390.0,5.0,3.0,1.0,5.0,3.0,145.0,3.0,688,fr FRA,MF,fr Ligue 1,20-249,2005.0,9,271,30,17.7,3.0,3,69.0,1,6,11.0,8,2.0,5,4,1,0.33,-0.17,3.7,5.2,-1.6,-0.51,542,fr FRA,MF,fr Ligue 1,20-249,2005.0,3.0,1,0,0,2,5,0,2,4,4,0.0,0.0,0,13.0,4.0,5.0,44.4,,,,,,,,,,,,,,,,,,,,,,,,,,,,,,,,,,,,,,,,,,,,,,,,,,,,,,Midfielder,0.0,0.0,0.13333333333333333,0.03333333333333333,1.6666666666666667,6.333333333333333,1.0,0.3333333333333333,2.3333333333333335,1.3333333333333333,0.6666666666666666,42.0,1.3095013333333325,8.0,-0.4,0.7545454545454545,95.41160593792173,37.2,69.54198683521993
544,Charles De Ketelaere,be BEL,"MF,FW",Atalanta,it Serie A,24.0,2001.0,16,13,1158,12.9,2,1,3,2,0,0,2,0,2.4,2.4,3.6,6.0,75.0,102.0,125.0,0.23,0.46,544,be BEL,"MF,FW",it Serie A,24-301,2001.0,12.9,2,27,10,37.0,2.1,0.78,0.07,0.2,16.2,0.0,0,0,2.4,2.4,0.09,-0.4,-0.4,544,be BEL,"MF,FW",it Serie A,24-301,2001.0,12.9,436.0,563.0,77.4,6791.0,2312.0,1,3.6,4.6,-2.6,32.0,54.0,43.0,4.0,102.0,544,be BEL,"MF,FW",it Serie A,24-301,2001.0,12.9,563.0,538.0,23.0,4.0,6.0,3.0,33,14.0,3.0,0.0,0.0,0.0,436.0,2.0,15.0,544,be BEL,"MF,FW",it Serie A,24-301,2001.0,12.9,72.0,5.6,58.0,0.0,5.0,3.0,5.0,1.0,7.0,0.54,544,be BEL,"MF,FW",it Serie A,24-301,2001.0,12.9,12.0,6,6.0,4.0,2.0,17.0,29.4,12.0,15.0,0.0,15.0,1,13.0,4.0,0.0,544,be BEL,"MF,FW",it Serie A,24-301,2001.0,12.9,715.0,6.0,48.0,286.0,400.0,68.0,715.0,72.0,29.0,40.3,34.0,47.2,490.0,3605.0,1865.0,75.0,52.0,30.0,30.0,36.0,574.0,125.0,690,be BEL,"MF,FW",it Serie A,24-301,2001.0,16,1158,72,71.5,12.9,13,82.0,7,3,30.0,0,1.31,14,13,1,0.08,-0.12,18.4,11.6,6.8,0.53,544,be BEL,"MF,FW",it Serie A,24-301,2001.0,12.9,2,0,0,11,22,1,33,1,6,0.0,0.0,0,63.0,13.0,18.0,41.9,,,,,,,,,,,,,,,,,,,,,,,,,,,,,,,,,,,,,,,,,,,,,,,,,,,,,,Forward,0.15503875968992248,0.07751937984496124,0.18604651162790697,0.27906976744186046,5.813953488372093,7.906976744186046,9.689922480620154,2.4806201550387597,0.9302325581395349,0.07751937984496124,3.333333333333333,37.984496124031004,-2.7695628372093033,13.720930232558139,-0.3999999999999999,0.7832167832167832,94.94773519163763,55.1,61.217108440772165
550,Koni De Winter,be BEL,DF,Milan,it Serie A,23.0,2002.0,10,5,557,6.2,0,0,0,0,0,0,0,0,0.2,0.2,0.1,0.3,10.0,23.0,11.0,0.0,0.05,550,be BEL,DF,it Serie A,23-207,2002.0,6.2,0,4,0,0.0,0.65,0.0,0.0,,14.4,0.0,0,0,0.2,0.2,0.05,-0.2,-0.2,550,be BEL,DF,it Serie A,23-207,2002.0,6.2,333.0,378.0,88.1,6235.0,1978.0,0,0.1,0.3,-0.1,1.0,26.0,2.0,1.0,23.0,550,be BEL,DF,it Serie A,23-207,2002.0,6.2,378.0,365.0,12.0,2.0,0.0,1.0,2,9.0,0.0,0.0,0.0,0.0,333.0,1.0,1.0,550,be BEL,DF,it Serie A,23-207,2002.0,6.2,4.0,0.65,3.0,0.0,0.0,1.0,0.0,0.0,0.0,0.0,550,be BEL,DF,it Serie A,23-207,2002.0,6.2,6.0,3,4.0,2.0,0.0,1.0,100.0,0.0,6.0,3.0,3.0,1,7.0,36.0,1.0,550,be BEL,DF,it Serie A,23-207,2002.0,6.2,438.0,37.0,186.0,211.0,42.0,7.0,438.0,4.0,2.0,50.0,1.0,25.0,266.0,1495.0,799.0,10.0,5.0,0.0,3.0,2.0,324.0,11.0,696,be BEL,DF,it Serie A,23-207,2002.0,10,557,56,36.4,6.2,5,89.0,4,5,22.0,7,2.4,10,5,5,0.81,-0.12,11.5,7.4,4.1,0.65,550,be BEL,DF,it Serie A,23-207,2002.0,6.2,0,0,0,10,2,1,2,1,3,0.0,1.0,0,23.0,21.0,2.0,91.3,,,,,,,,,,,,,,,,,,,,,,,,,,,,,,,,,,,,,,,,,,,,,,,,,,,,,,Defender,0.0,0.0,0.03225806451612903,0.016129032258064516,1.6129032258064515,3.7096774193548385,1.7741935483870968,0.16129032258064516,0.9677419354838709,0.16129032258064516,0.3225806451612903,42.90322580645161,-3.0090258064516107,5.32258064516129,-0.2,0.14840182648401826,73.73029772329247,18.5,62.219660525985205
555,Liam Delap,eng ENG,FW,Chelsea,eng Premier League,22.0,2003.0,11,7,485,5.4,0,0,0,0,0,0,2,0,1.4,1.4,0.0,1.4,11.0,7.0,36.0,0.0,0.27,555,eng ENG,FW,eng Premier League,22-331,2003.0,5.4,0,17,6,35.3,3.15,1.11,0.0,0.0,16.0,0.0,0,0,1.4,1.4,0.08,-1.4,-1.4,555,eng ENG,FW,eng Premier League,22-331,2003.0,5.4,57.0,85.0,67.1,734.0,119.0,0,0.0,0.1,0.0,0.0,1.0,3.0,0.0,7.0,555,eng ENG,FW,eng Premier League,22-331,2003.0,5.4,85.0,84.0,1.0,0.0,1.0,0.0,4,1.0,0.0,0.0,0.0,0.0,57.0,0.0,3.0,555,eng ENG,FW,eng Premier League,22-331,2003.0,5.4,3.0,0.56,2.0,0.0,0.0,1.0,0.0,0.0,0.0,0.0,555,eng ENG,FW,eng Premier League,22-331,2003.0,5.4,1.0,1,0.0,0.0,1.0,4.0,25.0,3.0,0.0,0.0,0.0,0,1.0,5.0,1.0,555,eng ENG,FW,eng Premier League,22-331,2003.0,5.4,136.0,5.0,7.0,50.0,81.0,28.0,136.0,5.0,3.0,60.0,1.0,20.0,97.0,492.0,213.0,11.0,7.0,5.0,16.0,11.0,123.0,36.0,701,eng ENG,FW,eng Premier League,22-331,2003.0,11,485,44,26.9,5.4,7,54.0,0,4,26.0,0,1.55,11,7,4,0.74,0.26,10.0,5.9,4.0,0.74,555,eng ENG,FW,eng Premier League,22-331,2003.0,5.4,2,0,0,9,12,2,4,0,1,0.0,0.0,0,7.0,11.0,16.0,40.7,,,,,,,,,,,,,,,,,,,,,,,,,,,,,,,,,,,,,,,,,,,,,,,,,,,,,,Forward,0.0,0.0,0.25925925925925924,0.0,2.0370370370370368,1.2962962962962963,6.666666666666666,0.0,0.18518518518518517,0.0,0.5555555555555555,17.962962962962962,-7.659965777777778,3.333333333333333,-1.4,0.411764705882353,73.69337979094077,24.2,59.33444427611978
556,Fisayo Dele-Bashiru,ng NGA,MF,Lazio,it Serie A,24.0,2001.0,7,4,274,3.0,0,0,0,0,0,0,0,0,0.0,0.0,0.1,0.1,4.0,6.0,12.0,0.0,0.04,556,ng NGA,MF,it Serie A,24-333,2001.0,3.0,0,1,0,0.0,0.33,0.0,0.0,,16.7,0.0,0,0,0.0,0.0,0.04,0.0,0.0,556,ng NGA,MF,it Serie A,24-333,2001.0,3.0,95.0,103.0,92.2,1358.0,127.0,0,0.1,0.1,-0.1,3.0,7.0,1.0,0.0,6.0,556,ng NGA,MF,it Serie A,24-333,2001.0,3.0,103.0,103.0,0.0,0.0,0.0,0.0,0,0.0,0.0,0.0,0.0,0.0,95.0,0.0,0.0,556,ng NGA,MF,it Serie A,24-333,2001.0,3.0,4.0,1.31,4.0,0.0,0.0,0.0,0.0,0.0,0.0,0.0,556,ng NGA,MF,it Serie A,24-333,2001.0,3.0,5.0,4,1.0,3.0,1.0,1.0,100.0,0.0,1.0,0.0,1.0,1,6.0,5.0,2.0,556,ng NGA,MF,it Serie A,24-333,2001.0,3.0,135.0,10.0,24.0,69.0,42.0,5.0,135.0,5.0,1.0,20.0,4.0,80.0,47.0,300.0,130.0,4.0,4.0,2.0,5.0,4.0,90.0,12.0,702,ng NGA,MF,it Serie A,24-333,2001.0,7,274,39,16.9,3.0,4,52.0,0,3,22.0,0,1.0,4,2,2,0.66,0.52,4.1,2.8,1.4,0.44,556,ng NGA,MF,it Serie A,24-333,2001.0,3.0,0,0,0,1,0,2,0,1,4,0.0,0.0,0,13.0,1.0,4.0,20.0,,,,,,,,,,,,,,,,,,,,,,,,,,,,,,,,,,,,,,,,,,,,,,,,,,,,,,Midfielder,0.0,0.0,0.0,0.03333333333333333,1.3333333333333333,2.0,4.0,1.0,1.6666666666666667,0.3333333333333333,0.3333333333333333,15.666666666666666,-5.087345333333333,3.3333333333333335,0.0,0.9703703703703704,49.797570850202426,3.4,48.16012654758455
561,Rav van den Berg,nl NED,DF,Köln,de Bundesliga,21.0,2004.0,6,5,500,5.6,0,0,0,0,0,0,0,1,0.0,0.0,0.0,0.0,1.0,15.0,0.0,0.0,0.0,561,nl NED,DF,de Bundesliga,21-182,2004.0,5.6,0,0,0,,0.0,0.0,,,,0.0,0,0,0.0,0.0,,0.0,0.0,561,nl NED,DF,de Bundesliga,21-182,2004.0,5.6,347.0,365.0,95.1,6172.0,2008.0,0,0.0,0.0,0.0,0.0,14.0,0.0,0.0,15.0,561,nl NED,DF,de Bundesliga,21-182,2004.0,5.6,365.0,362.0,3.0,2.0,0.0,1.0,0,1.0,0.0,0.0,0.0,0.0,347.0,0.0,0.0,561,nl NED,DF,de Bundesliga,21-182,2004.0,5.6,1.0,0.18,1.0,0.0,0.0,0.0,0.0,0.0,0.0,0.0,561,nl NED,DF,de Bundesliga,21-182,2004.0,5.6,6.0,4,4.0,2.0,0.0,6.0,83.3,1.0,10.0,6.0,4.0,2,8.0,32.0,1.0,561,nl NED,DF,de Bundesliga,21-182,2004.0,5.6,423.0,39.0,192.0,227.0,4.0,1.0,423.0,0.0,0.0,,0.0,,289.0,1057.0,535.0,1.0,0.0,0.0,4.0,0.0,321.0,0.0,710,nl NED,DF,de Bundesliga,21-182,2004.0,6,500,83,37.0,5.6,5,84.0,3,1,79.0,1,1.0,7,7,0,0.0,0.21,6.6,5.6,1.1,0.19,561,nl NED,DF,de Bundesliga,21-182,2004.0,5.6,0,1,0,3,1,0,0,2,4,0.0,0.0,0,14.0,10.0,10.0,50.0,,,,,,,,,,,,,,,,,,,,,,,,,,,,,,,,,,,,,,,,,,,,,,,,,,,,,,Defender,0.0,0.0,0.0,0.0,0.17857142857142858,2.678571428571429,0.0,0.0,1.0714285714285714,0.35714285714285715,0.0,51.60714285714286,-4.297457142857142,2.857142857142857,0.0,0.0425531914893617,60.42031523642733,8.3,55.78976476124407
562,Sepp van den Berg,nl NED,DF,Brentford,eng Premier League,24.0,2001.0,17,17,1530,17.0,0,0,0,0,0,0,1,0,1.6,1.6,0.5,2.1,13.0,35.0,9.0,0.0,0.13,562,nl NED,DF,eng Premier League,24-016,2001.0,17.0,0,10,4,40.0,0.59,0.24,0.0,0.0,9.0,0.0,0,0,1.6,1.6,0.16,-1.6,-1.6,562,nl NED,DF,eng Premier League,24-016,2001.0,17.0,674.0,758.0,88.9,12694.0,4043.0,0,0.5,0.2,-0.5,2.0,34.0,2.0,0.0,35.0,562,nl NED,DF,eng Premier League,24-016,2001.0,17.0,758.0,725.0,32.0,6.0,0.0,4.0,0,3.0,0.0,0.0,0.0,0.0,674.0,1.0,4.0,562,nl NED,DF,eng Premier League,24-016,2001.0,17.0,7.0,0.41,4.0,2.0,0.0,1.0,0.0,0.0,1.0,0.06,562,nl NED,DF,eng Premier League,24-016,2001.0,17.0,12.0,5,8.0,4.0,0.0,9.0,66.7,3.0,13.0,9.0,4.0,13,25.0,118.0,2.0,562,nl NED,DF,eng Premier League,24-016,2001.0,17.0,950.0,174.0,499.0,414.0,41.0,24.0,950.0,0.0,0.0,,0.0,,446.0,2394.0,1392.0,13.0,2.0,0.0,7.0,2.0,563.0,9.0,711,nl NED,DF,eng Premier League,24-016,2001.0,17,1530,90,85.0,17.0,17,90.0,17,0,,2,1.35,24,25,-1,-0.06,-1.73,23.7,22.2,1.5,0.09,562,nl NED,DF,eng Premier League,24-016,2001.0,17.0,1,0,0,9,5,0,0,13,5,0.0,0.0,0,56.0,71.0,36.0,66.4,,,,,,,,,,,,,,,,,,,,,,,,,,,,,,,,,,,,,,,,,,,,,,,,,,,,,,Defender,0.0,0.0,0.09411764705882353,0.029411764705882353,0.7647058823529411,2.0588235294117645,0.5294117647058824,0.11764705882352941,0.7058823529411765,0.7647058823529411,0.11764705882352941,26.235294117647058,-8.114264705882352,2.823529411764706,-1.6,0.0431578947368421,22.066549912434326,1.0,21.848069220232006
568,Justin Devenny,nir NIR,"MF,DF",Crystal Palace,eng Premier League,22.0,2003.0,16,3,424,4.7,1,0,1,0,1,1,0,0,2.4,1.6,0.2,1.8,11.0,12.0,31.0,0.0,0.55,568,nir NIR,"MF,DF",eng Premier League,22-086,2003.0,4.7,1,11,3,27.3,2.33,0.64,0.0,0.0,15.6,1.0,1,1,2.4,1.6,0.15,-1.4,-1.6,568,nir NIR,"MF,DF",eng Premier League,22-086,2003.0,4.7,103.0,151.0,68.2,1690.0,400.0,0,0.2,0.3,-0.2,6.0,9.0,1.0,0.0,12.0,568,nir NIR,"MF,DF",eng Premier League,22-086,2003.0,4.7,151.0,140.0,7.0,1.0,1.0,1.0,8,4.0,0.0,0.0,0.0,0.0,103.0,4.0,9.0,568,nir NIR,"MF,DF",eng Premier League,22-086,2003.0,4.7,14.0,2.97,14.0,0.0,0.0,0.0,0.0,0.0,0.0,0.0,568,nir NIR,"MF,DF",eng Premier League,22-086,2003.0,4.7,13.0,8,5.0,7.0,1.0,20.0,45.0,11.0,7.0,0.0,7.0,0,13.0,3.0,0.0,568,nir NIR,"MF,DF",eng Premier League,22-086,2003.0,4.7,223.0,3.0,37.0,97.0,92.0,25.0,222.0,12.0,2.0,16.7,8.0,66.7,117.0,621.0,359.0,11.0,11.0,2.0,14.0,8.0,143.0,31.0,718,nir NIR,"MF,DF",eng Premier League,22-086,2003.0,16,424,27,23.6,4.7,3,77.0,0,13,15.0,4,1.56,5,8,-3,-0.64,-0.77,9.1,6.4,2.7,0.57,568,nir NIR,"MF,DF",eng Premier League,22-086,2003.0,4.7,0,0,0,8,6,1,8,0,8,0.0,0.0,0,21.0,2.0,14.0,12.5,,,,,,,,,,,,,,,,,,,,,,,,,,,,,,,,,,,,,,,,,,,,,,,,,,,,,,Midfielder,0.2127659574468085,0.0,0.5106382978723404,0.0425531914893617,2.3404255319148937,2.553191489361702,6.595744680851063,1.276595744680851,2.7659574468085104,0.0,0.2127659574468085,24.893617021276594,-3.131558893617022,4.8936170212765955,-1.4,1.3318385650224216,68.28609986504723,12.6,60.64484890323911
577,Bafodé Diakité,fr FRA,DF,Bournemouth,eng Premier League,24.0,2001.0,15,15,1260,14.0,0,0,0,0,0,0,1,0,0.0,0.0,0.1,0.1,4.0,44.0,3.0,0.0,0.01,577,fr FRA,DF,eng Premier League,24-364,2001.0,14.0,0,1,0,0.0,0.07,0.0,0.0,,11.0,0.0,0,0,0.0,0.0,0.02,0.0,0.0,577,fr FRA,DF,eng Premier League,24-364,2001.0,14.0,657.0,745.0,88.2,13071.0,4575.0,0,0.1,0.2,-0.1,3.0,59.0,1.0,0.0,44.0,577,fr FRA,DF,eng Premier League,24-364,2001.0,14.0,745.0,723.0,22.0,20.0,1.0,3.0,1,0.0,0.0,0.0,0.0,0.0,657.0,0.0,4.0,577,fr FRA,DF,eng Premier League,24-364,2001.0,14.0,10.0,0.71,10.0,0.0,0.0,0.0,0.0,0.0,0.0,0.0,577,fr FRA,DF,eng Premier League,24-364,2001.0,14.0,20.0,15,13.0,7.0,0.0,15.0,80.0,3.0,15.0,5.0,10.0,12,32.0,81.0,1.0,577,fr FRA,DF,eng Premier League,24-364,2001.0,14.0,898.0,91.0,413.0,447.0,39.0,10.0,898.0,3.0,0.0,0.0,3.0,100.0,518.0,2414.0,1456.0,4.0,11.0,0.0,4.0,1.0,586.0,3.0,729,fr FRA,DF,eng Premier League,24-364,2001.0,15,1260,84,70.0,14.0,15,84.0,13,0,,4,1.07,20,26,-6,-0.43,-0.26,17.2,21.8,-4.6,-0.33,577,fr FRA,DF,eng Premier League,24-364,2001.0,14.0,1,0,0,8,5,2,1,12,15,0.0,1.0,0,48.0,34.0,36.0,48.6,,,,,,,,,,,,,,,,,,,,,,,,,,,,,,,,,,,,,,,,,,,,,,,,,,,,,,Defender,0.0,0.0,0.0,0.0071428571428571435,0.2857142857142857,3.142857142857143,0.21428571428571427,0.21428571428571427,1.4285714285714286,0.8571428571428571,0.07142857142857142,37.0,-5.015457142857142,3.4285714285714284,0.0,0.07906458797327394,53.06479859894922,6.5,49.826101970844334
578,Amad Diallo,ci CIV,"DF,MF",Manchester Utd,eng Premier League,23.0,2002.0,15,14,1203,13.4,2,2,4,2,0,0,1,0,3.7,3.7,3.0,6.6,71.0,49.0,122.0,0.3,0.5,578,ci CIV,"DF,MF",eng Premier League,23-178,2002.0,13.4,2,28,8,28.6,2.09,0.6,0.07,0.25,16.0,0.0,0,0,3.7,3.7,0.13,-1.7,-1.7,578,ci CIV,"DF,MF",eng Premier League,23-178,2002.0,13.4,498.0,589.0,84.6,7440.0,1677.0,2,3.0,2.8,-1.0,28.0,20.0,19.0,4.0,49.0,578,ci CIV,"DF,MF",eng Premier League,23-178,2002.0,13.4,589.0,524.0,64.0,3.0,3.0,3.0,28,52.0,8.0,6.0,0.0,0.0,498.0,1.0,11.0,578,ci CIV,"DF,MF",eng Premier League,23-178,2002.0,13.4,64.0,4.79,45.0,3.0,6.0,6.0,3.0,1.0,8.0,0.6,578,ci CIV,"DF,MF",eng Premier League,23-178,2002.0,13.4,22.0,14,6.0,10.0,6.0,23.0,43.5,13.0,8.0,1.0,7.0,7,29.0,23.0,0.0,578,ci CIV,"DF,MF",eng Premier League,23-178,2002.0,13.4,751.0,24.0,108.0,298.0,353.0,72.0,751.0,44.0,21.0,47.7,20.0,45.5,451.0,2900.0,1701.0,71.0,33.0,32.0,25.0,13.0,508.0,122.0,730,ci CIV,"DF,MF",eng Premier League,23-178,2002.0,15,1203,80,66.8,13.4,14,83.0,10,1,36.0,0,1.73,26,18,8,0.6,1.2,25.9,15.6,10.3,0.77,578,ci CIV,"DF,MF",eng Premier League,23-178,2002.0,13.4,1,0,0,11,25,5,28,7,14,1.0,0.0,0,60.0,9.0,14.0,39.1,,,,,,,,,,,,,,,,,,,,,,,,,,,,,,,,,,,,,,,,,,,,,,,,,,,,,,Midfielder,0.14925373134328357,0.14925373134328357,0.27611940298507465,0.22388059701492538,5.298507462686567,3.656716417910448,9.104477611940299,2.08955223880597,1.6417910447761193,0.5223880597014925,1.417910447761194,33.656716417910445,0.23824632835820836,8.955223880597014,-1.7000000000000002,0.6378162450066578,92.3076923076923,57.4,58.645293715179356
582,Assane Diao,sn SEN,FW,Como,it Serie A,20.0,2005.0,6,4,314,3.5,0,0,0,0,0,0,0,0,0.3,0.3,0.0,0.3,23.0,10.0,37.0,0.0,0.08,582,sn SEN,FW,it Serie A,20-120,2005.0,3.5,0,5,1,20.0,1.43,0.29,0.0,0.0,24.7,0.0,0,0,0.3,0.3,0.05,-0.3,-0.3,582,sn SEN,FW,it Serie A,20-120,2005.0,3.5,79.0,110.0,71.8,1031.0,188.0,0,0.0,0.1,0.0,1.0,2.0,2.0,1.0,10.0,582,sn SEN,FW,it Serie A,20-120,2005.0,3.5,110.0,106.0,4.0,2.0,2.0,0.0,6,2.0,0.0,0.0,0.0,0.0,79.0,0.0,5.0,582,sn SEN,FW,it Serie A,20-120,2005.0,3.5,7.0,2.01,3.0,1.0,2.0,0.0,1.0,0.0,0.0,0.0,582,sn SEN,FW,it Serie A,20-120,2005.0,3.5,1.0,0,0.0,1.0,0.0,2.0,0.0,2.0,2.0,0.0,2.0,1,2.0,1.0,0.0,582,sn SEN,FW,it Serie A,20-120,2005.0,3.5,146.0,2.0,10.0,62.0,80.0,10.0,146.0,17.0,7.0,41.2,10.0,58.8,112.0,1040.0,491.0,23.0,19.0,4.0,7.0,7.0,122.0,37.0,735,sn SEN,FW,it Serie A,20-120,2005.0,6,314,52,20.5,3.5,4,56.0,1,2,45.0,1,1.0,1,4,-3,-0.86,-1.9,3.5,4.4,-0.9,-0.26,582,sn SEN,FW,it Serie A,20-120,2005.0,3.5,0,0,0,5,11,0,6,1,0,0.0,0.0,0,13.0,0.0,4.0,0.0,,,,,,,,,,,,,,,,,,,,,,,,,,,,,,,,,,,,,,,,,,,,,,,,,,,,,,Forward,0.0,0.0,0.08571428571428572,0.0,6.571428571428571,2.857142857142857,10.571428571428571,0.2857142857142857,0.2857142857142857,0.2857142857142857,0.5714285714285714,32.0,2.5158505714285706,9.428571428571429,-0.3,1.3767123287671232,99.30313588850174,53.1,64.86161717080454
584,Habib Diarra,sn SEN,MF,Sunderland,eng Premier League,22.0,2004.0,5,4,372,4.1,0,0,0,0,0,0,1,0,0.6,0.6,0.0,0.6,10.0,13.0,18.0,0.0,0.15,584,sn SEN,MF,eng Premier League,22-002,2004.0,4.1,0,6,1,16.7,1.45,0.24,0.0,0.0,19.4,0.0,0,0,0.6,0.6,0.1,-0.6,-0.6,584,sn SEN,MF,eng Premier League,22-002,2004.0,4.1,96.0,126.0,76.2,1361.0,229.0,0,0.0,0.1,0.0,1.0,12.0,2.0,0.0,13.0,584,sn SEN,MF,eng Premier League,22-002,2004.0,4.1,126.0,126.0,0.0,0.0,0.0,0.0,8,0.0,0.0,0.0,0.0,0.0,96.0,0.0,6.0,584,sn SEN,MF,eng Premier League,22-002,2004.0,4.1,6.0,1.45,3.0,0.0,1.0,1.0,1.0,0.0,1.0,0.24,584,sn SEN,MF,eng Premier League,22-002,2004.0,4.1,3.0,1,2.0,1.0,0.0,3.0,33.3,2.0,1.0,0.0,1.0,2,5.0,7.0,0.0,584,sn SEN,MF,eng Premier League,22-002,2004.0,4.1,153.0,5.0,23.0,76.0,59.0,10.0,153.0,5.0,1.0,20.0,4.0,80.0,112.0,532.0,252.0,10.0,8.0,3.0,1.0,3.0,122.0,18.0,737,sn SEN,MF,eng Premier League,22-002,2004.0,5,372,74,20.7,4.1,4,86.0,2,1,27.0,0,1.6,4,2,2,0.48,0.48,3.4,4.4,-1.1,-0.26,584,sn SEN,MF,eng Premier League,22-002,2004.0,4.1,1,0,0,4,1,0,8,2,1,1.0,0.0,0,10.0,3.0,3.0,50.0,,,,,,,,,,,,,,,,,,,,,,,,,,,,,,,,,,,,,,,,,,,,,,,,,,,,,,Midfielder,0.0,0.0,0.14634146341463417,0.0,2.439024390243903,3.1707317073170733,4.390243902439025,0.24390243902439027,0.7317073170731708,0.48780487804878053,0.48780487804878053,27.31707317073171,-2.5518734634146343,5.609756097560976,-0.6,0.9477124183006536,74.08906882591093,17.3,63.16203650972798
590,Junior Diaz,ci CIV,DF,Brest,fr Ligue 1,22.0,2003.0,8,7,649,7.2,0,0,0,0,0,0,0,0,0.1,0.1,0.0,0.2,4.0,21.0,3.0,0.0,0.02,590,ci CIV,DF,fr Ligue 1,22-166,2003.0,7.2,0,3,0,0.0,0.42,0.0,0.0,,10.6,0.0,0,0,0.1,0.1,0.05,-0.1,-0.1,590,ci CIV,DF,fr Ligue 1,22-166,2003.0,7.2,242.0,285.0,84.9,5409.0,1539.0,0,0.0,0.1,0.0,1.0,11.0,1.0,0.0,21.0,590,ci CIV,DF,fr Ligue 1,22-166,2003.0,7.2,285.0,279.0,5.0,4.0,0.0,6.0,0,1.0,0.0,0.0,0.0,0.0,242.0,1.0,5.0,590,ci CIV,DF,fr Ligue 1,22-166,2003.0,7.2,4.0,0.55,2.0,0.0,0.0,1.0,1.0,0.0,1.0,0.14,590,ci CIV,DF,fr Ligue 1,22-166,2003.0,7.2,9.0,7,3.0,6.0,0.0,7.0,71.4,2.0,6.0,5.0,1.0,9,18.0,43.0,0.0,590,ci CIV,DF,fr Ligue 1,22-166,2003.0,7.2,360.0,56.0,188.0,160.0,16.0,8.0,360.0,2.0,2.0,100.0,0.0,0.0,197.0,921.0,517.0,4.0,4.0,1.0,4.0,0.0,229.0,3.0,747,ci CIV,DF,fr Ligue 1,22-166,2003.0,8,649,81,42.4,7.2,7,90.0,7,1,19.0,9,1.25,10,10,0,0.0,0.41,11.9,11.3,0.6,0.08,590,ci CIV,DF,fr Ligue 1,22-166,2003.0,7.2,0,0,0,2,3,0,0,9,7,1.0,0.0,0,24.0,10.0,13.0,43.5,,,,,,,,,,,,,,,,,,,,,,,,,,,,,,,,,,,,,,,,,,,,,,,,,,,,,,Defender,0.0,0.0,0.01388888888888889,0.0,0.5555555555555556,2.9166666666666665,0.41666666666666663,0.1388888888888889,1.25,1.25,0.1388888888888889,27.36111111111111,-5.191283333333331,3.4722222222222223,-0.1,0.1527777777777778,51.31348511383538,3.5,49.57824648679746
593,Tyler Dibling,eng ENG,FW,Everton,eng Premier League,19.0,2006.0,11,4,326,3.6,0,0,0,0,0,0,2,0,0.2,0.2,0.2,0.4,11.0,3.0,14.0,0.0,0.1,593,eng ENG,FW,eng Premier League,19-299,2006.0,3.6,0,4,0,0.0,1.1,0.0,0.0,,15.8,0.0,0,0,0.2,0.2,0.05,-0.2,-0.2,593,eng ENG,FW,eng Premier League,19-299,2006.0,3.6,80.0,98.0,81.6,1155.0,196.0,0,0.2,0.1,-0.2,3.0,4.0,1.0,1.0,3.0,593,eng ENG,FW,eng Premier League,19-299,2006.0,3.6,98.0,98.0,0.0,0.0,0.0,0.0,7,0.0,0.0,0.0,0.0,0.0,80.0,0.0,1.0,593,eng ENG,FW,eng Premier League,19-299,2006.0,3.6,15.0,4.14,8.0,0.0,4.0,1.0,2.0,0.0,0.0,0.0,593,eng ENG,FW,eng Premier League,19-299,2006.0,3.6,7.0,3,3.0,2.0,2.0,9.0,44.4,5.0,4.0,1.0,3.0,6,13.0,5.0,0.0,593,eng ENG,FW,eng Premier League,19-299,2006.0,3.6,158.0,6.0,32.0,67.0,62.0,8.0,158.0,22.0,9.0,40.9,9.0,40.9,90.0,571.0,290.0,11.0,7.0,2.0,11.0,8.0,96.0,14.0,750,eng ENG,FW,eng Premier League,19-299,2006.0,11,326,30,18.1,3.6,4,67.0,1,7,8.0,7,1.0,2,2,0,0.0,0.12,3.0,5.7,-2.7,-0.74,593,eng ENG,FW,eng Premier League,19-299,2006.0,3.6,2,0,0,9,10,0,7,6,3,0.0,0.0,0,21.0,0.0,4.0,0.0,,,,,,,,,,,,,,,,,,,,,,,,,,,,,,,,,,,,,,,,,,,,,,,,,,,,,,Forward,0.0,0.0,0.05555555555555556,0.05555555555555556,3.0555555555555554,0.8333333333333333,3.888888888888889,0.8333333333333333,1.9444444444444444,1.6666666666666665,0.2777777777777778,25.0,-5.650444222222223,3.888888888888889,-0.2,2.620253164556962,85.88850174216029,47.3,58.30855515421607
602,Sinaly Diomande,ci CIV,DF,Auxerre,fr Ligue 1,24.0,2001.0,7,7,607,6.7,1,0,1,1,0,0,2,1,1.2,1.2,0.0,1.2,3.0,17.0,1.0,0.15,0.18,602,ci CIV,DF,fr Ligue 1,24-271,2001.0,6.7,1,3,1,33.3,0.44,0.15,0.33,1.0,6.0,0.0,0,0,1.2,1.2,0.4,-0.2,-0.2,602,ci CIV,DF,fr Ligue 1,24-271,2001.0,6.7,250.0,277.0,90.3,5386.0,2078.0,0,0.0,0.0,0.0,1.0,23.0,0.0,0.0,17.0,602,ci CIV,DF,fr Ligue 1,24-271,2001.0,6.7,277.0,260.0,16.0,10.0,0.0,1.0,0,2.0,0.0,0.0,0.0,0.0,250.0,1.0,0.0,602,ci CIV,DF,fr Ligue 1,24-271,2001.0,6.7,2.0,0.3,2.0,0.0,0.0,0.0,0.0,0.0,0.0,0.0,602,ci CIV,DF,fr Ligue 1,24-271,2001.0,6.7,7.0,4,5.0,2.0,0.0,7.0,14.3,6.0,4.0,1.0,3.0,14,21.0,30.0,0.0,602,ci CIV,DF,fr Ligue 1,24-271,2001.0,6.7,352.0,48.0,195.0,144.0,18.0,5.0,352.0,2.0,2.0,100.0,0.0,0.0,199.0,823.0,493.0,3.0,2.0,0.0,6.0,0.0,230.0,1.0,761,ci CIV,DF,fr Ligue 1,24-271,2001.0,7,607,87,39.7,6.7,7,87.0,5,0,,1,0.71,7,12,-5,-0.74,0.04,10.1,9.9,0.2,0.02,602,ci CIV,DF,fr Ligue 1,24-271,2001.0,6.7,2,1,1,8,8,0,0,14,4,0.0,0.0,0,18.0,9.0,6.0,60.0,,,,,,,,,,,,,,,,,,,,,,,,,,,,,,,,,,,,,,,,,,,,,,,,,,,,,,Defender,0.14925373134328357,0.0,0.1791044776119403,0.0,0.44776119402985076,2.5373134328358207,0.14925373134328357,0.14925373134328357,1.044776119402985,2.08955223880597,0.0,29.70149253731343,-8.406071641791044,2.9850746268656714,-0.19999999999999996,0.08522727272727272,19.96497373029772,1.0,19.767300723067052
603,Yan Diomandé,ci CIV,FW,RB Leipzig,de Bundesliga,19.0,2006.0,14,10,888,9.9,6,2,8,6,0,0,2,0,3.2,3.2,1.1,4.3,62.0,40.0,78.0,0.81,0.44,603,ci CIV,FW,de Bundesliga,19-052,2006.0,9.9,6,23,13,56.5,2.33,1.32,0.26,0.46,15.9,0.0,0,0,3.2,3.2,0.14,2.8,2.8,603,ci CIV,FW,de Bundesliga,19-052,2006.0,9.9,308.0,379.0,81.3,4476.0,1068.0,2,1.1,2.0,0.9,14.0,15.0,14.0,0.0,40.0,603,ci CIV,FW,de Bundesliga,19-052,2006.0,9.9,379.0,375.0,3.0,0.0,4.0,3.0,9,3.0,0.0,0.0,0.0,0.0,308.0,1.0,14.0,603,ci CIV,FW,de Bundesliga,19-052,2006.0,9.9,46.0,4.66,31.0,0.0,11.0,2.0,2.0,0.0,8.0,0.81,603,ci CIV,FW,de Bundesliga,19-052,2006.0,9.9,13.0,8,6.0,4.0,3.0,10.0,30.0,7.0,12.0,1.0,11.0,7,20.0,5.0,0.0,603,ci CIV,FW,de Bundesliga,19-052,2006.0,9.9,546.0,9.0,87.0,223.0,254.0,68.0,546.0,72.0,42.0,58.3,30.0,41.7,343.0,2799.0,1749.0,62.0,39.0,33.0,28.0,23.0,376.0,78.0,762,ci CIV,FW,de Bundesliga,19-052,2006.0,14,888,63,65.8,9.9,10,79.0,3,4,26.0,0,2.07,23,10,13,1.32,1.71,18.7,13.2,5.4,0.55,603,ci CIV,FW,de Bundesliga,19-052,2006.0,9.9,2,0,0,6,10,2,9,7,8,0.0,0.0,0,57.0,2.0,15.0,11.8,,,,,,,,,,,,,,,,,,,,,,,,,,,,,,,,,,,,,,,,,,,,,,,,,,,,,,Forward,0.6060606060606061,0.20202020202020202,0.32323232323232326,0.11111111111111112,6.262626262626262,4.040404040404041,7.878787878787879,1.4141414141414141,1.3131313131313131,0.7070707070707071,1.4141414141414141,34.64646464646464,1.201716858585856,10.303030303030303,2.8,0.8534798534798536,98.60627177700349,82.8,53.94216180361241
609,El Hadji Malick Diouf,sn SEN,DF,West Ham,eng Premier League,21.0,2004.0,16,15,1387,15.4,0,3,3,0,0,0,3,0,0.4,0.4,0.8,1.2,18.0,36.0,63.0,0.19,0.08,609,sn SEN,DF,eng Premier League,21-008,2004.0,15.4,0,12,1,8.3,0.78,0.06,0.0,0.0,22.8,0.0,0,0,0.4,0.4,0.03,-0.4,-0.4,609,sn SEN,DF,eng Premier League,21-008,2004.0,15.4,463.0,647.0,71.6,7513.0,2642.0,3,0.8,0.8,2.2,8.0,27.0,10.0,5.0,36.0,609,sn SEN,DF,eng Premier League,21-008,2004.0,15.4,647.0,516.0,128.0,6.0,3.0,3.0,56,115.0,7.0,6.0,1.0,0.0,463.0,3.0,19.0,609,sn SEN,DF,eng Premier League,21-008,2004.0,15.4,19.0,1.23,12.0,4.0,2.0,1.0,0.0,0.0,4.0,0.26,609,sn SEN,DF,eng Premier League,21-008,2004.0,15.4,19.0,8,9.0,8.0,2.0,13.0,46.2,7.0,13.0,6.0,7.0,16,35.0,69.0,1.0,609,sn SEN,DF,eng Premier League,21-008,2004.0,15.4,836.0,69.0,293.0,333.0,216.0,13.0,836.0,25.0,11.0,44.0,14.0,56.0,372.0,1801.0,846.0,18.0,21.0,1.0,27.0,11.0,450.0,63.0,769,sn SEN,DF,eng Premier League,21-008,2004.0,16,1387,87,77.1,15.4,15,89.0,14,1,45.0,0,0.81,19,30,-11,-0.71,1.25,16.0,24.0,-8.0,-0.52,609,sn SEN,DF,eng Premier League,21-008,2004.0,15.4,3,0,0,15,12,0,56,16,8,0.0,1.0,0,54.0,19.0,22.0,46.3,,,,,,,,,,,,,,,,,,,,,,,,,,,,,,,,,,,,,,,,,,,,,,,,,,,,,,Defender,0.0,0.19480519480519481,0.025974025974025976,0.05194805194805195,1.1688311688311688,2.3376623376623376,4.090909090909091,0.5194805194805194,1.2337662337662338,1.0389610389610389,0.6493506493506493,24.155844155844154,-5.5174571428571415,3.5064935064935066,-0.4,0.1471291866028708,47.8108581436077,5.5,45.31834895128692
621,Josh Doig,sct SCO,DF,Sassuolo,it Serie A,23.0,2002.0,17,13,1167,13.0,0,0,0,0,0,0,4,0,0.4,0.4,1.0,1.4,27.0,46.0,40.0,0.0,0.11,621,sct SCO,DF,it Serie A,23-232,2002.0,13.0,0,6,2,33.3,0.46,0.15,0.0,0.0,21.1,0.0,0,0,0.4,0.4,0.07,-0.4,-0.4,621,sct SCO,DF,it Serie A,23-232,2002.0,13.0,456.0,578.0,78.9,7195.0,2748.0,0,1.0,0.6,-1.0,10.0,31.0,11.0,8.0,46.0,621,sct SCO,DF,it Serie A,23-232,2002.0,13.0,578.0,453.0,123.0,11.0,1.0,1.0,22,111.0,1.0,0.0,0.0,0.0,456.0,2.0,9.0,621,sct SCO,DF,it Serie A,23-232,2002.0,13.0,21.0,1.62,16.0,4.0,1.0,0.0,0.0,0.0,1.0,0.08,621,sct SCO,DF,it Serie A,23-232,2002.0,13.0,22.0,14,10.0,6.0,6.0,22.0,72.7,6.0,22.0,10.0,12.0,17,39.0,43.0,2.0,621,sct SCO,DF,it Serie A,23-232,2002.0,13.0,740.0,41.0,242.0,301.0,199.0,12.0,740.0,20.0,6.0,30.0,13.0,65.0,305.0,1899.0,1078.0,27.0,17.0,3.0,22.0,7.0,382.0,40.0,781,sct SCO,DF,it Serie A,23-232,2002.0,17,1167,69,72.0,13.0,13,83.0,7,4,23.0,1,1.18,14,15,-1,-0.08,-0.47,13.1,16.9,-3.9,-0.3,621,sct SCO,DF,it Serie A,23-232,2002.0,13.0,4,0,0,13,11,0,22,17,14,0.0,1.0,0,38.0,21.0,16.0,56.8,,,,,,,,,,,,,,,,,,,,,,,,,,,,,,,,,,,,,,,,,,,,,,,,,,,,,,Defender,0.0,0.0,0.03076923076923077,0.07692307692307693,2.076923076923077,3.5384615384615383,3.076923076923077,0.7692307692307693,1.6923076923076923,1.3076923076923077,0.8461538461538461,23.46153846153846,-3.698707692307689,5.615384615384615,-0.4,0.21891891891891893,66.54991243432575,12.0,59.419564673505135
622,Jeremy Doku,be BEL,"MF,FW",Manchester City,eng Premier League,23.0,2002.0,17,11,999,11.1,1,4,5,1,0,0,0,0,1.7,1.7,6.1,7.8,115.0,53.0,121.0,0.45,0.7,622,be BEL,"MF,FW",eng Premier League,23-223,2002.0,11.1,1,17,8,47.1,1.53,0.72,0.06,0.13,14.0,0.0,0,0,1.7,1.7,0.1,-0.7,-0.7,622,be BEL,"MF,FW",eng Premier League,23-223,2002.0,11.1,349.0,440.0,79.3,5167.0,1437.0,4,6.1,4.1,-2.1,36.0,26.0,35.0,8.0,53.0,622,be BEL,"MF,FW",eng Premier League,23-223,2002.0,11.1,440.0,437.0,3.0,0.0,11.0,0.0,35,3.0,0.0,0.0,0.0,0.0,349.0,0.0,12.0,622,be BEL,"MF,FW",eng Premier League,23-223,2002.0,11.1,81.0,7.3,55.0,0.0,17.0,5.0,1.0,3.0,8.0,0.72,622,be BEL,"MF,FW",eng Premier League,23-223,2002.0,11.1,11.0,8,4.0,2.0,5.0,9.0,44.4,5.0,4.0,0.0,4.0,8,19.0,0.0,0.0,622,be BEL,"MF,FW",eng Premier League,23-223,2002.0,11.1,607.0,2.0,48.0,198.0,373.0,88.0,607.0,101.0,54.0,53.5,37.0,36.6,472.0,4275.0,2744.0,115.0,45.0,57.0,46.0,30.0,499.0,121.0,782,be BEL,"MF,FW",eng Premier League,23-223,2002.0,17,999,59,55.5,11.1,11,76.0,2,6,27.0,0,1.94,31,10,21,1.89,1.33,23.8,12.1,11.7,1.05,622,be BEL,"MF,FW",eng Premier League,23-223,2002.0,11.1,0,0,0,14,27,3,35,8,8,1.0,0.0,0,45.0,2.0,6.0,25.0,,,,,,,,,,,,,,,,,,,,,,,,,,,,,,,,,,,,,,,,,,,,,,,,,,,,,,Forward,0.0900900900900901,0.3603603603603604,0.15315315315315314,0.5495495495495495,10.36036036036036,4.774774774774775,10.9009009009009,3.2432432432432434,0.990990990990991,0.7207207207207208,3.1531531531531534,42.52252252252252,7.383478630630631,15.135135135135135,-0.7,1.202635914332784,100.0,90.7,52.43838489774515
623,Tyrhys Dolan,eng ENG,"FW,MF",Espanyol,es La Liga,24.0,2001.0,17,14,1225,13.6,0,3,3,0,0,0,3,1,1.4,1.4,2.5,3.9,54.0,30.0,96.0,0.22,0.29,623,eng ENG,"FW,MF",es La Liga,24-008,2001.0,13.6,0,19,6,31.6,1.4,0.44,0.0,0.0,18.1,0.0,0,0,1.4,1.4,0.07,-1.4,-1.4,623,eng ENG,"FW,MF",es La Liga,24-008,2001.0,13.6,249.0,343.0,72.6,3709.0,990.0,3,2.5,2.2,0.5,16.0,19.0,16.0,9.0,30.0,623,eng ENG,"FW,MF",es La Liga,24-008,2001.0,13.6,343.0,328.0,12.0,4.0,1.0,0.0,56,0.0,7.0,0.0,6.0,0.0,249.0,3.0,9.0,623,eng ENG,"FW,MF",es La Liga,24-008,2001.0,13.6,42.0,3.09,27.0,2.0,4.0,2.0,7.0,0.0,7.0,0.51,623,eng ENG,"FW,MF",es La Liga,24-008,2001.0,13.6,31.0,21,14.0,11.0,6.0,21.0,57.1,9.0,15.0,0.0,15.0,6,37.0,9.0,0.0,623,eng ENG,"FW,MF",es La Liga,24-008,2001.0,13.6,538.0,7.0,71.0,214.0,268.0,44.0,538.0,49.0,15.0,30.6,29.0,59.2,323.0,2383.0,1199.0,54.0,29.0,12.0,42.0,21.0,348.0,96.0,783,eng ENG,"FW,MF",es La Liga,24-008,2001.0,17,1225,72,75.6,13.6,14,79.0,1,3,39.0,0,1.76,18,14,4,0.29,0.52,19.9,16.3,3.7,0.27,623,eng ENG,"FW,MF",es La Liga,24-008,2001.0,13.6,3,1,1,21,26,3,56,6,21,2.0,0.0,0,51.0,7.0,17.0,29.2,,,,,,,,,,,,,,,,,,,,,,,,,,,,,,,,,,,,,,,,,,,,,,,,,,,,,,Forward,0.0,0.22058823529411764,0.10294117647058823,0.18382352941176472,3.9705882352941178,2.2058823529411766,7.0588235294117645,1.1764705882352942,2.2794117647058822,0.4411764705882353,1.1764705882352942,23.75,-5.97275594117647,6.176470588235294,-1.4,0.5743494423791821,83.97212543554006,35.8,61.83514391424158
626,Carlos Dominguez,es ESP,DF,Celta Vigo,es La Liga,24.0,2001.0,6,4,436,4.8,0,0,0,0,0,0,1,0,0.0,0.0,0.1,0.1,2.0,10.0,0.0,0.0,0.02,626,es ESP,DF,es La Liga,24-328,2001.0,4.8,0,1,0,0.0,0.21,0.0,0.0,,11.7,0.0,0,0,0.0,0.0,0.04,0.0,0.0,626,es ESP,DF,es La Liga,24-328,2001.0,4.8,292.0,320.0,91.3,5140.0,1931.0,0,0.1,0.0,-0.1,1.0,14.0,0.0,0.0,10.0,626,es ESP,DF,es La Liga,24-328,2001.0,4.8,320.0,314.0,6.0,6.0,0.0,1.0,0,0.0,0.0,0.0,0.0,0.0,292.0,0.0,1.0,626,es ESP,DF,es La Liga,24-328,2001.0,4.8,6.0,1.24,5.0,0.0,0.0,0.0,0.0,1.0,1.0,0.21,626,es ESP,DF,es La Liga,24-328,2001.0,4.8,11.0,8,8.0,2.0,1.0,7.0,85.7,1.0,9.0,4.0,5.0,3,14.0,32.0,0.0,626,es ESP,DF,es La Liga,24-328,2001.0,4.8,386.0,45.0,195.0,186.0,6.0,1.0,386.0,2.0,0.0,0.0,2.0,100.0,201.0,905.0,514.0,2.0,1.0,0.0,2.0,1.0,271.0,0.0,788,es ESP,DF,es La Liga,24-328,2001.0,6,436,73,26.9,4.8,4,90.0,4,2,38.0,7,1.17,5,7,-2,-0.41,-0.87,6.6,7.1,-0.5,-0.1,626,es ESP,DF,es La Liga,24-328,2001.0,4.8,1,0,0,6,1,0,0,3,8,0.0,1.0,0,21.0,11.0,3.0,78.6,,,,,,,,,,,,,,,,,,,,,,,,,,,,,,,,,,,,,,,,,,,,,,,,,,,,,,Defender,0.0,0.0,0.0,0.020833333333333336,0.4166666666666667,2.0833333333333335,0.0,0.20833333333333334,2.291666666666667,0.625,0.0,41.875,-5.509712499999997,2.5,0.0,0.3212435233160622,47.98598949211909,2.4,46.861317863397545
631,Patrick Dorgu,dk DEN,"DF,FW",Manchester Utd,eng Premier League,21.0,2004.0,19,11,1075,11.9,1,2,3,1,0,0,5,0,1.0,1.0,2.0,3.1,41.0,21.0,102.0,0.25,0.26,631,dk DEN,"DF,FW",eng Premier League,21-071,2004.0,11.9,1,14,4,28.6,1.17,0.33,0.07,0.25,18.4,0.0,0,0,1.0,1.0,0.07,0.0,0.0,631,dk DEN,"DF,FW",eng Premier League,21-071,2004.0,11.9,341.0,482.0,70.7,4985.0,1182.0,2,2.0,1.2,0.0,18.0,9.0,19.0,9.0,21.0,631,dk DEN,"DF,FW",eng Premier League,21-071,2004.0,11.9,482.0,417.0,65.0,0.0,1.0,3.0,46,65.0,0.0,0.0,0.0,0.0,341.0,0.0,20.0,631,dk DEN,"DF,FW",eng Premier League,21-071,2004.0,11.9,36.0,3.01,29.0,0.0,2.0,2.0,2.0,1.0,3.0,0.25,631,dk DEN,"DF,FW",eng Premier League,21-071,2004.0,11.9,37.0,23,18.0,11.0,8.0,33.0,66.7,11.0,16.0,3.0,13.0,12,49.0,35.0,0.0,631,dk DEN,"DF,FW",eng Premier League,21-071,2004.0,11.9,690.0,34.0,167.0,241.0,292.0,46.0,690.0,39.0,8.0,20.5,24.0,61.5,345.0,1871.0,1001.0,41.0,19.0,12.0,31.0,13.0,421.0,102.0,795,dk DEN,"DF,FW",eng Premier League,21-071,2004.0,19,1075,57,59.7,11.9,11,85.0,8,8,17.0,1,1.47,12,17,-5,-0.42,-1.54,17.2,16.8,0.4,0.03,631,dk DEN,"DF,FW",eng Premier League,21-071,2004.0,11.9,5,0,0,16,35,6,46,12,23,0.0,0.0,0,47.0,32.0,31.0,50.8,,,,,,,,,,,,,,,,,,,,,,,,,,,,,,,,,,,,,,,,,,,,,,,,,,,,,,Forward,0.08403361344537814,0.1680672268907563,0.08403361344537814,0.1680672268907563,3.445378151260504,1.7647058823529411,8.571428571428571,1.5126050420168067,3.1092436974789917,1.0084033613445378,1.5966386554621848,28.991596638655462,-5.292929722689076,5.2100840336134455,0.0,0.436231884057971,87.45644599303137,63.3,53.55569258605718
634,Fodé Doucouré,ml MLI,"MF,FW",Le Havre,fr Ligue 1,24.0,2001.0,15,7,665,7.4,2,1,3,2,0,0,0,0,1.3,1.3,2.2,3.6,14.0,28.0,57.0,0.41,0.48,634,ml MLI,"MF,FW",fr Ligue 1,24-336,2001.0,7.4,2,13,5,38.5,1.76,0.68,0.15,0.4,17.7,0.0,0,0,1.3,1.3,0.1,0.7,0.7,634,ml MLI,"MF,FW",fr Ligue 1,24-336,2001.0,7.4,219.0,306.0,71.6,3600.0,1217.0,1,2.2,1.5,-1.2,13.0,13.0,13.0,7.0,28.0,634,ml MLI,"MF,FW",fr Ligue 1,24-336,2001.0,7.4,306.0,278.0,25.0,2.0,0.0,0.0,49,20.0,3.0,3.0,0.0,0.0,219.0,3.0,8.0,634,ml MLI,"MF,FW",fr Ligue 1,24-336,2001.0,7.4,30.0,4.07,25.0,1.0,0.0,4.0,0.0,0.0,2.0,0.27,634,ml MLI,"MF,FW",fr Ligue 1,24-336,2001.0,7.4,21.0,13,8.0,7.0,6.0,13.0,61.5,5.0,13.0,1.0,12.0,4,25.0,12.0,0.0,634,ml MLI,"MF,FW",fr Ligue 1,24-336,2001.0,7.4,398.0,12.0,71.0,148.0,180.0,24.0,398.0,10.0,3.0,30.0,7.0,70.0,186.0,939.0,463.0,14.0,13.0,2.0,14.0,6.0,232.0,57.0,799,ml MLI,"MF,FW",fr Ligue 1,24-336,2001.0,15,665,44,43.5,7.4,7,67.0,0,8,24.0,1,0.93,8,8,0,0.0,0.83,10.9,9.1,1.8,0.24,634,ml MLI,"MF,FW",fr Ligue 1,24-336,2001.0,7.4,0,0,0,6,3,2,49,4,13,0.0,0.0,0,31.0,5.0,7.0,41.7,,,,,,,,,,,,,,,,,,,,,,,,,,,,,,,,,,,,,,,,,,,,,,,,,,,,,,Forward,0.27027027027027023,0.13513513513513511,0.17567567567567569,0.2972972972972973,1.8918918918918919,3.7837837837837838,7.702702702702703,1.7567567567567566,2.8378378378378377,0.5405405405405405,1.7567567567567566,25.135135135135133,-10.523715162162162,5.675675675675675,0.7,1.0226130653266332,46.68989547038328,3.5,45.11101011631234
636,Désiré Doué,fr FRA,"FW,MF",Paris S-G,fr Ligue 1,20.0,2005.0,8,5,425,4.7,3,1,4,3,0,0,0,0,2.2,2.2,1.4,3.6,28.0,23.0,57.0,0.85,0.76,636,fr FRA,"FW,MF",fr Ligue 1,20-216,2005.0,4.7,3,15,6,40.0,3.18,1.27,0.2,0.5,20.1,2.0,0,0,2.2,2.2,0.15,0.8,0.8,636,fr FRA,"FW,MF",fr Ligue 1,20-216,2005.0,4.7,240.0,296.0,81.1,3578.0,630.0,1,1.4,1.0,-0.4,13.0,8.0,8.0,3.0,23.0,636,fr FRA,"FW,MF",fr Ligue 1,20-216,2005.0,4.7,296.0,274.0,21.0,0.0,2.0,4.0,21,7.0,8.0,2.0,1.0,0.0,240.0,1.0,3.0,636,fr FRA,"FW,MF",fr Ligue 1,20-216,2005.0,4.7,22.0,4.66,14.0,1.0,0.0,1.0,6.0,0.0,3.0,0.64,636,fr FRA,"FW,MF",fr Ligue 1,20-216,2005.0,4.7,15.0,9,0.0,8.0,7.0,8.0,62.5,3.0,7.0,1.0,6.0,3,18.0,1.0,1.0,636,fr FRA,"FW,MF",fr Ligue 1,20-216,2005.0,4.7,384.0,3.0,25.0,125.0,239.0,37.0,384.0,31.0,8.0,25.8,21.0,67.7,244.0,1572.0,686.0,28.0,13.0,18.0,10.0,14.0,305.0,57.0,801,fr FRA,"FW,MF",fr Ligue 1,20-216,2005.0,8,425,53,27.8,4.7,5,66.0,0,3,32.0,0,2.5,14,7,7,1.48,0.26,10.9,5.4,5.6,1.18,636,fr FRA,"FW,MF",fr Ligue 1,20-216,2005.0,4.7,0,0,0,8,11,0,21,3,9,2.0,0.0,0,18.0,0.0,0.0,50.0,,,,,,,,,,,,,,,,,,,,,,,,,,,,,,,,,,,,,,,,,,,,,,,,,,,,,,Forward,0.6382978723404255,0.2127659574468085,0.46808510638297873,0.2978723404255319,5.957446808510638,4.8936170212765955,12.127659574468085,2.7659574468085104,3.1914893617021276,0.6382978723404255,1.702127659574468,51.91489361702128,0.6887752340425521,10.851063829787234,0.7999999999999998,1.2135416666666667,98.25783972125436,60.9,61.067644326447706
637,Guela Doué,ci CIV,DF,Strasbourg,fr Ligue 1,23.0,2002.0,12,11,996,11.1,1,3,4,1,0,0,2,0,1.0,1.0,1.4,2.4,18.0,75.0,31.0,0.36,0.21,637,ci CIV,DF,fr Ligue 1,23-080,2002.0,11.1,1,3,2,66.7,0.27,0.18,0.33,0.5,18.1,0.0,0,0,1.0,1.0,0.33,0.0,0.0,637,ci CIV,DF,fr Ligue 1,23-080,2002.0,11.1,616.0,727.0,84.7,10385.0,3734.0,3,1.4,1.2,1.6,8.0,51.0,6.0,6.0,75.0,637,ci CIV,DF,fr Ligue 1,23-080,2002.0,11.1,727.0,651.0,74.0,15.0,3.0,0.0,25,59.0,0.0,0.0,0.0,0.0,616.0,2.0,10.0,637,ci CIV,DF,fr Ligue 1,23-080,2002.0,11.1,15.0,1.36,10.0,4.0,0.0,0.0,0.0,1.0,2.0,0.18,637,ci CIV,DF,fr Ligue 1,23-080,2002.0,11.1,22.0,18,11.0,7.0,4.0,24.0,62.5,9.0,13.0,2.0,11.0,9,31.0,43.0,0.0,637,ci CIV,DF,fr Ligue 1,23-080,2002.0,11.1,868.0,40.0,252.0,500.0,124.0,8.0,868.0,17.0,7.0,41.2,8.0,47.1,554.0,2004.0,967.0,18.0,14.0,0.0,18.0,14.0,587.0,31.0,802,ci CIV,DF,fr Ligue 1,23-080,2002.0,12,996,83,65.1,11.1,11,88.0,8,1,30.0,0,1.17,19,16,3,0.27,-0.07,18.7,13.6,5.1,0.46,637,ci CIV,DF,fr Ligue 1,23-080,2002.0,11.1,2,0,0,21,15,0,25,9,18,0.0,0.0,0,46.0,24.0,12.0,66.7,,,,,,,,,,,,,,,,,,,,,,,,,,,,,,,,,,,,,,,,,,,,,,,,,,,,,,Defender,0.0900900900900901,0.2702702702702703,0.0900900900900901,0.12612612612612611,1.6216216216216217,6.756756756756757,2.7927927927927927,0.7207207207207208,1.981981981981982,0.8108108108108109,0.5405405405405406,49.90990990990991,3.7932630630630655,8.378378378378379,0.0,0.1566820276497696,98.77408056042032,43.7,68.73631215060566
638,Ismaël Doukouré,fr FRA,"DF,MF",Strasbourg,fr Ligue 1,22.0,2003.0,12,12,1010,11.2,0,1,1,0,0,0,3,1,0.4,0.4,0.6,1.0,10.0,41.0,7.0,0.09,0.09,638,fr FRA,"DF,MF",fr Ligue 1,22-165,2003.0,11.2,0,5,2,40.0,0.45,0.18,0.0,0.0,18.1,0.0,0,0,0.4,0.4,0.08,-0.4,-0.4,638,fr FRA,"DF,MF",fr Ligue 1,22-165,2003.0,11.2,670.0,744.0,90.1,10923.0,3241.0,1,0.6,0.4,0.4,4.0,35.0,3.0,1.0,41.0,638,fr FRA,"DF,MF",fr Ligue 1,22-165,2003.0,11.2,744.0,704.0,37.0,18.0,3.0,2.0,2,8.0,0.0,0.0,0.0,0.0,670.0,3.0,7.0,638,fr FRA,"DF,MF",fr Ligue 1,22-165,2003.0,11.2,12.0,1.07,8.0,0.0,0.0,1.0,1.0,2.0,3.0,0.27,638,fr FRA,"DF,MF",fr Ligue 1,22-165,2003.0,11.2,10.0,6,2.0,5.0,3.0,5.0,60.0,2.0,7.0,3.0,4.0,14,24.0,26.0,1.0,638,fr FRA,"DF,MF",fr Ligue 1,22-165,2003.0,11.2,828.0,64.0,322.0,464.0,47.0,8.0,828.0,6.0,5.0,83.3,1.0,16.7,558.0,2273.0,1156.0,10.0,4.0,0.0,9.0,6.0,636.0,7.0,803,fr FRA,"DF,MF",fr Ligue 1,22-165,2003.0,12,1010,84,66.0,11.2,12,84.0,9,0,,0,1.25,17,13,4,0.36,0.18,17.0,14.4,2.6,0.23,638,fr FRA,"DF,MF",fr Ligue 1,22-165,2003.0,11.2,3,1,0,8,9,0,2,14,6,0.0,0.0,1,46.0,17.0,12.0,58.6,,,,,,,,,,,,,,,,,,,,,,,,,,,,,,,,,,,,,,,,,,,,,,,,,,,,,,Midfielder,0.0,0.08928571428571429,0.03571428571428572,0.053571428571428575,0.8928571428571429,3.660714285714286,0.625,0.35714285714285715,0.8928571428571429,1.25,0.26785714285714285,49.82142857142858,-3.0870425000000017,4.553571428571429,-0.4,0.12922705314009664,68.42105263157895,13.9,60.071161221755
639,Kamory Doumbia,ml MLI,MF,Brest,fr Ligue 1,22.0,2003.0,12,12,912,10.1,4,2,6,4,0,0,4,0,2.6,2.6,1.8,4.4,12.0,37.0,34.0,0.59,0.44,639,ml MLI,MF,fr Ligue 1,22-321,2003.0,10.1,4,24,8,33.3,2.37,0.79,0.17,0.5,17.3,0.0,0,0,2.6,2.6,0.11,1.4,1.4,639,ml MLI,MF,fr Ligue 1,22-321,2003.0,10.1,270.0,335.0,80.6,4413.0,1075.0,2,1.8,1.2,0.2,11.0,30.0,6.0,0.0,37.0,639,ml MLI,MF,fr Ligue 1,22-321,2003.0,10.1,335.0,300.0,35.0,3.0,4.0,0.0,16,4.0,14.0,7.0,5.0,0.0,270.0,0.0,4.0,639,ml MLI,MF,fr Ligue 1,22-321,2003.0,10.1,31.0,3.06,24.0,2.0,0.0,2.0,2.0,1.0,3.0,0.3,639,ml MLI,MF,fr Ligue 1,22-321,2003.0,10.1,30.0,19,4.0,18.0,8.0,23.0,34.8,15.0,15.0,0.0,15.0,9,39.0,2.0,1.0,639,ml MLI,MF,fr Ligue 1,22-321,2003.0,10.1,485.0,4.0,57.0,255.0,181.0,31.0,485.0,27.0,7.0,25.9,18.0,66.7,288.0,1249.0,529.0,12.0,22.0,7.0,36.0,13.0,302.0,34.0,806,ml MLI,MF,fr Ligue 1,22-321,2003.0,12,912,76,59.6,10.1,12,76.0,1,0,,0,1.5,18,15,3,0.3,1.32,16.0,14.0,2.1,0.2,639,ml MLI,MF,fr Ligue 1,22-321,2003.0,10.1,4,0,0,15,12,2,16,9,19,0.0,0.0,0,44.0,8.0,7.0,53.3,,,,,,,,,,,,,,,,,,,,,,,,,,,,,,,,,,,,,,,,,,,,,,,,,,,,,,Midfielder,0.39603960396039606,0.19801980198019803,0.25742574257425743,0.17821782178217824,1.188118811881188,3.6633663366336635,3.3663366336633667,1.0891089108910892,2.9702970297029703,0.8910891089108911,0.594059405940594,28.514851485148515,-2.952812891089109,4.851485148514851,1.4,0.6309278350515464,69.36572199730094,15.8,59.901314332729655
650,Pablo Durán,es ESP,"FW,MF",Celta Vigo,es La Liga,24.0,2001.0,14,8,699,7.8,2,1,3,2,0,0,0,0,2.2,2.2,0.9,3.1,5.0,14.0,49.0,0.39,0.4,650,es ESP,"FW,MF",es La Liga,24-225,2001.0,7.8,2,17,7,41.2,2.19,0.9,0.12,0.29,14.7,0.0,0,0,2.2,2.2,0.13,-0.2,-0.2,650,es ESP,"FW,MF",es La Liga,24-225,2001.0,7.8,121.0,181.0,66.9,1945.0,383.0,1,0.9,1.0,0.1,2.0,6.0,6.0,0.0,14.0,650,es ESP,"FW,MF",es La Liga,24-225,2001.0,7.8,181.0,174.0,6.0,0.0,2.0,2.0,4,0.0,0.0,0.0,0.0,0.0,121.0,1.0,8.0,650,es ESP,"FW,MF",es La Liga,24-225,2001.0,7.8,8.0,1.03,7.0,0.0,0.0,1.0,0.0,0.0,3.0,0.39,650,es ESP,"FW,MF",es La Liga,24-225,2001.0,7.8,9.0,7,6.0,1.0,2.0,9.0,22.2,7.0,4.0,0.0,4.0,3,12.0,7.0,0.0,650,es ESP,"FW,MF",es La Liga,24-225,2001.0,7.8,261.0,9.0,41.0,106.0,117.0,28.0,261.0,15.0,4.0,26.7,9.0,60.0,144.0,605.0,232.0,5.0,2.0,7.0,16.0,7.0,181.0,49.0,819,es ESP,"FW,MF",es La Liga,24-225,2001.0,14,699,50,43.1,7.8,8,71.0,1,6,21.0,2,1.36,9,11,-2,-0.26,-0.84,8.9,10.7,-1.8,-0.23,650,es ESP,"FW,MF",es La Liga,24-225,2001.0,7.8,0,0,0,11,7,6,4,3,7,0.0,0.0,0,27.0,9.0,9.0,50.0,,,,,,,,,,,,,,,,,,,,,,,,,,,,,,,,,,,,,,,,,,,,,,,,,,,,,,Forward,0.25641025641025644,0.12820512820512822,0.2820512820512821,0.11538461538461539,0.6410256410256411,1.794871794871795,6.282051282051282,0.25641025641025644,1.153846153846154,0.38461538461538464,0.7692307692307693,18.461538461538463,-12.108684794871793,2.435897435897436,-0.20000000000000018,0.39463601532567055,31.010452961672474,1.0,30.70341877393314
657,Simon Ebonog,cm CMR,MF,Le Havre,fr Ligue 1,21.0,2004.0,14,8,609,6.8,0,0,0,0,0,0,2,0,0.8,0.8,0.2,1.0,11.0,18.0,16.0,0.0,0.14,657,cm CMR,MF,fr Ligue 1,21-142,2004.0,6.8,0,7,1,14.3,1.03,0.15,0.0,0.0,19.3,0.0,0,0,0.8,0.8,0.11,-0.8,-0.8,657,cm CMR,MF,fr Ligue 1,21-142,2004.0,6.8,128.0,166.0,77.1,1764.0,299.0,0,0.2,0.2,-0.2,2.0,8.0,5.0,0.0,18.0,657,cm CMR,MF,fr Ligue 1,21-142,2004.0,6.8,166.0,161.0,5.0,0.0,1.0,1.0,3,1.0,0.0,0.0,0.0,0.0,128.0,0.0,2.0,657,cm CMR,MF,fr Ligue 1,21-142,2004.0,6.8,15.0,2.22,7.0,0.0,2.0,2.0,3.0,1.0,1.0,0.15,657,cm CMR,MF,fr Ligue 1,21-142,2004.0,6.8,19.0,12,9.0,8.0,2.0,5.0,100.0,0.0,12.0,4.0,8.0,7,26.0,10.0,0.0,657,cm CMR,MF,fr Ligue 1,21-142,2004.0,6.8,252.0,13.0,65.0,137.0,63.0,9.0,252.0,14.0,6.0,42.9,7.0,50.0,135.0,862.0,416.0,11.0,13.0,2.0,12.0,10.0,131.0,16.0,829,cm CMR,MF,fr Ligue 1,21-142,2004.0,14,609,44,39.8,6.8,8,65.0,1,6,15.0,2,1.14,4,13,-9,-1.33,-1.43,7.8,9.8,-2.0,-0.3,657,cm CMR,MF,fr Ligue 1,21-142,2004.0,6.8,2,0,0,10,9,0,3,7,12,0.0,0.0,0,44.0,7.0,7.0,50.0,,,,,,,,,,,,,,,,,,,,,,,,,,,,,,,,,,,,,,,,,,,,,,,,,,,,,,Midfielder,0.0,0.0,0.11764705882352942,0.029411764705882356,1.6176470588235294,2.6470588235294117,2.3529411764705883,0.29411764705882354,2.794117647058824,1.0294117647058825,0.7352941176470589,19.852941176470587,-3.701544882352941,4.264705882352941,-0.8,0.880952380952381,62.88798920377868,10.7,56.80938500793015
665,CJ Egan-Riley,eng ENG,DF,Marseille,fr Ligue 1,23.0,2003.0,9,6,487,5.4,0,0,0,0,0,0,0,1,0.0,0.0,0.7,0.7,3.0,29.0,2.0,0.0,0.13,665,eng ENG,DF,fr Ligue 1,23-003,2003.0,5.4,0,0,0,,0.0,0.0,,,,0.0,0,0,0.0,0.0,,0.0,0.0,665,eng ENG,DF,fr Ligue 1,23-003,2003.0,5.4,424.0,458.0,92.6,7503.0,2607.0,0,0.7,0.4,-0.7,2.0,26.0,2.0,0.0,29.0,665,eng ENG,DF,fr Ligue 1,23-003,2003.0,5.4,458.0,444.0,13.0,7.0,2.0,1.0,1,5.0,0.0,0.0,0.0,0.0,424.0,1.0,2.0,665,eng ENG,DF,fr Ligue 1,23-003,2003.0,5.4,6.0,1.11,6.0,0.0,0.0,0.0,0.0,0.0,0.0,0.0,665,eng ENG,DF,fr Ligue 1,23-003,2003.0,5.4,6.0,4,3.0,2.0,1.0,5.0,40.0,3.0,4.0,3.0,1.0,1,7.0,23.0,1.0,665,eng ENG,DF,fr Ligue 1,23-003,2003.0,5.4,506.0,35.0,207.0,285.0,19.0,2.0,506.0,3.0,1.0,33.3,2.0,66.7,377.0,1808.0,1013.0,3.0,2.0,0.0,4.0,1.0,401.0,2.0,840,eng ENG,DF,fr Ligue 1,23-003,2003.0,9,487,54,31.8,5.4,6,77.0,4,3,9.0,7,1.56,9,7,2,0.37,-1.1,7.4,7.2,0.3,0.05,665,eng ENG,DF,fr Ligue 1,23-003,2003.0,5.4,0,1,0,2,4,0,1,1,4,0.0,0.0,0,24.0,7.0,5.0,58.3,,,,,,,,,,,,,,,,,,,,,,,,,,,,,,,,,,,,,,,,,,,,,,,,,,,,,,Defender,0.0,0.0,0.0,0.12962962962962962,0.5555555555555555,5.37037037037037,0.37037037037037035,0.37037037037037035,1.111111111111111,0.18518518518518517,0.37037037037037035,69.81481481481481,0.3917370370370392,5.925925925925926,0.0,0.21936758893280633,91.94395796847635,21.4,75.73637394437921
671,Jeff Ekhator,it ITA,FW,Genoa,it Serie A,19.0,2006.0,14,3,380,4.2,2,0,2,2,0,0,3,0,1.6,1.6,0.1,1.7,3.0,3.0,32.0,0.47,0.4,671,it ITA,FW,it Serie A,19-055,2006.0,4.2,2,11,3,27.3,2.61,0.71,0.18,0.67,14.6,0.0,0,0,1.6,1.6,0.14,0.4,0.4,671,it ITA,FW,it Serie A,19-055,2006.0,4.2,40.0,75.0,53.3,527.0,63.0,0,0.1,0.1,-0.1,3.0,2.0,0.0,0.0,3.0,671,it ITA,FW,it Serie A,19-055,2006.0,4.2,75.0,71.0,2.0,0.0,0.0,0.0,3,1.0,0.0,0.0,0.0,0.0,40.0,2.0,3.0,671,it ITA,FW,it Serie A,19-055,2006.0,4.2,8.0,1.89,5.0,0.0,0.0,1.0,2.0,0.0,1.0,0.24,671,it ITA,FW,it Serie A,19-055,2006.0,4.2,2.0,1,1.0,0.0,1.0,4.0,25.0,3.0,1.0,0.0,1.0,1,3.0,2.0,0.0,671,it ITA,FW,it Serie A,19-055,2006.0,4.2,126.0,1.0,11.0,56.0,59.0,23.0,126.0,11.0,3.0,27.3,7.0,63.6,75.0,362.0,104.0,3.0,0.0,3.0,13.0,9.0,103.0,32.0,846,it ITA,FW,it Serie A,19-055,2006.0,14,380,27,23.5,4.2,3,57.0,0,11,19.0,4,0.57,5,5,0,0.0,0.73,5.8,4.7,1.1,0.25,671,it ITA,FW,it Serie A,19-055,2006.0,4.2,3,0,0,11,12,6,3,1,1,1.0,0.0,0,7.0,10.0,22.0,31.3,,,,,,,,,,,,,,,,,,,,,,,,,,,,,,,,,,,,,,,,,,,,,,,,,,,,,,Forward,0.47619047619047616,0.0,0.38095238095238093,0.023809523809523808,0.7142857142857143,0.7142857142857143,7.619047619047619,0.7142857142857143,0.47619047619047616,0.23809523809523808,0.0,17.857142857142858,-9.440330761904761,1.4285714285714286,0.3999999999999999,1.5,56.968641114982574,9.0,52.26480836236934
672,Hugo Ekitike,fr FRA,FW,Liverpool,eng Premier League,23.0,2002.0,18,13,1132,12.6,8,2,10,8,0,0,0,0,5.8,5.8,1.5,7.3,29.0,12.0,78.0,0.8,0.58,672,fr FRA,FW,eng Premier League,23-199,2002.0,12.6,8,39,11,28.2,3.1,0.87,0.21,0.73,15.0,0.0,0,0,5.8,5.8,0.15,2.2,2.2,672,fr FRA,FW,eng Premier League,23-199,2002.0,12.6,189.0,261.0,72.4,2214.0,379.0,2,1.5,1.2,0.5,11.0,5.0,6.0,0.0,12.0,672,fr FRA,FW,eng Premier League,23-199,2002.0,12.6,261.0,254.0,7.0,0.0,1.0,0.0,7,0.0,0.0,0.0,0.0,0.0,189.0,0.0,11.0,672,fr FRA,FW,eng Premier League,23-199,2002.0,12.6,33.0,2.62,17.0,0.0,7.0,8.0,0.0,1.0,7.0,0.56,672,fr FRA,FW,eng Premier League,23-199,2002.0,12.6,7.0,4,2.0,4.0,1.0,2.0,50.0,1.0,7.0,2.0,5.0,1,8.0,19.0,0.0,672,fr FRA,FW,eng Premier League,23-199,2002.0,12.6,416.0,18.0,30.0,150.0,241.0,66.0,416.0,42.0,23.0,54.8,18.0,42.9,247.0,1274.0,652.0,29.0,19.0,15.0,28.0,18.0,302.0,78.0,847,fr FRA,FW,eng Premier League,23-199,2002.0,18,1132,63,62.9,12.6,13,78.0,2,5,24.0,0,1.83,22,15,7,0.56,0.96,19.6,16.4,3.2,0.26,672,fr FRA,FW,eng Premier League,23-199,2002.0,12.6,0,0,0,21,7,7,7,1,4,0.0,0.0,0,25.0,21.0,36.0,36.8,,,,,,,,,,,,,,,,,,,,,,,,,,,,,,,,,,,,,,,,,,,,,,,,,,,,,,Forward,0.6349206349206349,0.15873015873015872,0.4603174603174603,0.11904761904761905,2.301587301587302,0.9523809523809524,6.190476190476191,0.873015873015873,0.5555555555555556,0.07936507936507936,0.4761904761904762,19.603174603174605,-8.423629777777778,3.253968253968254,2.2,0.6298076923076924,66.89895470383276,29.7,51.57976461359504
674,Jacques Ekomie,ga GAB,DF,Angers,fr Ligue 1,22.0,2003.0,17,12,1108,12.3,0,0,0,0,0,0,2,0,0.7,0.7,0.9,1.7,32.0,31.0,42.0,0.0,0.14,674,ga GAB,DF,fr Ligue 1,22-139,2003.0,12.3,0,6,3,50.0,0.49,0.24,0.0,0.0,9.5,0.0,0,0,0.7,0.7,0.14,-0.7,-0.7,674,ga GAB,DF,fr Ligue 1,22-139,2003.0,12.3,402.0,525.0,76.6,5911.0,2360.0,0,0.9,0.8,-0.9,10.0,17.0,10.0,6.0,31.0,674,ga GAB,DF,fr Ligue 1,22-139,2003.0,12.3,525.0,419.0,103.0,6.0,1.0,0.0,33,97.0,0.0,0.0,0.0,0.0,402.0,3.0,12.0,674,ga GAB,DF,fr Ligue 1,22-139,2003.0,12.3,19.0,1.54,16.0,0.0,0.0,2.0,0.0,1.0,0.0,0.0,674,ga GAB,DF,fr Ligue 1,22-139,2003.0,12.3,38.0,22,22.0,13.0,3.0,24.0,79.2,5.0,31.0,3.0,28.0,19,57.0,27.0,1.0,674,ga GAB,DF,fr Ligue 1,22-139,2003.0,12.3,694.0,27.0,244.0,308.0,151.0,15.0,694.0,14.0,5.0,35.7,9.0,64.3,313.0,1735.0,991.0,32.0,16.0,4.0,24.0,9.0,357.0,42.0,849,ga GAB,DF,fr Ligue 1,22-139,2003.0,17,1108,65,72.4,12.3,12,84.0,8,5,21.0,0,1.29,12,17,-5,-0.41,-1.05,11.5,22.1,-10.6,-0.86,674,ga GAB,DF,fr Ligue 1,22-139,2003.0,12.3,2,0,0,15,15,1,33,19,22,0.0,1.0,0,63.0,14.0,11.0,56.0,,,,,,,,,,,,,,,,,,,,,,,,,,,,,,,,,,,,,,,,,,,,,,,,,,,,,,Defender,0.0,0.0,0.05691056910569105,0.07317073170731707,2.6016260162601625,2.5203252032520322,3.4146341463414633,0.8130081300813008,3.089430894308943,1.5447154471544715,0.8130081300813008,25.447154471544714,-3.351931707317071,5.121951219512195,-0.7,0.22190201729106626,71.10332749562171,13.0,62.923298668691785
676,Anthony Elanga,se SWE,"FW,MF",Newcastle Utd,eng Premier League,23.0,2002.0,17,7,684,7.6,0,1,1,0,0,0,0,0,1.1,1.1,1.1,2.2,29.0,19.0,98.0,0.13,0.29,676,se SWE,"FW,MF",eng Premier League,23-253,2002.0,7.6,0,9,3,33.3,1.18,0.39,0.0,0.0,17.3,0.0,0,0,1.1,1.1,0.13,-1.1,-1.1,676,se SWE,"FW,MF",eng Premier League,23-253,2002.0,7.6,203.0,295.0,68.8,2798.0,775.0,1,1.1,0.5,-0.1,8.0,13.0,11.0,5.0,19.0,676,se SWE,"FW,MF",eng Premier League,23-253,2002.0,7.6,295.0,280.0,15.0,0.0,1.0,0.0,47,8.0,6.0,2.0,3.0,0.0,203.0,0.0,9.0,676,se SWE,"FW,MF",eng Premier League,23-253,2002.0,7.6,17.0,2.23,13.0,0.0,0.0,2.0,1.0,1.0,2.0,0.26,676,se SWE,"FW,MF",eng Premier League,23-253,2002.0,7.6,6.0,6,3.0,3.0,0.0,11.0,36.4,7.0,2.0,0.0,2.0,1,7.0,6.0,0.0,676,se SWE,"FW,MF",eng Premier League,23-253,2002.0,7.6,373.0,6.0,38.0,129.0,209.0,28.0,373.0,25.0,4.0,16.0,19.0,76.0,249.0,1451.0,637.0,29.0,12.0,9.0,17.0,14.0,295.0,98.0,851,se SWE,"FW,MF",eng Premier League,23-253,2002.0,17,684,40,38.0,7.6,7,71.0,2,10,19.0,0,1.35,12,14,-2,-0.26,-0.75,9.7,8.6,1.0,0.14,676,se SWE,"FW,MF",eng Premier League,23-253,2002.0,7.6,0,0,0,3,10,0,47,1,6,0.0,0.0,0,15.0,6.0,11.0,35.3,,,,,,,,,,,,,,,,,,,,,,,,,,,,,,,,,,,,,,,,,,,,,,,,,,,,,,Forward,0.0,0.13157894736842105,0.14473684210526316,0.14473684210526316,3.8157894736842106,2.5,12.894736842105264,1.0526315789473684,0.7894736842105263,0.13157894736842105,1.4473684210526316,32.76315789473684,-5.176068421052632,6.315789473684211,-1.1,0.5978552278820376,88.15331010452961,46.3,60.25516753556364
679,Mikael Ellertsson,is ISL,"DF,FW",Genoa,it Serie A,23.0,2002.0,17,13,1187,13.2,1,1,2,1,0,0,1,0,1.6,1.6,1.2,2.8,16.0,25.0,43.0,0.15,0.21,679,is ISL,"DF,FW",it Serie A,23-300,2002.0,13.2,1,12,5,41.7,0.91,0.38,0.08,0.2,16.8,0.0,0,0,1.6,1.6,0.13,-0.6,-0.6,679,is ISL,"DF,FW",it Serie A,23-300,2002.0,13.2,229.0,315.0,72.7,3659.0,1312.0,1,1.2,1.1,-0.2,8.0,7.0,6.0,2.0,25.0,679,is ISL,"DF,FW",it Serie A,23-300,2002.0,13.2,315.0,267.0,48.0,7.0,0.0,0.0,13,37.0,3.0,1.0,1.0,0.0,229.0,0.0,5.0,679,is ISL,"DF,FW",it Serie A,23-300,2002.0,13.2,22.0,1.67,13.0,1.0,1.0,3.0,4.0,0.0,1.0,0.08,679,is ISL,"DF,FW",it Serie A,23-300,2002.0,13.2,18.0,11,10.0,7.0,1.0,19.0,63.2,7.0,19.0,3.0,16.0,9,27.0,20.0,0.0,679,is ISL,"DF,FW",it Serie A,23-300,2002.0,13.2,448.0,13.0,124.0,188.0,141.0,22.0,448.0,18.0,4.0,22.2,12.0,66.7,193.0,881.0,476.0,16.0,5.0,5.0,21.0,6.0,234.0,43.0,854,is ISL,"DF,FW",it Serie A,23-300,2002.0,17,1187,70,73.3,13.2,13,87.0,9,4,15.0,1,0.71,10,22,-12,-0.91,-1.33,16.1,16.6,-0.4,-0.03,679,is ISL,"DF,FW",it Serie A,23-300,2002.0,13.2,1,0,0,12,20,1,13,9,11,0.0,0.0,0,31.0,6.0,15.0,28.6,,,,,,,,,,,,,,,,,,,,,,,,,,,,,,,,,,,,,,,,,,,,,,,,,,,,,,Forward,0.07575757575757576,0.07575757575757576,0.12121212121212123,0.09090909090909091,1.2121212121212122,1.893939393939394,3.257575757575758,0.6060606060606061,1.3636363636363638,0.6818181818181819,0.4545454545454546,14.621212121212123,-10.690979454545454,3.1060606060606064,-0.6000000000000001,0.37276785714285715,45.47038327526132,4.4,43.55400696864111
686,Emanuel Emegha,nl NED,FW,Strasbourg,fr Ligue 1,22.0,2003.0,7,4,414,4.6,4,2,6,4,0,0,3,0,3.5,3.5,1.2,4.7,4.0,1.0,13.0,1.3,1.03,686,nl NED,FW,fr Ligue 1,22-336,2003.0,4.6,4,16,6,37.5,3.48,1.3,0.25,0.67,12.3,1.0,0,0,3.5,3.5,0.22,0.5,0.5,686,nl NED,FW,fr Ligue 1,22-336,2003.0,4.6,35.0,43.0,81.4,400.0,45.0,2,1.2,0.1,0.8,3.0,2.0,0.0,0.0,1.0,686,nl NED,FW,fr Ligue 1,22-336,2003.0,4.6,43.0,41.0,2.0,0.0,0.0,0.0,0,0.0,0.0,0.0,0.0,0.0,35.0,0.0,2.0,686,nl NED,FW,fr Ligue 1,22-336,2003.0,4.6,5.0,1.09,2.0,0.0,0.0,2.0,1.0,0.0,2.0,0.43,686,nl NED,FW,fr Ligue 1,22-336,2003.0,4.6,0.0,0,0.0,0.0,0.0,0.0,,0.0,0.0,0.0,0.0,0,0.0,5.0,1.0,686,nl NED,FW,fr Ligue 1,22-336,2003.0,4.6,82.0,4.0,14.0,28.0,41.0,20.0,82.0,6.0,2.0,33.3,4.0,66.7,49.0,274.0,145.0,4.0,2.0,4.0,9.0,1.0,59.0,13.0,861,nl NED,FW,fr Ligue 1,22-336,2003.0,7,414,59,27.1,4.6,4,79.0,2,3,33.0,0,1.71,7,4,3,0.65,0.49,6.4,4.2,2.2,0.47,686,nl NED,FW,fr Ligue 1,22-336,2003.0,4.6,3,0,0,10,9,3,0,0,0,0.0,0.0,0,9.0,5.0,0.0,100.0,,,,,,,,,,,,,,,,,,,,,,,,,,,,,,,,,,,,,,,,,,,,,,,,,,,,,,Forward,0.8695652173913044,0.4347826086956522,0.7608695652173914,0.2608695652173913,0.8695652173913044,0.2173913043478261,2.8260869565217392,0.6521739130434783,0.0,0.0,0.0,10.652173913043478,-9.432371956521738,1.0869565217391306,0.5,1.329268292682927,57.14285714285714,5.6,54.112554112554115
687,Emersonn,br BRA,FW,Toulouse,fr Ligue 1,21.0,2004.0,13,10,806,9.0,3,2,5,3,0,0,3,1,4.6,4.6,0.4,5.0,12.0,15.0,45.0,0.56,0.56,687,br BRA,FW,fr Ligue 1,21-173,2004.0,9.0,3,33,10,30.3,3.68,1.12,0.09,0.3,12.7,0.0,0,0,4.6,4.6,0.14,-1.6,-1.6,687,br BRA,FW,fr Ligue 1,21-173,2004.0,9.0,87.0,125.0,69.6,1069.0,259.0,2,0.4,0.3,1.6,7.0,7.0,3.0,0.0,15.0,687,br BRA,FW,fr Ligue 1,21-173,2004.0,9.0,125.0,123.0,1.0,0.0,0.0,0.0,6,0.0,0.0,0.0,0.0,0.0,87.0,1.0,9.0,687,br BRA,FW,fr Ligue 1,21-173,2004.0,9.0,17.0,1.9,14.0,0.0,2.0,1.0,0.0,0.0,3.0,0.33,687,br BRA,FW,fr Ligue 1,21-173,2004.0,9.0,12.0,5,1.0,6.0,5.0,10.0,40.0,6.0,4.0,0.0,4.0,5,17.0,9.0,0.0,687,br BRA,FW,fr Ligue 1,21-173,2004.0,9.0,256.0,7.0,18.0,94.0,150.0,53.0,256.0,20.0,7.0,35.0,12.0,60.0,117.0,623.0,312.0,12.0,13.0,5.0,34.0,5.0,171.0,45.0,863,br BRA,FW,fr Ligue 1,21-173,2004.0,13,806,62,52.7,9.0,10,72.0,3,3,28.0,0,1.31,11,6,5,0.56,0.93,14.1,10.0,4.1,0.46,687,br BRA,FW,fr Ligue 1,21-173,2004.0,9.0,3,1,0,26,5,3,6,5,5,0.0,0.0,0,18.0,35.0,46.0,43.2,,,,,,,,,,,,,,,,,,,,,,,,,,,,,,,,,,,,,,,,,,,,,,,,,,,,,,Forward,0.3333333333333333,0.2222222222222222,0.5111111111111111,0.044444444444444446,1.3333333333333333,1.6666666666666667,5.0,0.7777777777777778,1.3333333333333333,0.5555555555555556,0.3333333333333333,13.0,-8.997115222222222,3.0,-1.5999999999999996,0.7421875,60.62717770034843,10.7,54.76709819363002
688,Julio Enciso,py PAR,MF,Strasbourg,fr Ligue 1,21.0,2004.0,10,8,679,7.5,0,0,0,0,0,0,1,0,2.1,2.1,0.3,2.3,20.0,36.0,41.0,0.0,0.31,688,py PAR,MF,fr Ligue 1,21-347,2004.0,7.5,0,19,7,36.8,2.52,0.93,0.0,0.0,19.4,1.0,0,0,2.1,2.1,0.11,-2.1,-2.1,688,py PAR,MF,fr Ligue 1,21-347,2004.0,7.5,234.0,281.0,83.3,3451.0,819.0,0,0.3,0.8,-0.3,4.0,24.0,8.0,1.0,36.0,688,py PAR,MF,fr Ligue 1,21-347,2004.0,7.5,281.0,257.0,22.0,1.0,0.0,0.0,11,0.0,5.0,2.0,1.0,1.0,234.0,2.0,5.0,688,py PAR,MF,fr Ligue 1,21-347,2004.0,7.5,18.0,2.39,10.0,2.0,4.0,1.0,1.0,0.0,0.0,0.0,688,py PAR,MF,fr Ligue 1,21-347,2004.0,7.5,6.0,4,3.0,3.0,0.0,7.0,57.1,3.0,9.0,0.0,9.0,1,7.0,5.0,1.0,688,py PAR,MF,fr Ligue 1,21-347,2004.0,7.5,365.0,6.0,49.0,195.0,128.0,18.0,365.0,38.0,23.0,60.5,14.0,36.8,255.0,1534.0,767.0,20.0,21.0,6.0,16.0,19.0,287.0,41.0,865,py PAR,MF,fr Ligue 1,21-347,2004.0,10,679,68,44.4,7.5,8,79.0,2,2,25.0,1,0.9,9,12,-3,-0.4,-1.24,7.7,10.7,-3.0,-0.4,688,py PAR,MF,fr Ligue 1,21-347,2004.0,7.5,1,0,0,4,18,0,11,1,4,0.0,0.0,0,30.0,3.0,5.0,37.5,,,,,,,,,,,,,,,,,,,,,,,,,,,,,,,,,,,,,,,,,,,,,,,,,,,,,,Midfielder,0.0,0.0,0.28,0.04,2.6666666666666665,4.8,5.466666666666667,0.5333333333333333,0.8,0.13333333333333333,1.0666666666666667,34.0,-0.043214666666666623,7.466666666666667,-2.1,0.6547945205479453,90.55330634278003,38.4,65.4286895540318
691,Yannik Engelhardt,de GER,MF,Gladbach,de Bundesliga,24.0,2001.0,13,12,1060,11.8,1,1,2,1,0,0,0,0,0.8,0.8,0.4,1.2,10.0,34.0,16.0,0.17,0.1,691,de GER,MF,de Bundesliga,24-332,2001.0,11.8,1,8,3,37.5,0.68,0.25,0.13,0.33,16.9,0.0,0,0,0.8,0.8,0.1,0.2,0.2,691,de GER,MF,de Bundesliga,24-332,2001.0,11.8,460.0,534.0,86.1,7327.0,1754.0,1,0.4,0.9,0.6,4.0,31.0,7.0,1.0,34.0,691,de GER,MF,de Bundesliga,24-332,2001.0,11.8,534.0,517.0,16.0,14.0,0.0,1.0,3,1.0,0.0,0.0,0.0,0.0,460.0,1.0,6.0,691,de GER,MF,de Bundesliga,24-332,2001.0,11.8,15.0,1.27,13.0,1.0,0.0,1.0,0.0,0.0,1.0,0.08,691,de GER,MF,de Bundesliga,24-332,2001.0,11.8,24.0,14,12.0,8.0,4.0,28.0,50.0,14.0,19.0,5.0,14.0,10,34.0,24.0,0.0,691,de GER,MF,de Bundesliga,24-332,2001.0,11.8,652.0,38.0,200.0,375.0,82.0,14.0,652.0,4.0,2.0,50.0,1.0,25.0,327.0,1662.0,671.0,10.0,10.0,1.0,12.0,9.0,411.0,16.0,868,de GER,MF,de Bundesliga,24-332,2001.0,13,1060,82,78.5,11.8,12,86.0,9,1,31.0,0,1.15,18,19,-1,-0.08,1.47,15.6,19.1,-3.5,-0.3,691,de GER,MF,de Bundesliga,24-332,2001.0,11.8,0,0,0,12,16,0,3,10,14,0.0,0.0,0,41.0,17.0,8.0,68.0,,,,,,,,,,,,,,,,,,,,,,,,,,,,,,,,,,,,,,,,,,,,,,,,,,,,,,Midfielder,0.0847457627118644,0.0847457627118644,0.06779661016949153,0.03389830508474576,0.847457627118644,2.8813559322033897,1.3559322033898304,0.3389830508474576,2.0338983050847457,0.847457627118644,0.5932203389830508,27.71186440677966,-4.856803593220339,3.7288135593220337,0.19999999999999996,0.19478527607361965,51.956815114709855,5.9,49.06214836138796
696,Francesco Esposito,it ITA,FW,Inter,it Serie A,20.0,2005.0,15,3,496,5.5,1,2,3,1,0,0,1,0,2.1,2.1,0.6,2.7,3.0,19.0,37.0,0.54,0.49,696,it ITA,FW,it Serie A,20-191,2005.0,5.5,1,18,6,33.3,3.27,1.09,0.06,0.17,12.3,0.0,0,0,2.1,2.1,0.12,-1.1,-1.1,696,it ITA,FW,it Serie A,20-191,2005.0,5.5,91.0,131.0,69.5,1314.0,278.0,2,0.6,0.5,1.4,6.0,6.0,6.0,0.0,19.0,696,it ITA,FW,it Serie A,20-191,2005.0,5.5,131.0,130.0,1.0,0.0,1.0,1.0,1,0.0,0.0,0.0,0.0,0.0,91.0,0.0,3.0,696,it ITA,FW,it Serie A,20-191,2005.0,5.5,19.0,3.44,15.0,0.0,1.0,1.0,2.0,0.0,5.0,0.91,696,it ITA,FW,it Serie A,20-191,2005.0,5.5,0.0,0,0.0,0.0,0.0,1.0,0.0,1.0,3.0,0.0,3.0,2,2.0,4.0,0.0,696,it ITA,FW,it Serie A,20-191,2005.0,5.5,195.0,5.0,13.0,85.0,97.0,38.0,195.0,8.0,2.0,25.0,5.0,62.5,125.0,413.0,122.0,3.0,1.0,3.0,20.0,10.0,174.0,37.0,875,it ITA,FW,it Serie A,20-191,2005.0,15,496,33,32.4,5.5,3,75.0,0,12,23.0,1,2.4,12,4,8,1.45,0.15,10.4,4.5,6.0,1.08,696,it ITA,FW,it Serie A,20-191,2005.0,5.5,1,0,0,14,22,0,1,2,0,0.0,0.0,0,12.0,17.0,15.0,53.1,,,,,,,,,,,,,,,,,,,,,,,,,,,,,,,,,,,,,,,,,,,,,,,,,,,,,,Forward,0.18181818181818182,0.36363636363636365,0.38181818181818183,0.10909090909090909,0.5454545454545454,3.4545454545454546,6.7272727272727275,1.0909090909090908,0.0,0.36363636363636365,1.0909090909090908,22.727272727272727,-11.410877545454547,4.0,-1.1,1.764102564102564,39.02439024390244,15.0,33.93425238600212
697,Sebastiano Esposito,it ITA,"FW,MF",Cagliari,it Serie A,23.0,2002.0,17,16,1218,13.5,3,2,5,3,0,0,4,0,1.8,1.8,2.4,4.1,9.0,62.0,55.0,0.37,0.31,697,it ITA,"FW,MF",it Serie A,23-187,2002.0,13.5,3,23,5,21.7,1.7,0.37,0.13,0.6,20.4,3.0,0,0,1.8,1.8,0.08,1.2,1.2,697,it ITA,"FW,MF",it Serie A,23-187,2002.0,13.5,310.0,464.0,66.8,5378.0,1923.0,2,2.4,1.6,-0.4,25.0,31.0,15.0,2.0,62.0,697,it ITA,"FW,MF",it Serie A,23-187,2002.0,13.5,464.0,388.0,70.0,21.0,7.0,13.0,52,5.0,29.0,12.0,11.0,0.0,310.0,6.0,15.0,697,it ITA,"FW,MF",it Serie A,23-187,2002.0,13.5,45.0,3.33,31.0,11.0,1.0,1.0,0.0,1.0,5.0,0.37,697,it ITA,"FW,MF",it Serie A,23-187,2002.0,13.5,29.0,15,12.0,10.0,7.0,26.0,50.0,13.0,13.0,2.0,11.0,4,33.0,8.0,0.0,697,it ITA,"FW,MF",it Serie A,23-187,2002.0,13.5,609.0,11.0,73.0,312.0,231.0,25.0,609.0,22.0,8.0,36.4,9.0,40.9,301.0,1073.0,486.0,9.0,11.0,3.0,34.0,14.0,391.0,55.0,876,it ITA,"FW,MF",it Serie A,23-187,2002.0,17,1218,72,75.2,13.5,16,75.0,4,1,23.0,1,1.0,12,17,-5,-0.37,-0.15,11.7,19.6,-7.9,-0.58,697,it ITA,"FW,MF",it Serie A,23-187,2002.0,13.5,4,0,0,23,25,3,52,4,15,0.0,0.0,0,37.0,15.0,11.0,57.7,,,,,,,,,,,,,,,,,,,,,,,,,,,,,,,,,,,,,,,,,,,,,,,,,,,,,,Forward,0.2222222222222222,0.14814814814814814,0.13333333333333333,0.17777777777777778,0.6666666666666666,4.592592592592593,4.074074074074074,1.8518518518518519,2.1481481481481484,0.2962962962962963,1.1111111111111112,22.296296296296298,-12.695862111111111,5.2592592592592595,1.2,0.5467980295566502,25.958188153310104,1.0,25.701176389415945
701,Maxime Estève,fr FRA,DF,Burnley,eng Premier League,23.0,2002.0,17,17,1445,16.1,0,0,0,0,0,0,0,0,0.4,0.4,0.4,0.8,4.0,37.0,1.0,0.0,0.05,701,fr FRA,DF,eng Premier League,23-224,2002.0,16.1,0,6,1,16.7,0.37,0.06,0.0,0.0,10.0,0.0,0,0,0.4,0.4,0.07,-0.4,-0.4,701,fr FRA,DF,eng Premier League,23-224,2002.0,16.1,600.0,673.0,89.2,10385.0,3677.0,0,0.4,0.4,-0.4,6.0,44.0,1.0,1.0,37.0,701,fr FRA,DF,eng Premier League,23-224,2002.0,16.1,673.0,661.0,11.0,9.0,0.0,7.0,2,2.0,0.0,0.0,0.0,0.0,600.0,1.0,3.0,701,fr FRA,DF,eng Premier League,23-224,2002.0,16.1,11.0,0.69,8.0,0.0,0.0,1.0,1.0,1.0,1.0,0.06,701,fr FRA,DF,eng Premier League,23-224,2002.0,16.1,16.0,11,11.0,4.0,1.0,17.0,52.9,8.0,19.0,13.0,6.0,24,40.0,112.0,3.0,701,fr FRA,DF,eng Premier League,23-224,2002.0,16.1,862.0,135.0,432.0,402.0,32.0,15.0,862.0,1.0,1.0,100.0,0.0,0.0,461.0,1712.0,1023.0,4.0,2.0,0.0,5.0,1.0,522.0,1.0,882,fr FRA,DF,eng Premier League,23-224,2002.0,17,1445,85,80.3,16.1,17,85.0,14,0,,0,0.59,17,35,-18,-1.12,-0.87,13.8,33.4,-19.6,-1.22,701,fr FRA,DF,eng Premier League,23-224,2002.0,16.1,0,0,0,6,9,0,2,24,11,0.0,0.0,2,50.0,39.0,20.0,66.1,,,,,,,,,,,,,,,,,,,,,,,,,,,,,,,,,,,,,,,,,,,,,,,,,,,,,,Defender,0.0,0.0,0.024844720496894408,0.024844720496894408,0.24844720496894407,2.2981366459627326,0.06211180124223602,0.37267080745341613,0.9937888198757763,1.4906832298136645,0.06211180124223602,28.633540372670804,-7.685383850931676,2.5465838509316767,-0.4,0.08004640371229699,26.444833625218916,1.0,26.183003589325658
705,Karl Etta Eyong,cm CMR,FW,Levante,es La Liga,22.0,2003.0,12,12,959,10.7,5,1,6,5,0,1,2,0,5.4,4.7,1.5,6.2,6.0,10.0,47.0,0.56,0.65,705,cm CMR,FW,es La Liga,22-083,2003.0,10.7,5,25,12,48.0,2.35,1.13,0.2,0.42,15.9,0.0,0,1,5.4,4.7,0.19,-0.4,0.3,705,cm CMR,FW,es La Liga,22-083,2003.0,10.7,109.0,164.0,66.5,1482.0,327.0,1,1.5,0.9,-0.5,7.0,10.0,2.0,1.0,10.0,705,cm CMR,FW,es La Liga,22-083,2003.0,10.7,164.0,148.0,15.0,0.0,0.0,0.0,6,0.0,0.0,0.0,0.0,0.0,109.0,1.0,8.0,705,cm CMR,FW,es La Liga,22-083,2003.0,10.7,18.0,1.69,11.0,0.0,1.0,4.0,2.0,0.0,3.0,0.28,705,cm CMR,FW,es La Liga,22-083,2003.0,10.7,16.0,11,3.0,10.0,3.0,8.0,75.0,2.0,7.0,0.0,7.0,3,19.0,12.0,0.0,705,cm CMR,FW,es La Liga,22-083,2003.0,10.7,308.0,15.0,30.0,151.0,129.0,34.0,307.0,16.0,5.0,31.3,10.0,62.5,167.0,659.0,255.0,6.0,3.0,2.0,38.0,19.0,203.0,47.0,887,cm CMR,FW,es La Liga,22-083,2003.0,12,959,80,62.7,10.7,12,80.0,5,0,,0,0.75,12,19,-7,-0.66,-0.34,13.7,18.3,-4.7,-0.44,705,cm CMR,FW,es La Liga,22-083,2003.0,10.7,2,0,0,13,23,4,6,3,11,0.0,0.0,0,33.0,19.0,30.0,38.8,,,,,,,,,,,,,,,,,,,,,,,,,,,,,,,,,,,,,,,,,,,,,,,,,,,,,,Forward,0.4672897196261683,0.09345794392523366,0.5046728971962617,0.14018691588785048,0.5607476635514019,0.9345794392523366,4.392523364485982,0.6542056074766356,1.4953271028037385,0.28037383177570097,0.1869158878504673,15.60747663551402,-10.964151869158878,1.4953271028037385,-0.40000000000000036,0.5487012987012987,43.20557491289199,3.5,41.74451682405023
710,Abde Ezzalzouli,ma MAR,FW,Betis,es La Liga,24.0,2001.0,11,9,780,8.7,3,3,6,3,0,0,1,0,3.6,3.6,3.0,6.5,45.0,22.0,90.0,0.69,0.75,710,ma MAR,FW,es La Liga,24-019,2001.0,8.7,3,28,9,32.1,3.23,1.04,0.11,0.33,18.0,1.0,0,0,3.6,3.6,0.13,-0.6,-0.6,710,ma MAR,FW,es La Liga,24-019,2001.0,8.7,239.0,324.0,73.8,2758.0,859.0,3,3.0,1.3,0.0,13.0,12.0,8.0,1.0,22.0,710,ma MAR,FW,es La Liga,24-019,2001.0,8.7,324.0,309.0,12.0,4.0,1.0,1.0,18,7.0,1.0,0.0,0.0,0.0,239.0,3.0,20.0,710,ma MAR,FW,es La Liga,24-019,2001.0,8.7,32.0,3.69,22.0,0.0,5.0,3.0,2.0,0.0,6.0,0.69,710,ma MAR,FW,es La Liga,24-019,2001.0,8.7,22.0,13,7.0,4.0,11.0,17.0,41.2,10.0,12.0,0.0,12.0,5,27.0,7.0,0.0,710,ma MAR,FW,es La Liga,24-019,2001.0,8.7,467.0,9.0,51.0,172.0,253.0,62.0,467.0,38.0,16.0,42.1,15.0,39.5,281.0,2051.0,1102.0,45.0,25.0,24.0,32.0,18.0,334.0,90.0,892,ma MAR,FW,es La Liga,24-019,2001.0,11,780,71,48.1,8.7,9,80.0,5,2,32.0,0,1.73,19,11,8,0.92,1.14,13.8,10.0,3.8,0.44,710,ma MAR,FW,es La Liga,24-019,2001.0,8.7,1,0,0,11,30,2,18,5,13,1.0,0.0,0,44.0,15.0,18.0,45.5,,,,,,,,,,,,,,,,,,,,,,,,,,,,,,,,,,,,,,,,,,,,,,,,,,,,,,Forward,0.3448275862068966,0.3448275862068966,0.4137931034482759,0.3448275862068966,5.172413793103448,2.528735632183908,10.344827586206897,1.4942528735632186,2.528735632183908,0.574712643678161,0.9195402298850576,32.298850574712645,-2.878707551724137,7.701149425287357,-0.6000000000000001,0.7901498929336188,94.77351916376307,45.6,65.09170272236474
711,Giovanni Fabbian,it ITA,MF,Bologna,it Serie A,22.0,2003.0,10,6,498,5.5,1,0,1,1,0,0,0,0,1.3,1.3,0.1,1.4,6.0,15.0,18.0,0.18,0.26,711,it ITA,MF,it Serie A,22-356,2003.0,5.5,1,10,2,20.0,1.81,0.36,0.1,0.5,14.2,0.0,0,0,1.3,1.3,0.13,-0.3,-0.3,711,it ITA,MF,it Serie A,22-356,2003.0,5.5,103.0,125.0,82.4,1745.0,373.0,0,0.1,0.2,-0.1,2.0,13.0,1.0,0.0,15.0,711,it ITA,MF,it Serie A,22-356,2003.0,5.5,125.0,121.0,4.0,3.0,0.0,2.0,3,1.0,0.0,0.0,0.0,0.0,103.0,0.0,5.0,711,it ITA,MF,it Serie A,22-356,2003.0,5.5,11.0,1.99,8.0,0.0,1.0,1.0,1.0,0.0,1.0,0.18,711,it ITA,MF,it Serie A,22-356,2003.0,5.5,4.0,1,0.0,3.0,1.0,2.0,0.0,2.0,2.0,0.0,2.0,2,6.0,1.0,0.0,711,it ITA,MF,it Serie A,22-356,2003.0,5.5,167.0,2.0,11.0,100.0,60.0,19.0,167.0,9.0,1.0,11.1,4.0,44.4,108.0,621.0,287.0,6.0,6.0,1.0,8.0,8.0,123.0,18.0,893,it ITA,MF,it Serie A,22-356,2003.0,10,498,50,32.5,5.5,6,69.0,0,4,21.0,7,1.6,8,4,4,0.72,0.37,8.2,7.0,1.2,0.22,711,it ITA,MF,it Serie A,22-356,2003.0,5.5,0,0,0,10,15,2,3,2,1,0.0,0.0,0,19.0,8.0,6.0,57.1,,,,,,,,,,,,,,,,,,,,,,,,,,,,,,,,,,,,,,,,,,,,,,,,,,,,,,Midfielder,0.18181818181818182,0.0,0.23636363636363636,0.018181818181818184,1.0909090909090908,2.727272727272727,3.272727272727273,0.36363636363636365,0.7272727272727273,0.36363636363636365,0.18181818181818182,19.636363636363637,-4.216269272727274,3.8181818181818183,-0.30000000000000004,1.1916167664670658,57.48987854251012,5.5,54.49277586967784
712,Alieu Fadera,gm GAM,FW,Sassuolo,it Serie A,24.0,2001.0,17,5,620,6.9,1,1,2,1,0,0,3,0,1.4,1.4,0.5,1.9,26.0,14.0,61.0,0.29,0.28,712,gm GAM,FW,it Serie A,24-063,2001.0,6.9,1,8,2,25.0,1.16,0.29,0.13,0.5,17.7,1.0,0,0,1.4,1.4,0.17,-0.4,-0.4,712,gm GAM,FW,it Serie A,24-063,2001.0,6.9,139.0,187.0,74.3,2118.0,575.0,1,0.5,1.1,0.5,4.0,8.0,9.0,2.0,14.0,712,gm GAM,FW,it Serie A,24-063,2001.0,6.9,187.0,179.0,7.0,1.0,1.0,0.0,21,2.0,4.0,4.0,0.0,0.0,139.0,1.0,15.0,712,gm GAM,FW,it Serie A,24-063,2001.0,6.9,17.0,2.47,9.0,2.0,1.0,1.0,3.0,1.0,2.0,0.29,712,gm GAM,FW,it Serie A,24-063,2001.0,6.9,26.0,18,11.0,11.0,4.0,22.0,59.1,9.0,12.0,0.0,12.0,2,28.0,2.0,1.0,712,gm GAM,FW,it Serie A,24-063,2001.0,6.9,306.0,5.0,52.0,118.0,143.0,25.0,306.0,20.0,4.0,20.0,10.0,50.0,194.0,1330.0,621.0,26.0,12.0,10.0,34.0,13.0,209.0,61.0,895,gm GAM,FW,it Serie A,24-063,2001.0,17,620,36,38.3,6.9,5,66.0,0,12,24.0,1,1.29,11,8,3,0.44,0.62,10.7,10.2,0.6,0.08,712,gm GAM,FW,it Serie A,24-063,2001.0,6.9,3,0,0,27,24,6,21,2,18,2.0,1.0,0,36.0,5.0,10.0,33.3,,,,,,,,,,,,,,,,,,,,,,,,,,,,,,,,,,,,,,,,,,,,,,,,,,,,,,Forward,0.14492753623188406,0.14492753623188406,0.20289855072463767,0.07246376811594203,3.7681159420289854,2.0289855072463765,8.840579710144928,0.5797101449275363,3.7681159420289854,0.2898550724637681,1.3043478260869565,28.115942028985504,-6.013296159420289,5.797101449275362,-0.3999999999999999,0.8071895424836603,83.44947735191639,29.2,64.58937875535324
713,Nicolò Fagioli,it ITA,MF,Fiorentina,it Serie A,24.0,2001.0,15,12,1005,11.2,0,2,2,0,0,0,2,0,0.5,0.5,2.6,3.1,16.0,62.0,16.0,0.18,0.28,713,it ITA,MF,it Serie A,24-327,2001.0,11.2,0,12,2,16.7,1.07,0.18,0.0,0.0,25.9,2.0,0,0,0.5,0.5,0.04,-0.5,-0.5,713,it ITA,MF,it Serie A,24-327,2001.0,11.2,615.0,733.0,83.9,11567.0,3213.0,2,2.6,1.8,-0.6,27.0,70.0,18.0,8.0,62.0,713,it ITA,MF,it Serie A,24-327,2001.0,11.2,733.0,657.0,74.0,37.0,2.0,6.0,49,4.0,19.0,11.0,5.0,0.0,615.0,2.0,7.0,713,it ITA,MF,it Serie A,24-327,2001.0,11.2,52.0,4.66,41.0,7.0,0.0,2.0,2.0,0.0,3.0,0.27,713,it ITA,MF,it Serie A,24-327,2001.0,11.2,17.0,12,6.0,8.0,3.0,25.0,44.0,14.0,9.0,4.0,5.0,7,24.0,8.0,1.0,713,it ITA,MF,it Serie A,24-327,2001.0,11.2,816.0,23.0,177.0,456.0,190.0,4.0,816.0,10.0,5.0,50.0,5.0,50.0,490.0,2563.0,1233.0,16.0,24.0,2.0,9.0,12.0,576.0,16.0,896,it ITA,MF,it Serie A,24-327,2001.0,15,1005,67,62.0,11.2,12,75.0,5,3,34.0,3,0.67,11,22,-11,-0.99,-1.13,17.2,16.1,1.1,0.1,713,it ITA,MF,it Serie A,24-327,2001.0,11.2,2,0,0,9,18,0,49,7,12,0.0,0.0,0,68.0,0.0,1.0,0.0,,,,,,,,,,,,,,,,,,,,,,,,,,,,,,,,,,,,,,,,,,,,,,,,,,,,,,Midfielder,0.0,0.17857142857142858,0.044642857142857144,0.23214285714285718,1.4285714285714286,5.5357142857142865,1.4285714285714286,2.410714285714286,1.517857142857143,0.625,1.6071428571428572,43.75,-0.7392122857142827,6.964285714285714,-0.5,0.571078431372549,86.63967611336032,35.2,64.08260067556238
716,Ansu Fati,es ESP,"MF,FW",Monaco,fr Ligue 1,23.0,2002.0,10,4,426,4.7,5,0,5,2,3,4,1,0,6.8,3.5,0.8,4.3,11.0,17.0,31.0,0.42,1.61,716,es ESP,"MF,FW",fr Ligue 1,23-066,2002.0,4.7,5,15,5,33.3,3.17,1.06,0.13,0.4,15.8,0.0,3,4,6.8,3.5,0.24,-1.8,-1.5,716,es ESP,"MF,FW",fr Ligue 1,23-066,2002.0,4.7,136.0,167.0,81.4,1979.0,427.0,0,0.8,0.6,-0.8,8.0,12.0,7.0,2.0,17.0,716,es ESP,"MF,FW",fr Ligue 1,23-066,2002.0,4.7,167.0,162.0,5.0,1.0,0.0,0.0,2,2.0,0.0,0.0,0.0,0.0,136.0,0.0,6.0,716,es ESP,"MF,FW",fr Ligue 1,23-066,2002.0,4.7,16.0,3.38,13.0,0.0,1.0,2.0,0.0,0.0,1.0,0.21,716,es ESP,"MF,FW",fr Ligue 1,23-066,2002.0,4.7,8.0,4,1.0,5.0,2.0,8.0,50.0,4.0,3.0,0.0,3.0,1,9.0,4.0,1.0,716,es ESP,"MF,FW",fr Ligue 1,23-066,2002.0,4.7,229.0,2.0,21.0,123.0,86.0,28.0,225.0,12.0,5.0,41.7,7.0,58.3,127.0,641.0,321.0,11.0,7.0,2.0,12.0,3.0,160.0,31.0,902,es ESP,"MF,FW",fr Ligue 1,23-066,2002.0,10,426,43,27.8,4.7,4,70.0,1,6,25.0,0,1.4,9,7,2,0.42,0.83,12.1,9.2,3.0,0.62,716,es ESP,"MF,FW",fr Ligue 1,23-066,2002.0,4.7,1,0,0,5,4,1,2,1,4,0.0,0.0,0,13.0,6.0,6.0,50.0,,,,,,,,,,,,,,,,,,,,,,,,,,,,,,,,,,,,,,,,,,,,,,,,,,,,,,Forward,1.0638297872340425,0.0,1.4468085106382977,0.1702127659574468,2.3404255319148937,3.6170212765957444,6.595744680851063,1.702127659574468,1.702127659574468,0.2127659574468085,1.4893617021276595,27.02127659574468,-6.645971382978724,5.957446808510638,-1.7999999999999998,1.4759825327510916,79.96515679442508,19.3,67.02863100957677
717,Abdoulaye Faye,sn SEN,DF,Lorient,fr Ligue 1,21.0,2004.0,7,6,573,6.4,0,0,0,0,0,0,5,0,0.5,0.5,0.0,0.5,1.0,19.0,1.0,0.0,0.08,717,sn SEN,DF,fr Ligue 1,21-105,2004.0,6.4,0,6,1,16.7,0.94,0.16,0.0,0.0,11.0,0.0,0,0,0.5,0.5,0.08,-0.5,-0.5,717,sn SEN,DF,fr Ligue 1,21-105,2004.0,6.4,314.0,357.0,88.0,5586.0,2283.0,0,0.0,0.1,0.0,0.0,21.0,0.0,0.0,19.0,717,sn SEN,DF,fr Ligue 1,21-105,2004.0,6.4,357.0,324.0,33.0,8.0,0.0,1.0,0,1.0,0.0,0.0,0.0,0.0,314.0,0.0,1.0,717,sn SEN,DF,fr Ligue 1,21-105,2004.0,6.4,4.0,0.63,3.0,0.0,0.0,1.0,0.0,0.0,1.0,0.16,717,sn SEN,DF,fr Ligue 1,21-105,2004.0,6.4,12.0,7,9.0,3.0,0.0,8.0,75.0,2.0,7.0,4.0,3.0,12,24.0,34.0,1.0,717,sn SEN,DF,fr Ligue 1,21-105,2004.0,6.4,438.0,73.0,249.0,167.0,23.0,10.0,438.0,3.0,2.0,66.7,1.0,33.3,260.0,1274.0,661.0,1.0,2.0,0.0,0.0,3.0,294.0,1.0,904,sn SEN,DF,fr Ligue 1,21-105,2004.0,7,573,82,37.5,6.4,6,88.0,5,1,45.0,0,1.14,11,18,-7,-1.1,-0.91,7.7,11.4,-3.7,-0.58,717,sn SEN,DF,fr Ligue 1,21-105,2004.0,6.4,5,0,0,13,7,0,0,12,7,0.0,1.0,0,16.0,16.0,8.0,66.7,,,,,,,,,,,,,,,,,,,,,,,,,,,,,,,,,,,,,,,,,,,,,,,,,,,,,,Defender,0.0,0.0,0.078125,0.0,0.15625,2.96875,0.15625,0.0,1.875,1.875,0.0,40.625,-4.480568749999999,3.125,-0.5,0.14383561643835616,58.14360770577933,6.7,54.49260328564136
718,Jacopo Fazzini,it ITA,"MF,FW",Fiorentina,it Serie A,22.0,2003.0,10,4,385,4.3,0,0,0,0,0,0,0,0,0.3,0.3,0.6,0.9,9.0,24.0,14.0,0.0,0.21,718,it ITA,"MF,FW",it Serie A,22-295,2003.0,4.3,0,7,1,14.3,1.64,0.23,0.0,0.0,23.0,0.0,0,0,0.3,0.3,0.04,-0.3,-0.3,718,it ITA,"MF,FW",it Serie A,22-295,2003.0,4.3,95.0,127.0,74.8,1496.0,470.0,0,0.6,0.4,-0.6,6.0,12.0,8.0,2.0,24.0,718,it ITA,"MF,FW",it Serie A,22-295,2003.0,4.3,127.0,122.0,3.0,1.0,1.0,0.0,5,0.0,2.0,2.0,0.0,0.0,95.0,2.0,3.0,718,it ITA,"MF,FW",it Serie A,22-295,2003.0,4.3,13.0,3.04,10.0,1.0,1.0,0.0,1.0,0.0,0.0,0.0,718,it ITA,"MF,FW",it Serie A,22-295,2003.0,4.3,12.0,5,4.0,7.0,1.0,7.0,57.1,3.0,5.0,0.0,5.0,4,16.0,3.0,1.0,718,it ITA,"MF,FW",it Serie A,22-295,2003.0,4.3,188.0,3.0,21.0,98.0,73.0,4.0,188.0,14.0,4.0,28.6,8.0,57.1,102.0,618.0,338.0,9.0,7.0,0.0,14.0,10.0,120.0,14.0,905,it ITA,"MF,FW",it Serie A,22-295,2003.0,10,385,39,23.8,4.3,4,71.0,0,6,17.0,2,0.4,4,7,-3,-0.7,-0.19,5.6,4.9,0.7,0.16,718,it ITA,"MF,FW",it Serie A,22-295,2003.0,4.3,0,0,0,4,10,0,5,4,5,0.0,0.0,0,19.0,4.0,11.0,26.7,,,,,,,,,,,,,,,,,,,,,,,,,,,,,,,,,,,,,,,,,,,,,,,,,,,,,,Forward,0.0,0.0,0.06976744186046512,0.13953488372093023,2.0930232558139537,5.5813953488372094,3.255813953488372,1.3953488372093024,2.7906976744186047,0.9302325581395349,1.8604651162790697,23.72093023255814,-8.764382697674417,7.674418604651163,-0.3,1.6170212765957446,62.89198606271778,8.6,57.91158937635155
720,Mattia Felici,it ITA,"FW,DF",Cagliari,it Serie A,24.0,2001.0,11,4,411,4.6,2,1,3,2,0,0,3,0,0.7,0.7,0.6,1.3,20.0,9.0,34.0,0.66,0.29,720,it ITA,"FW,DF",it Serie A,24-263,2001.0,4.6,2,9,6,66.7,1.97,1.31,0.22,0.33,16.3,0.0,0,0,0.7,0.7,0.08,1.3,1.3,720,it ITA,"FW,DF",it Serie A,24-263,2001.0,4.6,86.0,138.0,62.3,1250.0,403.0,1,0.6,0.3,0.4,8.0,6.0,5.0,4.0,9.0,720,it ITA,"FW,DF",it Serie A,24-263,2001.0,4.6,138.0,115.0,22.0,3.0,1.0,0.0,23,9.0,10.0,4.0,4.0,0.0,86.0,1.0,7.0,720,it ITA,"FW,DF",it Serie A,24-263,2001.0,4.6,15.0,3.28,10.0,2.0,2.0,1.0,0.0,0.0,3.0,0.66,720,it ITA,"FW,DF",it Serie A,24-263,2001.0,4.6,11.0,6,5.0,6.0,0.0,9.0,66.7,3.0,2.0,0.0,2.0,5,16.0,2.0,0.0,720,it ITA,"FW,DF",it Serie A,24-263,2001.0,4.6,198.0,2.0,33.0,73.0,95.0,15.0,198.0,19.0,7.0,36.8,12.0,63.2,129.0,948.0,505.0,20.0,18.0,11.0,11.0,8.0,136.0,34.0,907,it ITA,"FW,DF",it Serie A,24-263,2001.0,11,411,37,25.4,4.6,4,58.0,0,7,25.0,2,0.91,7,7,0,0.0,0.45,4.7,6.8,-2.1,-0.46,720,it ITA,"FW,DF",it Serie A,24-263,2001.0,4.6,3,0,0,10,6,0,23,5,6,0.0,0.0,0,15.0,1.0,4.0,20.0,,,,,,,,,,,,,,,,,,,,,,,,,,,,,,,,,,,,,,,,,,,,,,,,,,,,,,Forward,0.4347826086956522,0.2173913043478261,0.15217391304347827,0.13043478260869565,4.347826086956522,1.956521739130435,7.391304347826088,1.7391304347826089,2.3913043478260874,1.0869565217391306,1.0869565217391306,28.043478260869566,-5.348603913043476,6.304347826086957,1.3,1.6565656565656566,86.93379790940766,29.1,67.33834075089672
724,Evan Ferguson,ie IRL,FW,Roma,it Serie A,21.0,2004.0,14,8,676,7.5,2,2,4,2,0,0,1,0,2.2,2.2,1.7,3.9,17.0,5.0,68.0,0.53,0.52,724,ie IRL,FW,it Serie A,21-078,2004.0,7.5,2,23,12,52.2,3.06,1.6,0.09,0.17,16.2,0.0,0,0,2.2,2.2,0.09,-0.2,-0.2,724,ie IRL,FW,it Serie A,21-078,2004.0,7.5,117.0,154.0,76.0,1545.0,165.0,2,1.7,0.9,0.3,15.0,4.0,5.0,1.0,5.0,724,ie IRL,FW,it Serie A,21-078,2004.0,7.5,154.0,144.0,10.0,0.0,0.0,1.0,2,1.0,0.0,0.0,0.0,0.0,117.0,0.0,5.0,724,ie IRL,FW,it Serie A,21-078,2004.0,7.5,23.0,3.06,17.0,0.0,1.0,5.0,0.0,0.0,5.0,0.67,724,ie IRL,FW,it Serie A,21-078,2004.0,7.5,5.0,2,0.0,3.0,2.0,5.0,20.0,4.0,6.0,1.0,5.0,1,6.0,2.0,0.0,724,ie IRL,FW,it Serie A,21-078,2004.0,7.5,257.0,2.0,3.0,110.0,150.0,38.0,257.0,16.0,7.0,43.8,9.0,56.3,163.0,839.0,346.0,17.0,12.0,6.0,33.0,20.0,210.0,68.0,912,ie IRL,FW,it Serie A,21-078,2004.0,14,676,48,41.7,7.5,8,62.0,1,6,30.0,2,1.71,11,6,5,0.67,0.38,9.1,7.0,2.0,0.27,724,ie IRL,FW,it Serie A,21-078,2004.0,7.5,1,0,0,10,8,3,2,1,2,0.0,0.0,0,14.0,10.0,33.0,23.3,,,,,,,,,,,,,,,,,,,,,,,,,,,,,,,,,,,,,,,,,,,,,,,,,,,,,,Forward,0.26666666666666666,0.26666666666666666,0.29333333333333333,0.22666666666666666,2.2666666666666666,0.6666666666666666,9.066666666666666,2.0,0.6666666666666666,0.13333333333333333,0.6666666666666666,21.733333333333334,-7.746628333333334,2.933333333333333,-0.20000000000000018,1.1906614785992218,72.64808362369338,22.0,59.547609527617524
727,Mateus Fernandes,pt POR,"MF,FW",West Ham,eng Premier League,21.0,2004.0,18,17,1415,15.7,2,1,3,2,0,0,2,0,0.9,0.9,1.3,2.3,23.0,66.0,33.0,0.19,0.14,727,pt POR,"MF,FW",eng Premier League,21-179,2004.0,15.7,2,11,2,18.2,0.7,0.13,0.18,1.0,22.9,0.0,0,0,0.9,0.9,0.09,1.1,1.1,727,pt POR,"MF,FW",eng Premier League,21-179,2004.0,15.7,610.0,709.0,86.0,10072.0,2870.0,1,1.3,1.4,-0.3,21.0,61.0,19.0,6.0,66.0,727,pt POR,"MF,FW",eng Premier League,21-179,2004.0,15.7,709.0,649.0,56.0,21.0,7.0,5.0,31,1.0,10.0,6.0,4.0,0.0,610.0,4.0,9.0,727,pt POR,"MF,FW",eng Premier League,21-179,2004.0,15.7,38.0,2.42,29.0,2.0,2.0,1.0,2.0,2.0,1.0,0.06,727,pt POR,"MF,FW",eng Premier League,21-179,2004.0,15.7,46.0,30,18.0,20.0,8.0,42.0,54.8,19.0,27.0,8.0,19.0,17,63.0,16.0,2.0,727,pt POR,"MF,FW",eng Premier League,21-179,2004.0,15.7,885.0,39.0,186.0,507.0,200.0,11.0,885.0,28.0,13.0,46.4,11.0,39.3,431.0,2528.0,1095.0,23.0,15.0,2.0,17.0,20.0,553.0,33.0,915,pt POR,"MF,FW",eng Premier League,21-179,2004.0,18,1415,79,78.6,15.7,17,82.0,9,1,26.0,0,0.78,16,27,-11,-0.7,1.4,15.2,24.2,-9.0,-0.57,727,pt POR,"MF,FW",eng Premier League,21-179,2004.0,15.7,2,0,0,22,23,0,31,17,30,0.0,0.0,0,82.0,10.0,9.0,52.6,,,,,,,,,,,,,,,,,,,,,,,,,,,,,,,,,,,,,,,,,,,,,,,,,,,,,,Forward,0.12738853503184713,0.06369426751592357,0.05732484076433121,0.08280254777070065,1.4649681528662422,4.203821656050955,2.1019108280254777,1.337579617834395,2.9299363057324843,1.0828025477707006,1.2101910828025477,27.452229299363058,-9.472615885350319,5.6687898089171975,1.1,0.2734463276836158,56.62020905923345,14.9,49.2778146729621
728,Enzo Fernández,ar ARG,MF,Chelsea,eng Premier League,24.0,2001.0,19,18,1637,18.2,6,1,7,5,1,1,4,0,7.8,7.0,3.8,10.8,28.0,141.0,66.0,0.33,0.64,728,ar ARG,MF,eng Premier League,24-353,2001.0,18.2,6,39,17,43.6,2.14,0.93,0.13,0.29,16.2,2.0,1,1,7.8,7.0,0.19,-1.8,-2.0,728,ar ARG,MF,eng Premier League,24-353,2001.0,18.2,849.0,1025.0,82.8,14342.0,4099.0,1,3.8,3.6,-2.8,30.0,107.0,38.0,2.0,141.0,728,ar ARG,MF,eng Premier League,24-353,2001.0,18.2,1025.0,964.0,60.0,29.0,8.0,7.0,36,3.0,19.0,14.0,0.0,0.0,849.0,1.0,19.0,728,ar ARG,MF,eng Premier League,24-353,2001.0,18.2,61.0,3.35,51.0,3.0,1.0,2.0,3.0,1.0,6.0,0.33,728,ar ARG,MF,eng Premier League,24-353,2001.0,18.2,38.0,19,17.0,15.0,6.0,37.0,59.5,15.0,19.0,1.0,18.0,9,47.0,16.0,0.0,728,ar ARG,MF,eng Premier League,24-353,2001.0,18.2,1231.0,19.0,188.0,694.0,367.0,59.0,1230.0,31.0,6.0,19.4,23.0,74.2,763.0,3471.0,1669.0,28.0,20.0,5.0,34.0,25.0,930.0,66.0,919,ar ARG,MF,eng Premier League,24-353,2001.0,19,1637,86,90.9,18.2,18,89.0,16,1,37.0,0,1.47,29,20,9,0.49,-0.61,32.1,22.8,9.2,0.51,728,ar ARG,MF,eng Premier League,24-353,2001.0,18.2,4,0,0,22,21,1,36,9,19,0.0,0.0,0,78.0,17.0,15.0,53.1,,,,,,,,,,,,,,,,,,,,,,,,,,,,,,,,,,,,,,,,,,,,,,,,,,,,,,Midfielder,0.32967032967032966,0.054945054945054944,0.4285714285714286,0.2087912087912088,1.5384615384615385,7.747252747252747,3.6263736263736264,1.6483516483516485,2.087912087912088,0.4945054945054945,2.087912087912088,41.92307692307693,1.7843547362637349,9.285714285714286,-1.7999999999999998,0.27213647441104794,96.35627530364373,92.1,50.15943534807065
729,Ezequiél Fernández,ar ARG,MF,Leverkusen,de Bundesliga,23.0,2002.0,6,3,331,3.7,0,0,0,0,0,0,3,1,0.2,0.2,0.2,0.4,4.0,16.0,9.0,0.0,0.11,729,ar ARG,MF,de Bundesliga,23-164,2002.0,3.7,0,4,0,0.0,1.09,0.0,0.0,,22.3,0.0,0,0,0.2,0.2,0.05,-0.2,-0.2,729,ar ARG,MF,de Bundesliga,23-164,2002.0,3.7,266.0,298.0,89.3,3907.0,1092.0,0,0.2,0.6,-0.2,3.0,22.0,4.0,0.0,16.0,729,ar ARG,MF,de Bundesliga,23-164,2002.0,3.7,298.0,297.0,1.0,1.0,2.0,1.0,0,0.0,0.0,0.0,0.0,0.0,266.0,0.0,2.0,729,ar ARG,MF,de Bundesliga,23-164,2002.0,3.7,13.0,3.53,11.0,0.0,2.0,0.0,0.0,0.0,1.0,0.27,729,ar ARG,MF,de Bundesliga,23-164,2002.0,3.7,10.0,7,3.0,6.0,1.0,7.0,28.6,5.0,4.0,1.0,3.0,4,14.0,7.0,1.0,729,ar ARG,MF,de Bundesliga,23-164,2002.0,3.7,342.0,11.0,82.0,210.0,52.0,4.0,342.0,8.0,4.0,50.0,4.0,50.0,202.0,728.0,354.0,4.0,4.0,1.0,4.0,3.0,272.0,9.0,920,ar ARG,MF,de Bundesliga,23-164,2002.0,6,331,55,24.5,3.7,3,75.0,1,3,36.0,1,3.0,10,3,7,1.9,1.37,9.0,3.7,5.3,1.45,729,ar ARG,MF,de Bundesliga,23-164,2002.0,3.7,3,1,1,4,8,1,0,4,7,0.0,0.0,0,23.0,1.0,6.0,14.3,,,,,,,,,,,,,,,,,,,,,,,,,,,,,,,,,,,,,,,,,,,,,,,,,,,,,,Midfielder,0.0,0.0,0.05405405405405406,0.05405405405405406,1.081081081081081,4.324324324324324,2.4324324324324325,0.8108108108108107,2.7027027027027026,1.081081081081081,1.081081081081081,54.59459459459459,-2.872638891891895,5.405405405405405,-0.2,1.0321637426900585,69.90553306342781,15.1,60.73460735310844
730,Manu Fernández,es ESP,DF,Celta Vigo,es La Liga,24.0,2001.0,10,8,642,7.1,0,0,0,0,0,0,2,0,0.0,0.0,0.0,0.0,5.0,27.0,0.0,0.0,0.01,730,es ESP,DF,es La Liga,24-257,2001.0,7.1,0,2,0,0.0,0.28,0.0,0.0,,29.9,0.0,0,0,0.0,0.0,0.02,0.0,0.0,730,es ESP,DF,es La Liga,24-257,2001.0,7.1,395.0,440.0,89.8,7484.0,2671.0,0,0.0,0.1,0.0,0.0,26.0,1.0,0.0,27.0,730,es ESP,DF,es La Liga,24-257,2001.0,7.1,440.0,422.0,17.0,10.0,1.0,3.0,0,7.0,0.0,0.0,0.0,0.0,395.0,1.0,3.0,730,es ESP,DF,es La Liga,24-257,2001.0,7.1,5.0,0.7,5.0,0.0,0.0,0.0,0.0,0.0,3.0,0.42,730,es ESP,DF,es La Liga,24-257,2001.0,7.1,11.0,8,2.0,7.0,2.0,8.0,100.0,0.0,3.0,2.0,1.0,6,17.0,26.0,1.0,730,es ESP,DF,es La Liga,24-257,2001.0,7.1,499.0,51.0,224.0,261.0,18.0,0.0,499.0,2.0,1.0,50.0,1.0,50.0,299.0,1353.0,880.0,5.0,4.0,0.0,2.0,5.0,372.0,0.0,923,es ESP,DF,es La Liga,24-257,2001.0,10,642,64,39.6,7.1,8,78.0,3,2,10.0,6,1.4,10,9,1,0.14,-0.14,7.2,9.7,-2.5,-0.35,730,es ESP,DF,es La Liga,24-257,2001.0,7.1,2,0,0,7,6,0,0,6,8,0.0,1.0,0,28.0,6.0,4.0,60.0,,,,,,,,,,,,,,,,,,,,,,,,,,,,,,,,,,,,,,,,,,,,,,,,,,,,,,Defender,0.0,0.0,0.0,0.0,0.7042253521126761,3.802816901408451,0.0,0.0,1.5492957746478875,0.8450704225352114,0.14084507042253522,42.11267605633803,-3.4475549295774623,4.507042253521127,0.0,0.1402805611222445,69.1768826619965,10.9,62.377712048689354
733,Roberto Férnandez,es ESP,FW,Espanyol,es La Liga,23.0,2002.0,18,14,1287,14.3,4,2,6,3,1,1,1,0,5.1,4.3,3.0,7.3,13.0,15.0,55.0,0.35,0.57,733,es ESP,FW,es La Liga,23-186,2002.0,14.3,4,36,13,36.1,2.52,0.91,0.08,0.23,15.1,0.0,1,1,5.1,4.3,0.12,-1.1,-1.3,733,es ESP,FW,es La Liga,23-186,2002.0,14.3,138.0,202.0,68.3,1680.0,287.0,2,3.0,2.2,-1.0,12.0,8.0,1.0,0.0,15.0,733,es ESP,FW,es La Liga,23-186,2002.0,14.3,202.0,190.0,11.0,0.0,1.0,0.0,2,1.0,0.0,0.0,0.0,0.0,138.0,1.0,9.0,733,es ESP,FW,es La Liga,23-186,2002.0,14.3,27.0,1.89,18.0,0.0,0.0,5.0,4.0,0.0,5.0,0.35,733,es ESP,FW,es La Liga,23-186,2002.0,14.3,6.0,1,1.0,4.0,1.0,10.0,40.0,6.0,15.0,2.0,13.0,4,10.0,18.0,0.0,733,es ESP,FW,es La Liga,23-186,2002.0,14.3,371.0,20.0,32.0,169.0,172.0,60.0,370.0,18.0,4.0,22.2,12.0,66.7,181.0,788.0,309.0,13.0,9.0,8.0,35.0,15.0,249.0,55.0,927,es ESP,FW,es La Liga,23-186,2002.0,18,1287,72,79.4,14.3,14,82.0,7,4,33.0,0,1.83,17,14,3,0.21,0.21,21.7,16.7,5.0,0.35,733,es ESP,FW,es La Liga,23-186,2002.0,14.3,1,0,0,23,28,2,2,4,1,1.0,0.0,0,36.0,30.0,66.0,31.3,,,,,,,,,,,,,,,,,,,,,,,,,,,,,,,,,,,,,,,,,,,,,,,,,,,,,,Forward,0.2797202797202797,0.13986013986013984,0.3566433566433566,0.2097902097902098,0.9090909090909091,1.048951048951049,3.846153846153846,0.8391608391608392,0.4195804195804196,0.2797202797202797,0.06993006993006992,12.657342657342657,-11.021972384615385,1.958041958041958,-1.0999999999999996,0.5094339622641509,42.508710801393725,3.5,41.0712181655978
735,Matias Fernandez-Pardo,be BEL,FW,Lille,fr Ligue 1,20.0,2005.0,13,11,954,10.6,2,3,5,2,0,0,2,0,2.8,2.8,2.7,5.4,67.0,35.0,122.0,0.47,0.51,735,be BEL,FW,fr Ligue 1,20-336,2005.0,10.6,2,25,11,44.0,2.36,1.04,0.08,0.18,15.0,0.0,0,0,2.8,2.8,0.11,-0.8,-0.8,735,be BEL,FW,fr Ligue 1,20-336,2005.0,10.6,259.0,333.0,77.8,3909.0,874.0,3,2.7,2.2,0.3,17.0,8.0,25.0,4.0,35.0,735,be BEL,FW,fr Ligue 1,20-336,2005.0,10.6,333.0,324.0,9.0,0.0,2.0,0.0,34,2.0,7.0,2.0,2.0,0.0,259.0,0.0,19.0,735,be BEL,FW,fr Ligue 1,20-336,2005.0,10.6,40.0,3.77,28.0,2.0,3.0,4.0,3.0,0.0,7.0,0.66,735,be BEL,FW,fr Ligue 1,20-336,2005.0,10.6,10.0,7,2.0,7.0,1.0,9.0,66.7,3.0,10.0,0.0,10.0,3,13.0,1.0,0.0,735,be BEL,FW,fr Ligue 1,20-336,2005.0,10.6,435.0,0.0,24.0,114.0,306.0,72.0,435.0,31.0,14.0,45.2,15.0,48.4,302.0,2534.0,1459.0,67.0,31.0,35.0,18.0,10.0,342.0,122.0,929,be BEL,FW,fr Ligue 1,20-336,2005.0,13,954,73,62.4,10.6,11,80.0,3,2,38.0,2,1.54,13,15,-2,-0.19,-2.22,18.3,13.5,4.8,0.45,735,be BEL,FW,fr Ligue 1,20-336,2005.0,10.6,2,0,0,5,15,6,34,3,7,1.0,0.0,0,29.0,2.0,3.0,40.0,,,,,,,,,,,,,,,,,,,,,,,,,,,,,,,,,,,,,,,,,,,,,,,,,,,,,,Forward,0.18867924528301888,0.2830188679245283,0.2641509433962264,0.25471698113207547,6.320754716981132,3.30188679245283,11.50943396226415,1.6037735849056605,0.9433962264150944,0.2830188679245283,2.358490566037736,28.49056603773585,1.4623302641509426,9.622641509433963,-0.7999999999999998,0.8666666666666666,99.12891986062718,72.5,57.46604049891431
739,Jonathan Fischer,dk DEN,GK,Metz,fr Ligue 1,24.0,2001.0,17,16,1454,16.2,0,0,0,0,0,0,0,0,0.0,0.0,0.0,0.0,0.0,0.0,0.0,0.0,0.0,739,dk DEN,GK,fr Ligue 1,24-057,2001.0,16.2,0,0,0,,0.0,0.0,,,,0.0,0,0,0.0,0.0,,0.0,0.0,739,dk DEN,GK,fr Ligue 1,24-057,2001.0,16.2,572.0,681.0,84.0,13490.0,7675.0,0,0.0,0.0,0.0,1.0,5.0,0.0,0.0,0.0,739,dk DEN,GK,fr Ligue 1,24-057,2001.0,16.2,681.0,567.0,113.0,31.0,0.0,0.0,0,0.0,0.0,0.0,0.0,0.0,572.0,1.0,0.0,739,dk DEN,GK,fr Ligue 1,24-057,2001.0,16.2,4.0,0.25,4.0,0.0,0.0,0.0,0.0,0.0,1.0,0.06,739,dk DEN,GK,fr Ligue 1,24-057,2001.0,16.2,0.0,0,0.0,0.0,0.0,1.0,0.0,1.0,0.0,0.0,0.0,0,0.0,7.0,0.0,739,dk DEN,GK,fr Ligue 1,24-057,2001.0,16.2,726.0,623.0,724.0,2.0,0.0,0.0,726.0,0.0,0.0,,0.0,,490.0,2005.0,1145.0,0.0,0.0,0.0,0.0,0.0,456.0,0.0,935,dk DEN,GK,fr Ligue 1,24-057,2001.0,17,1454,86,95.0,16.2,16,90.0,16,1,14.0,0,0.71,18,34,-16,-0.99,3.75,17.0,31.1,-14.1,-0.87,739,dk DEN,GK,fr Ligue 1,24-057,2001.0,16.2,0,0,0,0,4,0,0,0,0,0.0,0.0,0,21.0,6.0,1.0,85.7,39.0,dk DEN,GK,fr Ligue 1,24-057,2001.0,17.0,16.0,1454.0,16.2,34.0,2.1,92.0,58.0,68.5,3.0,3.0,10.0,3.0,18.8,6.0,5.0,1.0,0.0,39.0,dk DEN,GK,fr Ligue 1,24-057,2001.0,16.2,34.0,5.0,0.0,2.0,1.0,34.2,0.32,1.2,0.07,56.0,149.0,37.6,598.0,68.0,18.2,26.7,216.0,7.0,3.2,17.0,1.05,13.9,Goalkeeper,0.0,0.0,0.0,0.0,0.0,0.0,0.0,0.0617283950617284,0.0,0.0,0.0,30.246913580246915,-12.0,0.0,0.0,0.03443526170798898,85.03937007874016,19.2,71.34175342176188
744,Romano Floriani,it ITA,"DF,FW",Cremonese,it Serie A,22.0,2003.0,14,6,601,6.7,0,0,0,0,0,0,2,0,0.1,0.1,1.0,1.1,9.0,13.0,33.0,0.0,0.16,744,it ITA,"DF,FW",it Serie A,22-343,2003.0,6.7,0,2,0,0.0,0.3,0.0,0.0,,21.5,0.0,0,0,0.1,0.1,0.04,-0.1,-0.1,744,it ITA,"DF,FW",it Serie A,22-343,2003.0,6.7,128.0,187.0,68.4,2026.0,476.0,0,1.0,0.5,-1.0,5.0,11.0,5.0,2.0,13.0,744,it ITA,"DF,FW",it Serie A,22-343,2003.0,6.7,187.0,176.0,11.0,0.0,0.0,0.0,17,11.0,0.0,0.0,0.0,0.0,128.0,0.0,10.0,744,it ITA,"DF,FW",it Serie A,22-343,2003.0,6.7,9.0,1.35,7.0,1.0,0.0,0.0,1.0,0.0,1.0,0.15,744,it ITA,"DF,FW",it Serie A,22-343,2003.0,6.7,11.0,5,7.0,4.0,0.0,8.0,75.0,2.0,6.0,2.0,4.0,4,15.0,27.0,0.0,744,it ITA,"DF,FW",it Serie A,22-343,2003.0,6.7,283.0,21.0,81.0,118.0,89.0,12.0,283.0,12.0,2.0,16.7,10.0,83.3,135.0,855.0,324.0,9.0,6.0,4.0,13.0,5.0,160.0,33.0,942,it ITA,"DF,FW",it Serie A,22-343,2003.0,14,601,43,37.1,6.7,6,76.0,2,8,18.0,4,1.0,7,8,-1,-0.15,0.03,7.4,10.7,-3.3,-0.49,744,it ITA,"DF,FW",it Serie A,22-343,2003.0,6.7,2,0,0,9,4,1,17,4,5,1.0,0.0,0,24.0,13.0,12.0,52.0,,,,,,,,,,,,,,,,,,,,,,,,,,,,,,,,,,,,,,,,,,,,,,,,,,,,,,Forward,0.0,0.0,0.014925373134328358,0.14925373134328357,1.3432835820895521,1.9402985074626866,4.925373134328358,0.7462686567164178,1.6417910447761193,0.5970149253731343,0.7462686567164178,20.149253731343283,-9.811255447761194,3.2835820895522385,-0.1,0.4770318021201414,52.4390243902439,5.7,49.611186745736894
746,Malick Fofana,be BEL,FW,Lyon,fr Ligue 1,20.0,2005.0,9,9,721,8.0,2,1,3,2,0,0,1,0,2.7,2.7,1.9,4.7,35.0,14.0,95.0,0.37,0.58,746,be BEL,FW,fr Ligue 1,20-280,2005.0,8.0,2,18,9,50.0,2.25,1.12,0.11,0.22,14.9,0.0,0,0,2.7,2.7,0.15,-0.7,-0.7,746,be BEL,FW,fr Ligue 1,20-280,2005.0,8.0,175.0,233.0,75.1,2460.0,606.0,1,1.9,1.8,-0.9,9.0,5.0,8.0,3.0,14.0,746,be BEL,FW,fr Ligue 1,20-280,2005.0,8.0,233.0,228.0,5.0,1.0,2.0,1.0,24,4.0,0.0,0.0,0.0,0.0,175.0,0.0,17.0,746,be BEL,FW,fr Ligue 1,20-280,2005.0,8.0,26.0,3.25,15.0,0.0,3.0,4.0,4.0,0.0,1.0,0.12,746,be BEL,FW,fr Ligue 1,20-280,2005.0,8.0,11.0,5,2.0,7.0,2.0,6.0,66.7,2.0,2.0,0.0,2.0,3,14.0,3.0,0.0,746,be BEL,FW,fr Ligue 1,20-280,2005.0,8.0,322.0,3.0,38.0,116.0,172.0,46.0,322.0,25.0,7.0,28.0,13.0,52.0,223.0,1556.0,935.0,35.0,22.0,18.0,18.0,3.0,253.0,95.0,944,be BEL,FW,fr Ligue 1,20-280,2005.0,9,721,80,47.1,8.0,9,80.0,1,0,,0,2.0,10,7,3,0.37,-0.18,14.1,7.1,7.0,0.87,746,be BEL,FW,fr Ligue 1,20-280,2005.0,8.0,1,0,0,11,21,3,24,3,5,0.0,0.0,0,19.0,0.0,4.0,0.0,,,,,,,,,,,,,,,,,,,,,,,,,,,,,,,,,,,,,,,,,,,,,,,,,,,,,,Forward,0.25,0.125,0.3375,0.2375,4.375,1.75,11.875,1.125,1.375,0.375,1.0,27.875,-2.1257870000000008,6.125,-0.7000000000000002,1.0093167701863355,95.64459930313589,53.3,62.39047573590077
747,Rayan Fofana,fr FRA,FW,Lens,fr Ligue 1,19.0,2006.0,14,4,507,5.6,2,0,2,2,0,0,0,0,3.1,3.1,0.2,3.3,9.0,3.0,38.0,0.36,0.59,747,fr FRA,FW,fr Ligue 1,19-327,2006.0,5.6,2,22,8,36.4,3.91,1.42,0.09,0.25,15.8,0.0,0,0,3.1,3.1,0.14,-1.1,-1.1,747,fr FRA,FW,fr Ligue 1,19-327,2006.0,5.6,69.0,96.0,71.9,849.0,62.0,0,0.2,0.1,-0.2,4.0,0.0,1.0,0.0,3.0,747,fr FRA,FW,fr Ligue 1,19-327,2006.0,5.6,96.0,85.0,10.0,0.0,0.0,0.0,2,1.0,0.0,0.0,0.0,0.0,69.0,1.0,2.0,747,fr FRA,FW,fr Ligue 1,19-327,2006.0,5.6,15.0,2.66,7.0,0.0,4.0,3.0,1.0,0.0,2.0,0.36,747,fr FRA,FW,fr Ligue 1,19-327,2006.0,5.6,8.0,4,3.0,2.0,3.0,5.0,40.0,3.0,8.0,1.0,7.0,2,10.0,5.0,0.0,747,fr FRA,FW,fr Ligue 1,19-327,2006.0,5.6,193.0,5.0,14.0,97.0,86.0,34.0,193.0,15.0,5.0,33.3,9.0,60.0,112.0,614.0,253.0,9.0,3.0,8.0,18.0,12.0,145.0,38.0,945,fr FRA,FW,fr Ligue 1,19-327,2006.0,14,507,36,33.1,5.6,4,68.0,0,10,24.0,3,2.21,13,5,8,1.42,0.54,14.4,9.9,4.5,0.8,747,fr FRA,FW,fr Ligue 1,19-327,2006.0,5.6,0,0,0,9,21,4,2,2,4,1.0,0.0,0,11.0,10.0,13.0,43.5,,,,,,,,,,,,,,,,,,,,,,,,,,,,,,,,,,,,,,,,,,,,,,,,,,,,,,Forward,0.35714285714285715,0.0,0.5535714285714286,0.03571428571428572,1.6071428571428572,0.5357142857142857,6.7857142857142865,0.7142857142857143,1.4285714285714286,0.35714285714285715,0.17857142857142858,20.0,-7.589431142857142,2.142857142857143,-1.1,1.3782383419689122,74.56445993031359,26.4,58.9908701980329
757,Héctor Fort,es ESP,DF,Elche,es La Liga,19.0,2006.0,9,5,327,3.6,1,2,3,1,0,0,0,0,0.5,0.5,0.4,0.9,18.0,10.0,30.0,0.83,0.25,757,es ESP,DF,es La Liga,19-156,2006.0,3.6,1,10,4,40.0,2.75,1.1,0.1,0.25,20.7,0.0,0,0,0.5,0.5,0.05,0.5,0.5,757,es ESP,DF,es La Liga,19-156,2006.0,3.6,110.0,135.0,81.5,1775.0,377.0,2,0.4,0.2,1.6,4.0,4.0,4.0,2.0,10.0,757,es ESP,DF,es La Liga,19-156,2006.0,3.6,135.0,122.0,12.0,0.0,0.0,3.0,7,12.0,0.0,0.0,0.0,0.0,110.0,1.0,4.0,757,es ESP,DF,es La Liga,19-156,2006.0,3.6,14.0,3.85,7.0,0.0,5.0,1.0,0.0,1.0,4.0,1.1,757,es ESP,DF,es La Liga,19-156,2006.0,3.6,8.0,2,5.0,2.0,1.0,6.0,50.0,3.0,3.0,1.0,2.0,5,13.0,9.0,0.0,757,es ESP,DF,es La Liga,19-156,2006.0,3.6,196.0,4.0,43.0,73.0,82.0,11.0,196.0,16.0,8.0,50.0,8.0,50.0,116.0,776.0,428.0,18.0,8.0,5.0,5.0,5.0,126.0,30.0,958,es ESP,DF,es La Liga,19-156,2006.0,9,327,36,20.2,3.6,5,53.0,0,4,16.0,1,1.44,5,4,1,0.28,0.28,4.0,5.0,-1.0,-0.28,757,es ESP,DF,es La Liga,19-156,2006.0,3.6,0,0,0,4,0,1,7,5,2,0.0,0.0,0,14.0,5.0,3.0,62.5,,,,,,,,,,,,,,,,,,,,,,,,,,,,,,,,,,,,,,,,,,,,,,,,,,,,,,Defender,0.2777777777777778,0.5555555555555556,0.1388888888888889,0.11111111111111112,5.0,2.7777777777777777,8.333333333333334,1.1111111111111112,2.2222222222222223,1.3888888888888888,1.1111111111111112,32.22222222222222,-2.139483333333331,7.777777777777778,0.5,1.9642857142857142,80.56042031523643,21.8,66.14156019313336
758,Niccolò Fortini,it ITA,"DF,MF",Fiorentina,it Serie A,19.0,2006.0,13,2,514,5.7,0,0,0,0,0,0,0,0,0.2,0.2,0.5,0.8,17.0,18.0,50.0,0.0,0.14,758,it ITA,"DF,MF",it Serie A,19-326,2006.0,5.7,0,8,2,25.0,1.4,0.35,0.0,0.0,22.0,0.0,0,0,0.2,0.2,0.03,-0.2,-0.2,758,it ITA,"DF,MF",it Serie A,19-326,2006.0,5.7,200.0,255.0,78.4,3281.0,901.0,0,0.5,0.8,-0.5,4.0,15.0,7.0,5.0,18.0,758,it ITA,"DF,MF",it Serie A,19-326,2006.0,5.7,255.0,228.0,26.0,1.0,0.0,0.0,29,25.0,0.0,0.0,0.0,0.0,200.0,1.0,3.0,758,it ITA,"DF,MF",it Serie A,19-326,2006.0,5.7,12.0,2.1,6.0,1.0,0.0,1.0,4.0,0.0,1.0,0.18,758,it ITA,"DF,MF",it Serie A,19-326,2006.0,5.7,22.0,9,12.0,8.0,2.0,18.0,55.6,8.0,8.0,2.0,6.0,4,26.0,8.0,1.0,758,it ITA,"DF,MF",it Serie A,19-326,2006.0,5.7,340.0,10.0,74.0,135.0,138.0,6.0,340.0,24.0,8.0,33.3,11.0,45.8,189.0,1080.0,523.0,17.0,11.0,2.0,14.0,5.0,220.0,50.0,959,it ITA,"DF,MF",it Serie A,19-326,2006.0,13,514,40,31.7,5.7,2,78.0,1,11,33.0,5,0.69,9,10,-1,-0.18,0.56,10.8,8.0,2.9,0.5,758,it ITA,"DF,MF",it Serie A,19-326,2006.0,5.7,0,0,0,6,18,0,29,4,9,0.0,0.0,0,32.0,4.0,6.0,40.0,,,,,,,,,,,,,,,,,,,,,,,,,,,,,,,,,,,,,,,,,,,,,,,,,,,,,,Midfielder,0.0,0.0,0.03508771929824561,0.08771929824561403,2.982456140350877,3.1578947368421053,8.771929824561402,0.7017543859649122,3.8596491228070176,0.7017543859649122,1.2280701754385965,33.1578947368421,-1.0293525964912282,6.140350877192982,-0.2,0.6176470588235294,85.82995951417004,41.5,60.657215204360455
762,Alejandro Francés,es ESP,DF,Girona,es La Liga,23.0,2002.0,9,5,429,4.8,0,0,0,0,0,0,1,1,0.1,0.1,0.6,0.7,8.0,16.0,5.0,0.0,0.13,762,es ESP,DF,es La Liga,23-157,2002.0,4.8,0,3,2,66.7,0.63,0.42,0.0,0.0,27.3,0.0,0,0,0.1,0.1,0.02,-0.1,-0.1,762,es ESP,DF,es La Liga,23-157,2002.0,4.8,214.0,275.0,77.8,4338.0,1388.0,0,0.6,0.4,-0.6,4.0,22.0,4.0,3.0,16.0,762,es ESP,DF,es La Liga,23-157,2002.0,4.8,275.0,236.0,35.0,16.0,1.0,4.0,6,19.0,0.0,0.0,0.0,0.0,214.0,4.0,4.0,762,es ESP,DF,es La Liga,23-157,2002.0,4.8,11.0,2.0,9.0,0.0,0.0,0.0,0.0,2.0,1.0,0.18,762,es ESP,DF,es La Liga,23-157,2002.0,4.8,8.0,6,7.0,1.0,0.0,9.0,77.8,2.0,3.0,1.0,2.0,7,15.0,26.0,0.0,762,es ESP,DF,es La Liga,23-157,2002.0,4.8,324.0,27.0,158.0,137.0,34.0,1.0,324.0,4.0,3.0,75.0,1.0,25.0,201.0,1041.0,632.0,8.0,3.0,1.0,1.0,1.0,216.0,5.0,966,es ESP,DF,es La Liga,23-157,2002.0,9,429,48,26.5,4.8,5,64.0,1,4,27.0,4,1.11,2,11,-9,-1.89,-1.28,3.9,10.0,-6.0,-1.1,762,es ESP,DF,es La Liga,23-157,2002.0,4.8,1,1,0,5,8,0,6,7,6,0.0,0.0,0,17.0,5.0,2.0,71.4,,,,,,,,,,,,,,,,,,,,,,,,,,,,,,,,,,,,,,,,,,,,,,,,,,,,,,Defender,0.0,0.0,0.020833333333333336,0.125,1.6666666666666667,3.3333333333333335,1.0416666666666667,0.8333333333333334,1.6666666666666667,1.4583333333333335,0.8333333333333334,41.875,-4.390487499999997,5.0,-0.1,0.6172839506172839,59.19439579684763,5.3,56.21500075674039
767,Morten Frendrup,dk DEN,MF,Genoa,it Serie A,24.0,2001.0,17,16,1388,15.4,0,0,0,0,0,0,2,0,0.3,0.3,0.5,0.7,9.0,42.0,13.0,0.0,0.05,767,dk DEN,MF,it Serie A,24-273,2001.0,15.4,0,4,1,25.0,0.26,0.06,0.0,0.0,17.0,0.0,0,0,0.3,0.3,0.06,-0.3,-0.3,767,dk DEN,MF,it Serie A,24-273,2001.0,15.4,430.0,520.0,82.7,6706.0,1548.0,0,0.5,0.6,-0.5,6.0,33.0,5.0,0.0,42.0,767,dk DEN,MF,it Serie A,24-273,2001.0,15.4,520.0,484.0,34.0,16.0,2.0,1.0,3,8.0,0.0,0.0,0.0,0.0,430.0,2.0,10.0,767,dk DEN,MF,it Serie A,24-273,2001.0,15.4,20.0,1.3,17.0,1.0,0.0,0.0,2.0,0.0,1.0,0.06,767,dk DEN,MF,it Serie A,24-273,2001.0,15.4,44.0,33,17.0,26.0,1.0,36.0,58.3,15.0,15.0,3.0,12.0,21,65.0,46.0,1.0,767,dk DEN,MF,it Serie A,24-273,2001.0,15.4,704.0,67.0,198.0,412.0,100.0,7.0,704.0,9.0,5.0,55.6,3.0,33.3,300.0,1400.0,447.0,9.0,6.0,0.0,17.0,8.0,315.0,13.0,973,dk DEN,MF,it Serie A,24-273,2001.0,17,1388,82,85.7,15.4,16,85.0,10,1,28.0,0,0.71,15,24,-9,-0.58,-0.2,17.6,17.7,0.0,0.0,767,dk DEN,MF,it Serie A,24-273,2001.0,15.4,2,0,0,24,18,0,3,21,33,0.0,0.0,0,66.0,16.0,14.0,53.3,,,,,,,,,,,,,,,,,,,,,,,,,,,,,,,,,,,,,,,,,,,,,,,,,,,,,,Midfielder,0.0,0.0,0.01948051948051948,0.032467532467532464,0.5844155844155844,2.727272727272727,0.8441558441558441,0.38961038961038963,2.857142857142857,1.3636363636363635,0.3246753246753247,19.48051948051948,-5.265943714285715,3.311688311688312,-0.3,0.1846590909090909,48.313090418353575,4.6,46.188422962097114
775,Joel Fujita,jp JPN,MF,St. Pauli,de Bundesliga,23.0,2002.0,15,15,1330,14.8,0,3,3,0,0,0,3,0,0.5,0.5,2.2,2.7,22.0,83.0,40.0,0.2,0.18,775,jp JPN,MF,de Bundesliga,23-323,2002.0,14.8,0,11,1,9.1,0.74,0.07,0.0,0.0,24.4,0.0,0,0,0.5,0.5,0.04,-0.5,-0.5,775,jp JPN,MF,de Bundesliga,23-323,2002.0,14.8,517.0,685.0,75.5,8174.0,2683.0,3,2.2,1.7,0.8,20.0,59.0,17.0,1.0,83.0,775,jp JPN,MF,de Bundesliga,23-323,2002.0,14.8,685.0,674.0,10.0,2.0,8.0,3.0,14,5.0,0.0,0.0,0.0,0.0,517.0,1.0,8.0,775,jp JPN,MF,de Bundesliga,23-323,2002.0,14.8,35.0,2.37,31.0,0.0,2.0,0.0,0.0,2.0,3.0,0.2,775,jp JPN,MF,de Bundesliga,23-323,2002.0,14.8,29.0,12,10.0,11.0,8.0,30.0,43.3,17.0,15.0,2.0,13.0,21,50.0,14.0,0.0,775,jp JPN,MF,de Bundesliga,23-323,2002.0,14.8,841.0,15.0,159.0,456.0,245.0,14.0,841.0,34.0,16.0,47.1,16.0,47.1,372.0,1716.0,833.0,22.0,20.0,2.0,30.0,13.0,532.0,40.0,983,jp JPN,MF,de Bundesliga,23-323,2002.0,15,1330,89,98.5,14.8,15,89.0,13,0,,0,0.8,13,26,-13,-0.88,-0.88,12.1,23.5,-11.4,-0.77,775,jp JPN,MF,de Bundesliga,23-323,2002.0,14.8,3,0,0,20,7,2,14,21,12,0.0,0.0,0,94.0,7.0,10.0,41.2,,,,,,,,,,,,,,,,,,,,,,,,,,,,,,,,,,,,,,,,,,,,,,,,,,,,,,Midfielder,0.0,0.2027027027027027,0.03378378378378378,0.14864864864864866,1.4864864864864864,5.608108108108108,2.7027027027027026,1.3513513513513513,1.9594594594594594,1.4189189189189189,1.1486486486486487,25.135135135135133,-0.37086778378378504,7.094594594594594,-0.5,0.281807372175981,88.12415654520917,39.1,63.35309600662055
779,Tiago Gabriel,pt POR,DF,Lecce,it Serie A,21.0,2004.0,17,16,1452,16.1,1,0,1,1,0,0,1,0,1.9,1.9,0.0,1.9,4.0,22.0,1.0,0.06,0.12,779,pt POR,DF,it Serie A,21-010,2004.0,16.1,1,12,3,25.0,0.74,0.19,0.08,0.33,10.1,0.0,0,0,1.9,1.9,0.15,-0.9,-0.9,779,pt POR,DF,it Serie A,21-010,2004.0,16.1,582.0,658.0,88.4,11238.0,3392.0,0,0.0,0.1,0.0,0.0,22.0,0.0,0.0,22.0,779,pt POR,DF,it Serie A,21-010,2004.0,16.1,658.0,572.0,84.0,23.0,0.0,4.0,1,1.0,0.0,0.0,0.0,0.0,582.0,2.0,2.0,779,pt POR,DF,it Serie A,21-010,2004.0,16.1,3.0,0.19,2.0,0.0,0.0,1.0,0.0,0.0,0.0,0.0,779,pt POR,DF,it Serie A,21-010,2004.0,16.1,32.0,21,21.0,9.0,2.0,20.0,80.0,4.0,18.0,13.0,5.0,17,49.0,108.0,3.0,779,pt POR,DF,it Serie A,21-010,2004.0,16.1,866.0,165.0,460.0,386.0,22.0,12.0,866.0,1.0,1.0,100.0,0.0,0.0,377.0,1650.0,793.0,4.0,0.0,0.0,1.0,3.0,445.0,1.0,989,pt POR,DF,it Serie A,21-010,2004.0,17,1452,85,94.9,16.1,16,90.0,16,1,12.0,0,1.0,12,19,-7,-0.43,4.18,13.6,20.8,-7.2,-0.45,779,pt POR,DF,it Serie A,21-010,2004.0,16.1,1,0,0,14,15,0,1,17,21,0.0,1.0,0,36.0,64.0,24.0,72.7,,,,,,,,,,,,,,,,,,,,,,,,,,,,,,,,,,,,,,,,,,,,,,,,,,,,,,Defender,0.06211180124223602,0.0,0.11801242236024843,0.0,0.24844720496894407,1.3664596273291925,0.06211180124223602,0.0,1.9875776397515525,1.0559006211180124,0.0,23.41614906832298,-6.440854658385093,1.6149068322981366,-0.8999999999999999,0.021939953810623556,39.404553415061294,2.2,38.55631449614608
789,Ismaëlo Ganiou,bf BFA,DF,Lens,fr Ligue 1,20.0,2005.0,6,6,522,5.8,2,0,2,2,0,0,2,1,1.1,1.1,0.0,1.1,7.0,21.0,5.0,0.34,0.19,789,bf BFA,DF,fr Ligue 1,20-297,2005.0,5.8,2,7,2,28.6,1.21,0.34,0.29,1.0,11.4,0.0,0,0,1.1,1.1,0.16,0.9,0.9,789,bf BFA,DF,fr Ligue 1,20-297,2005.0,5.8,293.0,342.0,85.7,5017.0,2050.0,0,0.0,0.1,0.0,1.0,36.0,1.0,0.0,21.0,789,bf BFA,DF,fr Ligue 1,20-297,2005.0,5.8,342.0,337.0,4.0,3.0,0.0,0.0,2,1.0,0.0,0.0,0.0,0.0,293.0,1.0,1.0,789,bf BFA,DF,fr Ligue 1,20-297,2005.0,5.8,5.0,0.86,5.0,0.0,0.0,0.0,0.0,0.0,2.0,0.34,789,bf BFA,DF,fr Ligue 1,20-297,2005.0,5.8,10.0,8,2.0,5.0,3.0,8.0,87.5,1.0,7.0,4.0,3.0,6,16.0,25.0,0.0,789,bf BFA,DF,fr Ligue 1,20-297,2005.0,5.8,418.0,31.0,170.0,215.0,33.0,9.0,418.0,5.0,3.0,60.0,2.0,40.0,249.0,996.0,489.0,7.0,4.0,0.0,10.0,1.0,297.0,5.0,1000,bf BFA,DF,fr Ligue 1,20-297,2005.0,6,522,87,34.1,5.8,6,87.0,5,0,,8,3.0,11,3,8,1.38,0.49,9.7,6.0,3.7,0.64,789,bf BFA,DF,fr Ligue 1,20-297,2005.0,5.8,2,1,1,9,3,0,2,6,8,0.0,1.0,0,22.0,16.0,8.0,66.7,,,,,,,,,,,,,,,,,,,,,,,,,,,,,,,,,,,,,,,,,,,,,,,,,,,,,,Defender,0.3448275862068966,0.0,0.18965517241379312,0.0,1.206896551724138,3.6206896551724137,0.8620689655172414,0.1724137931034483,1.7241379310344829,1.0344827586206897,0.1724137931034483,42.93103448275862,-1.6733103448275841,4.827586206896552,0.8999999999999999,0.20574162679425836,83.0122591943958,23.4,67.27087454975347
795,Eric García,es ESP,"DF,MF",Barcelona,es La Liga,24.0,2001.0,19,17,1468,16.3,1,0,1,1,0,0,1,0,2.4,2.4,1.3,3.7,16.0,111.0,30.0,0.06,0.23,795,es ESP,"DF,MF",es La Liga,24-361,2001.0,16.3,1,16,5,31.3,0.98,0.31,0.06,0.2,13.6,0.0,0,0,2.4,2.4,0.15,-1.4,-1.4,795,es ESP,"DF,MF",es La Liga,24-361,2001.0,16.3,1108.0,1228.0,90.2,17939.0,6322.0,0,1.3,1.1,-1.3,22.0,142.0,14.0,0.0,111.0,795,es ESP,"DF,MF",es La Liga,24-361,2001.0,16.3,1228.0,1162.0,63.0,26.0,3.0,2.0,7,37.0,0.0,0.0,0.0,0.0,1108.0,3.0,19.0,795,es ESP,"DF,MF",es La Liga,24-361,2001.0,16.3,50.0,3.07,43.0,2.0,0.0,2.0,0.0,3.0,5.0,0.31,795,es ESP,"DF,MF",es La Liga,24-361,2001.0,16.3,40.0,20,21.0,10.0,9.0,32.0,62.5,12.0,25.0,5.0,20.0,27,67.0,43.0,1.0,795,es ESP,"DF,MF",es La Liga,24-361,2001.0,16.3,1407.0,64.0,390.0,766.0,258.0,29.0,1407.0,7.0,2.0,28.6,3.0,42.9,709.0,3047.0,1524.0,16.0,16.0,2.0,10.0,5.0,1042.0,30.0,1007,es ESP,"DF,MF",es La Liga,24-361,2001.0,19,1468,77,85.8,16.3,17,83.0,11,2,29.0,0,2.58,47,15,32,1.96,1.59,38.8,19.2,19.6,1.2,795,es ESP,"DF,MF",es La Liga,24-361,2001.0,16.3,1,0,0,23,12,0,7,27,20,0.0,1.0,0,56.0,25.0,24.0,51.0,,,,,,,,,,,,,,,,,,,,,,,,,,,,,,,,,,,,,,,,,,,,,,,,,,,,,,Midfielder,0.06134969325153374,0.0,0.14723926380368096,0.07975460122699386,0.9815950920245399,6.809815950920245,1.840490797546012,1.3496932515337423,2.4539877300613497,1.656441717791411,0.8588957055214723,43.49693251533742,0.08041606748466457,7.791411042944785,-1.4,0.21819474058280028,91.09311740890689,54.5,58.959946542981804
798,Joan García,es ESP,GK,Barcelona,es La Liga,24.0,2001.0,13,13,1170,13.0,0,0,0,0,0,0,1,0,0.0,0.0,0.0,0.0,0.0,0.0,0.0,0.0,0.0,798,es ESP,GK,es La Liga,24-246,2001.0,13.0,0,0,0,,0.0,0.0,,,,0.0,0,0,0.0,0.0,,0.0,0.0,798,es ESP,GK,es La Liga,24-246,2001.0,13.0,388.0,427.0,90.9,8626.0,5534.0,0,0.0,0.0,0.0,0.0,1.0,0.0,0.0,0.0,798,es ESP,GK,es La Liga,24-246,2001.0,13.0,427.0,368.0,59.0,23.0,0.0,0.0,0,0.0,0.0,0.0,0.0,0.0,388.0,0.0,0.0,798,es ESP,GK,es La Liga,24-246,2001.0,13.0,1.0,0.08,1.0,0.0,0.0,0.0,0.0,0.0,0.0,0.0,798,es ESP,GK,es La Liga,24-246,2001.0,13.0,3.0,2,3.0,0.0,0.0,3.0,100.0,0.0,0.0,0.0,0.0,1,4.0,16.0,1.0,798,es ESP,GK,es La Liga,24-246,2001.0,13.0,462.0,354.0,460.0,2.0,0.0,0.0,462.0,1.0,1.0,100.0,0.0,0.0,273.0,1208.0,619.0,0.0,0.0,0.0,0.0,0.0,248.0,0.0,1011,es ESP,GK,es La Liga,24-246,2001.0,13,1170,90,68.4,13.0,13,90.0,13,0,,0,2.85,40,9,31,2.38,2.05,31.1,14.5,16.6,1.27,798,es ESP,GK,es La Liga,24-246,2001.0,13.0,1,0,0,0,2,0,0,1,2,0.0,0.0,0,38.0,2.0,0.0,100.0,41.0,es ESP,GK,es La Liga,24-246,2001.0,13.0,13.0,1170.0,13.0,9.0,0.69,42.0,33.0,83.3,12.0,1.0,0.0,7.0,53.8,2.0,2.0,0.0,0.0,41.0,es ESP,GK,es La Liga,24-246,2001.0,13.0,9.0,2.0,0.0,3.0,0.0,14.4,0.31,5.4,0.42,18.0,44.0,40.9,391.0,89.0,9.7,24.0,122.0,7.0,5.7,59.0,4.54,21.7,Goalkeeper,0.0,0.0,0.0,0.0,0.0,0.0,0.0,0.0,0.23076923076923078,0.07692307692307693,0.0,21.0,-12.0,0.0,0.0,0.017316017316017316,85.03937007874016,27.2,66.85485069083346
799,Pablo Garcia,es ESP,FW,Betis,es La Liga,19.0,2006.0,11,2,298,3.3,0,0,0,0,0,0,1,0,1.1,1.1,0.1,1.1,12.0,7.0,29.0,0.0,0.34,799,es ESP,FW,es La Liga,19-206,2006.0,3.3,0,10,4,40.0,3.02,1.21,0.0,0.0,17.3,1.0,0,0,1.1,1.1,0.11,-1.1,-1.1,799,es ESP,FW,es La Liga,19-206,2006.0,3.3,60.0,78.0,76.9,810.0,176.0,0,0.1,0.1,-0.1,2.0,4.0,2.0,0.0,7.0,799,es ESP,FW,es La Liga,19-206,2006.0,3.3,78.0,77.0,1.0,0.0,0.0,1.0,3,1.0,0.0,0.0,0.0,0.0,60.0,0.0,5.0,799,es ESP,FW,es La Liga,19-206,2006.0,3.3,6.0,1.81,2.0,0.0,2.0,0.0,2.0,0.0,1.0,0.3,799,es ESP,FW,es La Liga,19-206,2006.0,3.3,9.0,5,4.0,3.0,2.0,8.0,37.5,5.0,7.0,0.0,7.0,4,13.0,0.0,0.0,799,es ESP,FW,es La Liga,19-206,2006.0,3.3,142.0,1.0,25.0,55.0,64.0,15.0,142.0,18.0,5.0,27.8,10.0,55.6,100.0,782.0,356.0,12.0,9.0,4.0,13.0,5.0,97.0,29.0,1012,es ESP,FW,es La Liga,19-206,2006.0,11,298,27,18.4,3.3,2,71.0,0,9,17.0,4,1.45,5,3,2,0.6,0.33,5.2,3.2,2.0,0.59,799,es ESP,FW,es La Liga,19-206,2006.0,3.3,1,0,0,5,9,1,3,4,5,0.0,0.0,0,20.0,0.0,2.0,0.0,,,,,,,,,,,,,,,,,,,,,,,,,,,,,,,,,,,,,,,,,,,,,,,,,,,,,,Forward,0.0,0.0,0.33333333333333337,0.030303030303030307,3.6363636363636367,2.121212121212121,8.787878787878789,0.6060606060606061,2.7272727272727275,1.2121212121212122,0.6060606060606061,30.303030303030305,-3.0486498181818176,5.757575757575758,-1.1,1.2746478873239437,94.5993031358885,53.0,61.82960989273759
803,Alejandro Garnacho,ar ARG,FW,Chelsea,eng Premier League,21.0,2004.0,13,10,761,8.5,1,3,4,1,0,0,1,0,1.9,1.9,3.1,5.0,64.0,13.0,117.0,0.47,0.59,803,ar ARG,FW,eng Premier League,21-188,2004.0,8.5,1,21,5,23.8,2.48,0.59,0.05,0.2,15.5,0.0,0,0,1.9,1.9,0.09,-0.9,-0.9,803,ar ARG,FW,eng Premier League,21-188,2004.0,8.5,221.0,282.0,78.4,3295.0,472.0,3,3.1,2.5,-0.1,16.0,3.0,12.0,6.0,13.0,803,ar ARG,FW,eng Premier League,21-188,2004.0,8.5,282.0,278.0,4.0,3.0,0.0,0.0,36,1.0,0.0,0.0,0.0,0.0,221.0,0.0,10.0,803,ar ARG,FW,eng Premier League,21-188,2004.0,8.5,31.0,3.67,24.0,0.0,3.0,0.0,2.0,2.0,5.0,0.59,803,ar ARG,FW,eng Premier League,21-188,2004.0,8.5,7.0,6,0.0,4.0,3.0,9.0,55.6,4.0,4.0,0.0,4.0,3,10.0,5.0,0.0,803,ar ARG,FW,eng Premier League,21-188,2004.0,8.5,383.0,3.0,29.0,102.0,262.0,67.0,383.0,33.0,10.0,30.3,13.0,39.4,296.0,2464.0,1435.0,64.0,30.0,31.0,28.0,5.0,305.0,117.0,1017,ar ARG,FW,eng Premier League,21-188,2004.0,13,761,59,42.3,8.5,10,67.0,2,3,29.0,4,1.54,15,10,5,0.59,0.07,14.6,13.5,1.0,0.12,803,ar ARG,FW,eng Premier League,21-188,2004.0,8.5,1,0,0,7,14,0,36,3,6,0.0,0.0,0,30.0,3.0,6.0,33.3,,,,,,,,,,,,,,,,,,,,,,,,,,,,,,,,,,,,,,,,,,,,,,,,,,,,,,Forward,0.11764705882352941,0.35294117647058826,0.22352941176470587,0.3647058823529412,7.529411764705882,1.5294117647058822,13.764705882352942,1.8823529411764706,0.8235294117647058,0.35294117647058826,1.411764705882353,34.8235294117647,3.809838529411767,9.058823529411764,-0.8999999999999999,0.95822454308094,99.4773519163763,107.6,47.917799574362384
804,James Garner,eng ENG,"MF,DF",Everton,eng Premier League,24.0,2001.0,20,20,1793,19.9,2,3,5,2,0,0,4,0,1.5,1.5,2.6,4.1,21.0,107.0,32.0,0.25,0.2,804,eng ENG,"MF,DF",eng Premier League,24-298,2001.0,19.9,2,31,7,22.6,1.56,0.35,0.06,0.29,22.7,7.0,0,0,1.5,1.5,0.05,0.5,0.5,804,eng ENG,"MF,DF",eng Premier League,24-298,2001.0,19.9,848.0,1058.0,80.2,15000.0,4482.0,3,2.6,2.2,0.4,23.0,97.0,22.0,10.0,107.0,804,eng ENG,"MF,DF",eng Premier League,24-298,2001.0,19.9,1058.0,886.0,170.0,39.0,4.0,4.0,100,50.0,52.0,38.0,6.0,1.0,848.0,2.0,23.0,804,eng ENG,"MF,DF",eng Premier League,24-298,2001.0,19.9,55.0,2.76,39.0,9.0,3.0,2.0,2.0,0.0,5.0,0.25,804,eng ENG,"MF,DF",eng Premier League,24-298,2001.0,19.9,55.0,33,28.0,19.0,8.0,56.0,58.9,23.0,33.0,8.0,25.0,26,81.0,48.0,1.0,804,eng ENG,"MF,DF",eng Premier League,24-298,2001.0,19.9,1303.0,65.0,317.0,614.0,387.0,15.0,1303.0,30.0,14.0,46.7,11.0,36.7,675.0,3376.0,1360.0,21.0,21.0,1.0,22.0,5.0,725.0,32.0,1018,eng ENG,"MF,DF",eng Premier League,24-298,2001.0,20,1793,90,99.6,19.9,20,90.0,19,0,,0,1.4,22,24,-2,-0.1,-0.1,22.5,29.4,-6.9,-0.35,804,eng ENG,"MF,DF",eng Premier League,24-298,2001.0,19.9,4,0,0,15,22,0,100,26,33,0.0,0.0,0,91.0,13.0,8.0,61.9,,,,,,,,,,,,,,,,,,,,,,,,,,,,,,,,,,,,,,,,,,,,,,,,,,,,,,Midfielder,0.10050251256281408,0.15075376884422112,0.07537688442211056,0.1306532663316583,1.0552763819095479,5.376884422110553,1.6080402010050252,1.155778894472362,2.763819095477387,1.306532663316583,1.105527638190955,33.91959798994975,-1.619763432160803,6.432160804020101,0.5,0.21181887950882577,81.37651821862349,39.2,58.46014239843642
810,Yann Gboho,fr FRA,"MF,FW",Toulouse,fr Ligue 1,24.0,2001.0,16,15,1350,15.0,5,1,6,5,0,0,0,0,3.1,3.1,2.0,5.1,61.0,70.0,98.0,0.4,0.34,810,fr FRA,"MF,FW",fr Ligue 1,24-356,2001.0,15.0,5,25,8,32.0,1.67,0.53,0.2,0.63,16.0,0.0,0,0,3.1,3.1,0.12,1.9,1.9,810,fr FRA,"MF,FW",fr Ligue 1,24-356,2001.0,15.0,286.0,379.0,75.5,4486.0,1342.0,1,2.0,2.4,-1.0,28.0,36.0,29.0,6.0,70.0,810,fr FRA,"MF,FW",fr Ligue 1,24-356,2001.0,15.0,379.0,376.0,2.0,1.0,3.0,1.0,23,0.0,0.0,0.0,0.0,0.0,286.0,1.0,18.0,810,fr FRA,"MF,FW",fr Ligue 1,24-356,2001.0,15.0,53.0,3.53,39.0,0.0,9.0,2.0,1.0,2.0,4.0,0.27,810,fr FRA,"MF,FW",fr Ligue 1,24-356,2001.0,15.0,8.0,6,4.0,4.0,0.0,14.0,35.7,9.0,8.0,0.0,8.0,6,14.0,1.0,0.0,810,fr FRA,"MF,FW",fr Ligue 1,24-356,2001.0,15.0,543.0,2.0,46.0,237.0,278.0,68.0,543.0,78.0,39.0,50.0,36.0,46.2,408.0,3018.0,1763.0,61.0,44.0,24.0,32.0,35.0,436.0,98.0,1025,fr FRA,"MF,FW",fr Ligue 1,24-356,2001.0,16,1350,84,88.2,15.0,15,87.0,10,1,45.0,0,1.38,21,19,2,0.13,0.13,21.9,18.1,3.8,0.25,810,fr FRA,"MF,FW",fr Ligue 1,24-356,2001.0,15.0,0,0,0,9,37,1,23,6,6,0.0,0.0,0,71.0,1.0,6.0,14.3,,,,,,,,,,,,,,,,,,,,,,,,,,,,,,,,,,,,,,,,,,,,,,,,,,,,,,Forward,0.3333333333333333,0.06666666666666667,0.20666666666666667,0.13333333333333333,4.066666666666666,4.666666666666667,6.533333333333333,1.8666666666666667,0.5333333333333333,0.4,1.9333333333333333,27.2,-5.7146783333333335,8.733333333333333,1.9,0.6500920810313074,85.36585365853658,37.6,62.0391378332388
816,Willem Geubbels,fr FRA,FW,Paris FC,fr Ligue 1,24.0,2001.0,15,8,662,7.4,3,0,3,2,1,1,0,0,3.9,3.1,0.4,3.5,10.0,9.0,46.0,0.27,0.58,816,fr FRA,FW,fr Ligue 1,24-142,2001.0,7.4,3,21,5,23.8,2.85,0.68,0.1,0.4,12.7,0.0,1,1,3.9,3.1,0.15,-0.9,-1.1,816,fr FRA,FW,fr Ligue 1,24-142,2001.0,7.4,96.0,143.0,67.1,1319.0,187.0,0,0.4,0.6,-0.4,3.0,5.0,0.0,0.0,9.0,816,fr FRA,FW,fr Ligue 1,24-142,2001.0,7.4,143.0,118.0,24.0,1.0,1.0,0.0,6,0.0,0.0,0.0,0.0,0.0,96.0,1.0,5.0,816,fr FRA,FW,fr Ligue 1,24-142,2001.0,7.4,9.0,1.22,7.0,0.0,0.0,2.0,0.0,0.0,0.0,0.0,816,fr FRA,FW,fr Ligue 1,24-142,2001.0,7.4,1.0,1,0.0,1.0,0.0,2.0,0.0,2.0,5.0,2.0,3.0,4,5.0,6.0,0.0,816,fr FRA,FW,fr Ligue 1,24-142,2001.0,7.4,220.0,5.0,16.0,119.0,85.0,34.0,219.0,6.0,1.0,16.7,5.0,83.3,88.0,470.0,207.0,10.0,4.0,6.0,17.0,10.0,146.0,46.0,1032,fr FRA,FW,fr Ligue 1,24-142,2001.0,15,662,44,43.3,7.4,8,66.0,0,7,19.0,1,1.0,9,15,-6,-0.82,-0.5,10.2,12.7,-2.4,-0.33,816,fr FRA,FW,fr Ligue 1,24-142,2001.0,7.4,0,0,0,14,2,5,6,4,1,0.0,0.0,0,18.0,24.0,29.0,45.3,,,,,,,,,,,,,,,,,,,,,,,,,,,,,,,,,,,,,,,,,,,,,,,,,,,,,,Forward,0.4054054054054054,0.0,0.527027027027027,0.05405405405405406,1.3513513513513513,1.2162162162162162,6.216216216216216,0.4054054054054054,0.13513513513513511,0.5405405405405405,0.0,11.891891891891891,-10.04484518918919,2.5675675675675675,-0.8999999999999999,0.5545454545454546,50.34843205574913,4.6,48.13425626744659
824,Bryan Gil,es ESP,"MF,FW",Girona,es La Liga,24.0,2001.0,15,9,774,8.6,0,3,3,0,0,0,4,0,1.7,1.7,1.3,3.0,37.0,22.0,72.0,0.35,0.35,824,es ESP,"MF,FW",es La Liga,24-328,2001.0,8.6,0,15,1,6.7,1.74,0.12,0.0,0.0,16.3,0.0,0,0,1.7,1.7,0.11,-1.7,-1.7,824,es ESP,"MF,FW",es La Liga,24-328,2001.0,8.6,207.0,263.0,78.7,3014.0,563.0,3,1.3,1.3,1.7,8.0,7.0,12.0,1.0,22.0,824,es ESP,"MF,FW",es La Liga,24-328,2001.0,8.6,263.0,251.0,10.0,2.0,2.0,1.0,18,3.0,5.0,3.0,0.0,0.0,207.0,2.0,6.0,824,es ESP,"MF,FW",es La Liga,24-328,2001.0,8.6,19.0,2.21,15.0,0.0,2.0,1.0,1.0,0.0,4.0,0.47,824,es ESP,"MF,FW",es La Liga,24-328,2001.0,8.6,10.0,5,2.0,5.0,3.0,11.0,27.3,8.0,5.0,0.0,5.0,6,16.0,7.0,1.0,824,es ESP,"MF,FW",es La Liga,24-328,2001.0,8.6,388.0,8.0,71.0,129.0,193.0,30.0,388.0,46.0,17.0,37.0,27.0,58.7,267.0,1939.0,769.0,37.0,16.0,11.0,24.0,22.0,289.0,72.0,1040,es ESP,"MF,FW",es La Liga,24-328,2001.0,15,774,52,47.8,8.6,9,71.0,1,6,22.0,0,1.2,10,14,-4,-0.47,0.92,12.1,13.2,-1.2,-0.14,824,es ESP,"MF,FW",es La Liga,24-328,2001.0,8.6,4,0,0,12,18,5,18,6,5,0.0,0.0,0,36.0,4.0,6.0,40.0,,,,,,,,,,,,,,,,,,,,,,,,,,,,,,,,,,,,,,,,,,,,,,,,,,,,,,Forward,0.0,0.3488372093023256,0.19767441860465115,0.15116279069767444,4.302325581395349,2.558139534883721,8.372093023255815,0.9302325581395349,1.1627906976744187,0.6976744186046512,1.3953488372093024,31.046511627906977,-4.6952263953488345,6.86046511627907,-1.7,0.5695876288659794,89.72125435540069,37.6,65.20439996758772
826,Billy Gilmour,sct SCO,MF,Napoli,it Serie A,24.0,2001.0,9,5,413,4.6,1,0,1,1,0,0,1,0,0.3,0.3,0.3,0.6,7.0,45.0,8.0,0.22,0.13,826,sct SCO,MF,it Serie A,24-208,2001.0,4.6,1,5,1,20.0,1.09,0.22,0.2,1.0,20.1,0.0,0,0,0.3,0.3,0.06,0.7,0.7,826,sct SCO,MF,it Serie A,24-208,2001.0,4.6,314.0,354.0,88.7,5449.0,1585.0,0,0.3,0.5,-0.3,4.0,37.0,7.0,0.0,45.0,826,sct SCO,MF,it Serie A,24-208,2001.0,4.6,354.0,342.0,12.0,10.0,3.0,4.0,2,0.0,0.0,0.0,0.0,0.0,314.0,0.0,2.0,826,sct SCO,MF,it Serie A,24-208,2001.0,4.6,18.0,3.92,14.0,1.0,1.0,1.0,1.0,0.0,2.0,0.44,826,sct SCO,MF,it Serie A,24-208,2001.0,4.6,9.0,2,6.0,2.0,1.0,8.0,62.5,3.0,3.0,1.0,2.0,7,16.0,5.0,0.0,826,sct SCO,MF,it Serie A,24-208,2001.0,4.6,392.0,10.0,70.0,243.0,82.0,7.0,392.0,7.0,6.0,85.7,1.0,14.3,256.0,1143.0,545.0,7.0,8.0,2.0,4.0,2.0,301.0,8.0,1042,sct SCO,MF,it Serie A,24-208,2001.0,9,413,46,27.0,4.6,5,71.0,2,4,15.0,1,2.11,7,2,5,1.09,0.45,5.9,7.0,-1.1,-0.24,826,sct SCO,MF,it Serie A,24-208,2001.0,4.6,1,0,0,5,6,0,2,7,2,0.0,0.0,0,29.0,3.0,6.0,33.3,,,,,,,,,,,,,,,,,,,,,,,,,,,,,,,,,,,,,,,,,,,,,,,,,,,,,,Midfielder,0.2173913043478261,0.0,0.06521739130434782,0.06521739130434782,1.5217391304347827,9.782608695652174,1.7391304347826089,0.8695652173913044,1.956521739130435,1.5217391304347827,1.5217391304347827,55.652173913043484,3.5835683478260876,11.304347826086957,0.7,1.0,98.65047233468286,36.9,72.06024275725555
828,Santiago Giménez,mx MEX,FW,Milan,it Serie A,24.0,2001.0,9,8,621,6.9,0,0,0,0,0,0,1,0,2.8,2.8,0.1,3.0,6.0,4.0,29.0,0.0,0.43,828,mx MEX,FW,it Serie A,24-262,2001.0,6.9,0,21,6,28.6,3.04,0.87,0.0,0.0,11.8,1.0,0,0,2.8,2.8,0.13,-2.8,-2.8,828,mx MEX,FW,it Serie A,24-262,2001.0,6.9,71.0,90.0,78.9,942.0,123.0,0,0.1,0.3,-0.1,3.0,3.0,4.0,1.0,4.0,828,mx MEX,FW,it Serie A,24-262,2001.0,6.9,90.0,82.0,8.0,0.0,0.0,0.0,1,1.0,0.0,0.0,0.0,0.0,71.0,0.0,2.0,828,mx MEX,FW,it Serie A,24-262,2001.0,6.9,16.0,2.32,7.0,0.0,2.0,4.0,3.0,0.0,2.0,0.29,828,mx MEX,FW,it Serie A,24-262,2001.0,6.9,5.0,4,4.0,0.0,1.0,1.0,100.0,0.0,2.0,1.0,1.0,1,6.0,1.0,0.0,828,mx MEX,FW,it Serie A,24-262,2001.0,6.9,159.0,2.0,19.0,69.0,73.0,37.0,159.0,16.0,3.0,18.8,11.0,68.8,91.0,496.0,205.0,6.0,4.0,3.0,16.0,6.0,114.0,29.0,1044,mx MEX,FW,it Serie A,24-262,2001.0,9,621,69,40.6,6.9,8,73.0,1,1,34.0,0,2.0,13,5,8,1.16,0.47,9.9,5.5,4.4,0.64,828,mx MEX,FW,it Serie A,24-262,2001.0,6.9,1,0,0,7,10,6,1,1,4,2.0,0.0,0,11.0,4.0,8.0,33.3,,,,,,,,,,,,,,,,,,,,,,,,,,,,,,,,,,,,,,,,,,,,,,,,,,,,,,Forward,0.0,0.0,0.40579710144927533,0.014492753623188406,0.8695652173913043,0.5797101449275363,4.202898550724638,0.43478260869565216,0.7246376811594203,0.14492753623188406,0.5797101449275363,13.18840579710145,-12.11602615942029,1.4492753623188406,-2.8,1.4591194968553458,30.836236933797913,15.0,26.81411907286775
829,Gvidas Gineitis,lt LTU,MF,Torino,it Serie A,21.0,2004.0,13,7,555,6.2,0,0,0,0,0,0,0,0,0.1,0.1,1.2,1.3,7.0,19.0,24.0,0.0,0.21,829,lt LTU,MF,it Serie A,21-265,2004.0,6.2,0,5,1,20.0,0.81,0.16,0.0,0.0,35.6,0.0,0,0,0.1,0.1,0.03,-0.1,-0.1,829,lt LTU,MF,it Serie A,21-265,2004.0,6.2,126.0,198.0,63.6,2261.0,692.0,0,1.2,1.0,-1.2,10.0,12.0,12.0,6.0,19.0,829,lt LTU,MF,it Serie A,21-265,2004.0,6.2,198.0,180.0,18.0,6.0,2.0,1.0,25,4.0,8.0,2.0,6.0,0.0,126.0,0.0,11.0,829,lt LTU,MF,it Serie A,21-265,2004.0,6.2,22.0,3.57,18.0,2.0,0.0,0.0,1.0,1.0,2.0,0.32,829,lt LTU,MF,it Serie A,21-265,2004.0,6.2,18.0,11,4.0,9.0,5.0,15.0,66.7,5.0,15.0,2.0,13.0,5,23.0,5.0,1.0,829,lt LTU,MF,it Serie A,21-265,2004.0,6.2,283.0,9.0,57.0,130.0,104.0,14.0,283.0,11.0,7.0,63.6,4.0,36.4,123.0,630.0,242.0,7.0,11.0,2.0,19.0,3.0,144.0,24.0,1045,lt LTU,MF,it Serie A,21-265,2004.0,13,555,43,34.3,6.2,7,65.0,1,6,17.0,5,1.46,5,11,-6,-0.97,-0.8,6.1,6.7,-0.6,-0.1,829,lt LTU,MF,it Serie A,21-265,2004.0,6.2,0,0,0,15,14,0,25,5,11,0.0,0.0,0,25.0,9.0,8.0,52.9,,,,,,,,,,,,,,,,,,,,,,,,,,,,,,,,,,,,,,,,,,,,,,,,,,,,,,Midfielder,0.0,0.0,0.016129032258064516,0.1935483870967742,1.129032258064516,3.064516129032258,3.8709677419354835,1.6129032258064515,2.903225806451613,0.8064516129032258,1.9354838709677418,19.838709677419356,-3.1483296774193548,4.193548387096774,-0.1,1.2614840989399292,67.47638326585695,15.0,58.67511588335387
831,Giovane,br BRA,FW,Hellas Verona,it Serie A,22.0,2003.0,17,17,1310,14.6,3,4,7,3,0,0,2,0,2.6,2.6,3.0,5.6,40.0,30.0,104.0,0.48,0.39,831,br BRA,FW,it Serie A,22-042,2003.0,14.6,3,38,22,57.9,2.61,1.51,0.08,0.14,20.5,1.0,0,0,2.6,2.6,0.07,0.4,0.4,831,br BRA,FW,it Serie A,22-042,2003.0,14.6,223.0,367.0,60.8,2996.0,807.0,4,3.0,1.7,1.0,24.0,18.0,10.0,1.0,30.0,831,br BRA,FW,it Serie A,22-042,2003.0,14.6,367.0,321.0,43.0,7.0,5.0,1.0,42,5.0,23.0,17.0,5.0,0.0,223.0,3.0,14.0,831,br BRA,FW,it Serie A,22-042,2003.0,14.6,54.0,3.71,27.0,8.0,6.0,5.0,8.0,0.0,6.0,0.41,831,br BRA,FW,it Serie A,22-042,2003.0,14.6,10.0,7,0.0,6.0,4.0,10.0,40.0,6.0,17.0,1.0,16.0,3,13.0,10.0,1.0,831,br BRA,FW,it Serie A,22-042,2003.0,14.6,597.0,11.0,42.0,233.0,335.0,56.0,597.0,62.0,24.0,38.7,33.0,53.2,335.0,2101.0,904.0,40.0,24.0,17.0,54.0,33.0,395.0,104.0,1047,br BRA,FW,it Serie A,22-042,2003.0,17,1310,77,85.6,14.6,17,77.0,7,0,,0,0.71,11,22,-11,-0.76,0.88,15.6,18.2,-2.6,-0.18,831,br BRA,FW,it Serie A,22-042,2003.0,14.6,2,0,0,15,14,6,42,3,7,0.0,0.0,0,56.0,30.0,84.0,26.3,,,,,,,,,,,,,,,,,,,,,,,,,,,,,,,,,,,,,,,,,,,,,,,,,,,,,,Forward,0.20547945205479454,0.273972602739726,0.17808219178082194,0.20547945205479454,2.73972602739726,2.0547945205479454,7.123287671232877,1.6438356164383563,0.684931506849315,0.20547945205479454,0.684931506849315,22.945205479452056,-7.623597082191781,4.794520547945206,0.3999999999999999,0.6214405360134003,74.0418118466899,22.8,60.29463505430773
833,Jamie Gittens,eng ENG,FW,Chelsea,eng Premier League,21.0,2004.0,14,4,453,5.0,0,2,2,0,0,0,0,0,0.8,0.8,0.7,1.6,28.0,8.0,42.0,0.4,0.31,833,eng ENG,FW,eng Premier League,21-150,2004.0,5.0,0,10,2,20.0,1.99,0.4,0.0,0.0,20.3,0.0,0,0,0.8,0.8,0.08,-0.8,-0.8,833,eng ENG,FW,eng Premier League,21-150,2004.0,5.0,112.0,149.0,75.2,1676.0,309.0,2,0.7,0.9,1.3,9.0,2.0,6.0,1.0,8.0,833,eng ENG,FW,eng Premier League,21-150,2004.0,5.0,149.0,148.0,0.0,0.0,2.0,1.0,13,0.0,0.0,0.0,0.0,0.0,112.0,1.0,9.0,833,eng ENG,FW,eng Premier League,21-150,2004.0,5.0,21.0,4.17,14.0,0.0,3.0,4.0,0.0,0.0,3.0,0.6,833,eng ENG,FW,eng Premier League,21-150,2004.0,5.0,8.0,3,3.0,4.0,1.0,6.0,66.7,2.0,6.0,1.0,5.0,2,10.0,4.0,0.0,833,eng ENG,FW,eng Premier League,21-150,2004.0,5.0,206.0,4.0,23.0,70.0,116.0,26.0,206.0,20.0,13.0,65.0,6.0,30.0,131.0,1084.0,636.0,28.0,12.0,18.0,10.0,4.0,149.0,42.0,1049,eng ENG,FW,eng Premier League,21-150,2004.0,14,453,32,25.2,5.0,4,65.0,1,10,20.0,5,1.93,7,5,2,0.4,-0.2,8.1,7.1,1.0,0.2,833,eng ENG,FW,eng Premier League,21-150,2004.0,5.0,0,0,0,6,6,2,13,2,3,0.0,0.0,0,15.0,3.0,4.0,42.9,,,,,,,,,,,,,,,,,,,,,,,,,,,,,,,,,,,,,,,,,,,,,,,,,,,,,,Forward,0.0,0.4,0.16,0.13999999999999999,5.6,1.6,8.4,1.8,1.6,0.4,1.2,26.2,-1.2374980000000004,7.2,-0.8,2.0242718446601944,96.86411149825784,78.4,54.29602662458399
836,Wilfried Gnonto,it ITA,"FW,MF",Leeds United,eng Premier League,22.0,2003.0,11,4,323,3.6,0,1,1,0,0,0,2,0,0.2,0.2,0.6,0.8,7.0,13.0,22.0,0.28,0.21,836,it ITA,"FW,MF",eng Premier League,22-061,2003.0,3.6,0,6,0,0.0,1.67,0.0,0.0,,20.6,0.0,0,0,0.2,0.2,0.03,-0.2,-0.2,836,it ITA,"FW,MF",eng Premier League,22-061,2003.0,3.6,96.0,129.0,74.4,1334.0,321.0,1,0.6,0.5,0.4,5.0,6.0,3.0,1.0,13.0,836,it ITA,"FW,MF",eng Premier League,22-061,2003.0,3.6,129.0,129.0,0.0,0.0,0.0,0.0,11,0.0,0.0,0.0,0.0,0.0,96.0,0.0,6.0,836,it ITA,"FW,MF",eng Premier League,22-061,2003.0,3.6,16.0,4.46,12.0,0.0,1.0,1.0,2.0,0.0,4.0,1.11,836,it ITA,"FW,MF",eng Premier League,22-061,2003.0,3.6,13.0,10,9.0,4.0,0.0,10.0,80.0,2.0,4.0,0.0,4.0,2,15.0,6.0,0.0,836,it ITA,"FW,MF",eng Premier League,22-061,2003.0,3.6,189.0,6.0,36.0,73.0,85.0,7.0,189.0,15.0,1.0,6.7,6.0,40.0,107.0,645.0,309.0,7.0,5.0,2.0,8.0,5.0,123.0,22.0,1053,it ITA,"FW,MF",eng Premier League,22-061,2003.0,11,323,29,17.9,3.6,4,59.0,0,7,13.0,2,1.0,5,9,-4,-1.11,-0.93,4.2,7.0,-2.8,-0.78,836,it ITA,"FW,MF",eng Premier League,22-061,2003.0,3.6,2,0,0,4,7,0,11,2,10,1.0,0.0,0,14.0,1.0,9.0,10.0,,,,,,,,,,,,,,,,,,,,,,,,,,,,,,,,,,,,,,,,,,,,,,,,,,,,,,Forward,0.0,0.2777777777777778,0.05555555555555556,0.16666666666666666,1.9444444444444444,3.611111111111111,6.111111111111111,1.3888888888888888,3.611111111111111,0.5555555555555556,0.8333333333333333,29.72222222222222,-10.512766777777777,5.555555555555555,-0.2,2.3597883597883595,46.864111498257834,3.8,45.148469651500804
837,Giorgi Gocholeishvili,ge GEO,MF,Hamburger SV,de Bundesliga,24.0,2001.0,12,8,664,7.4,0,1,1,0,0,0,2,1,0.6,0.6,0.4,1.0,18.0,10.0,26.0,0.14,0.13,837,ge GEO,MF,de Bundesliga,24-325,2001.0,7.4,0,12,2,16.7,1.63,0.27,0.0,0.0,19.7,0.0,0,0,0.6,0.6,0.05,-0.6,-0.6,837,ge GEO,MF,de Bundesliga,24-325,2001.0,7.4,192.0,248.0,77.4,3468.0,1017.0,1,0.4,0.4,0.6,7.0,7.0,7.0,3.0,10.0,837,ge GEO,MF,de Bundesliga,24-325,2001.0,7.4,248.0,185.0,61.0,0.0,0.0,5.0,19,61.0,0.0,0.0,0.0,0.0,192.0,2.0,6.0,837,ge GEO,MF,de Bundesliga,24-325,2001.0,7.4,27.0,3.66,16.0,3.0,3.0,2.0,3.0,0.0,2.0,0.27,837,ge GEO,MF,de Bundesliga,24-325,2001.0,7.4,9.0,7,7.0,1.0,1.0,11.0,63.6,4.0,3.0,1.0,2.0,4,13.0,16.0,2.0,837,ge GEO,MF,de Bundesliga,24-325,2001.0,7.4,330.0,14.0,112.0,121.0,102.0,19.0,330.0,23.0,10.0,43.5,13.0,56.5,161.0,877.0,483.0,18.0,8.0,2.0,12.0,10.0,164.0,26.0,1054,ge GEO,MF,de Bundesliga,24-325,2001.0,12,664,55,49.2,7.4,8,77.0,0,4,12.0,0,1.33,8,8,0,0.0,1.18,7.8,11.7,-3.9,-0.53,837,ge GEO,MF,de Bundesliga,24-325,2001.0,7.4,2,1,1,11,12,3,19,4,7,0.0,0.0,0,34.0,7.0,8.0,46.7,,,,,,,,,,,,,,,,,,,,,,,,,,,,,,,,,,,,,,,,,,,,,,,,,,,,,,Midfielder,0.0,0.13513513513513511,0.08108108108108107,0.05405405405405406,2.4324324324324325,1.3513513513513513,3.513513513513513,0.9459459459459459,1.2162162162162162,0.5405405405405405,0.9459459459459459,21.756756756756754,-5.564125702702702,3.7837837837837838,-0.6,1.1090909090909091,46.42375168690958,3.3,44.94070831259398
838,Martial Godo,eng ENG,"MF,FW",Strasbourg,fr Ligue 1,22.0,2003.0,12,4,373,4.1,2,0,2,2,0,0,2,0,2.0,2.0,0.1,2.1,12.0,5.0,44.0,0.48,0.5,838,eng ENG,"MF,FW",fr Ligue 1,22-297,2003.0,4.1,2,9,5,55.6,2.17,1.21,0.22,0.4,13.7,0.0,0,0,2.0,2.0,0.22,0.0,0.0,838,eng ENG,"MF,FW",fr Ligue 1,22-297,2003.0,4.1,106.0,125.0,84.8,1473.0,154.0,0,0.1,0.3,-0.1,1.0,1.0,2.0,1.0,5.0,838,eng ENG,"MF,FW",fr Ligue 1,22-297,2003.0,4.1,125.0,123.0,2.0,0.0,1.0,0.0,7,2.0,0.0,0.0,0.0,0.0,106.0,0.0,2.0,838,eng ENG,"MF,FW",fr Ligue 1,22-297,2003.0,4.1,4.0,0.97,1.0,0.0,2.0,0.0,1.0,0.0,1.0,0.24,838,eng ENG,"MF,FW",fr Ligue 1,22-297,2003.0,4.1,3.0,2,0.0,3.0,0.0,2.0,0.0,2.0,3.0,0.0,3.0,5,8.0,5.0,0.0,838,eng ENG,"MF,FW",fr Ligue 1,22-297,2003.0,4.1,173.0,2.0,16.0,77.0,82.0,21.0,173.0,12.0,5.0,41.7,6.0,50.0,122.0,597.0,297.0,12.0,2.0,7.0,10.0,9.0,125.0,44.0,1055,eng ENG,"MF,FW",fr Ligue 1,22-297,2003.0,12,373,31,24.4,4.1,4,72.0,1,8,11.0,2,1.5,11,4,7,1.69,1.84,11.5,5.1,6.5,1.57,838,eng ENG,"MF,FW",fr Ligue 1,22-297,2003.0,4.1,2,0,0,5,9,2,7,5,2,1.0,0.0,0,18.0,1.0,2.0,33.3,,,,,,,,,,,,,,,,,,,,,,,,,,,,,,,,,,,,,,,,,,,,,,,,,,,,,,Forward,0.48780487804878053,0.0,0.48780487804878053,0.02439024390243903,2.9268292682926833,1.2195121951219514,10.731707317073171,0.24390243902439027,0.7317073170731708,1.2195121951219514,0.48780487804878053,29.75609756097561,-5.610585609756097,4.146341463414634,0.0,0.5606936416184971,86.06271777003485,23.5,69.68641114982579
840,Saba Goglichidze,ge GEO,DF,Udinese,it Serie A,21.0,2004.0,7,4,422,4.7,0,0,0,0,0,0,2,0,0.2,0.2,0.1,0.3,5.0,19.0,2.0,0.0,0.07,840,ge GEO,DF,it Serie A,21-194,2004.0,4.7,0,3,1,33.3,0.64,0.21,0.0,0.0,7.7,0.0,0,0,0.2,0.2,0.08,-0.2,-0.2,840,ge GEO,DF,it Serie A,21-194,2004.0,4.7,152.0,188.0,80.9,3800.0,1399.0,0,0.1,0.2,-0.1,2.0,25.0,3.0,0.0,19.0,840,ge GEO,DF,it Serie A,21-194,2004.0,4.7,188.0,173.0,14.0,12.0,0.0,2.0,2,2.0,0.0,0.0,0.0,0.0,152.0,1.0,2.0,840,ge GEO,DF,it Serie A,21-194,2004.0,4.7,5.0,1.07,4.0,0.0,0.0,1.0,0.0,0.0,1.0,0.21,840,ge GEO,DF,it Serie A,21-194,2004.0,4.7,11.0,8,7.0,3.0,1.0,10.0,80.0,2.0,2.0,1.0,1.0,8,19.0,19.0,0.0,840,ge GEO,DF,it Serie A,21-194,2004.0,4.7,237.0,15.0,94.0,132.0,13.0,6.0,237.0,0.0,0.0,,0.0,,115.0,464.0,206.0,5.0,0.0,1.0,4.0,1.0,135.0,2.0,1057,ge GEO,DF,it Serie A,21-194,2004.0,7,422,60,26.0,4.7,4,90.0,4,3,21.0,9,2.0,6,7,-1,-0.21,0.54,5.1,6.3,-1.2,-0.25,840,ge GEO,DF,it Serie A,21-194,2004.0,4.7,2,0,0,5,4,0,2,8,8,0.0,2.0,0,13.0,5.0,5.0,50.0,,,,,,,,,,,,,,,,,,,,,,,,,,,,,,,,,,,,,,,,,,,,,,,,,,,,,,Defender,0.0,0.0,0.0425531914893617,0.02127659574468085,1.0638297872340425,4.042553191489362,0.425531914893617,0.425531914893617,2.3404255319148937,1.702127659574468,0.6382978723404255,24.46808510638298,-1.2955787234042528,5.106382978723404,-0.2,0.45147679324894513,84.76357267950964,21.8,69.59242420320989
845,João Gomes,br BRA,MF,Wolves,eng Premier League,24.0,2001.0,19,17,1504,16.7,0,0,0,0,0,0,6,0,0.5,0.5,0.5,1.0,25.0,79.0,29.0,0.0,0.06,845,br BRA,MF,eng Premier League,24-327,2001.0,16.7,0,8,2,25.0,0.48,0.12,0.0,0.0,22.9,1.0,0,0,0.5,0.5,0.06,-0.5,-0.5,845,br BRA,MF,eng Premier League,24-327,2001.0,16.7,691.0,818.0,84.5,10650.0,2327.0,0,0.5,0.9,-0.5,7.0,61.0,17.0,7.0,79.0,845,br BRA,MF,eng Premier League,24-327,2001.0,16.7,818.0,781.0,35.0,14.0,1.0,5.0,20,11.0,0.0,0.0,0.0,0.0,691.0,2.0,19.0,845,br BRA,MF,eng Premier League,24-327,2001.0,16.7,31.0,1.86,27.0,1.0,1.0,1.0,0.0,1.0,0.0,0.0,845,br BRA,MF,eng Premier League,24-327,2001.0,16.7,47.0,29,25.0,21.0,1.0,53.0,50.9,26.0,23.0,4.0,19.0,22,69.0,31.0,1.0,845,br BRA,MF,eng Premier League,24-327,2001.0,16.7,1013.0,43.0,230.0,599.0,206.0,17.0,1013.0,33.0,20.0,60.6,11.0,33.3,530.0,3162.0,1352.0,25.0,27.0,2.0,33.0,23.0,633.0,29.0,1064,br BRA,MF,eng Premier League,24-327,2001.0,19,1504,79,83.6,16.7,17,84.0,12,2,34.0,0,0.32,11,31,-20,-1.2,0.63,15.3,22.3,-7.0,-0.42,845,br BRA,MF,eng Premier League,24-327,2001.0,16.7,6,0,0,39,26,0,20,22,29,0.0,0.0,0,104.0,16.0,16.0,50.0,,,,,,,,,,,,,,,,,,,,,,,,,,,,,,,,,,,,,,,,,,,,,,,,,,,,,,Midfielder,0.0,0.0,0.029940119760479042,0.029940119760479042,1.4970059880239521,4.730538922155689,1.7365269461077846,0.4191616766467066,2.81437125748503,1.3173652694610778,1.0179640718562875,31.736526946107787,-2.223789365269461,6.227544910179641,-0.5,0.18361303060217177,76.38326585695006,31.4,58.13033931274738
846,Rodrigo Gomes,pt POR,"FW,DF",Wolves,eng Premier League,22.0,2003.0,6,4,331,3.7,1,0,1,1,0,0,0,0,1.0,1.0,0.1,1.1,13.0,7.0,37.0,0.27,0.3,846,pt POR,"FW,DF",eng Premier League,22-182,2003.0,3.7,1,11,3,27.3,2.99,0.82,0.09,0.33,14.3,0.0,0,0,1.0,1.0,0.09,0.0,0.0,846,pt POR,"FW,DF",eng Premier League,22-182,2003.0,3.7,96.0,130.0,73.8,1430.0,254.0,0,0.1,0.2,-0.1,2.0,4.0,1.0,1.0,7.0,846,pt POR,"FW,DF",eng Premier League,22-182,2003.0,3.7,130.0,111.0,19.0,0.0,0.0,0.0,11,19.0,0.0,0.0,0.0,0.0,96.0,0.0,5.0,846,pt POR,"FW,DF",eng Premier League,22-182,2003.0,3.7,10.0,2.7,5.0,0.0,2.0,1.0,2.0,0.0,0.0,0.0,846,pt POR,"FW,DF",eng Premier League,22-182,2003.0,3.7,7.0,6,1.0,3.0,3.0,3.0,66.7,1.0,2.0,0.0,2.0,3,10.0,9.0,0.0,846,pt POR,"FW,DF",eng Premier League,22-182,2003.0,3.7,187.0,6.0,34.0,52.0,103.0,20.0,187.0,8.0,2.0,25.0,5.0,62.5,91.0,623.0,328.0,13.0,9.0,3.0,11.0,3.0,108.0,37.0,1065,pt POR,"FW,DF",eng Premier League,22-182,2003.0,6,331,55,18.4,3.7,4,72.0,1,2,23.0,3,0.0,4,9,-5,-1.36,-0.07,4.8,4.3,0.5,0.13,846,pt POR,"FW,DF",eng Premier League,22-182,2003.0,3.7,0,0,0,3,2,2,11,3,6,0.0,0.0,0,14.0,4.0,5.0,44.4,,,,,,,,,,,,,,,,,,,,,,,,,,,,,,,,,,,,,,,,,,,,,,,,,,,,,,Forward,0.27027027027027023,0.0,0.27027027027027023,0.02702702702702703,3.513513513513513,1.8918918918918919,10.0,0.5405405405405405,1.8918918918918919,0.8108108108108107,0.27027027027027023,24.594594594594593,-5.32776810810811,5.405405405405405,0.0,1.4438502673796791,87.2822299651568,33.7,65.28214657079792
848,Diego Gómez,py PAR,"MF,FW",Brighton,eng Premier League,22.0,2003.0,18,14,1195,13.3,3,0,3,3,0,0,5,0,3.9,3.9,1.4,5.4,14.0,28.0,36.0,0.23,0.4,848,py PAR,"MF,FW",eng Premier League,22-284,2003.0,13.3,3,26,10,38.5,1.96,0.75,0.12,0.3,18.0,1.0,0,0,3.9,3.9,0.15,-0.9,-0.9,848,py PAR,"MF,FW",eng Premier League,22-284,2003.0,13.3,344.0,439.0,78.4,5531.0,1129.0,0,1.4,0.8,-1.4,15.0,30.0,8.0,3.0,28.0,848,py PAR,"MF,FW",eng Premier League,22-284,2003.0,13.3,439.0,419.0,15.0,2.0,1.0,1.0,9,4.0,1.0,1.0,0.0,0.0,344.0,5.0,11.0,848,py PAR,"MF,FW",eng Premier League,22-284,2003.0,13.3,36.0,2.71,27.0,0.0,2.0,2.0,2.0,3.0,0.0,0.0,848,py PAR,"MF,FW",eng Premier League,22-284,2003.0,13.3,41.0,27,15.0,18.0,8.0,34.0,50.0,17.0,20.0,1.0,19.0,7,48.0,18.0,0.0,848,py PAR,"MF,FW",eng Premier League,22-284,2003.0,13.3,616.0,27.0,107.0,330.0,197.0,39.0,616.0,24.0,9.0,37.5,13.0,54.2,322.0,1416.0,682.0,14.0,14.0,3.0,24.0,17.0,364.0,36.0,1067,py PAR,"MF,FW",eng Premier League,22-284,2003.0,18,1195,66,66.4,13.3,14,77.0,2,4,31.0,0,1.5,16,19,-3,-0.23,-1.12,20.1,17.4,2.6,0.2,848,py PAR,"MF,FW",eng Premier League,22-284,2003.0,13.3,5,0,0,21,8,1,9,7,27,0.0,0.0,0,51.0,22.0,17.0,56.4,,,,,,,,,,,,,,,,,,,,,,,,,,,,,,,,,,,,,,,,,,,,,,,,,,,,,,Forward,0.22556390977443608,0.0,0.2932330827067669,0.10526315789473684,1.0526315789473684,2.1052631578947367,2.706766917293233,1.1278195488721805,3.082706766917293,0.5263157894736842,0.6015037593984962,24.210526315789473,-10.590135443609023,3.1578947368421053,-0.8999999999999999,0.43993506493506496,46.34146341463415,5.5,43.92555773898972
852,Unai Gómez,es ESP,"FW,MF",Athletic Club,es La Liga,22.0,2003.0,11,2,316,3.5,0,0,0,0,0,0,0,0,0.5,0.5,0.2,0.7,4.0,7.0,18.0,0.0,0.21,852,es ESP,"FW,MF",es La Liga,22-225,2003.0,3.5,0,7,1,14.3,1.99,0.28,0.0,0.0,17.1,0.0,0,0,0.5,0.5,0.07,-0.5,-0.5,852,es ESP,"FW,MF",es La Liga,22-225,2003.0,3.5,70.0,103.0,68.0,1107.0,276.0,0,0.2,0.4,-0.2,3.0,5.0,5.0,2.0,7.0,852,es ESP,"FW,MF",es La Liga,22-225,2003.0,3.5,103.0,92.0,11.0,3.0,0.0,0.0,11,3.0,1.0,1.0,0.0,0.0,70.0,0.0,6.0,852,es ESP,"FW,MF",es La Liga,22-225,2003.0,3.5,10.0,2.86,8.0,0.0,1.0,0.0,1.0,0.0,0.0,0.0,852,es ESP,"FW,MF",es La Liga,22-225,2003.0,3.5,6.0,3,2.0,2.0,2.0,6.0,50.0,3.0,2.0,1.0,1.0,0,6.0,4.0,1.0,852,es ESP,"FW,MF",es La Liga,22-225,2003.0,3.5,141.0,1.0,18.0,58.0,67.0,11.0,141.0,7.0,1.0,14.3,4.0,57.1,71.0,280.0,129.0,4.0,2.0,2.0,7.0,4.0,91.0,18.0,1073,es ESP,"FW,MF",es La Liga,22-225,2003.0,11,316,29,18.5,3.5,2,56.0,0,9,23.0,7,1.45,2,7,-5,-1.42,-1.23,5.1,4.9,0.2,0.06,852,es ESP,"FW,MF",es La Liga,22-225,2003.0,3.5,0,0,0,2,4,1,11,0,3,0.0,0.0,0,12.0,4.0,8.0,33.3,,,,,,,,,,,,,,,,,,,,,,,,,,,,,,,,,,,,,,,,,,,,,,,,,,,,,,Forward,0.0,0.0,0.14285714285714285,0.05714285714285715,1.1428571428571428,2.0,5.142857142857143,0.8571428571428571,1.7142857142857142,0.0,1.4285714285714286,20.285714285714285,-10.812222285714286,3.142857142857143,-0.5,2.028368794326241,44.599303135888505,2.6,43.469106370261706
853,Valentín Gómez,ar ARG,DF,Betis,es La Liga,22.0,2003.0,13,8,834,9.3,1,0,1,1,0,0,3,0,0.7,0.7,0.4,1.1,8.0,29.0,22.0,0.11,0.11,853,ar ARG,DF,es La Liga,22-193,2003.0,9.3,1,8,3,37.5,0.86,0.32,0.13,0.33,10.1,0.0,0,0,0.7,0.7,0.08,0.3,0.3,853,ar ARG,DF,es La Liga,22-193,2003.0,9.3,373.0,449.0,83.1,6160.0,2413.0,0,0.4,0.2,-0.4,4.0,17.0,3.0,2.0,29.0,853,ar ARG,DF,es La Liga,22-193,2003.0,9.3,449.0,401.0,47.0,10.0,0.0,2.0,7,37.0,0.0,0.0,0.0,0.0,373.0,1.0,10.0,853,ar ARG,DF,es La Liga,22-193,2003.0,9.3,10.0,1.08,7.0,0.0,2.0,0.0,1.0,0.0,0.0,0.0,853,ar ARG,DF,es La Liga,22-193,2003.0,9.3,24.0,16,14.0,8.0,2.0,23.0,52.2,11.0,13.0,7.0,6.0,10,34.0,61.0,2.0,853,ar ARG,DF,es La Liga,22-193,2003.0,9.3,580.0,47.0,254.0,253.0,75.0,16.0,580.0,7.0,6.0,85.7,1.0,14.3,289.0,1235.0,688.0,8.0,4.0,1.0,8.0,2.0,330.0,22.0,1074,ar ARG,DF,es La Liga,22-193,2003.0,13,834,64,51.5,9.3,8,90.0,8,5,23.0,5,2.0,15,12,3,0.32,-0.02,14.5,13.4,1.0,0.11,853,ar ARG,DF,es La Liga,22-193,2003.0,9.3,3,0,0,13,5,0,7,10,16,0.0,1.0,0,43.0,23.0,17.0,57.5,,,,,,,,,,,,,,,,,,,,,,,,,,,,,,,,,,,,,,,,,,,,,,,,,,,,,,Defender,0.1075268817204301,0.0,0.07526881720430106,0.04301075268817204,0.8602150537634408,3.118279569892473,2.365591397849462,0.4301075268817204,2.5806451612903225,1.075268817204301,0.3225806451612903,31.0752688172043,-2.5026946236559127,3.9784946236559136,0.30000000000000004,0.18620689655172415,77.75831873905429,16.2,66.9176581231104
856,Nicolás González,es ESP,MF,Manchester City,eng Premier League,24.0,2002.0,18,14,1272,14.1,1,0,1,1,0,0,4,0,0.5,0.5,0.6,1.1,20.0,79.0,12.0,0.07,0.08,856,es ESP,MF,eng Premier League,24-002,2002.0,14.1,1,11,2,18.2,0.78,0.14,0.09,0.5,25.1,0.0,0,0,0.5,0.5,0.05,0.5,0.5,856,es ESP,MF,eng Premier League,24-002,2002.0,14.1,968.0,1082.0,89.5,14109.0,3736.0,0,0.6,0.9,-0.6,8.0,89.0,6.0,1.0,79.0,856,es ESP,MF,eng Premier League,24-002,2002.0,14.1,1082.0,1029.0,51.0,43.0,1.0,5.0,2,5.0,0.0,0.0,0.0,0.0,968.0,2.0,11.0,856,es ESP,MF,eng Premier League,24-002,2002.0,14.1,32.0,2.26,26.0,0.0,0.0,3.0,2.0,1.0,4.0,0.28,856,es ESP,MF,eng Premier League,24-002,2002.0,14.1,29.0,23,8.0,16.0,5.0,22.0,63.6,8.0,14.0,6.0,8.0,15,44.0,39.0,1.0,856,es ESP,MF,eng Premier League,24-002,2002.0,14.1,1233.0,54.0,250.0,760.0,230.0,14.0,1233.0,21.0,11.0,52.4,5.0,23.8,727.0,3350.0,1815.0,20.0,17.0,1.0,14.0,13.0,884.0,12.0,1081,es ESP,MF,eng Premier League,24-002,2002.0,18,1272,71,70.7,14.1,14,82.0,9,4,32.0,1,2.28,36,12,24,1.7,1.36,26.0,15.3,10.8,0.76,856,es ESP,MF,eng Premier League,24-002,2002.0,14.1,4,0,0,25,17,0,2,15,23,0.0,0.0,0,71.0,28.0,21.0,57.1,,,,,,,,,,,,,,,,,,,,,,,,,,,,,,,,,,,,,,,,,,,,,,,,,,,,,,Midfielder,0.07092198581560284,0.0,0.03546099290780142,0.0425531914893617,1.4184397163120568,5.602836879432624,0.851063829787234,0.5673758865248227,2.0567375886524824,1.0638297872340425,0.425531914893617,51.56028368794326,-1.2706164255319141,7.021276595744681,0.5,0.1832927818329278,84.07557354925777,41.4,59.45938723426999
859,Urko González,es ESP,MF,Espanyol,es La Liga,24.0,2001.0,16,10,982,10.9,0,1,1,0,0,0,3,0,0.2,0.2,0.1,0.4,5.0,34.0,7.0,0.09,0.03,859,es ESP,MF,es La Liga,24-291,2001.0,10.9,0,6,0,0.0,0.55,0.0,0.0,,16.8,0.0,0,0,0.2,0.2,0.04,-0.2,-0.2,859,es ESP,MF,es La Liga,24-291,2001.0,10.9,267.0,334.0,79.9,4270.0,1251.0,1,0.1,0.2,0.9,3.0,25.0,1.0,0.0,34.0,859,es ESP,MF,es La Liga,24-291,2001.0,10.9,334.0,328.0,3.0,3.0,0.0,2.0,3,0.0,0.0,0.0,0.0,0.0,267.0,3.0,5.0,859,es ESP,MF,es La Liga,24-291,2001.0,10.9,13.0,1.19,10.0,0.0,0.0,1.0,1.0,1.0,1.0,0.09,859,es ESP,MF,es La Liga,24-291,2001.0,10.9,23.0,17,9.0,11.0,3.0,36.0,41.7,21.0,13.0,1.0,12.0,12,35.0,30.0,1.0,859,es ESP,MF,es La Liga,24-291,2001.0,10.9,453.0,36.0,121.0,277.0,64.0,6.0,453.0,7.0,3.0,42.9,2.0,28.6,208.0,1036.0,464.0,5.0,6.0,3.0,17.0,11.0,246.0,7.0,1085,es ESP,MF,es La Liga,24-291,2001.0,16,982,61,60.6,10.9,10,87.0,8,6,20.0,0,1.81,12,11,1,0.09,-0.19,15.6,14.1,1.5,0.14,859,es ESP,MF,es La Liga,24-291,2001.0,10.9,3,0,0,17,15,0,3,12,17,0.0,0.0,0,51.0,9.0,8.0,52.9,,,,,,,,,,,,,,,,,,,,,,,,,,,,,,,,,,,,,,,,,,,,,,,,,,,,,,Midfielder,0.0,0.09174311926605504,0.01834862385321101,0.009174311926605505,0.4587155963302752,3.1192660550458715,0.6422018348623852,0.27522935779816515,2.110091743119266,1.1009174311926606,0.09174311926605504,19.08256880733945,-4.915950137614679,3.5779816513761467,-0.2,0.2626931567328918,51.417004048582996,5.7,48.64428008380605
861,Anthony Gordon,eng ENG,FW,Newcastle Utd,eng Premier League,24.0,2001.0,15,13,918,10.2,2,1,3,0,2,2,1,1,4.3,2.7,2.4,5.1,51.0,44.0,84.0,0.1,0.65,861,eng ENG,FW,eng Premier League,24-315,2001.0,10.2,2,22,7,31.8,2.16,0.69,0.0,0.0,18.9,0.0,2,2,4.3,2.7,0.12,-2.3,-2.7,861,eng ENG,FW,eng Premier League,24-315,2001.0,10.2,245.0,342.0,71.6,3977.0,1248.0,1,2.4,2.0,-1.4,15.0,31.0,17.0,7.0,44.0,861,eng ENG,FW,eng Premier League,24-315,2001.0,10.2,342.0,331.0,11.0,1.0,3.0,3.0,45,6.0,3.0,2.0,0.0,0.0,245.0,0.0,3.0,861,eng ENG,FW,eng Premier League,24-315,2001.0,10.2,38.0,3.73,28.0,0.0,6.0,2.0,2.0,0.0,6.0,0.59,861,eng ENG,FW,eng Premier League,24-315,2001.0,10.2,12.0,7,3.0,8.0,1.0,13.0,15.4,11.0,10.0,0.0,10.0,1,13.0,10.0,1.0,861,eng ENG,FW,eng Premier League,24-315,2001.0,10.2,490.0,7.0,42.0,202.0,252.0,43.0,488.0,56.0,21.0,37.5,22.0,39.3,334.0,2580.0,1345.0,51.0,34.0,12.0,28.0,13.0,355.0,84.0,1087,eng ENG,FW,eng Premier League,24-315,2001.0,15,918,61,51.0,10.2,13,69.0,2,2,13.0,0,1.4,12,12,0,0.0,-0.41,14.4,9.3,5.1,0.5,861,eng ENG,FW,eng Premier League,24-315,2001.0,10.2,1,1,0,10,22,1,45,1,7,0.0,0.0,0,32.0,5.0,6.0,45.5,,,,,,,,,,,,,,,,,,,,,,,,,,,,,,,,,,,,,,,,,,,,,,,,,,,,,,Forward,0.19607843137254904,0.09803921568627452,0.4215686274509804,0.23529411764705882,5.0,4.313725490196079,8.23529411764706,1.4705882352941178,1.1764705882352942,0.09803921568627452,1.6666666666666667,32.74509803921569,-3.403008686274509,9.313725490196079,-2.3,0.7612244897959184,93.03135888501743,64.1,56.69187013102829
864,Jon Gorrotxategi,es ESP,MF,Real Sociedad,es La Liga,23.0,2002.0,16,15,1313,14.6,1,1,2,1,0,0,6,0,0.6,0.6,0.5,1.1,14.0,60.0,11.0,0.14,0.07,864,es ESP,MF,es La Liga,23-337,2002.0,14.6,1,9,1,11.1,0.62,0.07,0.11,1.0,22.0,0.0,0,0,0.6,0.6,0.07,0.4,0.4,864,es ESP,MF,es La Liga,23-337,2002.0,14.6,635.0,751.0,84.6,9826.0,2514.0,1,0.5,0.3,0.5,9.0,64.0,3.0,0.0,60.0,864,es ESP,MF,es La Liga,23-337,2002.0,14.6,751.0,730.0,18.0,17.0,2.0,4.0,1,1.0,0.0,0.0,0.0,0.0,635.0,3.0,12.0,864,es ESP,MF,es La Liga,23-337,2002.0,14.6,22.0,1.51,17.0,0.0,0.0,3.0,1.0,1.0,3.0,0.21,864,es ESP,MF,es La Liga,23-337,2002.0,14.6,31.0,21,12.0,17.0,2.0,30.0,50.0,15.0,16.0,5.0,11.0,25,56.0,24.0,2.0,864,es ESP,MF,es La Liga,23-337,2002.0,14.6,887.0,48.0,198.0,573.0,130.0,3.0,887.0,8.0,3.0,37.5,3.0,37.5,493.0,2516.0,1278.0,14.0,21.0,0.0,12.0,10.0,556.0,11.0,1090,es ESP,MF,es La Liga,23-337,2002.0,16,1313,82,81.0,14.6,15,85.0,11,1,35.0,0,1.0,20,21,-1,-0.07,0.81,19.9,17.7,2.2,0.15,864,es ESP,MF,es La Liga,23-337,2002.0,14.6,6,0,0,22,13,0,1,25,21,0.0,0.0,0,78.0,17.0,25.0,40.5,,,,,,,,,,,,,,,,,,,,,,,,,,,,,,,,,,,,,,,,,,,,,,,,,,,,,,Midfielder,0.0684931506849315,0.0684931506849315,0.0410958904109589,0.03424657534246575,0.9589041095890412,4.109589041095891,0.7534246575342466,0.6164383561643836,2.1232876712328768,1.7123287671232876,0.20547945205479454,33.76712328767123,-2.8511819863013708,5.068493150684931,0.4,0.1702367531003382,70.17543859649122,17.6,59.67299200381907
871,Tiago Gouveia,pt POR,"DF,MF",Nice,fr Ligue 1,24.0,2001.0,10,5,420,4.7,0,0,0,0,0,0,1,0,0.7,0.7,0.6,1.3,6.0,7.0,27.0,0.0,0.27,871,pt POR,"DF,MF",fr Ligue 1,24-201,2001.0,4.7,0,10,3,30.0,2.14,0.64,0.0,0.0,18.1,0.0,0,0,0.7,0.7,0.07,-0.7,-0.7,871,pt POR,"DF,MF",fr Ligue 1,24-201,2001.0,4.7,123.0,154.0,79.9,1911.0,539.0,0,0.6,0.1,-0.6,2.0,3.0,3.0,0.0,7.0,871,pt POR,"DF,MF",fr Ligue 1,24-201,2001.0,4.7,154.0,138.0,15.0,2.0,0.0,0.0,2,13.0,0.0,0.0,0.0,0.0,123.0,1.0,8.0,871,pt POR,"DF,MF",fr Ligue 1,24-201,2001.0,4.7,9.0,1.93,6.0,0.0,0.0,2.0,1.0,0.0,1.0,0.21,871,pt POR,"DF,MF",fr Ligue 1,24-201,2001.0,4.7,7.0,3,5.0,1.0,1.0,10.0,30.0,7.0,6.0,0.0,6.0,6,13.0,4.0,0.0,871,pt POR,"DF,MF",fr Ligue 1,24-201,2001.0,4.7,223.0,18.0,70.0,84.0,70.0,14.0,223.0,17.0,4.0,23.5,13.0,76.5,124.0,598.0,242.0,6.0,2.0,3.0,13.0,3.0,129.0,27.0,1097,pt POR,"DF,MF",fr Ligue 1,24-201,2001.0,10,420,42,27.5,4.7,5,69.0,2,5,15.0,4,1.3,4,8,-4,-0.86,-0.37,6.5,9.3,-2.8,-0.61,871,pt POR,"DF,MF",fr Ligue 1,24-201,2001.0,4.7,1,0,0,4,7,0,2,6,3,0.0,0.0,0,28.0,1.0,2.0,33.3,,,,,,,,,,,,,,,,,,,,,,,,,,,,,,,,,,,,,,,,,,,,,,,,,,,,,,Midfielder,0.0,0.0,0.14893617021276595,0.1276595744680851,1.276595744680851,1.4893617021276595,5.74468085106383,0.425531914893617,1.4893617021276595,1.276595744680851,0.6382978723404255,26.382978723404253,-6.267114106382979,2.7659574468085104,-0.7,0.8654708520179373,41.97031039136302,1.7,41.26874178108458
876,Ryan Gravenberch,nl NED,MF,Liverpool,eng Premier League,23.0,2002.0,18,18,1591,17.7,4,2,6,4,0,0,3,0,1.0,1.0,1.5,2.5,41.0,97.0,30.0,0.34,0.14,876,nl NED,MF,eng Premier League,23-234,2002.0,17.7,4,19,7,36.8,1.07,0.4,0.21,0.57,22.4,0.0,0,0,1.0,1.0,0.05,3.0,3.0,876,nl NED,MF,eng Premier League,23-234,2002.0,17.7,1010.0,1126.0,89.7,16204.0,3828.0,2,1.5,1.1,0.5,16.0,108.0,6.0,0.0,97.0,876,nl NED,MF,eng Premier League,23-234,2002.0,17.7,1126.0,1109.0,16.0,11.0,3.0,3.0,2,4.0,0.0,0.0,0.0,0.0,1010.0,1.0,10.0,876,nl NED,MF,eng Premier League,23-234,2002.0,17.7,53.0,3.0,43.0,0.0,2.0,3.0,3.0,2.0,5.0,0.28,876,nl NED,MF,eng Premier League,23-234,2002.0,17.7,28.0,17,15.0,13.0,0.0,19.0,57.9,8.0,11.0,1.0,10.0,26,54.0,30.0,0.0,876,nl NED,MF,eng Premier League,23-234,2002.0,17.7,1309.0,40.0,265.0,782.0,268.0,13.0,1309.0,31.0,16.0,51.6,9.0,29.0,910.0,5137.0,2684.0,41.0,32.0,2.0,29.0,12.0,979.0,30.0,1104,nl NED,MF,eng Premier League,23-234,2002.0,18,1591,88,88.4,17.7,18,88.0,17,0,,0,1.72,25,22,3,0.17,-0.26,25.5,18.2,7.3,0.42,876,nl NED,MF,eng Premier League,23-234,2002.0,17.7,3,0,0,18,21,0,2,26,17,0.0,0.0,0,78.0,18.0,11.0,62.1,,,,,,,,,,,,,,,,,,,,,,,,,,,,,,,,,,,,,,,,,,,,,,,,,,,,,,Midfielder,0.22598870056497175,0.11299435028248588,0.05649717514124294,0.08474576271186442,2.3163841807909606,5.480225988700565,1.6949152542372883,0.903954802259887,1.5819209039548023,1.4689265536723164,0.33898305084745767,51.41242937853107,-0.25907767231638523,7.796610169491526,3.0,0.2291825821237586,89.20377867746289,79.5,49.69569842755593
877,Archie Gray,eng ENG,MF,Tottenham,eng Premier League,19.0,2006.0,10,8,598,6.6,1,0,1,1,0,0,3,0,0.7,0.7,0.1,0.8,8.0,18.0,3.0,0.15,0.12,877,eng ENG,MF,eng Premier League,19-299,2006.0,6.6,1,6,2,33.3,0.9,0.3,0.17,0.5,15.2,0.0,0,0,0.7,0.7,0.11,0.3,0.3,877,eng ENG,MF,eng Premier League,19-299,2006.0,6.6,189.0,220.0,85.9,3163.0,763.0,0,0.1,0.1,-0.1,2.0,24.0,2.0,0.0,18.0,877,eng ENG,MF,eng Premier League,19-299,2006.0,6.6,220.0,214.0,6.0,0.0,1.0,0.0,3,0.0,0.0,0.0,0.0,0.0,189.0,0.0,5.0,877,eng ENG,MF,eng Premier League,19-299,2006.0,6.6,7.0,1.05,5.0,1.0,0.0,1.0,0.0,0.0,0.0,0.0,877,eng ENG,MF,eng Premier League,19-299,2006.0,6.6,4.0,3,1.0,2.0,1.0,3.0,66.7,1.0,7.0,2.0,5.0,8,12.0,20.0,1.0,877,eng ENG,MF,eng Premier League,19-299,2006.0,6.6,286.0,24.0,75.0,147.0,67.0,11.0,286.0,4.0,2.0,50.0,2.0,50.0,156.0,807.0,360.0,8.0,8.0,2.0,7.0,4.0,175.0,3.0,1105,eng ENG,MF,eng Premier League,19-299,2006.0,10,598,60,33.2,6.6,8,74.0,2,2,3.0,7,1.3,9,6,3,0.45,0.38,8.1,6.5,1.6,0.24,877,eng ENG,MF,eng Premier League,19-299,2006.0,6.6,3,0,0,8,0,0,3,8,3,0.0,0.0,0,25.0,4.0,7.0,36.4,,,,,,,,,,,,,,,,,,,,,,,,,,,,,,,,,,,,,,,,,,,,,,,,,,,,,,Midfielder,0.15151515151515152,0.0,0.10606060606060606,0.015151515151515154,1.2121212121212122,2.7272727272727275,0.4545454545454546,0.30303030303030304,0.6060606060606061,1.2121212121212122,0.30303030303030304,23.636363636363637,-2.7991509090909092,3.9393939393939394,0.30000000000000004,0.3671328671328672,70.8502024291498,26.5,56.00806516138324
879,Mason Greenwood,eng ENG,"FW,MF",Marseille,fr Ligue 1,24.0,2001.0,16,15,1294,14.4,11,3,14,7,4,5,2,0,8.7,4.7,4.0,8.8,61.0,102.0,139.0,0.7,0.88,879,eng ENG,"FW,MF",fr Ligue 1,24-096,2001.0,14.4,11,53,21,39.6,3.69,1.46,0.13,0.33,21.5,2.0,4,5,8.7,4.7,0.09,2.3,2.3,879,eng ENG,"FW,MF",fr Ligue 1,24-096,2001.0,14.4,620.0,801.0,77.4,11057.0,2942.0,3,4.0,3.6,-1.0,31.0,54.0,33.0,6.0,102.0,879,eng ENG,"FW,MF",fr Ligue 1,24-096,2001.0,14.4,801.0,738.0,59.0,15.0,7.0,24.0,61,11.0,31.0,8.0,15.0,0.0,620.0,4.0,15.0,879,eng ENG,"FW,MF",fr Ligue 1,24-096,2001.0,14.4,69.0,4.8,48.0,7.0,8.0,4.0,2.0,0.0,5.0,0.35,879,eng ENG,"FW,MF",fr Ligue 1,24-096,2001.0,14.4,6.0,6,0.0,6.0,0.0,15.0,33.3,10.0,3.0,0.0,3.0,2,8.0,2.0,0.0,879,eng ENG,"FW,MF",fr Ligue 1,24-096,2001.0,14.4,955.0,4.0,50.0,399.0,510.0,70.0,950.0,55.0,25.0,45.5,27.0,49.1,741.0,4140.0,1934.0,61.0,35.0,31.0,30.0,11.0,807.0,139.0,1109,eng ENG,"FW,MF",fr Ligue 1,24-096,2001.0,16,1294,81,84.6,14.4,15,84.0,10,1,33.0,1,1.81,32,13,19,1.32,1.32,25.6,15.1,10.5,0.73,879,eng ENG,"FW,MF",fr Ligue 1,24-096,2001.0,14.4,2,0,0,8,16,0,61,2,6,0.0,0.0,0,32.0,1.0,3.0,25.0,,,,,,,,,,,,,,,,,,,,,,,,,,,,,,,,,,,,,,,,,,,,,,,,,,,,,,Forward,0.7638888888888888,0.20833333333333331,0.6041666666666666,0.2777777777777778,4.236111111111111,7.083333333333333,9.652777777777777,2.1527777777777777,0.41666666666666663,0.1388888888888889,2.2916666666666665,51.45833333333333,-5.031283333333333,11.319444444444445,2.3000000000000007,0.5026178010471204,88.67595818815332,42.9,62.054554365397706
886,Brajan Gruda,de GER,"MF,FW",Brighton,eng Premier League,21.0,2004.0,16,7,640,7.1,1,1,2,1,0,0,2,0,1.7,1.7,0.9,2.6,24.0,23.0,56.0,0.28,0.37,886,de GER,"MF,FW",eng Premier League,21-219,2004.0,7.1,1,15,5,33.3,2.11,0.7,0.07,0.2,21.5,1.0,0,0,1.7,1.7,0.11,-0.7,-0.7,886,de GER,"MF,FW",eng Premier League,21-219,2004.0,7.1,166.0,221.0,75.1,2474.0,678.0,1,0.9,0.8,0.1,14.0,9.0,8.0,2.0,23.0,886,de GER,"MF,FW",eng Premier League,21-219,2004.0,7.1,221.0,204.0,17.0,7.0,2.0,1.0,14,1.0,7.0,5.0,0.0,0.0,166.0,0.0,3.0,886,de GER,"MF,FW",eng Premier League,21-219,2004.0,7.1,33.0,4.65,21.0,2.0,6.0,0.0,4.0,0.0,2.0,0.28,886,de GER,"MF,FW",eng Premier League,21-219,2004.0,7.1,13.0,5,5.0,5.0,3.0,11.0,54.5,5.0,5.0,0.0,5.0,2,15.0,3.0,1.0,886,de GER,"MF,FW",eng Premier League,21-219,2004.0,7.1,343.0,4.0,34.0,129.0,189.0,19.0,343.0,49.0,14.0,28.6,29.0,59.2,209.0,1492.0,836.0,24.0,19.0,9.0,23.0,16.0,219.0,56.0,1116,de GER,"MF,FW",eng Premier League,21-219,2004.0,16,640,40,35.6,7.1,7,70.0,0,9,17.0,0,1.31,14,10,4,0.56,0.64,13.6,10.7,2.9,0.4,886,de GER,"MF,FW",eng Premier League,21-219,2004.0,7.1,2,0,0,11,13,2,14,2,5,0.0,0.0,0,35.0,8.0,3.0,72.7,,,,,,,,,,,,,,,,,,,,,,,,,,,,,,,,,,,,,,,,,,,,,,,,,,,,,,Forward,0.14084507042253522,0.14084507042253522,0.23943661971830987,0.1267605633802817,3.3802816901408455,3.23943661971831,7.887323943661972,1.971830985915493,1.8309859154929577,0.28169014084507044,1.1267605633802817,29.43661971830986,-6.038063633802816,6.619718309859155,-0.7,1.3556851311953353,83.10104529616724,44.1,57.669011308929385
895,Javier Guerra,es ESP,MF,Valencia,es La Liga,23.0,2003.0,18,13,1011,11.2,0,2,2,0,0,0,2,0,1.1,1.1,1.6,2.7,23.0,61.0,26.0,0.18,0.24,895,es ESP,MF,es La Liga,23-004,2003.0,11.2,0,13,4,30.8,1.16,0.36,0.0,0.0,19.1,1.0,0,0,1.1,1.1,0.09,-1.1,-1.1,895,es ESP,MF,es La Liga,23-004,2003.0,11.2,407.0,532.0,76.5,6979.0,2032.0,2,1.6,1.1,0.4,11.0,46.0,4.0,1.0,61.0,895,es ESP,MF,es La Liga,23-004,2003.0,11.2,532.0,513.0,18.0,9.0,5.0,4.0,19,5.0,3.0,0.0,2.0,0.0,407.0,1.0,18.0,895,es ESP,MF,es La Liga,23-004,2003.0,11.2,23.0,2.05,18.0,2.0,1.0,2.0,0.0,0.0,2.0,0.18,895,es ESP,MF,es La Liga,23-004,2003.0,11.2,12.0,6,6.0,4.0,2.0,10.0,50.0,5.0,10.0,3.0,7.0,10,22.0,14.0,0.0,895,es ESP,MF,es La Liga,23-004,2003.0,11.2,656.0,30.0,160.0,352.0,151.0,25.0,656.0,29.0,12.0,41.4,14.0,48.3,355.0,1945.0,1038.0,23.0,13.0,7.0,20.0,17.0,444.0,26.0,1126,es ESP,MF,es La Liga,23-004,2003.0,18,1011,56,62.4,11.2,13,70.0,2,5,20.0,0,0.89,9,15,-6,-0.53,0.5,12.8,15.2,-2.5,-0.22,895,es ESP,MF,es La Liga,23-004,2003.0,11.2,2,0,0,17,9,1,19,10,6,0.0,0.0,0,48.0,7.0,7.0,50.0,,,,,,,,,,,,,,,,,,,,,,,,,,,,,,,,,,,,,,,,,,,,,,,,,,,,,,Midfielder,0.0,0.17857142857142858,0.09821428571428573,0.14285714285714288,2.053571428571429,5.446428571428572,2.3214285714285716,0.9821428571428572,1.0714285714285714,0.8928571428571429,0.35714285714285715,31.696428571428573,-0.20688792857142957,7.500000000000001,-1.1,0.3125,89.60863697705803,39.0,64.46664530723599
899,Evann Guessand,ci CIV,FW,Aston Villa,eng Premier League,24.0,2001.0,12,6,515,5.7,0,1,1,0,0,0,0,0,1.0,1.0,0.6,1.6,12.0,8.0,28.0,0.17,0.28,899,ci CIV,FW,eng Premier League,24-188,2001.0,5.7,0,5,3,60.0,0.87,0.52,0.0,0.0,10.9,0.0,0,0,1.0,1.0,0.19,-1.0,-1.0,899,ci CIV,FW,eng Premier League,24-188,2001.0,5.7,68.0,97.0,70.1,808.0,179.0,1,0.6,0.6,0.4,3.0,2.0,4.0,0.0,8.0,899,ci CIV,FW,eng Premier League,24-188,2001.0,5.7,97.0,95.0,0.0,0.0,0.0,0.0,10,0.0,0.0,0.0,0.0,0.0,68.0,2.0,9.0,899,ci CIV,FW,eng Premier League,24-188,2001.0,5.7,10.0,1.74,6.0,0.0,0.0,2.0,2.0,0.0,2.0,0.35,899,ci CIV,FW,eng Premier League,24-188,2001.0,5.7,16.0,9,6.0,9.0,1.0,8.0,62.5,3.0,10.0,1.0,9.0,0,16.0,7.0,0.0,899,ci CIV,FW,eng Premier League,24-188,2001.0,5.7,181.0,7.0,37.0,72.0,77.0,18.0,181.0,24.0,7.0,29.2,16.0,66.7,107.0,704.0,332.0,12.0,3.0,5.0,8.0,16.0,110.0,28.0,1130,ci CIV,FW,eng Premier League,24-188,2001.0,12,515,43,28.6,5.7,6,67.0,0,6,19.0,4,1.92,9,9,0,0.0,-0.63,6.2,8.3,-2.1,-0.37,899,ci CIV,FW,eng Premier League,24-188,2001.0,5.7,0,0,0,11,10,0,10,0,9,0.0,0.0,0,26.0,4.0,6.0,40.0,,,,,,,,,,,,,,,,,,,,,,,,,,,,,,,,,,,,,,,,,,,,,,,,,,,,,,Forward,0.0,0.17543859649122806,0.17543859649122806,0.10526315789473684,2.1052631578947367,1.4035087719298245,4.912280701754386,0.5263157894736842,2.807017543859649,0.0,0.7017543859649122,18.771929824561404,-9.377509807017544,3.508771929824561,-1.0,0.9613259668508287,57.66550522648084,10.0,52.423186569528035
907,Daouda Guindo,ml MLI,DF,Brest,fr Ligue 1,23.0,2002.0,11,6,614,6.8,0,0,0,0,0,0,2,0,0.6,0.6,0.4,1.0,5.0,13.0,26.0,0.0,0.14,907,ml MLI,DF,fr Ligue 1,23-083,2002.0,6.8,0,6,2,33.3,0.88,0.29,0.0,0.0,26.0,1.0,0,0,0.6,0.6,0.1,-0.6,-0.6,907,ml MLI,DF,fr Ligue 1,23-083,2002.0,6.8,241.0,308.0,78.2,4102.0,1193.0,0,0.4,0.2,-0.4,2.0,10.0,2.0,2.0,13.0,907,ml MLI,DF,fr Ligue 1,23-083,2002.0,6.8,308.0,251.0,56.0,4.0,0.0,4.0,11,52.0,0.0,0.0,0.0,0.0,241.0,1.0,5.0,907,ml MLI,DF,fr Ligue 1,23-083,2002.0,6.8,7.0,1.03,5.0,1.0,0.0,0.0,1.0,0.0,1.0,0.15,907,ml MLI,DF,fr Ligue 1,23-083,2002.0,6.8,11.0,11,2.0,7.0,2.0,11.0,45.5,6.0,5.0,1.0,4.0,4,15.0,15.0,0.0,907,ml MLI,DF,fr Ligue 1,23-083,2002.0,6.8,355.0,21.0,104.0,180.0,71.0,3.0,355.0,2.0,1.0,50.0,1.0,50.0,187.0,778.0,369.0,5.0,5.0,1.0,2.0,0.0,215.0,26.0,1140,ml MLI,DF,fr Ligue 1,23-083,2002.0,11,614,56,40.1,6.8,6,87.0,4,5,19.0,3,1.45,9,10,-1,-0.15,0.15,9.5,9.6,-0.1,-0.02,907,ml MLI,DF,fr Ligue 1,23-083,2002.0,6.8,2,0,0,11,6,0,11,4,11,0.0,0.0,0,14.0,3.0,4.0,42.9,,,,,,,,,,,,,,,,,,,,,,,,,,,,,,,,,,,,,,,,,,,,,,,,,,,,,,Defender,0.0,0.0,0.08823529411764706,0.05882352941176471,0.7352941176470589,1.911764705882353,3.823529411764706,0.29411764705882354,1.6176470588235294,0.5882352941176471,0.29411764705882354,27.5,-6.278947058823528,2.6470588235294117,-0.6,0.29014084507042254,40.80560420315236,1.6,40.16299626294524
908,Bahereba Guirassy,fr FRA,"FW,MF",Nantes,fr Ligue 1,19.0,2006.0,14,9,703,7.8,2,1,3,2,0,0,1,0,1.6,1.6,0.8,2.3,21.0,14.0,54.0,0.38,0.3,908,fr FRA,"FW,MF",fr Ligue 1,19-129,2006.0,7.8,2,11,5,45.5,1.41,0.64,0.18,0.4,12.1,0.0,0,0,1.6,1.6,0.14,0.4,0.4,908,fr FRA,"FW,MF",fr Ligue 1,19-129,2006.0,7.8,117.0,193.0,60.6,1841.0,549.0,1,0.8,0.2,0.2,5.0,5.0,6.0,2.0,14.0,908,fr FRA,"FW,MF",fr Ligue 1,19-129,2006.0,7.8,193.0,186.0,6.0,0.0,0.0,0.0,16,5.0,0.0,0.0,0.0,0.0,117.0,1.0,13.0,908,fr FRA,"FW,MF",fr Ligue 1,19-129,2006.0,7.8,15.0,1.92,11.0,0.0,3.0,1.0,0.0,0.0,2.0,0.26,908,fr FRA,"FW,MF",fr Ligue 1,19-129,2006.0,7.8,17.0,11,13.0,3.0,1.0,17.0,70.6,5.0,7.0,1.0,6.0,3,20.0,10.0,0.0,908,fr FRA,"FW,MF",fr Ligue 1,19-129,2006.0,7.8,301.0,10.0,74.0,112.0,120.0,35.0,301.0,34.0,9.0,26.5,22.0,64.7,159.0,1098.0,543.0,21.0,11.0,13.0,18.0,10.0,183.0,54.0,1141,fr FRA,"FW,MF",fr Ligue 1,19-129,2006.0,14,703,50,45.9,7.8,9,65.0,0,5,24.0,0,0.93,9,8,1,0.13,1.54,6.7,11.5,-4.8,-0.62,908,fr FRA,"FW,MF",fr Ligue 1,19-129,2006.0,7.8,1,0,0,10,6,3,16,3,11,0.0,0.0,0,40.0,12.0,21.0,36.4,,,,,,,,,,,,,,,,,,,,,,,,,,,,,,,,,,,,,,,,,,,,,,,,,,,,,,Forward,0.25641025641025644,0.12820512820512822,0.20512820512820515,0.10256410256410257,2.6923076923076925,1.794871794871795,6.923076923076923,0.6410256410256411,2.1794871794871797,0.38461538461538464,0.7692307692307693,20.384615384615387,-5.246085076923077,4.487179487179487,0.3999999999999999,0.6378737541528239,87.97909407665504,47.1,59.80903744164178
913,Arda Güler,tr TUR,MF,Real Madrid,es La Liga,20.0,2005.0,19,15,1152,12.8,3,6,9,3,0,0,1,0,3.6,3.6,5.4,9.0,24.0,91.0,54.0,0.7,0.7,913,tr TUR,MF,es La Liga,20-314,2005.0,12.8,3,30,11,36.7,2.34,0.86,0.1,0.27,19.3,1.0,0,0,3.6,3.6,0.12,-0.6,-0.6,913,tr TUR,MF,es La Liga,20-314,2005.0,12.8,700.0,816.0,85.8,11946.0,2909.0,6,5.4,4.2,0.6,41.0,72.0,23.0,2.0,91.0,913,tr TUR,MF,es La Liga,20-314,2005.0,12.8,816.0,727.0,85.0,30.0,9.0,6.0,65,6.0,49.0,23.0,16.0,0.0,700.0,4.0,12.0,913,tr TUR,MF,es La Liga,20-314,2005.0,12.8,73.0,5.7,52.0,15.0,3.0,2.0,0.0,1.0,8.0,0.62,913,tr TUR,MF,es La Liga,20-314,2005.0,12.8,24.0,16,3.0,14.0,7.0,17.0,41.2,10.0,6.0,0.0,6.0,6,30.0,8.0,2.0,913,tr TUR,MF,es La Liga,20-314,2005.0,12.8,948.0,24.0,107.0,415.0,435.0,37.0,948.0,25.0,13.0,52.0,9.0,36.0,551.0,2584.0,1146.0,24.0,21.0,6.0,16.0,7.0,703.0,54.0,1146,tr TUR,MF,es La Liga,20-314,2005.0,19,1152,61,67.4,12.8,15,71.0,2,4,23.0,0,2.37,24,11,13,1.02,-0.76,29.4,14.5,15.0,1.17,913,tr TUR,MF,es La Liga,20-314,2005.0,12.8,1,0,0,17,14,1,65,6,16,0.0,1.0,0,55.0,4.0,7.0,36.4,,,,,,,,,,,,,,,,,,,,,,,,,,,,,,,,,,,,,,,,,,,,,,,,,,,,,,Midfielder,0.234375,0.46875,0.28125,0.421875,1.875,7.109375,4.21875,3.203125,1.875,0.46875,1.796875,43.046875,3.123114,8.984375,-0.6000000000000001,0.6012658227848101,98.11066126855602,87.3,52.38155967354832
918,Malo Gusto,fr FRA,"DF,MF",Chelsea,eng Premier League,22.0,2003.0,18,12,1146,12.7,2,2,4,2,0,0,3,1,1.2,1.2,1.2,2.4,17.0,64.0,42.0,0.31,0.19,918,fr FRA,"DF,MF",eng Premier League,22-231,2003.0,12.7,2,9,4,44.4,0.71,0.31,0.22,0.5,20.6,0.0,0,0,1.2,1.2,0.14,0.8,0.8,918,fr FRA,"DF,MF",eng Premier League,22-231,2003.0,12.7,600.0,716.0,83.8,9907.0,2644.0,2,1.2,0.8,0.8,10.0,50.0,12.0,2.0,64.0,918,fr FRA,"DF,MF",eng Premier League,22-231,2003.0,12.7,716.0,612.0,100.0,16.0,5.0,0.0,18,84.0,0.0,0.0,0.0,0.0,600.0,4.0,16.0,918,fr FRA,"DF,MF",eng Premier League,22-231,2003.0,12.7,35.0,2.75,30.0,0.0,1.0,1.0,0.0,3.0,4.0,0.31,918,fr FRA,"DF,MF",eng Premier League,22-231,2003.0,12.7,31.0,18,15.0,8.0,8.0,29.0,65.5,10.0,9.0,1.0,8.0,20,51.0,23.0,1.0,918,fr FRA,"DF,MF",eng Premier League,22-231,2003.0,12.7,853.0,33.0,220.0,412.0,230.0,19.0,853.0,16.0,9.0,56.3,7.0,43.8,471.0,2208.0,1010.0,17.0,11.0,0.0,27.0,10.0,523.0,42.0,1154,fr FRA,"DF,MF",eng Premier League,22-231,2003.0,18,1146,64,63.7,12.7,12,82.0,7,6,26.0,1,1.67,26,13,13,1.02,1.3,23.2,19.5,3.7,0.29,918,fr FRA,"DF,MF",eng Premier League,22-231,2003.0,12.7,3,1,1,10,9,0,18,20,18,0.0,0.0,0,70.0,9.0,8.0,52.9,,,,,,,,,,,,,,,,,,,,,,,,,,,,,,,,,,,,,,,,,,,,,,,,,,,,,,Midfielder,0.15748031496062992,0.15748031496062992,0.09448818897637795,0.09448818897637795,1.3385826771653544,5.039370078740157,3.3070866141732287,0.7874015748031497,2.440944881889764,1.5748031496062993,0.9448818897637796,37.08661417322835,-1.2773253622047251,6.377952755905512,0.8,0.3223915592028136,83.94062078272604,50.5,55.77449885895418
919,Miguel Gutiérrez,es ESP,"DF,MF",Napoli,it Serie A,24.0,2001.0,10,3,361,4.0,0,0,0,0,0,0,0,0,0.1,0.1,0.3,0.4,6.0,19.0,19.0,0.0,0.1,919,es ESP,"DF,MF",it Serie A,24-162,2001.0,4.0,0,3,1,33.3,0.75,0.25,0.0,0.0,21.4,0.0,0,0,0.1,0.1,0.03,-0.1,-0.1,919,es ESP,"DF,MF",it Serie A,24-162,2001.0,4.0,188.0,227.0,82.8,2760.0,746.0,0,0.3,0.2,-0.3,7.0,16.0,4.0,2.0,19.0,919,es ESP,"DF,MF",it Serie A,24-162,2001.0,4.0,227.0,191.0,36.0,5.0,0.0,0.0,12,31.0,0.0,0.0,0.0,0.0,188.0,0.0,10.0,919,es ESP,"DF,MF",it Serie A,24-162,2001.0,4.0,11.0,2.74,10.0,0.0,0.0,0.0,0.0,1.0,0.0,0.0,919,es ESP,"DF,MF",it Serie A,24-162,2001.0,4.0,9.0,6,5.0,2.0,2.0,5.0,80.0,1.0,1.0,0.0,1.0,5,14.0,5.0,0.0,919,es ESP,"DF,MF",it Serie A,24-162,2001.0,4.0,261.0,7.0,54.0,125.0,87.0,5.0,261.0,6.0,1.0,16.7,4.0,66.7,141.0,692.0,336.0,6.0,6.0,0.0,3.0,3.0,169.0,19.0,1155,es ESP,"DF,MF",it Serie A,24-162,2001.0,10,361,36,23.6,4.0,3,78.0,1,7,18.0,3,1.9,4,5,-1,-0.25,-1.33,7.3,2.9,4.3,1.08,919,es ESP,"DF,MF",it Serie A,24-162,2001.0,4.0,0,0,0,3,9,0,12,5,6,0.0,0.0,0,25.0,4.0,2.0,66.7,,,,,,,,,,,,,,,,,,,,,,,,,,,,,,,,,,,,,,,,,,,,,,,,,,,,,,Midfielder,0.0,0.0,0.025,0.075,1.5,4.75,4.75,1.75,2.25,1.25,1.0,35.25,-1.5637729999999994,6.25,-0.1,1.049808429118774,81.64642375168691,19.0,68.610440127468
921,Joško Gvardiol,hr CRO,DF,Manchester City,eng Premier League,23.0,2002.0,16,15,1302,14.5,2,2,4,2,0,0,2,0,2.3,2.3,0.4,2.8,21.0,101.0,10.0,0.28,0.19,921,hr CRO,DF,eng Premier League,23-347,2002.0,14.5,2,16,5,31.3,1.11,0.35,0.13,0.4,11.8,0.0,0,0,2.3,2.3,0.15,-0.3,-0.3,921,hr CRO,DF,eng Premier League,23-347,2002.0,14.5,907.0,1013.0,89.5,15674.0,5221.0,2,0.4,0.7,1.6,4.0,111.0,8.0,1.0,101.0,921,hr CRO,DF,eng Premier League,23-347,2002.0,14.5,1013.0,962.0,50.0,14.0,3.0,11.0,2,13.0,0.0,0.0,0.0,0.0,907.0,1.0,12.0,921,hr CRO,DF,eng Premier League,23-347,2002.0,14.5,26.0,1.8,23.0,1.0,1.0,1.0,0.0,0.0,6.0,0.41,921,hr CRO,DF,eng Premier League,23-347,2002.0,14.5,18.0,13,8.0,8.0,2.0,8.0,87.5,1.0,17.0,9.0,8.0,13,31.0,63.0,2.0,921,hr CRO,DF,eng Premier League,23-347,2002.0,14.5,1173.0,98.0,407.0,627.0,145.0,26.0,1173.0,6.0,2.0,33.3,4.0,66.7,767.0,4428.0,2625.0,21.0,25.0,0.0,10.0,3.0,831.0,10.0,1157,hr CRO,DF,eng Premier League,23-347,2002.0,16,1302,81,72.3,14.5,15,85.0,12,1,34.0,1,2.25,35,13,22,1.52,0.8,26.4,15.0,11.4,0.79,921,hr CRO,DF,eng Premier League,23-347,2002.0,14.5,2,0,0,16,7,0,2,13,13,0.0,1.0,0,49.0,26.0,20.0,56.5,,,,,,,,,,,,,,,,,,,,,,,,,,,,,,,,,,,,,,,,,,,,,,,,,,,,,,Defender,0.13793103448275862,0.13793103448275862,0.1586206896551724,0.027586206896551727,1.4482758620689655,6.9655172413793105,0.6896551724137931,0.27586206896551724,1.2413793103448276,0.896551724137931,0.5517241379310345,52.89655172413793,2.954951724137935,8.413793103448276,-0.2999999999999998,0.1534526854219949,97.72329246935202,57.4,62.08595455486151
926,Albian Hajdari,xk KVX,DF,Hoffenheim,de Bundesliga,22.0,2003.0,13,12,1017,11.3,1,0,1,1,0,0,5,0,1.4,1.4,0.6,2.0,8.0,45.0,0.0,0.09,0.18,926,xk KVX,DF,de Bundesliga,22-232,2003.0,11.3,1,9,3,33.3,0.8,0.27,0.11,0.33,11.0,0.0,0,0,1.4,1.4,0.16,-0.4,-0.4,926,xk KVX,DF,de Bundesliga,22-232,2003.0,11.3,573.0,704.0,81.4,11379.0,4803.0,0,0.6,0.4,-0.6,3.0,43.0,8.0,0.0,45.0,926,xk KVX,DF,de Bundesliga,22-232,2003.0,11.3,704.0,660.0,44.0,18.0,2.0,4.0,3,15.0,0.0,0.0,0.0,0.0,573.0,0.0,11.0,926,xk KVX,DF,de Bundesliga,22-232,2003.0,11.3,14.0,1.24,10.0,0.0,0.0,2.0,1.0,1.0,3.0,0.27,926,xk KVX,DF,de Bundesliga,22-232,2003.0,11.3,26.0,17,13.0,9.0,4.0,23.0,56.5,10.0,17.0,10.0,7.0,18,44.0,80.0,1.0,926,xk KVX,DF,de Bundesliga,22-232,2003.0,11.3,870.0,100.0,423.0,406.0,44.0,16.0,870.0,2.0,1.0,50.0,1.0,50.0,446.0,1964.0,1007.0,8.0,5.0,0.0,2.0,3.0,529.0,0.0,1163,xk KVX,DF,de Bundesliga,22-232,2003.0,13,1017,78,75.3,11.3,12,83.0,8,1,19.0,0,1.77,23,14,9,0.8,0.8,17.7,18.2,-0.5,-0.04,926,xk KVX,DF,de Bundesliga,22-232,2003.0,11.3,5,0,0,21,15,0,3,18,17,0.0,1.0,0,42.0,32.0,22.0,59.3,,,,,,,,,,,,,,,,,,,,,,,,,,,,,,,,,,,,,,,,,,,,,,,,,,,,,,Defender,0.08849557522123894,0.0,0.1238938053097345,0.053097345132743355,0.7079646017699115,3.9823008849557517,0.0,0.2654867256637168,2.3008849557522124,1.5929203539823007,0.7079646017699115,39.469026548672566,-1.8890849557522102,4.6902654867256635,-0.3999999999999999,0.1425287356321839,81.78633975481611,23.2,66.38501603475333
928,Lewis Hall,eng ENG,DF,Newcastle Utd,eng Premier League,21.0,2004.0,13,9,854,9.5,0,1,1,0,0,0,1,0,0.5,0.5,1.0,1.5,17.0,59.0,40.0,0.11,0.15,928,eng ENG,DF,eng Premier League,21-119,2004.0,9.5,0,12,2,16.7,1.26,0.21,0.0,0.0,20.0,0.0,0,0,0.5,0.5,0.04,-0.5,-0.5,928,eng ENG,DF,eng Premier League,21-119,2004.0,9.5,465.0,585.0,79.5,7692.0,2452.0,1,1.0,1.3,0.0,8.0,43.0,10.0,2.0,59.0,928,eng ENG,DF,eng Premier League,21-119,2004.0,9.5,585.0,473.0,111.0,16.0,1.0,4.0,40,73.0,22.0,18.0,0.0,0.0,465.0,1.0,11.0,928,eng ENG,DF,eng Premier League,21-119,2004.0,9.5,31.0,3.27,17.0,3.0,4.0,4.0,2.0,1.0,3.0,0.32,928,eng ENG,DF,eng Premier League,21-119,2004.0,9.5,27.0,17,10.0,12.0,5.0,16.0,75.0,4.0,16.0,5.0,11.0,15,42.0,35.0,1.0,928,eng ENG,DF,eng Premier League,21-119,2004.0,9.5,733.0,31.0,199.0,370.0,172.0,19.0,733.0,36.0,21.0,58.3,7.0,19.4,354.0,1521.0,807.0,17.0,10.0,4.0,17.0,13.0,425.0,40.0,1165,eng ENG,DF,eng Premier League,21-119,2004.0,13,854,66,47.4,9.5,9,85.0,6,4,22.0,3,1.46,14,13,1,0.11,-0.18,13.5,11.9,1.6,0.17,928,eng ENG,DF,eng Premier League,21-119,2004.0,9.5,1,0,0,4,15,0,40,15,17,0.0,0.0,0,46.0,17.0,15.0,53.1,,,,,,,,,,,,,,,,,,,,,,,,,,,,,,,,,,,,,,,,,,,,,,,,,,,,,,Defender,0.0,0.10526315789473684,0.05263157894736842,0.10526315789473684,1.7894736842105263,6.2105263157894735,4.2105263157894735,0.8421052631578947,2.8421052631578947,1.5789473684210527,1.0526315789473684,37.26315789473684,4.053242105263157,8.0,-0.5,0.44611186903137795,98.9492119089317,58.5,62.4285248636793
935,Conrad Harder,dk DEN,FW,RB Leipzig,de Bundesliga,20.0,2005.0,13,5,490,5.4,1,2,3,1,0,0,3,0,1.6,1.6,1.5,3.1,17.0,6.0,48.0,0.55,0.57,935,dk DEN,FW,de Bundesliga,20-273,2005.0,5.4,1,23,7,30.4,4.22,1.29,0.04,0.14,19.6,0.0,0,0,1.6,1.6,0.07,-0.6,-0.6,935,dk DEN,FW,de Bundesliga,20-273,2005.0,5.4,67.0,109.0,61.5,829.0,209.0,2,1.5,0.5,0.5,7.0,5.0,2.0,0.0,6.0,935,dk DEN,FW,de Bundesliga,20-273,2005.0,5.4,109.0,106.0,2.0,0.0,0.0,0.0,6,1.0,0.0,0.0,0.0,0.0,67.0,1.0,8.0,935,dk DEN,FW,de Bundesliga,20-273,2005.0,5.4,13.0,2.39,13.0,0.0,0.0,0.0,0.0,0.0,3.0,0.55,935,dk DEN,FW,de Bundesliga,20-273,2005.0,5.4,7.0,4,4.0,2.0,1.0,6.0,66.7,2.0,4.0,1.0,3.0,4,11.0,1.0,0.0,935,dk DEN,FW,de Bundesliga,20-273,2005.0,5.4,193.0,4.0,23.0,74.0,96.0,28.0,193.0,16.0,1.0,6.3,15.0,93.8,108.0,678.0,338.0,17.0,6.0,7.0,25.0,12.0,153.0,48.0,1173,dk DEN,FW,de Bundesliga,20-273,2005.0,13,490,38,36.3,5.4,5,79.0,2,8,12.0,0,2.0,10,7,3,0.55,-0.29,10.7,6.9,3.8,0.7,935,dk DEN,FW,de Bundesliga,20-273,2005.0,5.4,3,0,0,10,10,3,6,4,4,0.0,0.0,0,9.0,11.0,13.0,45.8,,,,,,,,,,,,,,,,,,,,,,,,,,,,,,,,,,,,,,,,,,,,,,,,,,,,,,Forward,0.18518518518518517,0.37037037037037035,0.2962962962962963,0.27777777777777773,3.148148148148148,1.111111111111111,8.888888888888888,1.2962962962962963,1.2962962962962963,0.7407407407407407,0.37037037037037035,20.0,-4.733469592592594,4.259259259259259,-0.6000000000000001,1.238341968911917,89.54703832752612,36.9,65.41054662346686
938,Quilindschy Hartman,nl NED,DF,Burnley,eng Premier League,24.0,2001.0,15,15,1337,14.9,0,4,4,0,0,0,1,0,0.2,0.2,1.5,1.7,6.0,44.0,43.0,0.27,0.11,938,nl NED,DF,eng Premier League,24-052,2001.0,14.9,0,6,2,33.3,0.4,0.13,0.0,0.0,21.8,0.0,0,0,0.2,0.2,0.03,-0.2,-0.2,938,nl NED,DF,eng Premier League,24-052,2001.0,14.9,464.0,675.0,68.7,7883.0,3070.0,4,1.5,1.5,2.5,15.0,34.0,13.0,6.0,44.0,938,nl NED,DF,eng Premier League,24-052,2001.0,14.9,675.0,538.0,133.0,20.0,0.0,6.0,65,92.0,21.0,20.0,0.0,0.0,464.0,4.0,34.0,938,nl NED,DF,eng Premier League,24-052,2001.0,14.9,24.0,1.62,17.0,5.0,1.0,0.0,0.0,1.0,5.0,0.34,938,nl NED,DF,eng Premier League,24-052,2001.0,14.9,31.0,20,19.0,9.0,3.0,26.0,73.1,7.0,20.0,2.0,18.0,20,51.0,57.0,1.0,938,nl NED,DF,eng Premier League,24-052,2001.0,14.9,837.0,59.0,278.0,372.0,193.0,18.0,837.0,10.0,3.0,30.0,6.0,60.0,388.0,1300.0,608.0,6.0,8.0,1.0,12.0,3.0,439.0,43.0,1177,nl NED,DF,eng Premier League,24-052,2001.0,15,1337,89,74.3,14.9,15,89.0,13,0,,2,0.67,16,28,-12,-0.81,0.55,12.4,29.1,-16.8,-1.13,938,nl NED,DF,eng Premier League,24-052,2001.0,14.9,1,0,0,8,2,1,65,20,20,0.0,0.0,0,49.0,9.0,17.0,34.6,,,,,,,,,,,,,,,,,,,,,,,,,,,,,,,,,,,,,,,,,,,,,,,,,,,,,,Defender,0.0,0.2684563758389262,0.013422818791946308,0.10067114093959731,0.40268456375838924,2.9530201342281877,2.8859060402684564,1.006711409395973,2.0805369127516777,1.342281879194631,0.87248322147651,26.040268456375838,-5.026292617449664,3.3557046979865772,-0.2,0.19354838709677422,52.88966725043783,6.4,49.70833388199044
939,Haissem Hassan,fr FRA,"FW,MF",Oviedo,es La Liga,23.0,2002.0,17,9,944,10.5,0,1,1,0,0,0,1,0,1.1,1.1,0.7,1.8,71.0,29.0,57.0,0.1,0.18,939,fr FRA,"FW,MF",es La Liga,23-331,2002.0,10.5,0,20,3,15.0,1.91,0.29,0.0,0.0,19.7,0.0,0,0,1.1,1.1,0.06,-1.1,-1.1,939,fr FRA,"FW,MF",es La Liga,23-331,2002.0,10.5,228.0,310.0,73.5,4343.0,886.0,1,0.7,2.0,0.3,9.0,22.0,16.0,12.0,29.0,939,fr FRA,"FW,MF",es La Liga,23-331,2002.0,10.5,310.0,301.0,7.0,0.0,0.0,10.0,49,5.0,2.0,1.0,0.0,0.0,228.0,2.0,11.0,939,fr FRA,"FW,MF",es La Liga,23-331,2002.0,10.5,28.0,2.67,19.0,0.0,6.0,2.0,0.0,1.0,2.0,0.19,939,fr FRA,"FW,MF",es La Liga,23-331,2002.0,10.5,14.0,9,7.0,5.0,2.0,20.0,35.0,13.0,6.0,0.0,6.0,2,16.0,8.0,1.0,939,fr FRA,"FW,MF",es La Liga,23-331,2002.0,10.5,428.0,13.0,57.0,188.0,200.0,33.0,428.0,68.0,37.0,54.4,26.0,38.2,303.0,4015.0,2089.0,71.0,36.0,19.0,28.0,7.0,310.0,57.0,1179,fr FRA,"FW,MF",es La Liga,23-331,2002.0,17,944,56,58.3,10.5,9,74.0,3,8,35.0,1,0.65,5,18,-13,-1.24,-0.44,9.1,20.5,-11.5,-1.09,939,fr FRA,"FW,MF",es La Liga,23-331,2002.0,10.5,1,0,0,5,6,1,49,2,9,0.0,0.0,0,32.0,1.0,3.0,25.0,,,,,,,,,,,,,,,,,,,,,,,,,,,,,,,,,,,,,,,,,,,,,,,,,,,,,,Forward,0.0,0.09523809523809523,0.10476190476190476,0.06666666666666667,6.761904761904762,2.761904761904762,5.428571428571429,0.8571428571428571,1.3333333333333333,0.19047619047619047,1.5238095238095237,28.857142857142858,0.9687026190476171,9.523809523809524,-1.1,0.6238317757009346,98.43205574912892,65.4,59.51152100914687
944,Ayden Heaven,eng ENG,DF,Manchester Utd,eng Premier League,19.0,2006.0,9,7,577,6.4,0,1,1,0,0,0,1,0,0.1,0.1,0.4,0.4,2.0,15.0,2.0,0.16,0.07,944,eng ENG,DF,eng Premier League,19-105,2006.0,6.4,0,2,0,0.0,0.31,0.0,0.0,,15.9,0.0,0,0,0.1,0.1,0.04,-0.1,-0.1,944,eng ENG,DF,eng Premier League,19-105,2006.0,6.4,274.0,305.0,89.8,4860.0,1298.0,1,0.4,0.2,0.6,2.0,15.0,2.0,0.0,15.0,944,eng ENG,DF,eng Premier League,19-105,2006.0,6.4,305.0,292.0,12.0,8.0,0.0,2.0,0,0.0,0.0,0.0,0.0,0.0,274.0,1.0,2.0,944,eng ENG,DF,eng Premier League,19-105,2006.0,6.4,7.0,1.09,7.0,0.0,0.0,0.0,0.0,0.0,2.0,0.31,944,eng ENG,DF,eng Premier League,19-105,2006.0,6.4,14.0,8,11.0,3.0,0.0,12.0,83.3,2.0,6.0,6.0,0.0,1,15.0,50.0,0.0,944,eng ENG,DF,eng Premier League,19-105,2006.0,6.4,391.0,53.0,188.0,194.0,12.0,7.0,391.0,3.0,2.0,66.7,1.0,33.3,221.0,1107.0,526.0,2.0,2.0,0.0,1.0,1.0,233.0,2.0,1186,eng ENG,DF,eng Premier League,19-105,2006.0,9,577,64,32.1,6.4,7,78.0,4,2,15.0,11,1.56,12,11,1,0.16,-0.06,12.8,7.7,5.1,0.79,944,eng ENG,DF,eng Premier League,19-105,2006.0,6.4,1,0,0,4,4,0,0,1,8,0.0,0.0,0,23.0,16.0,9.0,64.0,,,,,,,,,,,,,,,,,,,,,,,,,,,,,,,,,,,,,,,,,,,,,,,,,,,,,,Defender,0.0,0.15625,0.015625,0.0625,0.3125,2.34375,0.3125,0.3125,2.1875,0.15625,0.3125,34.53125,-1.961649999999998,2.65625,-0.1,0.27877237851662406,81.61120840630473,35.6,60.1852569368029
953,Ramon Hendriks,nl NED,DF,Stuttgart,de Bundesliga,24.0,2001.0,12,7,639,7.1,0,0,0,0,0,0,1,0,0.1,0.1,0.0,0.1,11.0,26.0,16.0,0.0,0.02,953,nl NED,DF,de Bundesliga,24-171,2001.0,7.1,0,1,0,0.0,0.14,0.0,0.0,,7.0,0.0,0,0,0.1,0.1,0.11,-0.1,-0.1,953,nl NED,DF,de Bundesliga,24-171,2001.0,7.1,381.0,442.0,86.2,6013.0,2133.0,0,0.0,0.2,0.0,1.0,26.0,2.0,0.0,26.0,953,nl NED,DF,de Bundesliga,24-171,2001.0,7.1,442.0,383.0,59.0,9.0,0.0,0.0,6,44.0,0.0,0.0,0.0,0.0,381.0,0.0,6.0,953,nl NED,DF,de Bundesliga,24-171,2001.0,7.1,5.0,0.7,2.0,3.0,0.0,0.0,0.0,0.0,2.0,0.28,953,nl NED,DF,de Bundesliga,24-171,2001.0,7.1,12.0,5,7.0,3.0,2.0,11.0,72.7,3.0,6.0,2.0,4.0,6,18.0,26.0,0.0,953,nl NED,DF,de Bundesliga,24-171,2001.0,7.1,507.0,47.0,177.0,256.0,78.0,10.0,507.0,3.0,3.0,100.0,0.0,0.0,240.0,1294.0,596.0,11.0,9.0,1.0,10.0,1.0,324.0,16.0,1195,nl NED,DF,de Bundesliga,24-171,2001.0,12,639,53,47.3,7.1,7,85.0,5,5,9.0,2,1.58,13,14,-1,-0.14,-0.65,9.9,11.8,-1.9,-0.27,953,nl NED,DF,de Bundesliga,24-171,2001.0,7.1,1,0,0,2,5,0,6,6,5,0.0,0.0,0,20.0,15.0,7.0,68.2,,,,,,,,,,,,,,,,,,,,,,,,,,,,,,,,,,,,,,,,,,,,,,,,,,,,,,Defender,0.0,0.0,0.014084507042253523,0.0,1.5492957746478875,3.6619718309859155,2.2535211267605635,0.14084507042253522,1.6901408450704227,0.8450704225352114,0.28169014084507044,33.802816901408455,-3.4237661971830953,5.211267605633803,-0.1,0.13806706114398423,69.52714535901926,11.1,62.580688892006535
954,Luis Henrique,br BRA,DF,Inter,it Serie A,24.0,2001.0,12,7,627,7.0,0,1,1,0,0,0,0,0,0.4,0.4,0.8,1.2,16.0,27.0,36.0,0.14,0.17,954,br BRA,DF,it Serie A,24-022,2001.0,7.0,0,8,2,25.0,1.15,0.29,0.0,0.0,18.9,0.0,0,0,0.4,0.4,0.05,-0.4,-0.4,954,br BRA,DF,it Serie A,24-022,2001.0,7.0,269.0,315.0,85.4,4204.0,1385.0,1,0.8,0.5,0.2,9.0,26.0,2.0,0.0,27.0,954,br BRA,DF,it Serie A,24-022,2001.0,7.0,315.0,289.0,24.0,2.0,0.0,3.0,8,21.0,1.0,0.0,0.0,0.0,269.0,2.0,5.0,954,br BRA,DF,it Serie A,24-022,2001.0,7.0,19.0,2.73,17.0,0.0,0.0,2.0,0.0,0.0,1.0,0.14,954,br BRA,DF,it Serie A,24-022,2001.0,7.0,5.0,4,5.0,0.0,0.0,5.0,80.0,1.0,5.0,0.0,5.0,4,9.0,5.0,0.0,954,br BRA,DF,it Serie A,24-022,2001.0,7.0,351.0,8.0,69.0,178.0,109.0,14.0,351.0,8.0,3.0,37.5,4.0,50.0,210.0,1131.0,581.0,16.0,7.0,7.0,3.0,2.0,251.0,36.0,1196,br BRA,DF,it Serie A,24-022,2001.0,12,627,52,41.0,7.0,7,77.0,3,5,18.0,5,2.75,13,5,8,1.15,-0.35,12.0,7.2,4.8,0.69,954,br BRA,DF,it Serie A,24-022,2001.0,7.0,0,0,0,2,0,1,8,4,4,0.0,0.0,0,39.0,1.0,1.0,50.0,,,,,,,,,,,,,,,,,,,,,,,,,,,,,,,,,,,,,,,,,,,,,,,,,,,,,,Defender,0.0,0.14285714285714285,0.05714285714285715,0.1142857142857143,2.2857142857142856,3.857142857142857,5.142857142857143,1.2857142857142858,0.7142857142857143,0.5714285714285714,0.2857142857142857,30.0,-4.07812857142857,6.142857142857143,-0.4,0.7777777777777778,62.521891418563925,15.0,54.366862103099066
961,Jorge Herrando,es ESP,DF,Osasuna,es La Liga,24.0,2001.0,14,7,673,7.5,0,0,0,0,0,0,1,0,0.3,0.3,0.0,0.3,1.0,12.0,2.0,0.0,0.04,961,es ESP,DF,es La Liga,24-311,2001.0,7.5,0,3,0,0.0,0.4,0.0,0.0,,8.3,0.0,0,0,0.3,0.3,0.1,-0.3,-0.3,961,es ESP,DF,es La Liga,24-311,2001.0,7.5,228.0,269.0,84.8,3887.0,1605.0,0,0.0,0.0,0.0,0.0,5.0,0.0,0.0,12.0,961,es ESP,DF,es La Liga,24-311,2001.0,7.5,269.0,258.0,11.0,9.0,0.0,0.0,1,2.0,0.0,0.0,0.0,0.0,228.0,0.0,6.0,961,es ESP,DF,es La Liga,24-311,2001.0,7.5,4.0,0.53,1.0,0.0,0.0,2.0,1.0,0.0,1.0,0.13,961,es ESP,DF,es La Liga,24-311,2001.0,7.5,19.0,9,13.0,5.0,1.0,13.0,69.2,4.0,10.0,6.0,4.0,11,30.0,56.0,0.0,961,es ESP,DF,es La Liga,24-311,2001.0,7.5,381.0,57.0,238.0,134.0,12.0,5.0,381.0,2.0,2.0,100.0,0.0,0.0,183.0,785.0,303.0,1.0,2.0,0.0,4.0,1.0,204.0,2.0,1206,es ESP,DF,es La Liga,24-311,2001.0,14,673,48,41.5,7.5,7,81.0,5,7,15.0,4,1.14,7,12,-5,-0.67,-0.86,6.6,12.3,-5.6,-0.75,961,es ESP,DF,es La Liga,24-311,2001.0,7.5,1,0,0,12,4,0,1,11,9,0.0,0.0,0,17.0,16.0,8.0,66.7,,,,,,,,,,,,,,,,,,,,,,,,,,,,,,,,,,,,,,,,,,,,,,,,,,,,,,Defender,0.0,0.0,0.04,0.0,0.13333333333333333,1.6,0.26666666666666666,0.0,2.533333333333333,1.4666666666666666,0.0,24.4,-7.242266666666665,1.7333333333333334,-0.3,0.13910761154855644,30.122591943957964,1.0,29.82434845936432
967,Aaron Hickey,sct SCO,DF,Brentford,eng Premier League,23.0,2002.0,12,6,505,5.6,0,0,0,0,0,0,1,0,0.4,0.4,0.0,0.4,3.0,14.0,11.0,0.0,0.06,967,sct SCO,DF,eng Premier League,23-209,2002.0,5.6,0,4,1,25.0,0.71,0.18,0.0,0.0,16.8,0.0,0,0,0.4,0.4,0.09,-0.4,-0.4,967,sct SCO,DF,eng Premier League,23-209,2002.0,5.6,201.0,249.0,80.7,3202.0,914.0,0,0.0,0.1,0.0,0.0,12.0,3.0,0.0,14.0,967,sct SCO,DF,eng Premier League,23-209,2002.0,5.6,249.0,208.0,41.0,5.0,0.0,0.0,4,36.0,0.0,0.0,0.0,0.0,201.0,0.0,6.0,967,sct SCO,DF,eng Premier League,23-209,2002.0,5.6,6.0,1.07,4.0,1.0,0.0,0.0,1.0,0.0,0.0,0.0,967,sct SCO,DF,eng Premier League,23-209,2002.0,5.6,9.0,5,6.0,2.0,1.0,10.0,50.0,5.0,7.0,2.0,5.0,7,16.0,17.0,0.0,967,sct SCO,DF,eng Premier League,23-209,2002.0,5.6,317.0,15.0,107.0,158.0,54.0,8.0,317.0,6.0,0.0,0.0,5.0,83.3,126.0,605.0,225.0,3.0,2.0,0.0,8.0,5.0,171.0,11.0,1213,sct SCO,DF,eng Premier League,23-209,2002.0,12,505,42,28.1,5.6,6,74.0,1,6,11.0,4,1.67,8,6,2,0.36,0.22,10.4,4.8,5.6,1.01,967,sct SCO,DF,eng Premier League,23-209,2002.0,5.6,1,0,0,5,4,0,4,7,5,0.0,0.0,0,26.0,9.0,7.0,56.3,,,,,,,,,,,,,,,,,,,,,,,,,,,,,,,,,,,,,,,,,,,,,,,,,,,,,,Defender,0.0,0.0,0.07142857142857144,0.0,0.5357142857142857,2.5,1.9642857142857144,0.0,1.6071428571428572,1.25,0.5357142857142857,22.5,-6.00240714285714,3.035714285714286,-0.4,0.33753943217665616,43.43257443082312,2.8,42.24958602220148
970,Omar El Hilali,ma MAR,DF,Espanyol,es La Liga,22.0,2003.0,18,15,1345,14.9,0,2,2,0,0,0,4,0,0.0,0.0,1.3,1.3,14.0,62.0,23.0,0.13,0.09,970,ma MAR,DF,es La Liga,22-115,2003.0,14.9,0,1,0,0.0,0.07,0.0,0.0,,33.2,0.0,0,0,0.0,0.0,0.01,0.0,0.0,970,ma MAR,DF,es La Liga,22-115,2003.0,14.9,611.0,758.0,80.6,10909.0,4230.0,2,1.3,1.3,0.7,9.0,49.0,8.0,6.0,62.0,970,ma MAR,DF,es La Liga,22-115,2003.0,14.9,758.0,598.0,157.0,13.0,0.0,6.0,24,144.0,0.0,0.0,0.0,0.0,611.0,3.0,10.0,970,ma MAR,DF,es La Liga,22-115,2003.0,14.9,22.0,1.47,16.0,4.0,0.0,0.0,2.0,0.0,2.0,0.13,970,ma MAR,DF,es La Liga,22-115,2003.0,14.9,38.0,29,23.0,10.0,5.0,43.0,65.1,15.0,12.0,4.0,8.0,19,57.0,48.0,1.0,970,ma MAR,DF,es La Liga,22-115,2003.0,14.9,903.0,55.0,340.0,446.0,125.0,5.0,903.0,3.0,2.0,66.7,1.0,33.3,435.0,1883.0,1015.0,14.0,9.0,0.0,10.0,3.0,471.0,23.0,1217,ma MAR,DF,es La Liga,22-115,2003.0,18,1345,75,83.0,14.9,15,87.0,11,3,14.0,0,1.83,18,17,1,0.07,-0.59,19.3,18.4,0.8,0.06,970,ma MAR,DF,es La Liga,22-115,2003.0,14.9,4,0,0,22,13,1,24,19,29,0.0,0.0,0,52.0,13.0,19.0,40.6,,,,,,,,,,,,,,,,,,,,,,,,,,,,,,,,,,,,,,,,,,,,,,,,,,,,,,Defender,0.0,0.1342281879194631,0.0,0.087248322147651,0.9395973154362416,4.1610738255033555,1.5436241610738255,0.6040268456375839,2.5503355704697985,1.2751677852348993,0.5369127516778524,29.19463087248322,-0.7109248322147632,5.100671140939597,0.0,0.16279069767441862,88.2661996497373,30.3,67.74075184170168
971,James Hill,eng ENG,DF,Bournemouth,eng Premier League,23.0,2002.0,11,4,486,5.4,0,0,0,0,0,0,1,0,0.2,0.2,0.1,0.3,3.0,19.0,8.0,0.0,0.05,971,eng ENG,DF,eng Premier League,23-360,2002.0,5.4,0,3,1,33.3,0.56,0.19,0.0,0.0,19.7,0.0,0,0,0.2,0.2,0.05,-0.2,-0.2,971,eng ENG,DF,eng Premier League,23-360,2002.0,5.4,141.0,205.0,68.8,2788.0,1192.0,0,0.1,0.3,-0.1,1.0,19.0,4.0,1.0,19.0,971,eng ENG,DF,eng Premier League,23-360,2002.0,5.4,205.0,178.0,27.0,1.0,0.0,0.0,7,26.0,0.0,0.0,0.0,0.0,141.0,0.0,5.0,971,eng ENG,DF,eng Premier League,23-360,2002.0,5.4,5.0,0.93,4.0,1.0,0.0,0.0,0.0,0.0,0.0,0.0,971,eng ENG,DF,eng Premier League,23-360,2002.0,5.4,9.0,5,7.0,2.0,0.0,13.0,53.8,6.0,5.0,2.0,3.0,12,21.0,39.0,0.0,971,eng ENG,DF,eng Premier League,23-360,2002.0,5.4,279.0,26.0,107.0,143.0,31.0,7.0,279.0,1.0,1.0,100.0,0.0,0.0,106.0,389.0,200.0,3.0,1.0,0.0,3.0,0.0,132.0,8.0,1218,eng ENG,DF,eng Premier League,23-360,2002.0,11,486,44,27.0,5.4,4,82.0,2,7,23.0,5,1.55,7,8,-1,-0.19,0.23,8.5,6.7,1.9,0.35,971,eng ENG,DF,eng Premier League,23-360,2002.0,5.4,1,0,0,6,4,0,7,12,5,0.0,0.0,0,13.0,22.0,14.0,61.1,,,,,,,,,,,,,,,,,,,,,,,,,,,,,,,,,,,,,,,,,,,,,,,,,,,,,,Defender,0.0,0.0,0.037037037037037035,0.018518518518518517,0.5555555555555555,3.518518518518518,1.4814814814814814,0.18518518518518517,1.6666666666666665,2.222222222222222,0.7407407407407407,19.62962962962963,-5.1387259259259235,4.0740740740740735,-0.2,0.33333333333333337,52.01401050788091,4.2,49.91747649508725
972,Piero Hincapié,ec ECU,DF,Arsenal,eng Premier League,23.0,2002.0,11,9,835,9.3,0,0,0,0,0,0,2,0,0.0,0.0,0.7,0.7,9.0,26.0,14.0,0.0,0.08,972,ec ECU,DF,eng Premier League,23-361,2002.0,9.3,0,0,0,,0.0,0.0,,,,0.0,0,0,0.0,0.0,,0.0,0.0,972,ec ECU,DF,eng Premier League,23-361,2002.0,9.3,490.0,549.0,89.3,8407.0,2494.0,0,0.7,0.7,-0.7,4.0,39.0,2.0,1.0,26.0,972,ec ECU,DF,eng Premier League,23-361,2002.0,9.3,549.0,516.0,32.0,5.0,1.0,1.0,8,23.0,0.0,0.0,0.0,0.0,490.0,1.0,4.0,972,ec ECU,DF,eng Premier League,23-361,2002.0,9.3,11.0,1.19,10.0,0.0,0.0,0.0,1.0,0.0,1.0,0.11,972,ec ECU,DF,eng Premier League,23-361,2002.0,9.3,18.0,9,10.0,4.0,4.0,15.0,33.3,10.0,11.0,5.0,6.0,12,30.0,43.0,0.0,972,ec ECU,DF,eng Premier League,23-361,2002.0,9.3,650.0,74.0,254.0,329.0,70.0,10.0,650.0,2.0,1.0,50.0,1.0,50.0,375.0,1828.0,938.0,9.0,5.0,0.0,9.0,2.0,444.0,14.0,1219,ec ECU,DF,eng Premier League,23-361,2002.0,11,835,76,46.4,9.3,9,90.0,8,2,14.0,2,2.55,20,9,11,1.19,-0.21,16.5,8.8,7.7,0.83,972,ec ECU,DF,eng Premier League,23-361,2002.0,9.3,2,0,0,9,6,0,8,12,9,0.0,0.0,0,34.0,21.0,16.0,56.8,,,,,,,,,,,,,,,,,,,,,,,,,,,,,,,,,,,,,,,,,,,,,,,,,,,,,,Defender,0.0,0.0,0.0,0.07526881720430106,0.9677419354838709,2.7956989247311825,1.5053763440860215,0.4301075268817204,1.9354838709677418,1.2903225806451613,0.2150537634408602,40.32258064516129,-4.916133333333332,3.7634408602150535,0.0,0.18307692307692305,53.76532399299475,15.0,46.75245564608239
974,Jack Hinshelwood,eng ENG,MF,Brighton,eng Premier League,20.0,2005.0,11,5,505,5.6,1,1,2,1,0,0,0,0,0.4,0.4,0.2,0.7,8.0,19.0,7.0,0.36,0.12,974,eng ENG,MF,eng Premier League,20-269,2005.0,5.6,1,6,2,33.3,1.07,0.36,0.17,0.5,15.9,0.0,0,0,0.4,0.4,0.07,0.6,0.6,974,eng ENG,MF,eng Premier League,20-269,2005.0,5.6,211.0,247.0,85.4,3285.0,791.0,1,0.2,0.2,0.8,3.0,16.0,2.0,0.0,19.0,974,eng ENG,MF,eng Premier League,20-269,2005.0,5.6,247.0,236.0,11.0,5.0,1.0,2.0,3,1.0,0.0,0.0,0.0,0.0,211.0,0.0,3.0,974,eng ENG,MF,eng Premier League,20-269,2005.0,5.6,5.0,0.89,5.0,0.0,0.0,0.0,0.0,0.0,1.0,0.18,974,eng ENG,MF,eng Premier League,20-269,2005.0,5.6,6.0,5,2.0,3.0,1.0,5.0,40.0,3.0,4.0,2.0,2.0,0,6.0,11.0,1.0,974,eng ENG,MF,eng Premier League,20-269,2005.0,5.6,282.0,16.0,73.0,151.0,62.0,8.0,282.0,3.0,2.0,66.7,1.0,33.3,175.0,991.0,519.0,8.0,3.0,2.0,2.0,3.0,194.0,7.0,1222,eng ENG,MF,eng Premier League,20-269,2005.0,11,505,46,28.1,5.6,5,57.0,0,6,36.0,1,1.09,7,11,-4,-0.71,-1.2,7.4,11.4,-3.9,-0.7,974,eng ENG,MF,eng Premier League,20-269,2005.0,5.6,0,0,0,10,1,0,3,0,5,0.0,0.0,0,22.0,3.0,7.0,30.0,,,,,,,,,,,,,,,,,,,,,,,,,,,,,,,,,,,,,,,,,,,,,,,,,,,,,,Midfielder,0.17857142857142858,0.17857142857142858,0.07142857142857144,0.03571428571428572,1.4285714285714286,3.3928571428571432,1.25,0.5357142857142857,1.0714285714285714,0.0,0.35714285714285715,31.250000000000004,-2.077964857142857,4.821428571428572,0.6,0.31560283687943264,78.00269905533064,31.3,59.407996234067504
976,Ki-Jana Hoever,nl NED,"DF,MF",Wolves,eng Premier League,23.0,2002.0,8,6,425,4.7,0,0,0,0,0,0,0,0,0.0,0.0,0.5,0.5,9.0,13.0,23.0,0.0,0.1,976,nl NED,"DF,MF",eng Premier League,23-352,2002.0,4.7,0,1,1,100.0,0.21,0.21,0.0,0.0,31.7,0.0,0,0,0.0,0.0,0.02,0.0,0.0,976,nl NED,"DF,MF",eng Premier League,23-352,2002.0,4.7,140.0,209.0,67.0,2731.0,840.0,0,0.5,0.4,-0.5,4.0,15.0,8.0,4.0,13.0,976,nl NED,"DF,MF",eng Premier League,23-352,2002.0,4.7,209.0,175.0,33.0,1.0,0.0,4.0,22,32.0,0.0,0.0,0.0,0.0,140.0,1.0,7.0,976,nl NED,"DF,MF",eng Premier League,23-352,2002.0,4.7,8.0,1.69,7.0,1.0,0.0,0.0,0.0,0.0,1.0,0.21,976,nl NED,"DF,MF",eng Premier League,23-352,2002.0,4.7,13.0,11,7.0,5.0,1.0,9.0,66.7,3.0,3.0,1.0,2.0,6,19.0,22.0,0.0,976,nl NED,"DF,MF",eng Premier League,23-352,2002.0,4.7,266.0,19.0,64.0,120.0,87.0,3.0,266.0,9.0,5.0,55.6,3.0,33.3,113.0,452.0,247.0,9.0,10.0,1.0,3.0,3.0,134.0,23.0,1224,nl NED,"DF,MF",eng Premier League,23-352,2002.0,8,425,53,23.6,4.7,6,65.0,0,2,17.0,9,0.0,3,13,-10,-2.12,-1.07,4.4,9.1,-4.8,-1.01,976,nl NED,"DF,MF",eng Premier League,23-352,2002.0,4.7,0,0,0,3,3,1,22,6,11,0.0,0.0,0,16.0,6.0,6.0,50.0,,,,,,,,,,,,,,,,,,,,,,,,,,,,,,,,,,,,,,,,,,,,,,,,,,,,,,Midfielder,0.0,0.0,0.0,0.10638297872340426,1.9148936170212765,2.7659574468085104,4.8936170212765955,0.851063829787234,2.7659574468085104,1.276595744680851,1.702127659574468,24.04255319148936,-3.604985255319151,4.680851063829787,0.0,0.6353383458646616,63.69770580296896,10.5,57.64498262712123
981,Benedict Hollerbach,de GER,"FW,MF",Mainz 05,de Bundesliga,24.0,2001.0,11,10,693,7.7,0,2,2,0,0,0,0,0,0.7,0.7,1.1,1.8,20.0,9.0,54.0,0.26,0.24,981,de GER,"FW,MF",de Bundesliga,24-233,2001.0,7.7,0,13,1,7.7,1.69,0.13,0.0,0.0,15.1,0.0,0,0,0.7,0.7,0.06,-0.7,-0.7,981,de GER,"FW,MF",de Bundesliga,24-233,2001.0,7.7,93.0,144.0,64.6,1333.0,184.0,2,1.1,1.2,0.9,3.0,4.0,3.0,1.0,9.0,981,de GER,"FW,MF",de Bundesliga,24-233,2001.0,7.7,144.0,137.0,5.0,0.0,0.0,0.0,13,0.0,0.0,0.0,0.0,0.0,93.0,2.0,9.0,981,de GER,"FW,MF",de Bundesliga,24-233,2001.0,7.7,17.0,2.21,10.0,0.0,2.0,2.0,3.0,0.0,2.0,0.26,981,de GER,"FW,MF",de Bundesliga,24-233,2001.0,7.7,8.0,5,4.0,4.0,0.0,3.0,0.0,3.0,9.0,1.0,8.0,1,9.0,3.0,1.0,981,de GER,"FW,MF",de Bundesliga,24-233,2001.0,7.7,251.0,5.0,21.0,97.0,138.0,38.0,251.0,23.0,9.0,39.1,13.0,56.5,147.0,999.0,496.0,20.0,16.0,12.0,30.0,29.0,177.0,54.0,1229,de GER,"FW,MF",de Bundesliga,24-233,2001.0,11,693,63,51.3,7.7,10,68.0,0,1,14.0,0,0.36,7,13,-6,-0.78,0.18,7.9,14.9,-7.0,-0.91,981,de GER,"FW,MF",de Bundesliga,24-233,2001.0,7.7,0,0,0,18,12,4,13,1,5,0.0,0.0,0,24.0,12.0,27.0,30.8,,,,,,,,,,,,,,,,,,,,,,,,,,,,,,,,,,,,,,,,,,,,,,,,,,,,,,Forward,0.0,0.2597402597402597,0.0909090909090909,0.14285714285714288,2.5974025974025974,1.1688311688311688,7.012987012987013,0.38961038961038963,1.0389610389610389,0.12987012987012986,0.38961038961038963,19.09090909090909,-8.52099361038961,3.766233766233766,-0.7,0.8804780876494023,65.50522648083623,12.5,58.22686798296553
986,Andreas Hountondji,bj BEN,"FW,MF",St. Pauli,de Bundesliga,23.0,2002.0,12,9,610,6.8,4,0,4,4,0,1,1,0,1.8,0.9,0.1,1.1,17.0,8.0,58.0,0.59,0.29,986,bj BEN,"FW,MF",de Bundesliga,23-178,2002.0,6.8,4,12,6,50.0,1.77,0.89,0.33,0.67,15.8,0.0,0,1,1.8,0.9,0.08,2.2,3.1,986,bj BEN,"FW,MF",de Bundesliga,23-178,2002.0,6.8,60.0,112.0,53.6,743.0,188.0,0,0.1,0.3,-0.1,4.0,5.0,0.0,0.0,8.0,986,bj BEN,"FW,MF",de Bundesliga,23-178,2002.0,6.8,112.0,107.0,5.0,0.0,0.0,0.0,19,2.0,0.0,0.0,0.0,0.0,60.0,0.0,15.0,986,bj BEN,"FW,MF",de Bundesliga,23-178,2002.0,6.8,11.0,1.62,6.0,0.0,1.0,3.0,1.0,0.0,1.0,0.15,986,bj BEN,"FW,MF",de Bundesliga,23-178,2002.0,6.8,6.0,0,3.0,3.0,0.0,4.0,0.0,4.0,4.0,1.0,3.0,1,7.0,3.0,0.0,986,bj BEN,"FW,MF",de Bundesliga,23-178,2002.0,6.8,184.0,5.0,14.0,65.0,108.0,32.0,183.0,19.0,7.0,36.8,12.0,63.2,90.0,603.0,235.0,17.0,8.0,7.0,19.0,7.0,128.0,58.0,1235,bj BEN,"FW,MF",de Bundesliga,23-178,2002.0,12,610,51,45.2,6.8,9,56.0,0,3,35.0,0,0.67,7,13,-6,-0.89,-0.03,5.3,10.5,-5.2,-0.77,986,bj BEN,"FW,MF",de Bundesliga,23-178,2002.0,6.8,1,0,0,6,5,3,19,1,0,0.0,0.0,0,14.0,5.0,34.0,12.8,,,,,,,,,,,,,,,,,,,,,,,,,,,,,,,,,,,,,,,,,,,,,,,,,,,,,,Forward,0.5882352941176471,0.0,0.2647058823529412,0.014705882352941178,2.5,1.1764705882352942,8.529411764705882,0.5882352941176471,0.8823529411764706,0.14705882352941177,0.0,13.23529411764706,-7.762982176470589,3.6764705882352944,2.2,0.8804347826086957,72.29965156794425,20.0,60.249709639953544
992,Dean Huijsen,es ESP,DF,Real Madrid,es La Liga,20.0,2005.0,13,12,964,10.7,1,1,2,1,0,0,3,1,1.5,1.5,1.1,2.6,13.0,75.0,6.0,0.19,0.24,992,es ESP,DF,es La Liga,20-266,2005.0,10.7,1,13,3,23.1,1.21,0.28,0.08,0.33,16.9,0.0,0,0,1.5,1.5,0.12,-0.5,-0.5,992,es ESP,DF,es La Liga,20-266,2005.0,10.7,690.0,779.0,88.6,13934.0,5079.0,1,1.1,1.0,-0.1,7.0,97.0,1.0,0.0,75.0,992,es ESP,DF,es La Liga,20-266,2005.0,10.7,779.0,761.0,18.0,12.0,1.0,14.0,1,4.0,0.0,0.0,0.0,0.0,690.0,0.0,6.0,992,es ESP,DF,es La Liga,20-266,2005.0,10.7,13.0,1.21,13.0,0.0,0.0,0.0,0.0,0.0,2.0,0.19,992,es ESP,DF,es La Liga,20-266,2005.0,10.7,17.0,8,9.0,8.0,0.0,13.0,76.9,3.0,15.0,9.0,6.0,8,25.0,62.0,2.0,992,es ESP,DF,es La Liga,20-266,2005.0,10.7,906.0,72.0,278.0,541.0,87.0,18.0,906.0,1.0,1.0,100.0,0.0,0.0,556.0,2900.0,1778.0,13.0,10.0,2.0,2.0,0.0,654.0,6.0,1241,es ESP,DF,es La Liga,20-266,2005.0,13,964,74,56.4,10.7,12,79.0,8,1,13.0,0,2.46,25,10,15,1.4,0.31,28.5,10.8,17.7,1.65,992,es ESP,DF,es La Liga,20-266,2005.0,10.7,3,1,0,11,8,0,1,8,8,0.0,0.0,0,39.0,29.0,10.0,74.4,,,,,,,,,,,,,,,,,,,,,,,,,,,,,,,,,,,,,,,,,,,,,,,,,,,,,,Defender,0.09345794392523366,0.09345794392523366,0.14018691588785048,0.10280373831775702,1.2149532710280375,7.009345794392524,0.5607476635514019,0.6542056074766356,1.5887850467289721,0.7476635514018692,0.09345794392523366,51.96261682242991,5.289943925233649,8.224299065420562,-0.5,0.1335540838852097,99.29947460595446,74.5,56.90514304066158
993,Trai Hume,nir NIR,"DF,MF",Sunderland,eng Premier League,23.0,2002.0,20,18,1653,18.4,0,1,1,0,0,0,4,0,0.7,0.7,0.9,1.6,18.0,53.0,48.0,0.05,0.09,993,nir NIR,"DF,MF",eng Premier League,23-293,2002.0,18.4,0,13,3,23.1,0.71,0.16,0.0,0.0,21.3,0.0,0,0,0.7,0.7,0.05,-0.7,-0.7,993,nir NIR,"DF,MF",eng Premier League,23-293,2002.0,18.4,486.0,697.0,69.7,7721.0,2851.0,1,0.9,0.8,0.1,14.0,46.0,19.0,5.0,53.0,993,nir NIR,"DF,MF",eng Premier League,23-293,2002.0,18.4,697.0,595.0,98.0,10.0,1.0,5.0,49,76.0,12.0,9.0,0.0,1.0,486.0,4.0,21.0,993,nir NIR,"DF,MF",eng Premier League,23-293,2002.0,18.4,28.0,1.52,23.0,2.0,0.0,2.0,0.0,1.0,2.0,0.11,993,nir NIR,"DF,MF",eng Premier League,23-293,2002.0,18.4,41.0,28,26.0,12.0,3.0,45.0,57.8,19.0,22.0,3.0,19.0,16,57.0,73.0,1.0,993,nir NIR,"DF,MF",eng Premier League,23-293,2002.0,18.4,903.0,73.0,282.0,412.0,212.0,23.0,903.0,10.0,2.0,20.0,7.0,70.0,396.0,1637.0,866.0,18.0,13.0,1.0,16.0,4.0,464.0,48.0,1242,nir NIR,"DF,MF",eng Premier League,23-293,2002.0,20,1653,83,91.8,18.4,18,89.0,15,2,25.0,0,1.5,18,17,1,0.05,-0.56,15.1,25.3,-10.1,-0.55,993,nir NIR,"DF,MF",eng Premier League,23-293,2002.0,18.4,4,0,0,14,18,1,49,16,28,0.0,0.0,0,57.0,42.0,40.0,51.2,,,,,,,,,,,,,,,,,,,,,,,,,,,,,,,,,,,,,,,,,,,,,,,,,,,,,,Midfielder,0.0,0.05434782608695653,0.03804347826086957,0.04891304347826087,0.9782608695652175,2.880434782608696,2.608695652173913,0.7608695652173914,2.2282608695652177,0.8695652173913044,1.032608695652174,21.521739130434785,-4.201325695652175,3.8586956521739135,-0.7,0.16832779623477298,57.89473684210527,12.5,51.461988304093566
995,Denis Huseinbasic,ba BIH,MF,Köln,de Bundesliga,24.0,2001.0,12,7,608,6.8,0,0,0,0,0,0,1,0,0.4,0.4,0.3,0.7,14.0,32.0,3.0,0.0,0.1,995,ba BIH,MF,de Bundesliga,24-186,2001.0,6.8,0,6,0,0.0,0.89,0.0,0.0,,24.2,0.0,0,0,0.4,0.4,0.07,-0.4,-0.4,995,ba BIH,MF,de Bundesliga,24-186,2001.0,6.8,344.0,373.0,92.2,5893.0,1354.0,0,0.3,0.3,-0.3,4.0,29.0,0.0,0.0,32.0,995,ba BIH,MF,de Bundesliga,24-186,2001.0,6.8,373.0,370.0,3.0,2.0,1.0,0.0,0,1.0,0.0,0.0,0.0,0.0,344.0,0.0,1.0,995,ba BIH,MF,de Bundesliga,24-186,2001.0,6.8,10.0,1.48,7.0,0.0,0.0,2.0,1.0,0.0,0.0,0.0,995,ba BIH,MF,de Bundesliga,24-186,2001.0,6.8,13.0,8,5.0,7.0,1.0,11.0,72.7,3.0,2.0,0.0,2.0,3,16.0,10.0,0.0,995,ba BIH,MF,de Bundesliga,24-186,2001.0,6.8,422.0,7.0,63.0,309.0,53.0,6.0,422.0,3.0,1.0,33.3,1.0,33.3,278.0,1651.0,889.0,14.0,9.0,1.0,4.0,5.0,333.0,3.0,1244,ba BIH,MF,de Bundesliga,24-186,2001.0,12,608,51,45.0,6.8,7,72.0,2,5,21.0,3,0.92,11,10,1,0.15,0.51,11.7,10.3,1.3,0.2,995,ba BIH,MF,de Bundesliga,24-186,2001.0,6.8,1,0,0,8,8,0,0,3,8,0.0,0.0,0,27.0,3.0,3.0,50.0,,,,,,,,,,,,,,,,,,,,,,,,,,,,,,,,,,,,,,,,,,,,,,,,,,,,,,Midfielder,0.0,0.0,0.05882352941176471,0.04411764705882353,2.058823529411765,4.705882352941177,0.4411764705882353,0.5882352941176471,1.911764705882353,0.4411764705882353,0.0,40.88235294117647,-1.564645999999998,6.764705882352941,-0.4,0.35071090047393366,81.5114709851552,23.7,65.8944793736097
996,Omari Hutchinson,eng ENG,FW,Nott'ham Forest,eng Premier League,22.0,2003.0,15,7,839,9.3,1,2,3,1,0,0,0,0,1.6,1.6,2.3,3.9,45.0,22.0,92.0,0.32,0.41,996,eng ENG,FW,eng Premier League,22-067,2003.0,9.3,1,18,7,38.9,1.93,0.75,0.06,0.14,17.2,0.0,0,0,1.6,1.6,0.09,-0.6,-0.6,996,eng ENG,FW,eng Premier League,22-067,2003.0,9.3,259.0,366.0,70.8,3961.0,847.0,2,2.3,2.4,-0.3,19.0,4.0,22.0,9.0,22.0,996,eng ENG,FW,eng Premier League,22-067,2003.0,9.3,366.0,335.0,31.0,3.0,0.0,2.0,73,10.0,18.0,16.0,0.0,0.0,259.0,0.0,8.0,996,eng ENG,FW,eng Premier League,22-067,2003.0,9.3,38.0,4.08,24.0,1.0,9.0,2.0,1.0,1.0,5.0,0.54,996,eng ENG,FW,eng Premier League,22-067,2003.0,9.3,12.0,6,3.0,2.0,7.0,13.0,23.1,10.0,16.0,0.0,16.0,4,16.0,3.0,2.0,996,eng ENG,FW,eng Premier League,22-067,2003.0,9.3,488.0,5.0,65.0,140.0,289.0,42.0,488.0,50.0,24.0,48.0,21.0,42.0,318.0,2343.0,1135.0,45.0,25.0,14.0,21.0,12.0,323.0,92.0,1245,eng ENG,FW,eng Premier League,22-067,2003.0,15,839,56,46.6,9.3,7,90.0,7,8,26.0,3,0.87,9,14,-5,-0.54,0.31,11.6,14.0,-2.5,-0.27,996,eng ENG,FW,eng Premier League,22-067,2003.0,9.3,0,0,0,14,8,3,73,4,6,1.0,0.0,0,48.0,1.0,16.0,5.9,,,,,,,,,,,,,,,,,,,,,,,,,,,,,,,,,,,,,,,,,,,,,,,,,,,,,,Forward,0.1075268817204301,0.2150537634408602,0.17204301075268816,0.24731182795698922,4.838709677419354,2.365591397849462,9.89247311827957,2.043010752688172,1.2903225806451613,0.4301075268817204,2.365591397849462,34.19354838709677,-3.175001870967744,7.204301075268817,-0.6000000000000001,0.8360655737704917,93.55400696864112,53.7,60.86792906222585
997,Kwon Hyeokkyu,kr KOR,MF,Nantes,fr Ligue 1,24.0,2001.0,12,9,753,8.4,0,0,0,0,0,0,2,0,0.1,0.1,0.0,0.1,1.0,13.0,3.0,0.0,0.01,997,kr KOR,MF,fr Ligue 1,24-298,2001.0,8.4,0,3,0,0.0,0.36,0.0,0.0,,24.4,0.0,0,0,0.1,0.1,0.03,-0.1,-0.1,997,kr KOR,MF,fr Ligue 1,24-298,2001.0,8.4,192.0,224.0,85.7,3590.0,710.0,0,0.0,0.1,0.0,0.0,7.0,1.0,0.0,13.0,997,kr KOR,MF,fr Ligue 1,24-298,2001.0,8.4,224.0,215.0,7.0,6.0,0.0,0.0,1,0.0,0.0,0.0,0.0,0.0,192.0,2.0,1.0,997,kr KOR,MF,fr Ligue 1,24-298,2001.0,8.4,9.0,1.08,4.0,0.0,0.0,2.0,3.0,0.0,1.0,0.12,997,kr KOR,MF,fr Ligue 1,24-298,2001.0,8.4,15.0,5,8.0,5.0,2.0,19.0,52.6,9.0,15.0,8.0,7.0,7,22.0,30.0,1.0,997,kr KOR,MF,fr Ligue 1,24-298,2001.0,8.4,306.0,47.0,132.0,145.0,29.0,0.0,306.0,1.0,0.0,0.0,1.0,100.0,138.0,651.0,166.0,1.0,1.0,0.0,5.0,4.0,168.0,3.0,1247,kr KOR,MF,fr Ligue 1,24-298,2001.0,12,753,63,49.2,8.4,9,77.0,2,3,20.0,4,0.83,6,14,-8,-0.96,-0.49,5.4,15.7,-10.3,-1.23,997,kr KOR,MF,fr Ligue 1,24-298,2001.0,8.4,2,0,0,11,10,0,1,7,5,0.0,0.0,0,21.0,8.0,6.0,57.1,,,,,,,,,,,,,,,,,,,,,,,,,,,,,,,,,,,,,,,,,,,,,,,,,,,,,,Midfielder,0.0,0.0,0.011904761904761904,0.0,0.11904761904761904,1.5476190476190474,0.35714285714285715,0.0,1.7857142857142856,0.8333333333333333,0.11904761904761904,16.428571428571427,-7.20213819047619,1.6666666666666665,-0.1,0.35294117647058826,12.280701754385964,1.0,12.159110647906894
1000,Lucas Høgsberg,dk DEN,DF,Strasbourg,fr Ligue 1,19.0,2006.0,11,11,927,10.3,0,0,0,0,0,0,2,1,0.1,0.1,0.1,0.2,0.0,42.0,0.0,0.0,0.02,1000,dk DEN,DF,fr Ligue 1,19-196,2006.0,10.3,0,3,0,0.0,0.29,0.0,0.0,,11.1,0.0,0,0,0.1,0.1,0.05,-0.1,-0.1,1000,dk DEN,DF,fr Ligue 1,19-196,2006.0,10.3,642.0,699.0,91.8,11730.0,4833.0,0,0.1,0.4,-0.1,1.0,30.0,0.0,0.0,42.0,1000,dk DEN,DF,fr Ligue 1,19-196,2006.0,10.3,699.0,646.0,51.0,14.0,0.0,1.0,0,8.0,0.0,0.0,0.0,0.0,642.0,2.0,3.0,1000,dk DEN,DF,fr Ligue 1,19-196,2006.0,10.3,4.0,0.39,2.0,0.0,0.0,2.0,0.0,0.0,2.0,0.19,1000,dk DEN,DF,fr Ligue 1,19-196,2006.0,10.3,12.0,7,7.0,4.0,1.0,15.0,60.0,6.0,10.0,9.0,1.0,8,20.0,34.0,2.0,1000,dk DEN,DF,fr Ligue 1,19-196,2006.0,10.3,769.0,128.0,403.0,357.0,11.0,4.0,769.0,1.0,1.0,100.0,0.0,0.0,527.0,1551.0,811.0,0.0,0.0,0.0,5.0,1.0,560.0,0.0,1250,dk DEN,DF,fr Ligue 1,19-196,2006.0,11,927,84,60.6,10.3,11,84.0,6,0,,3,1.27,18,15,3,0.29,-0.01,16.4,15.6,0.8,0.08,1000,dk DEN,DF,fr Ligue 1,19-196,2006.0,10.3,2,1,1,11,7,0,0,8,7,0.0,0.0,0,51.0,6.0,4.0,60.0,,,,,,,,,,,,,,,,,,,,,,,,,,,,,,,,,,,,,,,,,,,,,,,,,,,,,,Defender,0.0,0.0,0.009708737864077669,0.009708737864077669,0.0,4.077669902912621,0.0,0.0970873786407767,1.1650485436893203,0.7766990291262136,0.0,51.165048543689316,-0.8850116504854366,4.077669902912621,-0.1,0.05071521456436932,87.91593695271453,40.6,62.52911589809
1002,Oscar Højlund,dk DEN,MF,Eint Frankfurt,de Bundesliga,21.0,2005.0,10,1,270,3.0,0,1,1,0,0,0,1,0,0.0,0.0,0.2,0.2,2.0,12.0,5.0,0.33,0.05,1002,dk DEN,MF,de Bundesliga,21-001,2005.0,3.0,0,0,0,,0.0,0.0,,,,0.0,0,0,0.0,0.0,,0.0,0.0,1002,dk DEN,MF,de Bundesliga,21-001,2005.0,3.0,121.0,136.0,89.0,1940.0,472.0,1,0.2,0.3,0.8,2.0,11.0,1.0,0.0,12.0,1002,dk DEN,MF,de Bundesliga,21-001,2005.0,3.0,136.0,129.0,7.0,6.0,0.0,0.0,0,1.0,0.0,0.0,0.0,0.0,121.0,0.0,2.0,1002,dk DEN,MF,de Bundesliga,21-001,2005.0,3.0,5.0,1.67,5.0,0.0,0.0,0.0,0.0,0.0,2.0,0.67,1002,dk DEN,MF,de Bundesliga,21-001,2005.0,3.0,13.0,7,3.0,9.0,1.0,6.0,83.3,1.0,5.0,1.0,4.0,2,15.0,1.0,1.0,1002,dk DEN,MF,de Bundesliga,21-001,2005.0,3.0,169.0,3.0,27.0,105.0,38.0,4.0,169.0,4.0,1.0,25.0,3.0,75.0,85.0,290.0,117.0,2.0,2.0,0.0,3.0,6.0,104.0,5.0,1252,dk DEN,MF,de Bundesliga,21-001,2005.0,10,270,27,20.0,3.0,1,70.0,0,9,22.0,1,1.4,4,11,-7,-2.33,-2.92,3.6,6.4,-2.9,-0.95,1002,dk DEN,MF,de Bundesliga,21-001,2005.0,3.0,1,0,0,9,0,0,0,2,7,0.0,0.0,0,7.0,2.0,9.0,18.2,,,,,,,,,,,,,,,,,,,,,,,,,,,,,,,,,,,,,,,,,,,,,,,,,,,,,,Midfielder,0.0,0.3333333333333333,0.0,0.06666666666666667,0.6666666666666666,4.0,1.6666666666666667,0.6666666666666666,4.333333333333333,0.6666666666666666,0.3333333333333333,28.333333333333332,-2.6956949999999997,4.666666666666667,0.0,0.9881656804733727,71.65991902834008,14.9,62.36720542066152
1003,Rasmus Højlund,dk DEN,FW,Napoli,it Serie A,22.0,2003.0,13,12,1013,11.3,6,2,8,6,0,0,1,0,4.5,4.5,2.0,6.5,18.0,18.0,71.0,0.71,0.57,1003,dk DEN,FW,it Serie A,22-335,2003.0,11.3,6,18,10,55.6,1.6,0.89,0.33,0.6,12.4,0.0,0,0,4.5,4.5,0.25,1.5,1.5,1003,dk DEN,FW,it Serie A,22-335,2003.0,11.3,149.0,200.0,74.5,2021.0,342.0,2,2.0,1.4,0.0,11.0,8.0,2.0,0.0,18.0,1003,dk DEN,FW,it Serie A,22-335,2003.0,11.3,200.0,191.0,9.0,0.0,5.0,0.0,3,1.0,0.0,0.0,0.0,0.0,149.0,0.0,7.0,1003,dk DEN,FW,it Serie A,22-335,2003.0,11.3,18.0,1.6,15.0,0.0,1.0,1.0,1.0,0.0,3.0,0.27,1003,dk DEN,FW,it Serie A,22-335,2003.0,11.3,3.0,1,1.0,1.0,1.0,0.0,,0.0,5.0,1.0,4.0,0,3.0,5.0,0.0,1003,dk DEN,FW,it Serie A,22-335,2003.0,11.3,300.0,4.0,21.0,132.0,150.0,44.0,300.0,13.0,5.0,38.5,8.0,61.5,195.0,987.0,423.0,18.0,9.0,10.0,44.0,24.0,265.0,71.0,1253,dk DEN,FW,it Serie A,22-335,2003.0,13,1013,78,66.2,11.3,12,82.0,3,1,30.0,0,2.15,19,9,10,0.89,0.37,17.9,8.3,9.6,0.85,1003,dk DEN,FW,it Serie A,22-335,2003.0,11.3,1,0,0,21,24,6,3,0,1,0.0,0.0,0,10.0,12.0,37.0,24.5,,,,,,,,,,,,,,,,,,,,,,,,,,,,,,,,,,,,,,,,,,,,,,,,,,,,,,Forward,0.5309734513274336,0.17699115044247787,0.3982300884955752,0.17699115044247787,1.5929203539823007,1.5929203539823007,6.283185840707964,0.9734513274336283,0.2654867256637168,0.0,0.17699115044247787,17.25663716814159,-8.745070008849558,3.1858407079646014,1.5,0.5333333333333334,63.2404181184669,14.2,55.3768985275542
1006,Arijon Ibrahimović,de GER,"MF,FW",Heidenheim,de Bundesliga,20.0,2005.0,15,12,1095,12.2,0,2,2,0,0,0,1,0,2.6,2.6,2.0,4.7,35.0,51.0,70.0,0.16,0.38,1006,de GER,"MF,FW",de Bundesliga,20-025,2005.0,12.2,0,21,9,42.9,1.73,0.74,0.0,0.0,20.5,4.0,0,0,2.6,2.6,0.13,-2.6,-2.6,1006,de GER,"MF,FW",de Bundesliga,20-025,2005.0,12.2,324.0,504.0,64.3,6381.0,2090.0,2,2.0,2.2,0.0,27.0,33.0,15.0,4.0,51.0,1006,de GER,"MF,FW",de Bundesliga,20-025,2005.0,12.2,504.0,401.0,98.0,26.0,2.0,7.0,64,14.0,38.0,16.0,15.0,0.0,324.0,5.0,9.0,1006,de GER,"MF,FW",de Bundesliga,20-025,2005.0,12.2,49.0,4.03,26.0,16.0,2.0,4.0,1.0,0.0,4.0,0.33,1006,de GER,"MF,FW",de Bundesliga,20-025,2005.0,12.2,13.0,5,6.0,6.0,1.0,25.0,36.0,16.0,14.0,2.0,12.0,7,20.0,12.0,0.0,1006,de GER,"MF,FW",de Bundesliga,20-025,2005.0,12.2,641.0,8.0,112.0,265.0,275.0,31.0,641.0,26.0,9.0,34.6,15.0,57.7,294.0,1898.0,915.0,35.0,19.0,7.0,35.0,9.0,368.0,70.0,1256,de GER,"MF,FW",de Bundesliga,20-025,2005.0,15,1095,73,81.1,12.2,12,81.0,5,3,41.0,0,0.73,12,26,-14,-1.15,1.32,16.0,22.0,-6.0,-0.49,1006,de GER,"MF,FW",de Bundesliga,20-025,2005.0,12.2,1,0,0,7,10,2,64,7,5,0.0,0.0,0,55.0,16.0,18.0,47.1,,,,,,,,,,,,,,,,,,,,,,,,,,,,,,,,,,,,,,,,,,,,,,,,,,,,,,Forward,0.0,0.1639344262295082,0.21311475409836067,0.1639344262295082,2.8688524590163937,4.180327868852459,5.7377049180327875,2.2131147540983607,1.0655737704918034,0.5737704918032788,1.2295081967213115,24.098360655737707,-6.3271886393442625,7.049180327868853,-2.6,0.6287051482059283,81.53310104529616,39.9,58.279557573478314
1007,Riyad Idrissi,it ITA,DF,Cagliari,it Serie A,20.0,2005.0,14,3,518,5.8,1,0,1,1,0,0,2,0,0.4,0.4,0.2,0.6,11.0,15.0,20.0,0.17,0.1,1007,it ITA,DF,it Serie A,20-206,2005.0,5.8,1,3,3,100.0,0.52,0.52,0.33,0.33,15.3,0.0,0,0,0.4,0.4,0.14,0.6,0.6,1007,it ITA,DF,it Serie A,20-206,2005.0,5.8,192.0,251.0,76.5,2863.0,1089.0,0,0.2,0.2,-0.2,5.0,11.0,1.0,0.0,15.0,1007,it ITA,DF,it Serie A,20-206,2005.0,5.8,251.0,197.0,53.0,4.0,0.0,0.0,15,48.0,1.0,0.0,1.0,0.0,192.0,1.0,7.0,1007,it ITA,DF,it Serie A,20-206,2005.0,5.8,13.0,2.26,9.0,2.0,1.0,0.0,1.0,0.0,0.0,0.0,1007,it ITA,DF,it Serie A,20-206,2005.0,5.8,13.0,9,7.0,4.0,2.0,18.0,55.6,8.0,4.0,3.0,1.0,6,19.0,25.0,1.0,1007,it ITA,DF,it Serie A,20-206,2005.0,5.8,336.0,15.0,125.0,148.0,66.0,4.0,336.0,9.0,3.0,33.3,5.0,55.6,139.0,666.0,395.0,11.0,6.0,1.0,11.0,2.0,156.0,20.0,1257,it ITA,DF,it Serie A,20-206,2005.0,14,518,37,32.0,5.8,3,90.0,3,11,23.0,4,0.79,11,11,0,0.0,0.49,5.6,8.7,-3.1,-0.54,1007,it ITA,DF,it Serie A,20-206,2005.0,5.8,2,0,0,4,2,1,15,6,9,0.0,0.0,0,33.0,1.0,5.0,16.7,,,,,,,,,,,,,,,,,,,,,,,,,,,,,,,,,,,,,,,,,,,,,,,,,,,,,,Defender,0.1724137931034483,0.0,0.06896551724137931,0.034482758620689655,1.896551724137931,2.586206896551724,3.4482758620689657,0.8620689655172414,2.241379310344828,1.0344827586206897,0.1724137931034483,23.96551724137931,-2.8857241379310326,4.482758620689656,0.6,0.6726190476190476,75.13134851138354,18.0,63.67063433168096
1011,Hamza Igamane,ma MAR,"FW,MF",Lille,fr Ligue 1,23.0,2002.0,13,4,432,4.8,5,1,6,5,0,0,2,0,3.6,3.6,0.5,4.1,14.0,23.0,25.0,1.25,0.85,1011,ma MAR,"FW,MF",fr Ligue 1,23-064,2002.0,4.8,5,23,9,39.1,4.79,1.87,0.22,0.56,17.0,0.0,0,0,3.6,3.6,0.16,1.4,1.4,1011,ma MAR,"FW,MF",fr Ligue 1,23-064,2002.0,4.8,98.0,135.0,72.6,1531.0,488.0,1,0.5,0.8,0.5,4.0,14.0,8.0,1.0,23.0,1011,ma MAR,"FW,MF",fr Ligue 1,23-064,2002.0,4.8,135.0,129.0,5.0,0.0,2.0,1.0,5,2.0,0.0,0.0,0.0,0.0,98.0,1.0,3.0,1011,ma MAR,"FW,MF",fr Ligue 1,23-064,2002.0,4.8,20.0,4.17,11.0,0.0,5.0,4.0,0.0,0.0,4.0,0.83,1011,ma MAR,"FW,MF",fr Ligue 1,23-064,2002.0,4.8,7.0,4,0.0,6.0,1.0,4.0,75.0,1.0,4.0,0.0,4.0,2,9.0,2.0,0.0,1011,ma MAR,"FW,MF",fr Ligue 1,23-064,2002.0,4.8,213.0,1.0,9.0,91.0,119.0,35.0,213.0,23.0,13.0,56.5,9.0,39.1,124.0,682.0,384.0,14.0,9.0,7.0,20.0,9.0,154.0,25.0,1261,ma MAR,"FW,MF",fr Ligue 1,23-064,2002.0,13,432,33,28.2,4.8,4,55.0,0,9,23.0,0,1.92,18,3,15,3.12,3.45,10.9,4.9,5.9,1.23,1011,ma MAR,"FW,MF",fr Ligue 1,23-064,2002.0,4.8,2,0,0,6,3,5,5,2,4,0.0,0.0,0,15.0,9.0,11.0,45.0,,,,,,,,,,,,,,,,,,,,,,,,,,,,,,,,,,,,,,,,,,,,,,,,,,,,,,Forward,1.0416666666666667,0.20833333333333334,0.75,0.10416666666666667,2.916666666666667,4.791666666666667,5.208333333333334,0.8333333333333334,1.4583333333333335,0.4166666666666667,1.6666666666666667,25.833333333333336,-7.507509,7.708333333333334,1.4,1.9577464788732395,74.91289198606272,16.6,64.2477632813574
1016,George Ilenikhena,ng NGA,"FW,MF",Monaco,fr Ligue 1,19.0,2006.0,13,2,300,3.3,2,0,2,2,0,0,0,0,1.2,1.2,0.3,1.5,5.0,5.0,23.0,0.6,0.45,1016,ng NGA,"FW,MF",fr Ligue 1,19-142,2006.0,3.3,2,13,7,53.8,3.9,2.1,0.15,0.29,15.3,0.0,0,0,1.2,1.2,0.09,0.8,0.8,1016,ng NGA,"FW,MF",fr Ligue 1,19-142,2006.0,3.3,30.0,42.0,71.4,443.0,97.0,0,0.3,0.2,-0.3,3.0,1.0,5.0,0.0,5.0,1016,ng NGA,"FW,MF",fr Ligue 1,19-142,2006.0,3.3,42.0,37.0,4.0,0.0,0.0,0.0,0,0.0,0.0,0.0,0.0,0.0,30.0,1.0,1.0,1016,ng NGA,"FW,MF",fr Ligue 1,19-142,2006.0,3.3,9.0,2.7,7.0,0.0,0.0,2.0,0.0,0.0,1.0,0.3,1016,ng NGA,"FW,MF",fr Ligue 1,19-142,2006.0,3.3,1.0,0,0.0,0.0,1.0,2.0,0.0,2.0,2.0,1.0,1.0,0,1.0,2.0,0.0,1016,ng NGA,"FW,MF",fr Ligue 1,19-142,2006.0,3.3,92.0,2.0,5.0,24.0,64.0,23.0,92.0,10.0,1.0,10.0,9.0,90.0,52.0,231.0,117.0,5.0,2.0,2.0,11.0,5.0,65.0,23.0,1266,ng NGA,"FW,MF",fr Ligue 1,19-142,2006.0,13,300,23,19.6,3.3,2,62.0,0,11,16.0,3,1.31,5,5,0,0.0,0.22,6.0,6.8,-0.8,-0.24,1016,ng NGA,"FW,MF",fr Ligue 1,19-142,2006.0,3.3,0,0,0,1,5,5,0,0,0,0.0,0.0,0,4.0,7.0,8.0,46.7,,,,,,,,,,,,,,,,,,,,,,,,,,,,,,,,,,,,,,,,,,,,,,,,,,,,,,Forward,0.6060606060606061,0.0,0.36363636363636365,0.09090909090909091,1.5151515151515151,1.5151515151515151,6.96969696969697,0.9090909090909092,0.30303030303030304,0.0,1.5151515151515151,15.757575757575758,-7.993511212121213,3.0303030303030303,0.8,2.9347826086956523,70.38327526132404,17.3,60.002792209142406
1018,Ivan Ilić,rs SRB,MF,Torino,it Serie A,24.0,2001.0,7,5,393,4.4,0,0,0,0,0,0,2,0,0.0,0.0,0.7,0.7,3.0,14.0,10.0,0.0,0.17,1018,rs SRB,MF,it Serie A,24-294,2001.0,4.4,0,0,0,,0.0,0.0,,,,0.0,0,0,0.0,0.0,,0.0,0.0,1018,rs SRB,MF,it Serie A,24-294,2001.0,4.4,155.0,188.0,82.4,2666.0,678.0,0,0.7,0.5,-0.7,8.0,16.0,5.0,1.0,14.0,1018,rs SRB,MF,it Serie A,24-294,2001.0,4.4,188.0,181.0,7.0,7.0,0.0,0.0,1,0.0,0.0,0.0,0.0,0.0,155.0,0.0,1.0,1018,rs SRB,MF,it Serie A,24-294,2001.0,4.4,14.0,3.21,14.0,0.0,0.0,0.0,0.0,0.0,1.0,0.23,1018,rs SRB,MF,it Serie A,24-294,2001.0,4.4,8.0,5,2.0,5.0,1.0,5.0,60.0,2.0,0.0,0.0,0.0,5,13.0,10.0,0.0,1018,rs SRB,MF,it Serie A,24-294,2001.0,4.4,220.0,11.0,59.0,126.0,40.0,4.0,220.0,3.0,2.0,66.7,1.0,33.3,125.0,611.0,239.0,3.0,6.0,0.0,6.0,8.0,147.0,10.0,1268,rs SRB,MF,it Serie A,24-294,2001.0,7,393,56,24.3,4.4,5,67.0,1,2,30.0,5,1.43,3,5,-2,-0.46,-0.02,4.4,6.2,-1.8,-0.42,1018,rs SRB,MF,it Serie A,24-294,2001.0,4.4,2,0,0,9,4,0,1,5,5,0.0,0.0,0,18.0,3.0,5.0,37.5,,,,,,,,,,,,,,,,,,,,,,,,,,,,,,,,,,,,,,,,,,,,,,,,,,,,,,Midfielder,0.0,0.0,0.0,0.15909090909090906,0.6818181818181818,3.1818181818181817,2.2727272727272725,1.8181818181818181,1.8181818181818181,1.1363636363636362,1.1363636363636362,28.409090909090907,-4.196119181818182,3.8636363636363633,0.0,1.459090909090909,58.02968960863698,5.8,54.84847789096123
1023,Tim Iroegbunam,eng ENG,MF,Everton,eng Premier League,22.0,2003.0,16,10,839,9.3,0,1,1,0,0,0,6,0,0.3,0.3,0.4,0.7,9.0,28.0,16.0,0.11,0.08,1023,eng ENG,MF,eng Premier League,22-189,2003.0,9.3,0,5,0,0.0,0.54,0.0,0.0,,23.3,0.0,0,0,0.3,0.3,0.06,-0.3,-0.3,1023,eng ENG,MF,eng Premier League,22-189,2003.0,9.3,232.0,285.0,81.4,3764.0,935.0,1,0.4,0.6,0.6,2.0,22.0,3.0,0.0,28.0,1023,eng ENG,MF,eng Premier League,22-189,2003.0,9.3,285.0,285.0,0.0,0.0,1.0,2.0,1,0.0,0.0,0.0,0.0,0.0,232.0,0.0,3.0,1023,eng ENG,MF,eng Premier League,22-189,2003.0,9.3,13.0,1.39,10.0,0.0,1.0,0.0,1.0,1.0,2.0,0.21,1023,eng ENG,MF,eng Premier League,22-189,2003.0,9.3,39.0,28,18.0,19.0,2.0,19.0,68.4,6.0,18.0,7.0,11.0,14,53.0,6.0,2.0,1023,eng ENG,MF,eng Premier League,22-189,2003.0,9.3,414.0,20.0,94.0,236.0,94.0,9.0,414.0,24.0,6.0,25.0,16.0,66.7,198.0,992.0,464.0,9.0,9.0,2.0,15.0,14.0,213.0,16.0,1274,eng ENG,MF,eng Premier League,22-189,2003.0,16,839,52,46.6,9.3,10,75.0,4,6,15.0,3,1.5,9,8,1,0.11,0.39,10.4,14.4,-4.0,-0.43,1023,eng ENG,MF,eng Premier League,22-189,2003.0,9.3,6,0,0,14,12,0,1,14,28,1.0,0.0,0,47.0,10.0,10.0,50.0,,,,,,,,,,,,,,,,,,,,,,,,,,,,,,,,,,,,,,,,,,,,,,,,,,,,,,Midfielder,0.0,0.1075268817204301,0.03225806451612903,0.04301075268817204,0.9677419354838709,3.010752688172043,1.7204301075268815,0.2150537634408602,4.193548387096774,1.5053763440860215,0.3225806451612903,21.29032258064516,-4.1034166989247325,3.9784946236559136,-0.3,0.3357487922705314,58.97435897435898,9.4,53.90709229831716
1027,Gustav Isaksen,dk DEN,FW,Lazio,it Serie A,24.0,2001.0,12,7,638,7.1,2,0,2,2,0,0,0,0,1.8,1.8,0.4,2.2,29.0,6.0,48.0,0.28,0.3,1027,dk DEN,FW,it Serie A,24-261,2001.0,7.1,2,20,9,45.0,2.82,1.27,0.1,0.22,16.3,0.0,0,0,1.8,1.8,0.09,0.2,0.2,1027,dk DEN,FW,it Serie A,24-261,2001.0,7.1,160.0,209.0,76.6,2453.0,300.0,0,0.4,0.5,-0.4,7.0,4.0,3.0,1.0,6.0,1027,dk DEN,FW,it Serie A,24-261,2001.0,7.1,209.0,205.0,4.0,0.0,0.0,1.0,14,3.0,1.0,1.0,0.0,0.0,160.0,0.0,10.0,1027,dk DEN,FW,it Serie A,24-261,2001.0,7.1,19.0,2.68,12.0,0.0,1.0,3.0,2.0,1.0,0.0,0.0,1027,dk DEN,FW,it Serie A,24-261,2001.0,7.1,7.0,2,2.0,3.0,2.0,7.0,28.6,5.0,3.0,0.0,3.0,3,10.0,2.0,1.0,1027,dk DEN,FW,it Serie A,24-261,2001.0,7.1,291.0,2.0,47.0,122.0,130.0,33.0,291.0,28.0,11.0,39.3,13.0,46.4,221.0,1590.0,745.0,29.0,16.0,17.0,13.0,10.0,238.0,48.0,1278,dk DEN,FW,it Serie A,24-261,2001.0,12,638,53,39.4,7.1,7,72.0,0,5,27.0,2,1.17,5,7,-2,-0.28,-0.83,5.7,11.3,-5.6,-0.79,1027,dk DEN,FW,it Serie A,24-261,2001.0,7.1,0,0,0,10,23,0,14,3,2,0.0,0.0,0,31.0,4.0,7.0,36.4,,,,,,,,,,,,,,,,,,,,,,,,,,,,,,,,,,,,,,,,,,,,,,,,,,,,,,Forward,0.28169014084507044,0.0,0.2535211267605634,0.05633802816901409,4.084507042253521,0.8450704225352114,6.760563380281691,0.9859154929577465,0.9859154929577465,0.4225352112676057,0.4225352112676057,31.126760563380284,-5.15122456338028,4.929577464788733,0.19999999999999996,0.9209621993127147,88.32752613240417,35.6,65.13829360796768
1036,Nicolas Jackson,sn SEN,FW,Bayern Munich,de Bundesliga,24.0,2001.0,12,5,409,4.5,3,0,3,3,0,0,0,0,2.8,2.8,1.4,4.2,8.0,12.0,39.0,0.66,0.92,1036,sn SEN,FW,de Bundesliga,24-199,2001.0,4.5,3,13,7,53.8,2.86,1.54,0.23,0.43,12.8,0.0,0,0,2.8,2.8,0.21,0.2,0.2,1036,sn SEN,FW,de Bundesliga,24-199,2001.0,4.5,96.0,119.0,80.7,1000.0,152.0,0,1.4,0.5,-1.4,8.0,5.0,5.0,0.0,12.0,1036,sn SEN,FW,de Bundesliga,24-199,2001.0,4.5,119.0,118.0,1.0,0.0,1.0,0.0,0,1.0,0.0,0.0,0.0,0.0,96.0,0.0,4.0,1036,sn SEN,FW,de Bundesliga,24-199,2001.0,4.5,15.0,3.3,13.0,0.0,0.0,2.0,0.0,0.0,1.0,0.22,1036,sn SEN,FW,de Bundesliga,24-199,2001.0,4.5,2.0,0,1.0,1.0,0.0,2.0,0.0,2.0,2.0,0.0,2.0,2,4.0,0.0,0.0,1036,sn SEN,FW,de Bundesliga,24-199,2001.0,4.5,173.0,1.0,6.0,55.0,114.0,29.0,173.0,9.0,2.0,22.2,6.0,66.7,112.0,506.0,219.0,8.0,5.0,4.0,14.0,8.0,144.0,39.0,1290,sn SEN,FW,de Bundesliga,24-199,2001.0,12,409,34,30.3,4.5,5,59.0,0,7,16.0,0,2.67,15,0,15,3.3,0.53,12.3,2.7,9.6,2.11,1036,sn SEN,FW,de Bundesliga,24-199,2001.0,4.5,0,0,0,6,4,1,0,2,0,0.0,0.0,0,12.0,4.0,5.0,44.4,,,,,,,,,,,,,,,,,,,,,,,,,,,,,,,,,,,,,,,,,,,,,,,,,,,,,,Forward,0.6666666666666666,0.0,0.6222222222222222,0.3111111111111111,1.7777777777777777,2.6666666666666665,8.666666666666666,1.7777777777777777,0.4444444444444444,0.4444444444444444,1.1111111111111112,24.88888888888889,-9.580944222222222,4.444444444444445,0.20000000000000018,1.9075144508670518,55.749128919860624,15.0,48.47750340857446
1037,Jérémy Jacquet,fr FRA,DF,Rennes,fr Ligue 1,20.0,2005.0,16,16,1423,15.8,0,0,0,0,0,0,6,1,0.9,0.9,0.5,1.4,6.0,50.0,0.0,0.0,0.09,1037,fr FRA,DF,fr Ligue 1,20-176,2005.0,15.8,0,10,2,20.0,0.63,0.13,0.0,0.0,12.9,0.0,0,0,0.9,0.9,0.09,-0.9,-0.9,1037,fr FRA,DF,fr Ligue 1,20-176,2005.0,15.8,837.0,922.0,90.8,16971.0,6636.0,0,0.5,0.4,-0.5,8.0,64.0,2.0,0.0,50.0,1037,fr FRA,DF,fr Ligue 1,20-176,2005.0,15.8,922.0,847.0,73.0,41.0,0.0,2.0,0,3.0,0.0,0.0,0.0,0.0,837.0,2.0,1.0,1037,fr FRA,DF,fr Ligue 1,20-176,2005.0,15.8,16.0,1.01,13.0,0.0,0.0,2.0,1.0,0.0,1.0,0.06,1037,fr FRA,DF,fr Ligue 1,20-176,2005.0,15.8,25.0,15,13.0,12.0,0.0,12.0,83.3,2.0,24.0,14.0,10.0,17,42.0,80.0,3.0,1037,fr FRA,DF,fr Ligue 1,20-176,2005.0,15.8,1100.0,179.0,533.0,536.0,37.0,11.0,1100.0,9.0,4.0,44.4,4.0,44.4,614.0,3139.0,1763.0,6.0,7.0,0.0,5.0,1.0,745.0,0.0,1291,fr FRA,DF,fr Ligue 1,20-176,2005.0,16,1423,89,93.0,15.8,16,89.0,15,0,,0,1.69,26,21,5,0.32,0.32,23.6,24.5,-0.9,-0.06,1037,fr FRA,DF,fr Ligue 1,20-176,2005.0,15.8,6,1,1,18,14,1,0,17,15,0.0,1.0,0,64.0,27.0,12.0,69.2,,,,,,,,,,,,,,,,,,,,,,,,,,,,,,,,,,,,,,,,,,,,,,,,,,,,,,Defender,0.0,0.0,0.056962025316455694,0.03164556962025316,0.37974683544303794,3.1645569620253164,0.0,0.5063291139240506,1.5822784810126582,1.0759493670886076,0.12658227848101264,38.860759493670884,-2.9476518987341755,3.5443037974683542,-0.9,0.09181818181818183,74.43082311733801,19.1,62.49439388525442
1046,Isak Jansson,se SWE,"MF,FW",Nice,fr Ligue 1,23.0,2002.0,12,5,472,5.2,1,0,1,1,0,0,2,0,1.5,1.5,0.7,2.2,17.0,12.0,32.0,0.19,0.42,1046,se SWE,"MF,FW",fr Ligue 1,23-339,2002.0,5.2,1,11,8,72.7,2.1,1.53,0.09,0.13,16.8,0.0,0,0,1.5,1.5,0.14,-0.5,-0.5,1046,se SWE,"MF,FW",fr Ligue 1,23-339,2002.0,5.2,81.0,116.0,69.8,1124.0,317.0,0,0.7,1.0,-0.7,6.0,8.0,4.0,3.0,12.0,1046,se SWE,"MF,FW",fr Ligue 1,23-339,2002.0,5.2,116.0,115.0,0.0,0.0,0.0,2.0,8,0.0,0.0,0.0,0.0,0.0,81.0,1.0,9.0,1046,se SWE,"MF,FW",fr Ligue 1,23-339,2002.0,5.2,12.0,2.29,9.0,0.0,1.0,1.0,1.0,0.0,0.0,0.0,1046,se SWE,"MF,FW",fr Ligue 1,23-339,2002.0,5.2,8.0,6,0.0,6.0,2.0,8.0,25.0,6.0,3.0,0.0,3.0,5,13.0,2.0,1.0,1046,se SWE,"MF,FW",fr Ligue 1,23-339,2002.0,5.2,180.0,3.0,25.0,61.0,99.0,21.0,180.0,11.0,3.0,27.3,7.0,63.6,112.0,932.0,444.0,17.0,10.0,8.0,12.0,4.0,120.0,32.0,1302,se SWE,"MF,FW",fr Ligue 1,23-339,2002.0,12,472,39,30.8,5.2,5,62.0,0,7,23.0,4,0.83,4,7,-3,-0.57,0.02,5.7,7.0,-1.2,-0.23,1046,se SWE,"MF,FW",fr Ligue 1,23-339,2002.0,5.2,2,0,0,6,5,0,8,5,6,0.0,0.0,0,18.0,2.0,10.0,16.7,,,,,,,,,,,,,,,,,,,,,,,,,,,,,,,,,,,,,,,,,,,,,,,,,,,,,,Forward,0.1923076923076923,0.0,0.28846153846153844,0.1346153846153846,3.269230769230769,2.3076923076923075,6.153846153846153,1.1538461538461537,1.5384615384615383,0.9615384615384615,0.7692307692307692,21.538461538461537,-6.001818923076924,5.576923076923077,-0.5,1.2722222222222221,83.62369337979094,22.6,68.20855903734987
1048,Luca Jaquez,ch SUI,DF,Stuttgart,de Bundesliga,22.0,2003.0,5,5,410,4.6,0,1,1,0,0,0,1,0,0.1,0.1,0.8,0.9,4.0,30.0,3.0,0.22,0.19,1048,ch SUI,DF,de Bundesliga,22-217,2003.0,4.6,0,2,0,0.0,0.44,0.0,0.0,,22.9,0.0,0,0,0.1,0.1,0.03,-0.1,-0.1,1048,ch SUI,DF,de Bundesliga,22-217,2003.0,4.6,341.0,376.0,90.7,6088.0,1924.0,1,0.8,0.3,0.2,4.0,36.0,0.0,0.0,30.0,1048,ch SUI,DF,de Bundesliga,22-217,2003.0,4.6,376.0,365.0,9.0,8.0,1.0,1.0,0,1.0,0.0,0.0,0.0,0.0,341.0,2.0,2.0,1048,ch SUI,DF,de Bundesliga,22-217,2003.0,4.6,5.0,1.1,5.0,0.0,0.0,0.0,0.0,0.0,1.0,0.22,1048,ch SUI,DF,de Bundesliga,22-217,2003.0,4.6,5.0,5,3.0,2.0,0.0,5.0,60.0,2.0,6.0,3.0,3.0,5,10.0,17.0,0.0,1048,ch SUI,DF,de Bundesliga,22-217,2003.0,4.6,411.0,27.0,125.0,275.0,13.0,1.0,411.0,0.0,0.0,,0.0,,255.0,1305.0,691.0,4.0,4.0,0.0,0.0,0.0,308.0,3.0,1304,ch SUI,DF,de Bundesliga,22-217,2003.0,5,410,82,30.4,4.6,5,82.0,3,0,,0,1.8,7,6,1,0.22,0.03,7.1,4.2,2.9,0.63,1048,ch SUI,DF,de Bundesliga,22-217,2003.0,4.6,1,0,0,2,1,0,0,5,5,0.0,0.0,0,27.0,6.0,7.0,46.2,,,,,,,,,,,,,,,,,,,,,,,,,,,,,,,,,,,,,,,,,,,,,,,,,,,,,,Defender,0.0,0.2173913043478261,0.02173913043478261,0.1739130434782609,0.8695652173913044,6.521739130434783,0.6521739130434783,0.8695652173913044,1.0869565217391306,1.0869565217391306,0.0,55.434782608695656,2.035256521739134,7.391304347826088,-0.1,0.2676399026763991,95.6217162872154,26.7,75.47096786678405
1051,Mikel Jauregizar,es ESP,MF,Athletic Club,es La Liga,22.0,2003.0,19,19,1645,18.3,1,0,1,1,0,0,2,0,1.1,1.1,0.9,2.0,10.0,119.0,32.0,0.05,0.11,1051,es ESP,MF,es La Liga,22-053,2003.0,18.3,1,24,5,20.8,1.31,0.27,0.04,0.2,24.0,0.0,0,0,1.1,1.1,0.05,-0.1,-0.1,1051,es ESP,MF,es La Liga,22-053,2003.0,18.3,680.0,863.0,78.8,11539.0,3476.0,0,0.9,1.4,-0.9,15.0,99.0,18.0,2.0,119.0,1051,es ESP,MF,es La Liga,22-053,2003.0,18.3,863.0,816.0,43.0,25.0,4.0,6.0,44,1.0,17.0,6.0,4.0,1.0,680.0,4.0,10.0,1051,es ESP,MF,es La Liga,22-053,2003.0,18.3,47.0,2.57,37.0,1.0,1.0,2.0,3.0,3.0,1.0,0.05,1051,es ESP,MF,es La Liga,22-053,2003.0,18.3,38.0,27,9.0,24.0,5.0,51.0,39.2,31.0,14.0,1.0,13.0,32,70.0,18.0,3.0,1051,es ESP,MF,es La Liga,22-053,2003.0,18.3,1048.0,25.0,158.0,640.0,257.0,13.0,1048.0,15.0,4.0,26.7,8.0,53.3,543.0,2124.0,976.0,10.0,18.0,1.0,28.0,17.0,660.0,32.0,1308,es ESP,MF,es La Liga,22-053,2003.0,19,1645,87,96.2,18.3,19,87.0,15,0,,0,1.26,17,23,-6,-0.33,2.44,25.2,17.1,8.1,0.44,1051,es ESP,MF,es La Liga,22-053,2003.0,18.3,2,0,0,20,21,0,44,32,27,0.0,0.0,0,102.0,19.0,16.0,54.3,,,,,,,,,,,,,,,,,,,,,,,,,,,,,,,,,,,,,,,,,,,,,,,,,,,,,,Midfielder,0.0546448087431694,0.0,0.06010928961748634,0.04918032786885246,0.5464480874316939,6.502732240437158,1.7486338797814207,0.819672131147541,2.0765027322404372,1.7486338797814207,0.9836065573770492,29.672131147540984,-0.04311424590163959,7.049180327868852,-0.10000000000000009,0.2452290076335878,90.68825910931174,45.2,62.45747872542132
1052,Finn Jeltsch,de GER,DF,Stuttgart,de Bundesliga,19.0,2006.0,9,8,675,7.5,0,1,1,0,0,0,2,0,0.2,0.2,0.1,0.3,8.0,25.0,5.0,0.13,0.04,1052,de GER,DF,de Bundesliga,19-172,2006.0,7.5,0,3,0,0.0,0.4,0.0,0.0,,12.3,0.0,0,0,0.2,0.2,0.06,-0.2,-0.2,1052,de GER,DF,de Bundesliga,19-172,2006.0,7.5,433.0,474.0,91.4,7046.0,1884.0,1,0.1,0.1,0.9,4.0,29.0,0.0,0.0,25.0,1052,de GER,DF,de Bundesliga,19-172,2006.0,7.5,474.0,451.0,23.0,16.0,0.0,2.0,1,7.0,0.0,0.0,0.0,0.0,433.0,0.0,5.0,1052,de GER,DF,de Bundesliga,19-172,2006.0,7.5,8.0,1.07,8.0,0.0,0.0,0.0,0.0,0.0,1.0,0.13,1052,de GER,DF,de Bundesliga,19-172,2006.0,7.5,10.0,6,7.0,3.0,0.0,7.0,57.1,3.0,7.0,7.0,0.0,10,20.0,35.0,1.0,1052,de GER,DF,de Bundesliga,19-172,2006.0,7.5,550.0,49.0,216.0,293.0,43.0,6.0,550.0,4.0,1.0,25.0,2.0,50.0,330.0,1867.0,906.0,8.0,8.0,0.0,3.0,1.0,377.0,5.0,1311,de GER,DF,de Bundesliga,19-172,2006.0,9,675,75,50.0,7.5,8,84.0,6,1,2.0,4,1.89,15,9,6,0.8,1.2,11.7,11.6,0.1,0.02,1052,de GER,DF,de Bundesliga,19-172,2006.0,7.5,2,0,0,6,10,2,1,10,6,0.0,1.0,0,36.0,14.0,12.0,53.8,,,,,,,,,,,,,,,,,,,,,,,,,,,,,,,,,,,,,,,,,,,,,,,,,,,,,,Defender,0.0,0.13333333333333333,0.02666666666666667,0.013333333333333334,1.0666666666666667,3.3333333333333335,0.6666666666666666,0.5333333333333333,1.3333333333333333,1.3333333333333333,0.0,44.0,-2.7327733333333315,4.4,-0.2,0.19454545454545455,76.70753064798599,22.9,62.414589624073216
1053,Castrop Jens,kr KOR,"MF,DF",Gladbach,de Bundesliga,22.0,2003.0,11,9,668,7.4,1,0,1,1,0,0,1,1,1.5,1.5,0.7,2.2,16.0,27.0,40.0,0.13,0.3,1053,kr KOR,"MF,DF",de Bundesliga,22-160,2003.0,7.4,1,10,3,30.0,1.35,0.4,0.1,0.33,12.4,0.0,0,0,1.5,1.5,0.15,-0.5,-0.5,1053,kr KOR,"MF,DF",de Bundesliga,22-160,2003.0,7.4,159.0,219.0,72.6,2342.0,886.0,0,0.7,0.7,-0.7,9.0,12.0,7.0,1.0,27.0,1053,kr KOR,"MF,DF",de Bundesliga,22-160,2003.0,7.4,219.0,208.0,11.0,2.0,0.0,1.0,8,9.0,0.0,0.0,0.0,0.0,159.0,0.0,7.0,1053,kr KOR,"MF,DF",de Bundesliga,22-160,2003.0,7.4,20.0,2.69,16.0,0.0,0.0,3.0,1.0,0.0,2.0,0.27,1053,kr KOR,"MF,DF",de Bundesliga,22-160,2003.0,7.4,32.0,17,20.0,10.0,2.0,21.0,71.4,6.0,8.0,0.0,8.0,9,41.0,13.0,0.0,1053,kr KOR,"MF,DF",de Bundesliga,22-160,2003.0,7.4,358.0,12.0,92.0,153.0,118.0,22.0,358.0,32.0,10.0,31.3,22.0,68.8,172.0,1069.0,527.0,16.0,18.0,3.0,24.0,7.0,208.0,40.0,1312,kr KOR,"MF,DF",de Bundesliga,22-160,2003.0,11,668,61,49.5,7.4,9,72.0,2,2,12.0,1,0.91,10,13,-3,-0.4,-0.01,7.8,10.1,-2.3,-0.31,1053,kr KOR,"MF,DF",de Bundesliga,22-160,2003.0,7.4,1,1,0,15,12,2,8,9,17,0.0,0.0,0,38.0,4.0,5.0,44.4,,,,,,,,,,,,,,,,,,,,,,,,,,,,,,,,,,,,,,,,,,,,,,,,,,,,,,Midfielder,0.13513513513513511,0.0,0.2027027027027027,0.09459459459459459,2.162162162162162,3.6486486486486487,5.405405405405405,1.2162162162162162,4.324324324324324,1.2162162162162162,0.9459459459459459,23.243243243243242,-2.073800621621622,5.8108108108108105,-0.5,0.7513966480446927,78.13765182186235,20.1,65.06049277424009
1055,Oliver Jensen,dk DEN,"MF,FW",Parma,it Serie A,23.0,2002.0,16,10,1000,11.1,1,0,1,1,0,0,2,0,1.2,1.2,0.1,1.3,11.0,29.0,28.0,0.09,0.12,1055,dk DEN,"MF,FW",it Serie A,23-301,2002.0,11.1,1,11,3,27.3,0.99,0.27,0.09,0.33,18.7,0.0,0,0,1.2,1.2,0.11,-0.2,-0.2,1055,dk DEN,"MF,FW",it Serie A,23-301,2002.0,11.1,230.0,296.0,77.7,3452.0,929.0,0,0.1,0.3,-0.1,5.0,20.0,6.0,0.0,29.0,1055,dk DEN,"MF,FW",it Serie A,23-301,2002.0,11.1,296.0,291.0,2.0,1.0,0.0,0.0,6,1.0,0.0,0.0,0.0,0.0,230.0,3.0,3.0,1055,dk DEN,"MF,FW",it Serie A,23-301,2002.0,11.1,14.0,1.26,12.0,0.0,0.0,1.0,1.0,0.0,1.0,0.09,1055,dk DEN,"MF,FW",it Serie A,23-301,2002.0,11.1,10.0,3,2.0,7.0,1.0,14.0,50.0,7.0,15.0,0.0,15.0,11,21.0,24.0,0.0,1055,dk DEN,"MF,FW",it Serie A,23-301,2002.0,11.1,413.0,26.0,92.0,199.0,128.0,13.0,413.0,16.0,2.0,12.5,12.0,75.0,192.0,1090.0,446.0,11.0,17.0,1.0,14.0,10.0,221.0,28.0,1314,dk DEN,"MF,FW",it Serie A,23-301,2002.0,16,1000,63,65.4,11.1,10,83.0,6,6,29.0,1,1.13,7,15,-8,-0.72,-0.89,10.9,13.6,-2.7,-0.24,1055,dk DEN,"MF,FW",it Serie A,23-301,2002.0,11.1,2,0,0,12,9,1,6,11,3,0.0,0.0,0,40.0,8.0,14.0,36.4,,,,,,,,,,,,,,,,,,,,,,,,,,,,,,,,,,,,,,,,,,,,,,,,,,,,,,Forward,0.0900900900900901,0.0,0.10810810810810811,0.009009009009009009,0.990990990990991,2.6126126126126126,2.5225225225225225,0.45045045045045046,0.9009009009009009,0.990990990990991,0.5405405405405406,17.2972972972973,-11.172633396396396,3.6036036036036037,-0.19999999999999996,0.3050847457627119,41.289198606271775,3.1,40.04771930773208
1058,Igor Jesus,br BRA,FW,Nott'ham Forest,eng Premier League,24.0,2001.0,19,12,1058,11.8,1,1,2,1,0,0,0,0,3.4,3.4,1.2,4.6,10.0,18.0,56.0,0.17,0.39,1058,br BRA,FW,eng Premier League,24-314,2001.0,11.8,1,38,7,18.4,3.23,0.6,0.03,0.14,12.0,0.0,0,0,3.4,3.4,0.09,-2.4,-2.4,1058,br BRA,FW,eng Premier League,24-314,2001.0,11.8,138.0,199.0,69.3,2035.0,364.0,1,1.2,0.8,-0.2,6.0,7.0,4.0,1.0,18.0,1058,br BRA,FW,eng Premier League,24-314,2001.0,11.8,199.0,193.0,3.0,2.0,0.0,1.0,6,0.0,0.0,0.0,0.0,0.0,138.0,3.0,10.0,1058,br BRA,FW,eng Premier League,24-314,2001.0,11.8,22.0,1.87,12.0,0.0,0.0,9.0,1.0,0.0,3.0,0.25,1058,br BRA,FW,eng Premier League,24-314,2001.0,11.8,12.0,6,1.0,6.0,5.0,11.0,63.6,4.0,2.0,1.0,1.0,1,13.0,16.0,0.0,1058,br BRA,FW,eng Premier League,24-314,2001.0,11.8,356.0,11.0,34.0,150.0,178.0,65.0,356.0,16.0,4.0,25.0,11.0,68.8,204.0,776.0,284.0,10.0,8.0,4.0,46.0,18.0,270.0,56.0,1317,br BRA,FW,eng Premier League,24-314,2001.0,19,1058,56,58.8,11.8,12,76.0,3,7,22.0,0,0.95,12,22,-10,-0.85,-0.37,14.7,18.1,-3.4,-0.29,1058,br BRA,FW,eng Premier League,24-314,2001.0,11.8,0,0,0,23,20,7,6,1,6,0.0,0.0,0,28.0,44.0,68.0,39.3,,,,,,,,,,,,,,,,,,,,,,,,,,,,,,,,,,,,,,,,,,,,,,,,,,,,,,Forward,0.0847457627118644,0.0847457627118644,0.28813559322033894,0.10169491525423728,0.847457627118644,1.5254237288135593,4.745762711864407,0.5084745762711864,1.0169491525423728,0.0847457627118644,0.3389830508474576,17.28813559322034,-11.963637440677966,2.3728813559322033,-2.4,0.5252808988764045,32.05574912891986,1.5,31.58201884622646
1060,Álex Jiménez,es ESP,"DF,FW",Bournemouth,eng Premier League,20.0,2005.0,16,12,1069,11.9,0,0,0,0,0,0,4,0,0.5,0.5,0.3,0.8,44.0,48.0,41.0,0.0,0.07,1060,es ESP,"DF,FW",eng Premier League,20-242,2005.0,11.9,0,10,1,10.0,0.84,0.08,0.0,0.0,20.6,0.0,0,0,0.5,0.5,0.05,-0.5,-0.5,1060,es ESP,"DF,FW",eng Premier League,20-242,2005.0,11.9,367.0,478.0,76.8,6265.0,2103.0,0,0.3,0.6,-0.3,4.0,39.0,16.0,5.0,48.0,1060,es ESP,"DF,FW",eng Premier League,20-242,2005.0,11.9,478.0,401.0,74.0,12.0,0.0,6.0,26,62.0,0.0,0.0,0.0,0.0,367.0,3.0,14.0,1060,es ESP,"DF,FW",eng Premier League,20-242,2005.0,11.9,18.0,1.52,14.0,1.0,1.0,2.0,0.0,0.0,3.0,0.25,1060,es ESP,"DF,FW",eng Premier League,20-242,2005.0,11.9,29.0,21,23.0,4.0,2.0,25.0,60.0,10.0,15.0,4.0,11.0,9,38.0,23.0,0.0,1060,es ESP,"DF,FW",eng Premier League,20-242,2005.0,11.9,600.0,37.0,186.0,260.0,168.0,19.0,600.0,36.0,18.0,50.0,13.0,36.1,324.0,2479.0,1494.0,44.0,21.0,9.0,18.0,7.0,335.0,41.0,1319,es ESP,"DF,FW",eng Premier League,20-242,2005.0,16,1069,67,59.4,11.9,12,80.0,6,4,29.0,1,1.06,21,25,-4,-0.34,0.03,19.5,21.1,-1.6,-0.14,1060,es ESP,"DF,FW",eng Premier League,20-242,2005.0,11.9,4,0,0,12,8,0,26,9,21,0.0,0.0,0,48.0,8.0,13.0,38.1,,,,,,,,,,,,,,,,,,,,,,,,,,,,,,,,,,,,,,,,,,,,,,,,,,,,,,Forward,0.0,0.0,0.04201680672268907,0.025210084033613443,3.6974789915966384,4.033613445378151,3.445378151260504,0.3361344537815126,2.436974789915966,0.7563025210084033,1.3445378151260503,27.22689075630252,-3.8170176386554635,7.73109243697479,-0.5,0.2533333333333333,91.81184668989548,75.6,52.28465073456462
1065,João Pedro,br BRA,"FW,MF",Chelsea,eng Premier League,24.0,2001.0,20,18,1509,16.8,6,3,9,6,0,0,2,0,6.5,6.5,2.8,9.3,39.0,57.0,99.0,0.54,0.56,1065,br BRA,"FW,MF",eng Premier League,24-101,2001.0,16.8,6,31,14,45.2,1.85,0.83,0.19,0.43,13.6,0.0,0,0,6.5,6.5,0.21,-0.5,-0.5,1065,br BRA,"FW,MF",eng Premier League,24-101,2001.0,16.8,341.0,446.0,76.5,4529.0,983.0,3,2.8,1.4,0.2,21.0,33.0,18.0,0.0,57.0,1065,br BRA,"FW,MF",eng Premier League,24-101,2001.0,16.8,446.0,428.0,16.0,1.0,9.0,1.0,11,2.0,0.0,0.0,0.0,0.0,341.0,2.0,9.0,1065,br BRA,"FW,MF",eng Premier League,24-101,2001.0,16.8,39.0,2.33,32.0,0.0,2.0,4.0,1.0,0.0,4.0,0.24,1065,br BRA,"FW,MF",eng Premier League,24-101,2001.0,16.8,15.0,11,2.0,8.0,5.0,6.0,50.0,3.0,12.0,3.0,9.0,5,20.0,19.0,0.0,1065,br BRA,"FW,MF",eng Premier League,24-101,2001.0,16.8,660.0,20.0,63.0,333.0,277.0,69.0,660.0,52.0,18.0,34.6,27.0,51.9,408.0,2117.0,1024.0,39.0,27.0,12.0,51.0,34.0,505.0,99.0,1324,br BRA,"FW,MF",eng Premier League,24-101,2001.0,20,1509,75,83.8,16.8,18,80.0,8,2,31.0,0,1.55,27,16,11,0.66,0.66,28.0,20.1,8.0,0.47,1065,br BRA,"FW,MF",eng Premier League,24-101,2001.0,16.8,2,0,0,21,34,8,11,5,11,0.0,0.0,0,48.0,42.0,38.0,52.5,,,,,,,,,,,,,,,,,,,,,,,,,,,,,,,,,,,,,,,,,,,,,,,,,,,,,,Forward,0.35714285714285715,0.17857142857142858,0.38690476190476186,0.16666666666666666,2.321428571428571,3.392857142857143,5.892857142857142,1.25,0.8928571428571428,0.2976190476190476,1.0714285714285714,24.285714285714285,-8.617002285714285,5.714285714285714,-0.5,0.353030303030303,64.28571428571429,25.4,51.26452494873548
1067,Jofre,es ESP,"FW,MF",Espanyol,es La Liga,24.0,2001.0,11,4,383,4.3,0,0,0,0,0,0,0,0,0.2,0.2,0.2,0.4,21.0,7.0,25.0,0.0,0.1,1067,es ESP,"FW,MF",es La Liga,24-202,2001.0,4.3,0,3,1,33.3,0.7,0.23,0.0,0.0,16.8,0.0,0,0,0.2,0.2,0.06,-0.2,-0.2,1067,es ESP,"FW,MF",es La Liga,24-202,2001.0,4.3,54.0,90.0,60.0,761.0,244.0,0,0.2,0.4,-0.2,4.0,2.0,5.0,3.0,7.0,1067,es ESP,"FW,MF",es La Liga,24-202,2001.0,4.3,90.0,90.0,0.0,0.0,0.0,0.0,13,0.0,0.0,0.0,0.0,0.0,54.0,0.0,6.0,1067,es ESP,"FW,MF",es La Liga,24-202,2001.0,4.3,10.0,2.35,7.0,0.0,1.0,0.0,2.0,0.0,0.0,0.0,1067,es ESP,"FW,MF",es La Liga,24-202,2001.0,4.3,6.0,4,2.0,2.0,2.0,4.0,50.0,2.0,2.0,0.0,2.0,2,8.0,6.0,0.0,1067,es ESP,"FW,MF",es La Liga,24-202,2001.0,4.3,143.0,8.0,24.0,64.0,60.0,10.0,143.0,17.0,6.0,35.3,9.0,52.9,95.0,807.0,503.0,21.0,8.0,6.0,14.0,4.0,89.0,25.0,1326,es ESP,"FW,MF",es La Liga,24-202,2001.0,11,383,35,23.6,4.3,4,56.0,0,7,23.0,7,1.73,4,6,-2,-0.47,-0.83,3.2,5.0,-1.8,-0.42,1067,es ESP,"FW,MF",es La Liga,24-202,2001.0,4.3,0,0,0,7,12,1,13,2,4,0.0,0.0,0,21.0,2.0,5.0,28.6,,,,,,,,,,,,,,,,,,,,,,,,,,,,,,,,,,,,,,,,,,,,,,,,,,,,,,Forward,0.0,0.0,0.04651162790697675,0.04651162790697675,4.883720930232558,1.627906976744186,5.813953488372094,0.9302325581395349,1.3953488372093024,0.46511627906976744,1.1627906976744187,22.093023255813954,-3.604239302325583,6.511627906976744,-0.2,1.6433566433566433,92.33449477351915,33.3,69.26818812717116
1069,Ísak Jóhannesson,is ISL,MF,Köln,de Bundesliga,22.0,2003.0,15,12,1020,11.3,1,0,1,1,0,0,3,0,0.7,0.7,1.2,1.8,15.0,54.0,35.0,0.09,0.16,1069,is ISL,MF,de Bundesliga,22-288,2003.0,11.3,1,5,1,20.0,0.44,0.09,0.2,1.0,21.8,3.0,0,0,0.7,0.7,0.13,0.3,0.3,1069,is ISL,MF,de Bundesliga,22-288,2003.0,11.3,445.0,554.0,80.3,8728.0,2410.0,0,1.2,2.4,-1.2,15.0,50.0,17.0,5.0,54.0,1069,is ISL,MF,de Bundesliga,22-288,2003.0,11.3,554.0,484.0,67.0,22.0,3.0,4.0,47,5.0,27.0,11.0,14.0,0.0,445.0,3.0,6.0,1069,is ISL,MF,de Bundesliga,22-288,2003.0,11.3,38.0,3.36,29.0,8.0,0.0,0.0,1.0,0.0,4.0,0.35,1069,is ISL,MF,de Bundesliga,22-288,2003.0,11.3,14.0,7,7.0,5.0,2.0,18.0,44.4,10.0,5.0,2.0,3.0,2,16.0,12.0,0.0,1069,is ISL,MF,de Bundesliga,22-288,2003.0,11.3,613.0,15.0,105.0,355.0,154.0,17.0,613.0,3.0,2.0,66.7,1.0,33.3,358.0,1856.0,810.0,15.0,10.0,3.0,9.0,6.0,417.0,35.0,1328,is ISL,MF,de Bundesliga,22-288,2003.0,15,1020,68,75.6,11.3,12,79.0,5,3,25.0,0,1.07,15,19,-4,-0.35,-0.9,13.3,18.8,-5.5,-0.48,1069,is ISL,MF,de Bundesliga,22-288,2003.0,11.3,3,0,0,7,2,0,47,2,7,0.0,0.0,0,38.0,3.0,8.0,27.3,,,,,,,,,,,,,,,,,,,,,,,,,,,,,,,,,,,,,,,,,,,,,,,,,,,,,,Midfielder,0.08849557522123894,0.0,0.06194690265486725,0.10619469026548671,1.327433628318584,4.778761061946902,3.0973451327433628,1.327433628318584,1.238938053097345,0.17699115044247787,1.5044247787610618,31.68141592920354,-1.3596137256637189,6.106194690265486,0.30000000000000004,0.5481239804241436,82.99595141700405,29.9,63.89218738799388
1072,Brennan Johnson,wls WAL,"FW,MF",Tottenham,eng Premier League,24.0,2001.0,16,6,610,6.8,2,0,2,2,0,0,2,0,1.0,1.0,0.4,1.4,17.0,12.0,40.0,0.3,0.21,1072,wls WAL,"FW,MF",eng Premier League,24-227,2001.0,6.8,2,6,2,33.3,0.89,0.3,0.33,1.0,17.1,0.0,0,0,1.0,1.0,0.17,1.0,1.0,1072,wls WAL,"FW,MF",eng Premier League,24-227,2001.0,6.8,106.0,166.0,63.9,1682.0,323.0,0,0.4,0.3,-0.4,6.0,7.0,4.0,3.0,12.0,1072,wls WAL,"FW,MF",eng Premier League,24-227,2001.0,6.8,166.0,162.0,4.0,1.0,0.0,2.0,23,3.0,0.0,0.0,0.0,0.0,106.0,0.0,5.0,1072,wls WAL,"FW,MF",eng Premier League,24-227,2001.0,6.8,12.0,1.77,9.0,0.0,2.0,1.0,0.0,0.0,1.0,0.15,1072,wls WAL,"FW,MF",eng Premier League,24-227,2001.0,6.8,13.0,9,6.0,6.0,1.0,6.0,50.0,3.0,5.0,1.0,4.0,2,15.0,17.0,1.0,1072,wls WAL,"FW,MF",eng Premier League,24-227,2001.0,6.8,240.0,14.0,44.0,84.0,115.0,20.0,240.0,11.0,3.0,27.3,7.0,63.6,120.0,789.0,402.0,17.0,7.0,6.0,13.0,3.0,149.0,40.0,1331,wls WAL,"FW,MF",eng Premier League,24-227,2001.0,16,610,38,33.9,6.8,6,77.0,1,10,15.0,2,1.38,13,5,8,1.18,1.48,7.4,10.1,-2.7,-0.4,1072,wls WAL,"FW,MF",eng Premier League,24-227,2001.0,6.8,2,0,0,2,4,8,23,2,9,0.0,0.0,0,13.0,4.0,3.0,57.1,,,,,,,,,,,,,,,,,,,,,,,,,,,,,,,,,,,,,,,,,,,,,,,,,,,,,,Forward,0.29411764705882354,0.0,0.14705882352941177,0.05882352941176471,2.5,1.7647058823529411,5.882352941176471,0.8823529411764706,1.911764705882353,0.29411764705882354,0.5882352941176471,17.647058823529413,-8.514781588235294,4.264705882352941,1.0,0.7375,65.6794425087108,15.8,56.7179987121855
1076,Curtis Jones,eng ENG,MF,Liverpool,eng Premier League,24.0,2001.0,18,9,972,10.8,0,0,0,0,0,0,1,0,0.8,0.8,1.0,1.8,33.0,105.0,37.0,0.0,0.17,1076,eng ENG,MF,eng Premier League,24-340,2001.0,10.8,0,11,4,36.4,1.02,0.37,0.0,0.0,20.1,0.0,0,0,0.8,0.8,0.08,-0.8,-0.8,1076,eng ENG,MF,eng Premier League,24-340,2001.0,10.8,816.0,890.0,91.7,12698.0,3735.0,0,1.0,1.9,-1.0,13.0,98.0,20.0,1.0,105.0,1076,eng ENG,MF,eng Premier League,24-340,2001.0,10.8,890.0,856.0,32.0,10.0,8.0,3.0,6,11.0,2.0,0.0,0.0,0.0,816.0,2.0,4.0,1076,eng ENG,MF,eng Premier League,24-340,2001.0,10.8,33.0,3.06,28.0,1.0,0.0,1.0,2.0,1.0,3.0,0.28,1076,eng ENG,MF,eng Premier League,24-340,2001.0,10.8,19.0,13,6.0,10.0,3.0,18.0,61.1,7.0,7.0,3.0,4.0,5,24.0,9.0,1.0,1076,eng ENG,MF,eng Premier League,24-340,2001.0,10.8,972.0,14.0,145.0,573.0,261.0,16.0,972.0,21.0,14.0,66.7,6.0,28.6,739.0,3594.0,1653.0,33.0,29.0,5.0,16.0,10.0,810.0,37.0,1335,eng ENG,MF,eng Premier League,24-340,2001.0,18,972,54,54.0,10.8,9,83.0,4,9,25.0,0,1.56,21,18,3,0.28,0.17,17.9,14.7,3.1,0.29,1076,eng ENG,MF,eng Premier League,24-340,2001.0,10.8,1,0,0,7,15,0,6,5,13,0.0,0.0,0,69.0,7.0,12.0,36.8,,,,,,,,,,,,,,,,,,,,,,,,,,,,,,,,,,,,,,,,,,,,,,,,,,,,,,Midfielder,0.0,0.0,0.07407407407407407,0.09259259259259259,3.0555555555555554,9.722222222222221,3.4259259259259256,1.2037037037037037,1.759259259259259,0.4629629629629629,1.8518518518518516,68.42592592592592,5.201138074074073,12.777777777777777,-0.8,0.3148148148148148,99.46018893387314,92.6,51.64080422319478
1080,Mateo Joseph,es ESP,"FW,MF",Mallorca,es La Liga,22.0,2003.0,17,12,1082,12.0,2,1,3,2,0,0,2,0,3.5,3.5,0.7,4.2,16.0,11.0,57.0,0.25,0.35,1080,es ESP,"FW,MF",es La Liga,22-078,2003.0,12.0,2,22,8,36.4,1.83,0.67,0.09,0.25,14.3,0.0,0,0,3.5,3.5,0.16,-1.5,-1.5,1080,es ESP,"FW,MF",es La Liga,22-078,2003.0,12.0,159.0,201.0,79.1,2070.0,374.0,1,0.7,0.3,0.3,7.0,4.0,3.0,1.0,11.0,1080,es ESP,"FW,MF",es La Liga,22-078,2003.0,12.0,201.0,197.0,3.0,1.0,0.0,0.0,10,0.0,0.0,0.0,0.0,0.0,159.0,1.0,4.0,1080,es ESP,"FW,MF",es La Liga,22-078,2003.0,12.0,22.0,1.83,17.0,0.0,2.0,1.0,2.0,0.0,3.0,0.25,1080,es ESP,"FW,MF",es La Liga,22-078,2003.0,12.0,16.0,11,7.0,7.0,2.0,14.0,35.7,9.0,16.0,3.0,13.0,7,23.0,12.0,0.0,1080,es ESP,"FW,MF",es La Liga,22-078,2003.0,12.0,357.0,12.0,60.0,137.0,168.0,36.0,357.0,26.0,9.0,34.6,13.0,50.0,200.0,1075.0,450.0,16.0,12.0,5.0,35.0,20.0,226.0,57.0,1341,es ESP,"FW,MF",es La Liga,22-078,2003.0,17,1082,64,66.8,12.0,12,78.0,2,5,30.0,1,1.0,13,16,-3,-0.25,0.25,12.9,17.5,-4.6,-0.38,1080,es ESP,"FW,MF",es La Liga,22-078,2003.0,12.0,2,0,0,12,17,3,10,7,11,1.0,0.0,0,38.0,6.0,32.0,15.8,,,,,,,,,,,,,,,,,,,,,,,,,,,,,,,,,,,,,,,,,,,,,,,,,,,,,,Forward,0.16666666666666666,0.08333333333333333,0.2916666666666667,0.05833333333333333,1.3333333333333333,0.9166666666666666,4.75,0.5833333333333334,1.3333333333333333,0.5833333333333334,0.25,16.666666666666668,-9.822740666666666,2.25,-1.5,0.5126050420168067,52.264808362369344,6.7,48.982950667637624
1083,Abdulai Juma Bah,sl SLE,DF,Nice,fr Ligue 1,19.0,2006.0,13,11,990,11.0,0,0,0,0,0,0,4,0,0.6,0.6,0.4,0.9,2.0,19.0,2.0,0.0,0.09,1083,sl SLE,DF,fr Ligue 1,19-269,2006.0,11.0,0,5,1,20.0,0.45,0.09,0.0,0.0,9.0,0.0,0,0,0.6,0.6,0.12,-0.6,-0.6,1083,sl SLE,DF,fr Ligue 1,19-269,2006.0,11.0,593.0,629.0,94.3,10549.0,3519.0,0,0.4,0.6,-0.4,3.0,15.0,0.0,0.0,19.0,1083,sl SLE,DF,fr Ligue 1,19-269,2006.0,11.0,629.0,601.0,28.0,19.0,0.0,1.0,0,1.0,0.0,0.0,0.0,0.0,593.0,0.0,1.0,1083,sl SLE,DF,fr Ligue 1,19-269,2006.0,11.0,9.0,0.82,8.0,0.0,0.0,1.0,0.0,0.0,0.0,0.0,1083,sl SLE,DF,fr Ligue 1,19-269,2006.0,11.0,12.0,6,6.0,5.0,1.0,10.0,40.0,6.0,17.0,13.0,4.0,11,23.0,73.0,0.0,1083,sl SLE,DF,fr Ligue 1,19-269,2006.0,11.0,758.0,117.0,374.0,361.0,25.0,14.0,758.0,7.0,7.0,100.0,0.0,0.0,469.0,2206.0,1062.0,2.0,2.0,0.0,5.0,2.0,503.0,2.0,1346,sl SLE,DF,fr Ligue 1,19-269,2006.0,13,990,76,64.7,11.0,11,86.0,10,2,23.0,3,1.23,11,20,-9,-0.82,-0.65,14.9,19.1,-4.2,-0.38,1083,sl SLE,DF,fr Ligue 1,19-269,2006.0,11.0,4,0,0,15,4,1,0,11,6,0.0,1.0,0,52.0,29.0,21.0,58.0,,,,,,,,,,,,,,,,,,,,,,,,,,,,,,,,,,,,,,,,,,,,,,,,,,,,,,Defender,0.0,0.0,0.05454545454545454,0.03636363636363637,0.18181818181818182,1.7272727272727273,0.18181818181818182,0.2727272727272727,1.0909090909090908,1.0,0.0,42.63636363636363,-5.981636363636362,1.9090909090909092,-0.6,0.10817941952506595,43.6077057793345,3.5,42.13304906215894
1085,Eli Junior Kroupi,fr FRA,"FW,MF",Bournemouth,eng Premier League,19.0,2006.0,15,6,513,5.7,6,0,6,6,0,0,2,0,2.8,2.8,0.4,3.3,6.0,4.0,33.0,1.05,0.57,1085,fr FRA,"FW,MF",eng Premier League,19-196,2006.0,5.7,6,17,10,58.8,2.98,1.75,0.35,0.6,16.7,0.0,0,0,2.8,2.8,0.17,3.2,3.2,1085,fr FRA,"FW,MF",eng Premier League,19-196,2006.0,5.7,87.0,134.0,64.9,1159.0,156.0,0,0.4,0.2,-0.4,5.0,2.0,0.0,0.0,4.0,1085,fr FRA,"FW,MF",eng Premier League,19-196,2006.0,5.7,134.0,124.0,10.0,0.0,0.0,0.0,4,1.0,0.0,0.0,0.0,0.0,87.0,0.0,6.0,1085,fr FRA,"FW,MF",eng Premier League,19-196,2006.0,5.7,8.0,1.4,7.0,0.0,0.0,0.0,0.0,1.0,1.0,0.18,1085,fr FRA,"FW,MF",eng Premier League,19-196,2006.0,5.7,5.0,3,0.0,1.0,4.0,3.0,33.3,2.0,4.0,0.0,4.0,3,8.0,9.0,0.0,1085,fr FRA,"FW,MF",eng Premier League,19-196,2006.0,5.7,205.0,11.0,30.0,74.0,104.0,31.0,205.0,7.0,5.0,71.4,1.0,14.3,109.0,396.0,157.0,6.0,3.0,3.0,17.0,7.0,127.0,33.0,1348,fr FRA,"FW,MF",eng Premier League,19-196,2006.0,15,513,34,28.5,5.7,6,66.0,0,9,13.0,5,0.93,11,14,-3,-0.53,-0.25,8.2,9.8,-1.6,-0.28,1085,fr FRA,"FW,MF",eng Premier League,19-196,2006.0,5.7,2,0,0,6,4,3,4,3,3,0.0,0.0,0,21.0,3.0,6.0,33.3,,,,,,,,,,,,,,,,,,,,,,,,,,,,,,,,,,,,,,,,,,,,,,,,,,,,,,Forward,1.0526315789473684,0.0,0.49122807017543857,0.07017543859649122,1.0526315789473684,0.7017543859649122,5.7894736842105265,0.8771929824561403,0.8771929824561403,0.5263157894736842,0.0,19.12280701754386,-8.140675192982457,1.7543859649122806,3.2,0.6829268292682927,69.33797909407666,32.1,52.489007641238956
1086,Luiz Lúcio Reis Júnior,br BRA,GK,Villarreal,es La Liga,24.0,2001.0,14,14,1260,14.0,0,0,0,0,0,0,3,0,0.0,0.0,0.0,0.0,0.0,1.0,0.0,0.0,0.0,1086,br BRA,GK,es La Liga,24-356,2001.0,14.0,0,0,0,,0.0,0.0,,,,0.0,0,0,0.0,0.0,,0.0,0.0,1086,br BRA,GK,es La Liga,24-356,2001.0,14.0,270.0,354.0,76.3,6263.0,4265.0,0,0.0,0.0,0.0,0.0,6.0,0.0,0.0,1.0,1086,br BRA,GK,es La Liga,24-356,2001.0,14.0,354.0,279.0,75.0,15.0,0.0,0.0,0,0.0,0.0,0.0,0.0,0.0,270.0,0.0,0.0,1086,br BRA,GK,es La Liga,24-356,2001.0,14.0,2.0,0.14,2.0,0.0,0.0,0.0,0.0,0.0,1.0,0.07,1086,br BRA,GK,es La Liga,24-356,2001.0,14.0,0.0,0,0.0,0.0,0.0,0.0,,0.0,0.0,0.0,0.0,0,0.0,14.0,1.0,1086,br BRA,GK,es La Liga,24-356,2001.0,14.0,392.0,330.0,387.0,5.0,0.0,0.0,392.0,0.0,0.0,,0.0,,235.0,1047.0,619.0,0.0,0.0,0.0,0.0,0.0,183.0,0.0,1349,br BRA,GK,es La Liga,24-356,2001.0,14,1260,90,82.4,14.0,14,90.0,14,0,,3,2.43,29,10,19,1.36,1.69,24.7,14.6,10.1,0.72,1086,br BRA,GK,es La Liga,24-356,2001.0,14.0,3,0,0,1,1,0,0,0,0,0.0,1.0,0,24.0,4.0,1.0,80.0,57.0,br BRA,GK,es La Liga,24-356,2001.0,14.0,14.0,1260.0,14.0,10.0,0.71,43.0,32.0,81.4,11.0,1.0,2.0,7.0,50.0,3.0,2.0,1.0,0.0,57.0,br BRA,GK,es La Liga,24-356,2001.0,14.0,10.0,2.0,1.0,0.0,0.0,11.9,0.22,1.9,0.14,30.0,110.0,27.3,294.0,70.0,28.2,29.7,189.0,16.0,8.5,18.0,1.29,12.9,Goalkeeper,0.0,0.0,0.0,0.0,0.0,0.07142857142857142,0.0,0.0,0.0,0.0,0.0,16.785714285714285,-12.0,0.07142857142857142,0.0,0.03571428571428572,85.03937007874016,21.0,70.28047113945468
1095,Mohamed Kaba,fr FRA,"MF,FW",Lecce,it Serie A,24.0,2001.0,12,3,447,5.0,0,0,0,0,0,0,0,0,0.5,0.5,0.0,0.5,8.0,21.0,23.0,0.0,0.1,1095,fr FRA,"MF,FW",it Serie A,24-070,2001.0,5.0,0,9,4,44.4,1.81,0.81,0.0,0.0,21.2,0.0,0,0,0.5,0.5,0.05,-0.5,-0.5,1095,fr FRA,"MF,FW",it Serie A,24-070,2001.0,5.0,109.0,153.0,71.2,1627.0,508.0,0,0.0,0.2,0.0,2.0,12.0,1.0,0.0,21.0,1095,fr FRA,"MF,FW",it Serie A,24-070,2001.0,5.0,153.0,147.0,4.0,3.0,0.0,3.0,7,0.0,0.0,0.0,0.0,0.0,109.0,2.0,2.0,1095,fr FRA,"MF,FW",it Serie A,24-070,2001.0,5.0,13.0,2.62,8.0,0.0,2.0,0.0,2.0,1.0,0.0,0.0,1095,fr FRA,"MF,FW",it Serie A,24-070,2001.0,5.0,9.0,5,2.0,5.0,2.0,9.0,55.6,4.0,6.0,2.0,4.0,2,11.0,6.0,0.0,1095,fr FRA,"MF,FW",it Serie A,24-070,2001.0,5.0,213.0,7.0,26.0,116.0,79.0,15.0,213.0,15.0,7.0,46.7,4.0,26.7,117.0,641.0,290.0,8.0,5.0,3.0,15.0,12.0,147.0,23.0,1358,fr FRA,"MF,FW",it Serie A,24-070,2001.0,12,447,37,29.2,5.0,3,81.0,2,9,23.0,4,1.25,2,7,-5,-1.01,-0.51,4.0,8.9,-5.0,-1.0,1095,fr FRA,"MF,FW",it Serie A,24-070,2001.0,5.0,0,0,0,9,14,0,7,2,5,0.0,1.0,0,18.0,11.0,9.0,55.0,,,,,,,,,,,,,,,,,,,,,,,,,,,,,,,,,,,,,,,,,,,,,,,,,,,,,,Forward,0.0,0.0,0.1,0.0,1.6,4.2,4.6,0.4,1.8,0.4,0.2,23.4,-10.993295999999999,5.8,-0.5,1.2300469483568075,43.031358885017426,2.3,42.063889428169524
1098,Anton Kade,de GER,"DF,MF",Augsburg,de Bundesliga,21.0,2004.0,10,7,669,7.4,2,0,2,2,0,0,2,0,1.9,1.9,1.2,3.1,11.0,25.0,42.0,0.27,0.42,1098,de GER,"DF,MF",de Bundesliga,21-353,2004.0,7.4,2,15,7,46.7,2.02,0.94,0.13,0.29,15.3,0.0,0,0,1.9,1.9,0.13,0.1,0.1,1098,de GER,"DF,MF",de Bundesliga,21-353,2004.0,7.4,173.0,239.0,72.4,2636.0,760.0,0,1.2,0.7,-1.2,12.0,14.0,6.0,1.0,25.0,1098,de GER,"DF,MF",de Bundesliga,21-353,2004.0,7.4,239.0,212.0,26.0,1.0,0.0,0.0,13,25.0,0.0,0.0,0.0,0.0,173.0,1.0,10.0,1098,de GER,"DF,MF",de Bundesliga,21-353,2004.0,7.4,20.0,2.69,15.0,0.0,0.0,4.0,1.0,0.0,1.0,0.13,1098,de GER,"DF,MF",de Bundesliga,21-353,2004.0,7.4,10.0,5,5.0,1.0,4.0,13.0,30.8,9.0,13.0,1.0,12.0,4,14.0,10.0,0.0,1098,de GER,"DF,MF",de Bundesliga,21-353,2004.0,7.4,335.0,12.0,60.0,121.0,162.0,37.0,335.0,13.0,7.0,53.8,5.0,38.5,144.0,942.0,484.0,11.0,10.0,3.0,19.0,5.0,186.0,42.0,1362,de GER,"DF,MF",de Bundesliga,21-353,2004.0,10,669,67,49.6,7.4,7,85.0,2,3,25.0,0,1.0,7,14,-7,-0.94,-0.41,9.2,12.4,-3.3,-0.44,1098,de GER,"DF,MF",de Bundesliga,21-353,2004.0,7.4,2,0,0,5,6,8,13,4,5,1.0,0.0,0,25.0,20.0,19.0,51.3,,,,,,,,,,,,,,,,,,,,,,,,,,,,,,,,,,,,,,,,,,,,,,,,,,,,,,Midfielder,0.27027027027027023,0.0,0.25675675675675674,0.16216216216216214,1.4864864864864864,3.378378378378378,5.675675675675675,1.6216216216216215,1.3513513513513513,0.5405405405405405,0.8108108108108107,19.45945945945946,-2.1648629459459467,4.864864864864865,0.10000000000000009,0.8029850746268656,76.92307692307693,23.7,62.18518748834028
1112,Jakub Kamiński,pl POL,"MF,FW",Köln,de Bundesliga,23.0,2002.0,15,15,1345,14.9,5,1,6,5,0,0,0,0,2.9,2.9,2.6,5.6,32.0,47.0,77.0,0.4,0.37,1112,pl POL,"MF,FW",de Bundesliga,23-214,2002.0,14.9,5,28,11,39.3,1.87,0.74,0.18,0.45,16.9,2.0,0,0,2.9,2.9,0.1,2.1,2.1,1112,pl POL,"MF,FW",de Bundesliga,23-214,2002.0,14.9,385.0,502.0,76.7,6184.0,1508.0,1,2.6,2.4,-1.6,23.0,26.0,9.0,5.0,47.0,1112,pl POL,"MF,FW",de Bundesliga,23-214,2002.0,14.9,502.0,428.0,70.0,9.0,5.0,4.0,42,38.0,19.0,13.0,5.0,0.0,385.0,4.0,8.0,1112,pl POL,"MF,FW",de Bundesliga,23-214,2002.0,14.9,46.0,3.08,31.0,5.0,2.0,6.0,2.0,0.0,1.0,0.07,1112,pl POL,"MF,FW",de Bundesliga,23-214,2002.0,14.9,20.0,14,10.0,8.0,2.0,21.0,38.1,13.0,12.0,3.0,9.0,9,29.0,23.0,0.0,1112,pl POL,"MF,FW",de Bundesliga,23-214,2002.0,14.9,648.0,26.0,126.0,267.0,263.0,47.0,648.0,18.0,8.0,44.4,9.0,50.0,336.0,1990.0,978.0,32.0,20.0,12.0,25.0,15.0,389.0,77.0,1378,pl POL,"MF,FW",de Bundesliga,23-214,2002.0,15,1345,90,99.6,14.9,15,90.0,14,0,,0,1.07,22,23,-1,-0.07,17.93,20.6,23.3,-2.8,-0.19,1112,pl POL,"MF,FW",de Bundesliga,23-214,2002.0,14.9,0,0,0,5,12,4,42,9,14,0.0,0.0,0,57.0,4.0,13.0,23.5,,,,,,,,,,,,,,,,,,,,,,,,,,,,,,,,,,,,,,,,,,,,,,,,,,,,,,Forward,0.33557046979865773,0.06711409395973154,0.19463087248322147,0.174496644295302,2.1476510067114094,3.1543624161073827,5.167785234899329,1.5436241610738255,1.342281879194631,0.6040268456375839,0.6040268456375839,22.550335570469798,-8.990723617449664,5.302013422818792,2.1,0.47530864197530864,60.97560975609756,13.2,53.86537964319572
1115,Lee Kang-in,kr KOR,"MF,FW",Paris S-G,fr Ligue 1,24.0,2001.0,14,11,863,9.6,1,2,3,1,0,0,2,0,1.6,1.6,2.0,3.6,19.0,73.0,74.0,0.31,0.38,1115,kr KOR,"MF,FW",fr Ligue 1,24-320,2001.0,9.6,1,27,8,29.6,2.82,0.83,0.04,0.13,22.3,2.0,0,0,1.6,1.6,0.06,-0.6,-0.6,1115,kr KOR,"MF,FW",fr Ligue 1,24-320,2001.0,9.6,568.0,646.0,87.9,9775.0,2404.0,2,2.0,2.4,0.0,26.0,57.0,20.0,7.0,73.0,1115,kr KOR,"MF,FW",fr Ligue 1,24-320,2001.0,9.6,646.0,592.0,52.0,9.0,4.0,15.0,48,5.0,35.0,10.0,8.0,0.0,568.0,2.0,3.0,1115,kr KOR,"MF,FW",fr Ligue 1,24-320,2001.0,9.6,49.0,5.11,35.0,8.0,2.0,2.0,2.0,0.0,7.0,0.73,1115,kr KOR,"MF,FW",fr Ligue 1,24-320,2001.0,9.6,9.0,3,3.0,5.0,1.0,12.0,50.0,6.0,5.0,1.0,4.0,2,11.0,3.0,3.0,1115,kr KOR,"MF,FW",fr Ligue 1,24-320,2001.0,9.6,740.0,7.0,74.0,337.0,331.0,29.0,740.0,23.0,10.0,43.5,12.0,52.2,495.0,2515.0,1011.0,19.0,26.0,6.0,18.0,8.0,602.0,74.0,1381,kr KOR,"MF,FW",fr Ligue 1,24-320,2001.0,14,863,62,56.4,9.6,11,73.0,4,3,21.0,1,2.29,20,8,12,1.25,-0.1,16.2,9.3,6.9,0.72,1115,kr KOR,"MF,FW",fr Ligue 1,24-320,2001.0,9.6,2,0,0,12,11,2,48,2,3,0.0,1.0,0,36.0,3.0,4.0,42.9,,,,,,,,,,,,,,,,,,,,,,,,,,,,,,,,,,,,,,,,,,,,,,,,,,,,,,Forward,0.10416666666666667,0.20833333333333334,0.16666666666666669,0.20833333333333334,1.9791666666666667,7.604166666666667,7.708333333333334,2.7083333333333335,0.9375,0.20833333333333334,2.0833333333333335,51.5625,-11.326363083333334,9.583333333333334,-0.6000000000000001,0.6905405405405406,40.243902439024396,15.0,34.99469777306469
1117,Adam Karabec,cz CZE,FW,Lyon,fr Ligue 1,22.0,2003.0,15,9,768,8.5,1,0,1,1,0,0,2,0,1.6,1.6,1.1,2.7,20.0,26.0,64.0,0.12,0.32,1117,cz CZE,FW,fr Ligue 1,22-187,2003.0,8.5,1,8,4,50.0,0.94,0.47,0.13,0.25,14.6,0.0,0,0,1.6,1.6,0.2,-0.6,-0.6,1117,cz CZE,FW,fr Ligue 1,22-187,2003.0,8.5,199.0,293.0,67.9,3362.0,962.0,0,1.1,1.4,-1.1,15.0,14.0,13.0,5.0,26.0,1117,cz CZE,FW,fr Ligue 1,22-187,2003.0,8.5,293.0,242.0,50.0,17.0,1.0,3.0,64,5.0,28.0,16.0,10.0,0.0,199.0,1.0,8.0,1117,cz CZE,FW,fr Ligue 1,22-187,2003.0,8.5,22.0,2.58,11.0,7.0,3.0,1.0,0.0,0.0,2.0,0.23,1117,cz CZE,FW,fr Ligue 1,22-187,2003.0,8.5,4.0,3,2.0,1.0,1.0,5.0,0.0,5.0,6.0,1.0,5.0,1,5.0,1.0,1.0,1117,cz CZE,FW,fr Ligue 1,22-187,2003.0,8.5,347.0,1.0,33.0,118.0,197.0,20.0,347.0,20.0,10.0,50.0,8.0,40.0,191.0,991.0,472.0,20.0,15.0,7.0,17.0,4.0,257.0,64.0,1384,cz CZE,FW,fr Ligue 1,22-187,2003.0,15,768,51,50.2,8.5,9,77.0,0,6,13.0,2,1.93,11,6,5,0.59,0.23,15.1,7.8,7.3,0.85,1117,cz CZE,FW,fr Ligue 1,22-187,2003.0,8.5,2,0,0,12,17,2,64,1,3,0.0,0.0,0,15.0,5.0,4.0,55.6,,,,,,,,,,,,,,,,,,,,,,,,,,,,,,,,,,,,,,,,,,,,,,,,,,,,,,Forward,0.11764705882352941,0.0,0.18823529411764706,0.12941176470588237,2.3529411764705883,3.0588235294117645,7.529411764705882,1.7647058823529411,0.47058823529411764,0.11764705882352941,1.5294117647058822,22.470588235294116,-7.948896411764706,5.411764705882353,-0.6000000000000001,0.7435158501440923,71.0801393728223,15.1,61.75511674441555
1119,Dermane Karim,tg TOG,"MF,FW",Lorient,fr Ligue 1,22.0,2003.0,15,9,786,8.7,0,1,1,0,0,0,3,0,0.7,0.7,1.4,2.1,29.0,33.0,47.0,0.11,0.24,1119,tg TOG,"MF,FW",fr Ligue 1,22-029,2003.0,8.7,0,9,1,11.1,1.03,0.11,0.0,0.0,17.6,0.0,0,0,0.7,0.7,0.08,-0.7,-0.7,1119,tg TOG,"MF,FW",fr Ligue 1,22-029,2003.0,8.7,254.0,310.0,81.9,3917.0,968.0,1,1.4,0.5,-0.4,8.0,22.0,3.0,0.0,33.0,1119,tg TOG,"MF,FW",fr Ligue 1,22-029,2003.0,8.7,310.0,295.0,13.0,5.0,1.0,0.0,9,5.0,1.0,0.0,0.0,0.0,254.0,2.0,8.0,1119,tg TOG,"MF,FW",fr Ligue 1,22-029,2003.0,8.7,29.0,3.32,20.0,3.0,0.0,1.0,5.0,0.0,3.0,0.34,1119,tg TOG,"MF,FW",fr Ligue 1,22-029,2003.0,8.7,16.0,11,8.0,7.0,1.0,14.0,50.0,7.0,6.0,2.0,4.0,6,22.0,4.0,0.0,1119,tg TOG,"MF,FW",fr Ligue 1,22-029,2003.0,8.7,397.0,5.0,77.0,187.0,146.0,16.0,397.0,22.0,8.0,36.4,10.0,45.5,283.0,1936.0,955.0,29.0,21.0,5.0,23.0,17.0,297.0,47.0,1386,tg TOG,"MF,FW",fr Ligue 1,22-029,2003.0,15,786,52,51.4,8.7,9,73.0,2,6,22.0,0,1.2,8,15,-7,-0.8,-0.56,10.6,13.9,-3.3,-0.37,1119,tg TOG,"MF,FW",fr Ligue 1,22-029,2003.0,8.7,3,0,0,12,21,0,9,6,11,1.0,0.0,0,43.0,1.0,14.0,6.7,,,,,,,,,,,,,,,,,,,,,,,,,,,,,,,,,,,,,,,,,,,,,,,,,,,,,,Forward,0.0,0.1149425287356322,0.08045977011494253,0.16091954022988506,3.3333333333333335,3.7931034482758625,5.402298850574713,0.9195402298850576,1.8390804597701151,0.6896551724137931,0.3448275862068966,32.52873563218391,-6.330930459770115,7.126436781609196,-0.7,0.836272040302267,81.3588850174216,24.2,65.506348645267
1120,Lennart Karl,de GER,"MF,FW",Bayern Munich,de Bundesliga,17.0,2008.0,13,6,548,6.1,3,2,5,3,0,0,0,0,3.6,3.6,1.7,5.2,20.0,33.0,92.0,0.82,0.86,1120,de GER,"MF,FW",de Bundesliga,17-317,2008.0,6.1,3,23,10,43.5,3.78,1.64,0.13,0.3,18.2,0.0,0,0,3.6,3.6,0.16,-0.6,-0.6,1120,de GER,"MF,FW",de Bundesliga,17-317,2008.0,6.1,359.0,419.0,85.7,5568.0,807.0,2,1.7,2.1,0.3,13.0,18.0,16.0,1.0,33.0,1120,de GER,"MF,FW",de Bundesliga,17-317,2008.0,6.1,419.0,404.0,12.0,3.0,2.0,4.0,16,6.0,3.0,0.0,0.0,1.0,359.0,3.0,6.0,1120,de GER,"MF,FW",de Bundesliga,17-317,2008.0,6.1,34.0,5.59,26.0,3.0,0.0,1.0,3.0,1.0,5.0,0.82,1120,de GER,"MF,FW",de Bundesliga,17-317,2008.0,6.1,11.0,7,4.0,1.0,6.0,9.0,44.4,5.0,5.0,0.0,5.0,8,19.0,0.0,1.0,1120,de GER,"MF,FW",de Bundesliga,17-317,2008.0,6.1,510.0,2.0,25.0,203.0,283.0,47.0,510.0,33.0,10.0,30.3,19.0,57.6,360.0,1659.0,668.0,20.0,7.0,13.0,18.0,9.0,429.0,92.0,1387,de GER,"MF,FW",de Bundesliga,17-317,2008.0,13,548,42,40.6,6.1,6,68.0,1,7,20.0,2,2.69,23,6,17,2.79,-0.24,18.4,3.6,14.9,2.45,1120,de GER,"MF,FW",de Bundesliga,17-317,2008.0,6.1,0,0,0,3,8,2,16,8,7,0.0,0.0,0,24.0,1.0,6.0,14.3,,,,,,,,,,,,,,,,,,,,,,,,,,,,,,,,,,,,,,,,,,,,,,,,,,,,,,Forward,0.49180327868852464,0.3278688524590164,0.5901639344262296,0.27868852459016397,3.278688524590164,5.409836065573771,15.081967213114755,2.1311475409836067,1.8032786885245902,1.3114754098360657,2.6229508196721314,59.016393442622956,-3.9430826885245907,8.688524590163935,-0.6000000000000001,1.096078431372549,91.46341463414635,82.2,50.19945918449306
1127,Michael Kayode,it ITA,DF,Brentford,eng Premier League,21.0,2004.0,20,20,1747,19.4,0,0,0,0,0,0,5,0,0.2,0.2,2.1,2.3,38.0,39.0,79.0,0.0,0.12,1127,it ITA,DF,eng Premier League,21-179,2004.0,19.4,0,5,1,20.0,0.26,0.05,0.0,0.0,16.1,0.0,0,0,0.2,0.2,0.04,-0.2,-0.2,1127,it ITA,DF,eng Premier League,21-179,2004.0,19.4,658.0,867.0,75.9,10853.0,3237.0,0,2.1,1.9,-2.1,20.0,24.0,12.0,8.0,39.0,1127,it ITA,DF,eng Premier League,21-179,2004.0,19.4,867.0,643.0,223.0,6.0,0.0,0.0,34,217.0,0.0,0.0,0.0,0.0,658.0,1.0,16.0,1127,it ITA,DF,eng Premier League,21-179,2004.0,19.4,39.0,2.01,25.0,9.0,0.0,0.0,3.0,2.0,3.0,0.15,1127,it ITA,DF,eng Premier League,21-179,2004.0,19.4,42.0,28,24.0,13.0,5.0,35.0,71.4,10.0,17.0,9.0,8.0,23,65.0,63.0,0.0,1127,it ITA,DF,eng Premier League,21-179,2004.0,19.4,1092.0,80.0,364.0,443.0,299.0,18.0,1092.0,62.0,30.0,48.4,21.0,33.9,473.0,2868.0,1427.0,38.0,25.0,4.0,23.0,15.0,520.0,79.0,1397,it ITA,DF,eng Premier League,21-179,2004.0,20,1747,87,97.1,19.4,20,87.0,16,0,,0,1.5,31,27,4,0.21,0.21,29.7,25.6,4.1,0.21,1127,it ITA,DF,eng Premier League,21-179,2004.0,19.4,5,0,0,14,23,0,34,23,28,0.0,1.0,0,92.0,23.0,10.0,69.7,,,,,,,,,,,,,,,,,,,,,,,,,,,,,,,,,,,,,,,,,,,,,,,,,,,,,,Defender,0.0,0.0,0.010309278350515465,0.10824742268041239,1.9587628865979383,2.0103092783505154,4.072164948453609,1.0309278350515465,2.1649484536082477,1.1855670103092784,0.6185567010309279,24.381443298969074,-4.863723711340205,3.9690721649484537,-0.2,0.18406593406593405,54.64098073555166,9.8,49.76409903055706
1131,Yassine Kechta,ma MAR,MF,Le Havre,fr Ligue 1,23.0,2002.0,16,12,983,10.9,1,1,2,1,0,0,2,0,1.3,1.3,0.9,2.2,19.0,33.0,41.0,0.18,0.2,1131,ma MAR,MF,fr Ligue 1,23-314,2002.0,10.9,1,15,5,33.3,1.37,0.46,0.07,0.2,17.5,0.0,0,0,1.3,1.3,0.08,-0.3,-0.3,1131,ma MAR,MF,fr Ligue 1,23-314,2002.0,10.9,244.0,324.0,75.3,3821.0,994.0,1,0.9,1.5,0.1,9.0,21.0,9.0,5.0,33.0,1131,ma MAR,MF,fr Ligue 1,23-314,2002.0,10.9,324.0,301.0,23.0,4.0,3.0,1.0,21,1.0,3.0,2.0,1.0,0.0,244.0,0.0,9.0,1131,ma MAR,MF,fr Ligue 1,23-314,2002.0,10.9,20.0,1.83,14.0,0.0,1.0,2.0,2.0,1.0,1.0,0.09,1131,ma MAR,MF,fr Ligue 1,23-314,2002.0,10.9,18.0,8,7.0,8.0,3.0,29.0,31.0,20.0,14.0,3.0,11.0,13,31.0,15.0,2.0,1131,ma MAR,MF,fr Ligue 1,23-314,2002.0,10.9,451.0,11.0,81.0,236.0,140.0,21.0,451.0,13.0,3.0,23.1,9.0,69.2,241.0,1339.0,696.0,19.0,11.0,2.0,31.0,13.0,275.0,41.0,1401,ma MAR,MF,fr Ligue 1,23-314,2002.0,16,983,61,64.2,10.9,12,73.0,1,4,26.0,0,1.06,10,18,-8,-0.73,-0.73,14.2,18.0,-3.8,-0.35,1131,ma MAR,MF,fr Ligue 1,23-314,2002.0,10.9,2,0,0,27,11,3,21,13,8,0.0,0.0,0,46.0,3.0,13.0,18.8,,,,,,,,,,,,,,,,,,,,,,,,,,,,,,,,,,,,,,,,,,,,,,,,,,,,,,Midfielder,0.09174311926605504,0.09174311926605504,0.11926605504587157,0.08256880733944955,1.7431192660550459,3.0275229357798166,3.761467889908257,0.8256880733944953,1.6513761467889907,1.1926605504587156,0.8256880733944953,22.110091743119266,-3.401292816513764,4.770642201834862,-0.30000000000000004,0.4057649667405765,65.18218623481782,12.5,57.93972109761584
1133,Mandela Keita,be BEL,MF,Parma,it Serie A,23.0,2002.0,16,15,1292,14.4,0,0,0,0,0,0,1,0,0.1,0.1,0.1,0.3,15.0,32.0,10.0,0.0,0.02,1133,be BEL,MF,it Serie A,23-240,2002.0,14.4,0,6,1,16.7,0.42,0.07,0.0,0.0,29.1,0.0,0,0,0.1,0.1,0.02,-0.1,-0.1,1133,be BEL,MF,it Serie A,23-240,2002.0,14.4,427.0,491.0,87.0,7193.0,1664.0,0,0.1,0.1,-0.1,6.0,33.0,1.0,0.0,32.0,1133,be BEL,MF,it Serie A,23-240,2002.0,14.4,491.0,480.0,11.0,11.0,0.0,2.0,2,0.0,0.0,0.0,0.0,0.0,427.0,0.0,9.0,1133,be BEL,MF,it Serie A,23-240,2002.0,14.4,29.0,2.02,20.0,1.0,4.0,0.0,2.0,2.0,1.0,0.07,1133,be BEL,MF,it Serie A,23-240,2002.0,14.4,35.0,24,21.0,13.0,1.0,25.0,60.0,10.0,16.0,6.0,10.0,19,54.0,15.0,2.0,1133,be BEL,MF,it Serie A,23-240,2002.0,14.4,641.0,35.0,184.0,394.0,76.0,2.0,641.0,32.0,18.0,56.3,11.0,34.4,365.0,1977.0,903.0,15.0,13.0,1.0,15.0,13.0,381.0,10.0,1403,be BEL,MF,it Serie A,23-240,2002.0,16,1292,81,84.4,14.4,15,86.0,10,1,6.0,0,1.13,10,14,-4,-0.28,0.86,12.2,17.5,-5.2,-0.37,1133,be BEL,MF,it Serie A,23-240,2002.0,14.4,1,0,0,13,20,0,2,19,24,0.0,0.0,0,71.0,11.0,5.0,68.8,,,,,,,,,,,,,,,,,,,,,,,,,,,,,,,,,,,,,,,,,,,,,,,,,,,,,,Midfielder,0.0,0.0,0.006944444444444445,0.006944444444444445,1.0416666666666667,2.2222222222222223,0.6944444444444444,0.41666666666666663,2.4305555555555554,1.3194444444444444,0.06944444444444445,25.34722222222222,-5.257535000000001,3.263888888888889,-0.1,0.31513260530421217,48.44804318488529,4.8,46.229048840539406
1137,Aljoscha Kemlein,de GER,MF,Union Berlin,de Bundesliga,21.0,2004.0,13,9,784,8.7,0,0,0,0,0,0,2,0,0.6,0.6,0.2,0.8,10.0,45.0,14.0,0.0,0.09,1137,de GER,MF,de Bundesliga,21-156,2004.0,8.7,0,8,1,12.5,0.92,0.11,0.0,0.0,17.1,0.0,0,0,0.6,0.6,0.08,-0.6,-0.6,1137,de GER,MF,de Bundesliga,21-156,2004.0,8.7,283.0,374.0,75.7,4893.0,1460.0,0,0.2,0.3,-0.2,5.0,40.0,9.0,1.0,45.0,1137,de GER,MF,de Bundesliga,21-156,2004.0,8.7,374.0,362.0,10.0,2.0,0.0,3.0,6,1.0,1.0,1.0,0.0,0.0,283.0,2.0,9.0,1137,de GER,MF,de Bundesliga,21-156,2004.0,8.7,22.0,2.53,18.0,1.0,0.0,1.0,0.0,2.0,2.0,0.23,1137,de GER,MF,de Bundesliga,21-156,2004.0,8.7,21.0,14,4.0,10.0,7.0,14.0,42.9,8.0,8.0,2.0,6.0,8,29.0,11.0,0.0,1137,de GER,MF,de Bundesliga,21-156,2004.0,8.7,464.0,16.0,94.0,283.0,92.0,6.0,464.0,12.0,8.0,66.7,4.0,33.3,222.0,923.0,456.0,10.0,10.0,1.0,8.0,11.0,248.0,14.0,1407,de GER,MF,de Bundesliga,21-156,2004.0,13,784,60,58.1,8.7,9,79.0,3,4,18.0,2,1.31,10,9,1,0.11,0.75,9.3,8.2,1.1,0.12,1137,de GER,MF,de Bundesliga,21-156,2004.0,8.7,2,0,0,11,5,0,6,8,14,0.0,0.0,0,51.0,13.0,11.0,54.2,,,,,,,,,,,,,,,,,,,,,,,,,,,,,,,,,,,,,,,,,,,,,,,,,,,,,,Midfielder,0.0,0.0,0.06896551724137931,0.02298850574712644,1.149425287356322,5.172413793103448,1.6091954022988506,0.574712643678161,2.4137931034482762,0.9195402298850576,1.0344827586206897,25.517241379310345,-0.9671575287356315,6.321839080459771,-0.6,0.5452586206896551,86.23481781376519,35.3,63.73600725333716
1139,Luca Kerber,de GER,MF,Heidenheim,de Bundesliga,23.0,2002.0,9,5,376,4.2,0,0,0,0,0,0,2,0,0.4,0.4,0.2,0.6,3.0,4.0,14.0,0.0,0.14,1139,de GER,MF,de Bundesliga,23-301,2002.0,4.2,0,3,1,33.3,0.72,0.24,0.0,0.0,11.0,0.0,0,0,0.4,0.4,0.13,-0.4,-0.4,1139,de GER,MF,de Bundesliga,23-301,2002.0,4.2,45.0,69.0,65.2,697.0,212.0,0,0.2,0.2,-0.2,2.0,4.0,1.0,0.0,4.0,1139,de GER,MF,de Bundesliga,23-301,2002.0,4.2,69.0,67.0,1.0,0.0,0.0,1.0,4,1.0,0.0,0.0,0.0,0.0,45.0,1.0,5.0,1139,de GER,MF,de Bundesliga,23-301,2002.0,4.2,4.0,0.96,4.0,0.0,0.0,0.0,0.0,0.0,0.0,0.0,1139,de GER,MF,de Bundesliga,23-301,2002.0,4.2,6.0,5,2.0,1.0,3.0,6.0,33.3,4.0,5.0,2.0,3.0,2,8.0,7.0,1.0,1139,de GER,MF,de Bundesliga,23-301,2002.0,4.2,103.0,12.0,34.0,44.0,26.0,8.0,103.0,1.0,0.0,0.0,1.0,100.0,43.0,183.0,87.0,3.0,1.0,1.0,3.0,3.0,55.0,14.0,1409,de GER,MF,de Bundesliga,23-301,2002.0,9,376,42,27.9,4.2,5,67.0,1,4,11.0,6,0.67,1,10,-9,-2.15,-1.05,3.7,9.8,-6.1,-1.45,1139,de GER,MF,de Bundesliga,23-301,2002.0,4.2,2,0,0,9,5,1,4,2,5,0.0,0.0,0,6.0,5.0,8.0,38.5,,,,,,,,,,,,,,,,,,,,,,,,,,,,,,,,,,,,,,,,,,,,,,,,,,,,,,Midfielder,0.0,0.0,0.09523809523809523,0.047619047619047616,0.7142857142857143,0.9523809523809523,3.333333333333333,0.47619047619047616,1.4285714285714286,0.47619047619047616,0.23809523809523808,10.238095238095237,-6.7033681904761915,1.6666666666666665,-0.4,0.9320388349514562,31.309041835357625,1.0,30.999051322136264
1140,Milos Kerkez,hu HUN,DF,Liverpool,eng Premier League,22.0,2003.0,19,16,1326,14.7,1,0,1,1,0,0,3,0,1.0,1.0,1.0,2.0,26.0,77.0,102.0,0.07,0.14,1140,hu HUN,DF,eng Premier League,22-059,2003.0,14.7,1,6,1,16.7,0.41,0.07,0.17,1.0,12.6,0.0,0,0,1.0,1.0,0.17,0.0,0.0,1140,hu HUN,DF,eng Premier League,22-059,2003.0,14.7,671.0,827.0,81.1,10422.0,2796.0,0,1.0,0.4,-1.0,14.0,58.0,12.0,6.0,77.0,1140,hu HUN,DF,eng Premier League,22-059,2003.0,14.7,827.0,711.0,115.0,13.0,2.0,2.0,56,102.0,0.0,0.0,0.0,0.0,671.0,1.0,16.0,1140,hu HUN,DF,eng Premier League,22-059,2003.0,14.7,23.0,1.56,21.0,2.0,0.0,0.0,0.0,0.0,1.0,0.07,1140,hu HUN,DF,eng Premier League,22-059,2003.0,14.7,28.0,17,11.0,14.0,3.0,21.0,61.9,8.0,12.0,6.0,6.0,10,38.0,56.0,2.0,1140,hu HUN,DF,eng Premier League,22-059,2003.0,14.7,987.0,52.0,262.0,420.0,313.0,29.0,987.0,11.0,6.0,54.5,5.0,45.5,539.0,2295.0,1210.0,26.0,30.0,1.0,20.0,5.0,646.0,102.0,1411,hu HUN,DF,eng Premier League,22-059,2003.0,19,1326,70,73.7,14.7,16,79.0,10,3,22.0,1,1.63,23,21,2,0.14,-0.24,22.3,17.9,4.4,0.3,1140,hu HUN,DF,eng Premier League,22-059,2003.0,14.7,3,0,0,11,15,4,56,10,17,0.0,0.0,0,51.0,22.0,19.0,53.7,,,,,,,,,,,,,,,,,,,,,,,,,,,,,,,,,,,,,,,,,,,,,,,,,,,,,,Defender,0.06802721088435375,0.0,0.06802721088435375,0.06802721088435375,1.7687074829931975,5.238095238095238,6.938775510204082,0.9523809523809524,1.9047619047619049,0.6802721088435374,0.8163265306122449,36.66666666666667,1.3346571428571448,7.006802721088436,0.0,0.1580547112462006,94.22066549912435,61.9,58.19682859735907
1141,Kevin,br BRA,"FW,MF",Fulham,eng Premier League,23.0,2003.0,16,6,669,7.4,0,1,1,0,0,0,1,0,0.7,0.7,1.0,1.7,46.0,27.0,72.0,0.13,0.23,1141,br BRA,"FW,MF",eng Premier League,23-001,2003.0,7.4,0,15,7,46.7,2.02,0.94,0.0,0.0,18.8,0.0,0,0,0.7,0.7,0.05,-0.7,-0.7,1141,br BRA,"FW,MF",eng Premier League,23-001,2003.0,7.4,185.0,261.0,70.9,3217.0,784.0,1,1.0,1.1,0.0,10.0,12.0,17.0,7.0,27.0,1141,br BRA,"FW,MF",eng Premier League,23-001,2003.0,7.4,261.0,244.0,16.0,3.0,1.0,3.0,34,4.0,9.0,8.0,1.0,0.0,185.0,1.0,9.0,1141,br BRA,"FW,MF",eng Premier League,23-001,2003.0,7.4,28.0,3.76,20.0,2.0,4.0,1.0,1.0,0.0,2.0,0.27,1141,br BRA,"FW,MF",eng Premier League,23-001,2003.0,7.4,14.0,5,7.0,5.0,2.0,17.0,17.6,14.0,10.0,0.0,10.0,8,22.0,4.0,0.0,1141,br BRA,"FW,MF",eng Premier League,23-001,2003.0,7.4,385.0,7.0,59.0,135.0,202.0,36.0,385.0,62.0,32.0,51.6,27.0,43.5,212.0,1684.0,1026.0,46.0,26.0,18.0,14.0,17.0,256.0,72.0,1412,br BRA,"FW,MF",eng Premier League,23-001,2003.0,16,669,42,37.2,7.4,6,75.0,0,10,22.0,1,1.44,8,9,-1,-0.13,-0.13,8.1,8.7,-0.6,-0.08,1141,br BRA,"FW,MF",eng Premier League,23-001,2003.0,7.4,1,0,0,9,13,2,34,8,5,1.0,0.0,0,31.0,6.0,10.0,37.5,,,,,,,,,,,,,,,,,,,,,,,,,,,,,,,,,,,,,,,,,,,,,,,,,,,,,,Forward,0.0,0.13513513513513511,0.09459459459459459,0.13513513513513511,6.216216216216216,3.6486486486486487,9.72972972972973,1.3513513513513513,1.8918918918918919,1.081081081081081,2.2972972972972974,28.648648648648646,-0.6948960810810831,9.864864864864865,-0.7,0.9766233766233765,97.5609756097561,62.2,60.14856696039217
1143,Bilal El Khannouss,ma MAR,"MF,FW",Stuttgart,de Bundesliga,21.0,2004.0,12,11,948,10.5,3,3,6,3,0,0,2,0,1.3,1.3,2.4,3.7,30.0,69.0,69.0,0.57,0.35,1143,ma MAR,"MF,FW",de Bundesliga,21-240,2004.0,10.5,3,23,7,30.4,2.18,0.66,0.13,0.43,20.9,0.0,0,0,1.3,1.3,0.06,1.7,1.7,1143,ma MAR,"MF,FW",de Bundesliga,21-240,2004.0,10.5,436.0,580.0,75.2,7028.0,1996.0,3,2.4,2.9,0.6,29.0,47.0,19.0,5.0,69.0,1143,ma MAR,"MF,FW",de Bundesliga,21-240,2004.0,10.5,580.0,540.0,39.0,11.0,3.0,7.0,35,5.0,18.0,10.0,1.0,0.0,436.0,1.0,22.0,1143,ma MAR,"MF,FW",de Bundesliga,21-240,2004.0,10.5,47.0,4.46,38.0,5.0,1.0,0.0,1.0,2.0,5.0,0.47,1143,ma MAR,"MF,FW",de Bundesliga,21-240,2004.0,10.5,16.0,14,7.0,8.0,1.0,11.0,72.7,3.0,9.0,2.0,7.0,4,20.0,3.0,0.0,1143,ma MAR,"MF,FW",de Bundesliga,21-240,2004.0,10.5,670.0,7.0,56.0,325.0,296.0,20.0,670.0,15.0,8.0,53.3,7.0,46.7,349.0,1932.0,945.0,30.0,19.0,3.0,23.0,12.0,515.0,69.0,1415,ma MAR,"MF,FW",de Bundesliga,21-240,2004.0,12,948,79,70.2,10.5,11,84.0,5,1,19.0,0,1.83,19,16,3,0.28,0.28,14.8,13.8,0.9,0.09,1143,ma MAR,"MF,FW",de Bundesliga,21-240,2004.0,10.5,2,0,0,10,4,1,35,4,14,0.0,0.0,0,26.0,11.0,9.0,55.0,,,,,,,,,,,,,,,,,,,,,,,,,,,,,,,,,,,,,,,,,,,,,,,,,,,,,,Forward,0.2857142857142857,0.2857142857142857,0.12380952380952381,0.22857142857142856,2.857142857142857,6.571428571428571,6.571428571428571,2.761904761904762,1.5238095238095237,0.38095238095238093,1.8095238095238095,33.23809523809524,-7.24682738095238,9.428571428571429,1.7,0.6656716417910448,76.30662020905923,33.9,56.98776714642213
1145,Abdukodir Khusanov,uz UZB,DF,Manchester City,eng Premier League,21.0,2004.0,6,3,292,3.2,0,0,0,0,0,0,1,0,0.0,0.0,0.0,0.0,3.0,9.0,4.0,0.0,0.0,1145,uz UZB,DF,eng Premier League,21-310,2004.0,3.2,0,0,0,,0.0,0.0,,,,0.0,0,0,0.0,0.0,,0.0,0.0,1145,uz UZB,DF,eng Premier League,21-310,2004.0,3.2,178.0,209.0,85.2,2822.0,1069.0,0,0.0,0.0,0.0,0.0,6.0,0.0,0.0,9.0,1145,uz UZB,DF,eng Premier League,21-310,2004.0,3.2,209.0,183.0,25.0,4.0,0.0,1.0,0,19.0,0.0,0.0,0.0,0.0,178.0,1.0,5.0,1145,uz UZB,DF,eng Premier League,21-310,2004.0,3.2,1.0,0.31,1.0,0.0,0.0,0.0,0.0,0.0,0.0,0.0,1145,uz UZB,DF,eng Premier League,21-310,2004.0,3.2,9.0,6,5.0,2.0,2.0,4.0,75.0,1.0,4.0,0.0,4.0,6,15.0,13.0,0.0,1145,uz UZB,DF,eng Premier League,21-310,2004.0,3.2,244.0,23.0,108.0,108.0,29.0,0.0,244.0,3.0,2.0,66.7,1.0,33.3,136.0,609.0,292.0,3.0,4.0,0.0,1.0,1.0,160.0,4.0,1417,uz UZB,DF,eng Premier League,21-310,2004.0,6,292,49,16.2,3.2,3,73.0,1,3,24.0,8,1.83,6,2,4,1.23,-0.08,6.5,4.3,2.1,0.65,1145,uz UZB,DF,eng Premier League,21-310,2004.0,3.2,1,0,0,3,3,0,0,6,6,0.0,0.0,0,11.0,2.0,3.0,40.0,,,,,,,,,,,,,,,,,,,,,,,,,,,,,,,,,,,,,,,,,,,,,,,,,,,,,,Defender,0.0,0.0,0.0,0.0,0.9375,2.8125,1.25,0.0,2.8125,1.875,0.0,42.5,-3.2835374999999996,3.75,0.0,0.12704918032786885,71.97898423817864,15.4,62.37346987710453
1149,Semih Kılıçsoy,tr TUR,FW,Cagliari,it Serie A,20.0,2005.0,9,3,308,3.4,2,0,2,2,0,0,1,0,0.7,0.7,0.3,0.9,4.0,5.0,18.0,0.58,0.27,1149,tr TUR,FW,it Serie A,20-143,2005.0,3.4,2,6,3,50.0,1.75,0.88,0.33,0.67,18.1,0.0,0,0,0.7,0.7,0.11,1.3,1.3,1149,tr TUR,FW,it Serie A,20-143,2005.0,3.4,46.0,62.0,74.2,715.0,127.0,0,0.3,0.1,-0.3,5.0,5.0,0.0,0.0,5.0,1149,tr TUR,FW,it Serie A,20-143,2005.0,3.4,62.0,59.0,3.0,0.0,0.0,2.0,1,1.0,1.0,0.0,1.0,0.0,46.0,0.0,3.0,1149,tr TUR,FW,it Serie A,20-143,2005.0,3.4,9.0,2.63,6.0,1.0,2.0,0.0,0.0,0.0,2.0,0.58,1149,tr TUR,FW,it Serie A,20-143,2005.0,3.4,1.0,1,1.0,0.0,0.0,0.0,,0.0,5.0,1.0,4.0,0,1.0,0.0,0.0,1149,tr TUR,FW,it Serie A,20-143,2005.0,3.4,103.0,1.0,12.0,49.0,44.0,15.0,103.0,10.0,4.0,40.0,6.0,60.0,59.0,292.0,98.0,4.0,3.0,3.0,9.0,9.0,77.0,18.0,1421,tr TUR,FW,it Serie A,20-143,2005.0,9,308,34,19.0,3.4,3,78.0,0,6,12.0,9,1.22,5,5,0,0.0,0.41,4.2,4.2,-0.1,-0.02,1149,tr TUR,FW,it Serie A,20-143,2005.0,3.4,1,0,0,7,4,1,1,0,1,0.0,0.0,0,8.0,1.0,14.0,6.7,,,,,,,,,,,,,,,,,,,,,,,,,,,,,,,,,,,,,,,,,,,,,,,,,,,,,,Forward,0.5882352941176471,0.0,0.20588235294117646,0.08823529411764706,1.1764705882352942,1.4705882352941178,5.294117647058823,1.4705882352941178,0.29411764705882354,0.0,0.0,17.352941176470587,-9.746068470588236,2.6470588235294117,1.3,2.553398058252427,53.65853658536586,6.6,50.336338260193116
1152,Joshua King,eng ENG,"MF,FW",Fulham,eng Premier League,19.0,2007.0,18,11,870,9.7,0,1,1,0,0,0,3,0,1.2,1.2,0.4,1.5,24.0,28.0,56.0,0.1,0.16,1152,eng ENG,"MF,FW",eng Premier League,19-002,2007.0,9.7,0,16,5,31.3,1.66,0.52,0.0,0.0,19.7,0.0,0,0,1.2,1.2,0.07,-1.2,-1.2,1152,eng ENG,"MF,FW",eng Premier League,19-002,2007.0,9.7,176.0,225.0,78.2,2410.0,516.0,1,0.4,0.4,0.6,8.0,11.0,8.0,0.0,28.0,1152,eng ENG,"MF,FW",eng Premier League,19-002,2007.0,9.7,225.0,217.0,8.0,1.0,0.0,0.0,7,1.0,0.0,0.0,0.0,0.0,176.0,0.0,8.0,1152,eng ENG,"MF,FW",eng Premier League,19-002,2007.0,9.7,22.0,2.28,15.0,0.0,4.0,1.0,2.0,0.0,2.0,0.21,1152,eng ENG,"MF,FW",eng Premier League,19-002,2007.0,9.7,19.0,8,3.0,12.0,4.0,12.0,66.7,4.0,13.0,2.0,11.0,2,21.0,12.0,1.0,1152,eng ENG,"MF,FW",eng Premier League,19-002,2007.0,9.7,343.0,9.0,50.0,168.0,135.0,38.0,343.0,28.0,11.0,39.3,13.0,46.4,211.0,1640.0,742.0,24.0,22.0,6.0,30.0,12.0,240.0,56.0,1424,eng ENG,"MF,FW",eng Premier League,19-002,2007.0,18,870,48,48.3,9.7,11,66.0,0,7,20.0,0,1.44,10,14,-4,-0.41,-0.7,7.8,11.7,-3.9,-0.41,1152,eng ENG,"MF,FW",eng Premier League,19-002,2007.0,9.7,3,0,0,7,18,2,7,2,8,0.0,0.0,0,36.0,2.0,12.0,14.3,,,,,,,,,,,,,,,,,,,,,,,,,,,,,,,,,,,,,,,,,,,,,,,,,,,,,,Forward,0.0,0.10309278350515465,0.12371134020618557,0.04123711340206186,2.4742268041237114,2.8865979381443303,5.773195876288661,0.8247422680412372,1.9587628865979383,0.2061855670103093,0.8247422680412372,21.75257731958763,-6.1197530412371135,5.360824742268042,-1.2,0.6647230320699707,82.57839721254355,50.9,54.7239212806783
1156,Ruben Kluivert,nl NED,DF,Lyon,fr Ligue 1,24.0,2001.0,7,3,288,3.2,0,1,1,0,0,0,1,0,0.0,0.0,0.1,0.1,3.0,7.0,2.0,0.31,0.04,1156,nl NED,DF,fr Ligue 1,24-229,2001.0,3.2,0,0,0,,0.0,0.0,,,,0.0,0,0,0.0,0.0,,0.0,0.0,1156,nl NED,DF,fr Ligue 1,24-229,2001.0,3.2,141.0,160.0,88.1,2467.0,710.0,1,0.1,0.2,0.9,1.0,4.0,0.0,0.0,7.0,1156,nl NED,DF,fr Ligue 1,24-229,2001.0,3.2,160.0,142.0,18.0,8.0,0.0,1.0,1,8.0,0.0,0.0,0.0,0.0,141.0,0.0,1.0,1156,nl NED,DF,fr Ligue 1,24-229,2001.0,3.2,3.0,0.94,2.0,0.0,1.0,0.0,0.0,0.0,1.0,0.31,1156,nl NED,DF,fr Ligue 1,24-229,2001.0,3.2,7.0,5,3.0,3.0,1.0,7.0,57.1,3.0,6.0,3.0,3.0,5,12.0,15.0,0.0,1156,nl NED,DF,fr Ligue 1,24-229,2001.0,3.2,197.0,26.0,98.0,85.0,16.0,6.0,197.0,1.0,1.0,100.0,0.0,0.0,88.0,407.0,216.0,3.0,2.0,1.0,1.0,0.0,115.0,2.0,1435,nl NED,DF,fr Ligue 1,24-229,2001.0,7,288,41,18.8,3.2,3,90.0,3,4,5.0,7,1.71,7,9,-2,-0.62,-1.35,5.4,3.6,1.8,0.57,1156,nl NED,DF,fr Ligue 1,24-229,2001.0,3.2,1,0,0,5,1,0,1,5,5,0.0,0.0,0,13.0,8.0,4.0,66.7,,,,,,,,,,,,,,,,,,,,,,,,,,,,,,,,,,,,,,,,,,,,,,,,,,,,,,Defender,0.0,0.3125,0.0,0.03125,0.9375,2.1875,0.625,0.3125,2.1875,1.5625,0.0,27.5,-6.627931249999998,3.125,0.0,0.47715736040609136,37.3029772329247,1.0,36.933640824677916
1157,Ansgar Knauff,de GER,"FW,MF",Eint Frankfurt,de Bundesliga,23.0,2002.0,14,8,751,8.3,2,1,3,2,0,0,2,0,1.9,1.9,2.3,4.2,29.0,14.0,91.0,0.36,0.5,1157,de GER,"FW,MF",de Bundesliga,23-360,2002.0,8.3,2,18,8,44.4,2.16,0.96,0.11,0.25,14.2,0.0,0,0,1.9,1.9,0.1,0.1,0.1,1157,de GER,"FW,MF",de Bundesliga,23-360,2002.0,8.3,163.0,241.0,67.6,2172.0,527.0,1,2.3,1.3,-1.3,16.0,4.0,13.0,6.0,14.0,1157,de GER,"FW,MF",de Bundesliga,23-360,2002.0,8.3,241.0,228.0,12.0,0.0,0.0,0.0,22,8.0,0.0,0.0,0.0,0.0,163.0,1.0,15.0,1157,de GER,"FW,MF",de Bundesliga,23-360,2002.0,8.3,30.0,3.6,25.0,0.0,1.0,3.0,1.0,0.0,3.0,0.36,1157,de GER,"FW,MF",de Bundesliga,23-360,2002.0,8.3,7.0,6,2.0,2.0,3.0,2.0,50.0,1.0,4.0,0.0,4.0,5,12.0,4.0,0.0,1157,de GER,"FW,MF",de Bundesliga,23-360,2002.0,8.3,328.0,2.0,29.0,117.0,191.0,41.0,328.0,17.0,8.0,47.1,8.0,47.1,197.0,1342.0,587.0,29.0,11.0,12.0,24.0,12.0,230.0,91.0,1436,de GER,"FW,MF",de Bundesliga,23-360,2002.0,14,751,54,55.6,8.3,8,77.0,1,6,22.0,0,1.79,18,12,6,0.72,1.62,13.1,8.3,4.8,0.57,1157,de GER,"FW,MF",de Bundesliga,23-360,2002.0,8.3,2,0,0,16,8,5,22,5,6,0.0,0.0,0,27.0,9.0,18.0,33.3,,,,,,,,,,,,,,,,,,,,,,,,,,,,,,,,,,,,,,,,,,,,,,,,,,,,,,Forward,0.24096385542168672,0.12048192771084336,0.22891566265060237,0.2771084337349397,3.4939759036144573,1.686746987951807,10.963855421686747,1.9277108433734937,0.8433734939759036,0.6024096385542168,1.5662650602409638,23.73493975903614,-6.205543228915666,5.180722891566265,0.10000000000000009,1.0975609756097562,81.8815331010453,28.6,63.67148763689371
1161,Christian Kofane,cm CMR,FW,Leverkusen,de Bundesliga,19.0,2006.0,14,5,551,6.1,3,0,3,3,0,0,3,0,3.7,3.7,0.3,4.0,9.0,5.0,35.0,0.49,0.65,1161,cm CMR,FW,de Bundesliga,19-163,2006.0,6.1,3,23,11,47.8,3.76,1.8,0.13,0.27,13.5,0.0,0,0,3.7,3.7,0.16,-0.7,-0.7,1161,cm CMR,FW,de Bundesliga,19-163,2006.0,6.1,73.0,86.0,84.9,725.0,93.0,0,0.3,0.3,-0.3,8.0,2.0,4.0,0.0,5.0,1161,cm CMR,FW,de Bundesliga,19-163,2006.0,6.1,86.0,81.0,4.0,0.0,0.0,0.0,0,1.0,0.0,0.0,0.0,0.0,73.0,1.0,0.0,1161,cm CMR,FW,de Bundesliga,19-163,2006.0,6.1,18.0,2.94,12.0,0.0,2.0,1.0,2.0,1.0,3.0,0.49,1161,cm CMR,FW,de Bundesliga,19-163,2006.0,6.1,5.0,2,0.0,1.0,4.0,0.0,,0.0,3.0,1.0,2.0,2,7.0,9.0,0.0,1161,cm CMR,FW,de Bundesliga,19-163,2006.0,6.1,154.0,13.0,19.0,44.0,92.0,36.0,154.0,7.0,5.0,71.4,2.0,28.6,81.0,361.0,180.0,9.0,3.0,6.0,16.0,8.0,110.0,35.0,1441,cm CMR,FW,de Bundesliga,19-163,2006.0,14,551,39,40.8,6.1,5,76.0,0,9,19.0,1,1.86,15,5,10,1.63,1.3,13.2,6.9,6.3,1.03,1161,cm CMR,FW,de Bundesliga,19-163,2006.0,6.1,3,0,0,15,7,0,0,2,2,1.0,0.0,0,9.0,12.0,12.0,50.0,,,,,,,,,,,,,,,,,,,,,,,,,,,,,,,,,,,,,,,,,,,,,,,,,,,,,,Forward,0.49180327868852464,0.0,0.6065573770491804,0.04918032786885246,1.4754098360655739,0.819672131147541,5.7377049180327875,1.3114754098360657,0.819672131147541,0.3278688524590164,0.6557377049180328,13.278688524590164,-7.986600016393442,2.295081967213115,-0.7000000000000002,1.909090909090909,70.55749128919861,30.9,53.90182680611047
1173,Mert Kömür,de GER,"FW,MF",Augsburg,de Bundesliga,20.0,2005.0,14,9,842,9.4,2,2,4,2,0,0,1,0,2.6,2.6,1.3,3.9,22.0,26.0,46.0,0.43,0.42,1173,de GER,"FW,MF",de Bundesliga,20-172,2005.0,9.4,2,25,10,40.0,2.67,1.07,0.08,0.2,16.9,1.0,0,0,2.6,2.6,0.11,-0.6,-0.6,1173,de GER,"FW,MF",de Bundesliga,20-172,2005.0,9.4,217.0,303.0,71.6,3181.0,725.0,2,1.3,1.5,0.7,15.0,11.0,10.0,2.0,26.0,1173,de GER,"FW,MF",de Bundesliga,20-172,2005.0,9.4,303.0,245.0,55.0,14.0,3.0,0.0,42,2.0,26.0,11.0,9.0,0.0,217.0,3.0,5.0,1173,de GER,"FW,MF",de Bundesliga,20-172,2005.0,9.4,32.0,3.42,19.0,8.0,1.0,4.0,0.0,0.0,4.0,0.43,1173,de GER,"FW,MF",de Bundesliga,20-172,2005.0,9.4,5.0,3,1.0,3.0,1.0,7.0,28.6,5.0,9.0,0.0,9.0,4,9.0,16.0,0.0,1173,de GER,"FW,MF",de Bundesliga,20-172,2005.0,9.4,422.0,11.0,42.0,175.0,215.0,31.0,422.0,24.0,8.0,33.3,12.0,50.0,233.0,1425.0,727.0,22.0,21.0,5.0,25.0,13.0,272.0,46.0,1454,de GER,"FW,MF",de Bundesliga,20-172,2005.0,14,842,60,62.4,9.4,9,77.0,5,5,29.0,0,1.0,12,17,-5,-0.53,0.53,11.1,18.1,-7.0,-0.75,1173,de GER,"FW,MF",de Bundesliga,20-172,2005.0,9.4,1,0,0,15,10,1,42,4,3,0.0,0.0,0,28.0,12.0,34.0,26.1,,,,,,,,,,,,,,,,,,,,,,,,,,,,,,,,,,,,,,,,,,,,,,,,,,,,,,Forward,0.2127659574468085,0.2127659574468085,0.2765957446808511,0.13829787234042554,2.3404255319148937,2.7659574468085104,4.8936170212765955,1.5957446808510638,0.5319148936170213,0.425531914893617,1.0638297872340425,24.78723404255319,-7.218989212765958,5.106382978723404,-0.6000000000000001,0.8104265402843601,76.4808362369338,26.6,60.4114030307534
1177,Ismaël Koné,ca CAN,MF,Sassuolo,it Serie A,23.0,2002.0,16,15,1254,13.9,3,0,3,3,0,0,3,1,1.1,1.1,1.0,2.1,30.0,43.0,24.0,0.22,0.15,1177,ca CAN,MF,it Serie A,23-213,2002.0,13.9,3,10,3,30.0,0.72,0.22,0.3,1.0,18.8,0.0,0,0,1.1,1.1,0.11,1.9,1.9,1177,ca CAN,MF,it Serie A,23-213,2002.0,13.9,402.0,449.0,89.5,7232.0,1745.0,0,1.0,1.2,-1.0,11.0,43.0,8.0,1.0,43.0,1177,ca CAN,MF,it Serie A,23-213,2002.0,13.9,449.0,432.0,16.0,11.0,0.0,5.0,1,5.0,0.0,0.0,0.0,0.0,402.0,1.0,7.0,1177,ca CAN,MF,it Serie A,23-213,2002.0,13.9,30.0,2.15,24.0,0.0,3.0,1.0,1.0,1.0,3.0,0.22,1177,ca CAN,MF,it Serie A,23-213,2002.0,13.9,13.0,6,6.0,5.0,2.0,16.0,50.0,8.0,12.0,1.0,11.0,9,22.0,16.0,0.0,1177,ca CAN,MF,it Serie A,23-213,2002.0,13.9,582.0,27.0,144.0,315.0,130.0,16.0,582.0,22.0,12.0,54.5,9.0,40.9,343.0,2374.0,1238.0,30.0,14.0,5.0,24.0,11.0,437.0,24.0,1458,ca CAN,MF,it Serie A,23-213,2002.0,16,1254,78,77.4,13.9,15,81.0,5,1,32.0,1,1.38,17,15,2,0.14,0.39,14.3,18.0,-3.7,-0.27,1177,ca CAN,MF,it Serie A,23-213,2002.0,13.9,3,1,1,14,28,0,1,9,6,0.0,0.0,0,43.0,3.0,5.0,37.5,,,,,,,,,,,,,,,,,,,,,,,,,,,,,,,,,,,,,,,,,,,,,,,,,,,,,,Midfielder,0.2158273381294964,0.0,0.07913669064748202,0.07194244604316546,2.158273381294964,3.093525179856115,1.7266187050359711,0.7913669064748201,0.935251798561151,0.6474820143884892,0.5755395683453237,24.676258992805757,-3.070802402877699,5.251798561151079,1.9,0.3694158075601374,68.69095816464238,17.6,58.4106787114306
1178,Manu Koné,fr FRA,MF,Roma,it Serie A,24.0,2001.0,18,18,1612,17.9,1,1,2,1,0,0,1,0,1.4,1.4,1.3,2.7,27.0,126.0,30.0,0.11,0.15,1178,fr FRA,MF,it Serie A,24-233,2001.0,17.9,1,12,2,16.7,0.67,0.11,0.08,0.5,20.1,0.0,0,0,1.4,1.4,0.12,-0.4,-0.4,1178,fr FRA,MF,it Serie A,24-233,2001.0,17.9,812.0,888.0,91.4,13246.0,3838.0,1,1.3,1.5,-0.3,16.0,83.0,20.0,0.0,126.0,1178,fr FRA,MF,it Serie A,24-233,2001.0,17.9,888.0,864.0,23.0,21.0,3.0,1.0,0,2.0,0.0,0.0,0.0,0.0,812.0,1.0,7.0,1178,fr FRA,MF,it Serie A,24-233,2001.0,17.9,51.0,2.85,45.0,0.0,3.0,2.0,1.0,0.0,4.0,0.22,1178,fr FRA,MF,it Serie A,24-233,2001.0,17.9,32.0,19,14.0,12.0,6.0,28.0,39.3,17.0,13.0,2.0,11.0,10,42.0,17.0,1.0,1178,fr FRA,MF,it Serie A,24-233,2001.0,17.9,1063.0,23.0,186.0,637.0,259.0,28.0,1063.0,38.0,19.0,50.0,13.0,34.2,657.0,3451.0,1781.0,27.0,39.0,1.0,41.0,24.0,779.0,30.0,1459,fr FRA,MF,it Serie A,24-233,2001.0,18,1612,90,99.5,17.9,18,90.0,17,0,,0,1.83,20,12,8,0.45,0.45,21.7,21.6,0.1,0.01,1178,fr FRA,MF,it Serie A,24-233,2001.0,17.9,1,0,0,31,36,1,0,10,19,0.0,0.0,0,80.0,9.0,18.0,33.3,,,,,,,,,,,,,,,,,,,,,,,,,,,,,,,,,,,,,,,,,,,,,,,,,,,,,,Midfielder,0.0558659217877095,0.0558659217877095,0.0782122905027933,0.07262569832402235,1.5083798882681565,7.039106145251397,1.6759776536312851,0.893854748603352,1.787709497206704,0.558659217877095,1.11731843575419,36.70391061452514,0.6077936648044684,8.547486033519554,-0.3999999999999999,0.2681091251175917,93.38731443994602,50.8,61.9279273474443
1179,Ransford Königsdörffer,gh GHA,FW,Hamburger SV,de Bundesliga,24.0,2001.0,15,12,1018,11.3,1,1,2,1,0,1,1,0,4.4,3.6,0.5,4.1,15.0,17.0,53.0,0.18,0.44,1179,gh GHA,FW,de Bundesliga,24-114,2001.0,11.3,1,32,8,25.0,2.83,0.71,0.03,0.13,13.6,0.0,0,1,4.4,3.6,0.11,-3.4,-2.6,1179,gh GHA,FW,de Bundesliga,24-114,2001.0,11.3,133.0,192.0,69.3,2081.0,379.0,1,0.5,0.4,0.5,7.0,11.0,4.0,1.0,17.0,1179,gh GHA,FW,de Bundesliga,24-114,2001.0,11.3,192.0,160.0,29.0,1.0,1.0,0.0,9,0.0,0.0,0.0,0.0,0.0,133.0,3.0,6.0,1179,gh GHA,FW,de Bundesliga,24-114,2001.0,11.3,25.0,2.21,15.0,0.0,2.0,6.0,2.0,0.0,0.0,0.0,1179,gh GHA,FW,de Bundesliga,24-114,2001.0,11.3,1.0,1,0.0,1.0,0.0,1.0,0.0,1.0,6.0,0.0,6.0,1,2.0,9.0,0.0,1179,gh GHA,FW,de Bundesliga,24-114,2001.0,11.3,296.0,9.0,30.0,141.0,130.0,47.0,295.0,14.0,5.0,35.7,7.0,50.0,165.0,967.0,434.0,15.0,12.0,7.0,23.0,12.0,212.0,53.0,1460,gh GHA,FW,de Bundesliga,24-114,2001.0,15,1018,68,75.4,11.3,12,75.0,1,3,38.0,0,1.07,12,21,-9,-0.8,-0.8,12.7,16.7,-4.0,-0.36,1179,gh GHA,FW,de Bundesliga,24-114,2001.0,11.3,1,0,0,11,11,17,9,1,1,0.0,0.0,0,19.0,24.0,25.0,49.0,,,,,,,,,,,,,,,,,,,,,,,,,,,,,,,,,,,,,,,,,,,,,,,,,,,,,,Forward,0.08849557522123894,0.08849557522123894,0.3893805309734513,0.04424778761061947,1.327433628318584,1.5044247787610618,4.6902654867256635,0.6194690265486725,0.08849557522123894,0.08849557522123894,0.35398230088495575,14.601769911504423,-10.819509327433629,2.831858407079646,-3.4000000000000004,0.7466216216216216,44.42508710801394,3.5,42.92278947634197
1188,Arsène Kouassi,bf BFA,"DF,MF",Lorient,fr Ligue 1,21.0,2004.0,16,15,1362,15.1,1,3,4,1,0,0,2,0,0.4,0.4,2.5,2.9,57.0,33.0,89.0,0.26,0.19,1188,bf BFA,"DF,MF",fr Ligue 1,21-116,2004.0,15.1,1,4,1,25.0,0.26,0.07,0.25,1.0,15.4,1.0,0,0,0.4,0.4,0.11,0.6,0.6,1188,bf BFA,"DF,MF",fr Ligue 1,21-116,2004.0,15.1,476.0,598.0,79.6,7481.0,2373.0,3,2.5,2.0,0.5,19.0,20.0,10.0,7.0,33.0,1188,bf BFA,"DF,MF",fr Ligue 1,21-116,2004.0,15.1,598.0,481.0,116.0,11.0,0.0,0.0,75,80.0,25.0,9.0,6.0,0.0,476.0,1.0,15.0,1188,bf BFA,"DF,MF",fr Ligue 1,21-116,2004.0,15.1,39.0,2.58,24.0,10.0,0.0,1.0,3.0,1.0,5.0,0.33,1188,bf BFA,"DF,MF",fr Ligue 1,21-116,2004.0,15.1,15.0,12,8.0,5.0,2.0,9.0,55.6,4.0,9.0,1.0,8.0,14,29.0,30.0,0.0,1188,bf BFA,"DF,MF",fr Ligue 1,21-116,2004.0,15.1,732.0,26.0,202.0,261.0,282.0,30.0,732.0,48.0,21.0,43.8,22.0,45.8,431.0,2871.0,1651.0,57.0,27.0,15.0,16.0,7.0,433.0,89.0,1472,bf BFA,"DF,MF",fr Ligue 1,21-116,2004.0,16,1362,85,89.0,15.1,15,86.0,10,1,77.0,0,1.13,18,23,-5,-0.33,1.81,19.4,18.7,0.6,0.04,1188,bf BFA,"DF,MF",fr Ligue 1,21-116,2004.0,15.1,2,0,0,11,25,3,75,14,12,1.0,0.0,0,60.0,6.0,9.0,40.0,,,,,,,,,,,,,,,,,,,,,,,,,,,,,,,,,,,,,,,,,,,,,,,,,,,,,,Midfielder,0.06622516556291391,0.19867549668874174,0.026490066225165566,0.16556291390728478,3.774834437086093,2.185430463576159,5.894039735099338,1.2582781456953642,0.9933774834437087,0.9271523178807948,0.6622516556291391,28.543046357615896,-1.9448513576158941,5.960264900662252,0.6,0.3524590163934426,79.08232118758434,28.7,61.44702500977805
1190,Konstantinos Koulierakis,gr GRE,DF,Wolfsburg,de Bundesliga,22.0,2003.0,14,13,1215,13.5,0,0,0,0,0,0,3,0,1.6,1.6,0.5,2.1,6.0,36.0,3.0,0.0,0.16,1190,gr GRE,DF,de Bundesliga,22-038,2003.0,13.5,0,15,6,40.0,1.11,0.44,0.0,0.0,15.9,0.0,0,0,1.6,1.6,0.11,-1.6,-1.6,1190,gr GRE,DF,de Bundesliga,22-038,2003.0,13.5,609.0,728.0,83.7,11788.0,4444.0,0,0.5,0.5,-0.5,5.0,44.0,3.0,1.0,36.0,1190,gr GRE,DF,de Bundesliga,22-038,2003.0,13.5,728.0,663.0,64.0,19.0,2.0,7.0,6,0.0,0.0,0.0,0.0,0.0,609.0,1.0,4.0,1190,gr GRE,DF,de Bundesliga,22-038,2003.0,13.5,15.0,1.11,7.0,0.0,1.0,4.0,1.0,2.0,0.0,0.0,1190,gr GRE,DF,de Bundesliga,22-038,2003.0,13.5,15.0,9,12.0,2.0,1.0,9.0,66.7,3.0,15.0,10.0,5.0,23,38.0,92.0,1.0,1190,gr GRE,DF,de Bundesliga,22-038,2003.0,13.5,909.0,198.0,531.0,339.0,40.0,14.0,909.0,2.0,1.0,50.0,1.0,50.0,447.0,2066.0,1100.0,6.0,5.0,0.0,3.0,3.0,550.0,3.0,1474,gr GRE,DF,de Bundesliga,22-038,2003.0,14,1215,87,90.0,13.5,13,90.0,13,1,45.0,1,1.07,22,23,-1,-0.07,2.59,18.8,23.0,-4.3,-0.32,1190,gr GRE,DF,de Bundesliga,22-038,2003.0,13.5,3,0,0,14,8,0,6,23,9,0.0,3.0,1,39.0,27.0,22.0,55.1,,,,,,,,,,,,,,,,,,,,,,,,,,,,,,,,,,,,,,,,,,,,,,,,,,,,,,Defender,0.0,0.0,0.11851851851851852,0.037037037037037035,0.4444444444444444,2.6666666666666665,0.2222222222222222,0.37037037037037035,1.1111111111111112,1.7037037037037037,0.2222222222222222,33.111111111111114,-6.508733333333331,3.111111111111111,-1.6,0.12211221122112213,38.704028021015766,1.7,38.05705803443045
1202,Tom Krauß,de GER,"MF,DF",Köln,de Bundesliga,24.0,2001.0,11,6,638,7.1,0,0,0,0,0,0,2,0,0.2,0.2,0.2,0.4,16.0,41.0,10.0,0.0,0.06,1202,de GER,"MF,DF",de Bundesliga,24-197,2001.0,7.1,0,6,1,16.7,0.85,0.14,0.0,0.0,23.5,0.0,0,0,0.2,0.2,0.04,-0.2,-0.2,1202,de GER,"MF,DF",de Bundesliga,24-197,2001.0,7.1,361.0,402.0,89.8,6781.0,1599.0,0,0.2,0.3,-0.2,3.0,34.0,4.0,0.0,41.0,1202,de GER,"MF,DF",de Bundesliga,24-197,2001.0,7.1,402.0,386.0,13.0,6.0,0.0,2.0,0,7.0,0.0,0.0,0.0,0.0,361.0,3.0,6.0,1202,de GER,"MF,DF",de Bundesliga,24-197,2001.0,7.1,9.0,1.27,9.0,0.0,0.0,0.0,0.0,0.0,0.0,0.0,1202,de GER,"MF,DF",de Bundesliga,24-197,2001.0,7.1,20.0,14,8.0,10.0,2.0,10.0,70.0,3.0,8.0,4.0,4.0,9,29.0,20.0,1.0,1202,de GER,"MF,DF",de Bundesliga,24-197,2001.0,7.1,491.0,20.0,133.0,295.0,72.0,4.0,491.0,8.0,3.0,37.5,4.0,50.0,298.0,1646.0,802.0,16.0,10.0,1.0,7.0,4.0,314.0,10.0,1487,de GER,"MF,DF",de Bundesliga,24-197,2001.0,11,638,58,47.3,7.1,6,81.0,3,5,31.0,4,1.27,7,9,-2,-0.28,-0.28,8.8,11.2,-2.3,-0.33,1202,de GER,"MF,DF",de Bundesliga,24-197,2001.0,7.1,2,0,0,8,6,0,0,9,14,0.0,0.0,0,41.0,3.0,4.0,42.9,,,,,,,,,,,,,,,,,,,,,,,,,,,,,,,,,,,,,,,,,,,,,,,,,,,,,,Midfielder,0.0,0.0,0.028169014084507046,0.028169014084507046,2.2535211267605635,5.774647887323944,1.4084507042253522,0.4225352112676057,2.8169014084507045,1.267605633802817,0.5633802816901409,41.971830985915496,-0.2258011830985911,8.028169014084508,-0.2,0.25865580448065173,89.3387314439946,32.6,67.37460893212263
1206,Thomas Kristensen,dk DEN,DF,Udinese,it Serie A,23.0,2002.0,9,9,810,9.0,1,0,1,1,0,0,0,0,0.3,0.3,0.0,0.3,7.0,20.0,2.0,0.11,0.04,1206,dk DEN,DF,it Serie A,23-353,2002.0,9.0,1,4,2,50.0,0.44,0.22,0.25,0.5,14.0,0.0,0,0,0.3,0.3,0.08,0.7,0.7,1206,dk DEN,DF,it Serie A,23-353,2002.0,9.0,344.0,407.0,84.5,7367.0,2214.0,0,0.0,0.1,0.0,2.0,23.0,1.0,1.0,20.0,1206,dk DEN,DF,it Serie A,23-353,2002.0,9.0,407.0,399.0,6.0,5.0,0.0,2.0,3,1.0,0.0,0.0,0.0,0.0,344.0,2.0,4.0,1206,dk DEN,DF,it Serie A,23-353,2002.0,9.0,5.0,0.56,5.0,0.0,0.0,0.0,0.0,0.0,0.0,0.0,1206,dk DEN,DF,it Serie A,23-353,2002.0,9.0,8.0,4,7.0,1.0,0.0,11.0,36.4,7.0,10.0,9.0,1.0,8,16.0,72.0,0.0,1206,dk DEN,DF,it Serie A,23-353,2002.0,9.0,528.0,71.0,233.0,270.0,29.0,8.0,528.0,1.0,0.0,0.0,1.0,100.0,299.0,1754.0,916.0,7.0,3.0,0.0,6.0,0.0,343.0,2.0,1491,dk DEN,DF,it Serie A,23-353,2002.0,9,810,90,50.0,9.0,9,90.0,9,0,,1,1.22,8,15,-7,-0.78,-0.33,8.0,12.7,-4.7,-0.52,1206,dk DEN,DF,it Serie A,23-353,2002.0,9.0,0,0,0,8,5,1,3,8,4,0.0,0.0,0,17.0,26.0,17.0,60.5,,,,,,,,,,,,,,,,,,,,,,,,,,,,,,,,,,,,,,,,,,,,,,,,,,,,,,Defender,0.1111111111111111,0.0,0.03333333333333333,0.0,0.7777777777777778,2.2222222222222223,0.2222222222222222,0.2222222222222222,0.8888888888888888,0.8888888888888888,0.1111111111111111,33.22222222222222,-7.152788888888887,3.0,0.7,0.10606060606060608,30.823117338003502,1.0,30.51793795841931
1209,Takefusa Kubo,jp JPN,"MF,FW",Real Sociedad,es La Liga,24.0,2001.0,16,11,1021,11.3,2,2,4,2,0,0,0,0,2.2,2.2,2.1,4.3,57.0,37.0,99.0,0.35,0.38,1209,jp JPN,"MF,FW",es La Liga,24-215,2001.0,11.3,2,24,11,45.8,2.12,0.97,0.08,0.18,16.8,1.0,0,0,2.2,2.2,0.09,-0.2,-0.2,1209,jp JPN,"MF,FW",es La Liga,24-215,2001.0,11.3,281.0,376.0,74.7,3826.0,1074.0,2,2.1,2.0,-0.1,22.0,12.0,16.0,0.0,37.0,1209,jp JPN,"MF,FW",es La Liga,24-215,2001.0,11.3,376.0,355.0,18.0,2.0,3.0,2.0,29,0.0,14.0,9.0,1.0,0.0,281.0,3.0,13.0,1209,jp JPN,"MF,FW",es La Liga,24-215,2001.0,11.3,57.0,5.02,36.0,6.0,8.0,2.0,3.0,2.0,5.0,0.44,1209,jp JPN,"MF,FW",es La Liga,24-215,2001.0,11.3,21.0,13,13.0,3.0,5.0,14.0,64.3,5.0,9.0,0.0,9.0,5,26.0,8.0,0.0,1209,jp JPN,"MF,FW",es La Liga,24-215,2001.0,11.3,523.0,10.0,49.0,211.0,268.0,55.0,523.0,54.0,23.0,42.6,20.0,37.0,352.0,2569.0,1497.0,57.0,29.0,24.0,28.0,9.0,400.0,99.0,1495,jp JPN,"MF,FW",es La Liga,24-215,2001.0,16,1021,64,63.0,11.3,11,79.0,2,5,30.0,0,0.88,11,16,-5,-0.44,-0.59,13.6,15.9,-2.3,-0.2,1209,jp JPN,"MF,FW",es La Liga,24-215,2001.0,11.3,0,0,0,4,31,8,29,5,13,0.0,0.0,0,37.0,5.0,8.0,38.5,,,,,,,,,,,,,,,,,,,,,,,,,,,,,,,,,,,,,,,,,,,,,,,,,,,,,,Forward,0.17699115044247787,0.17699115044247787,0.19469026548672566,0.18584070796460175,5.044247787610619,3.2743362831858405,8.761061946902654,1.9469026548672566,1.8584070796460175,0.44247787610619466,1.415929203539823,31.150442477876105,-4.291927079646019,8.31858407079646,-0.20000000000000018,0.9598470363288718,90.59233449477352,46.7,61.7534659132744
1213,Sael Kumbedi,fr FRA,DF,Wolfsburg,de Bundesliga,20.0,2005.0,9,8,683,7.6,0,4,4,0,0,0,1,0,0.0,0.0,1.4,1.4,8.0,21.0,20.0,0.53,0.19,1213,fr FRA,DF,de Bundesliga,20-285,2005.0,7.6,0,2,0,0.0,0.26,0.0,0.0,,27.3,0.0,0,0,0.0,0.0,0.02,0.0,0.0,1213,fr FRA,DF,de Bundesliga,20-285,2005.0,7.6,285.0,366.0,77.9,4301.0,1479.0,4,1.4,0.9,2.6,7.0,17.0,4.0,2.0,21.0,1213,fr FRA,DF,de Bundesliga,20-285,2005.0,7.6,366.0,294.0,71.0,7.0,1.0,1.0,14,63.0,0.0,0.0,0.0,0.0,285.0,1.0,8.0,1213,fr FRA,DF,de Bundesliga,20-285,2005.0,7.6,14.0,1.84,13.0,1.0,0.0,0.0,0.0,0.0,5.0,0.66,1213,fr FRA,DF,de Bundesliga,20-285,2005.0,7.6,13.0,7,5.0,6.0,2.0,10.0,40.0,6.0,8.0,2.0,6.0,8,21.0,26.0,0.0,1213,fr FRA,DF,de Bundesliga,20-285,2005.0,7.6,453.0,26.0,170.0,181.0,104.0,7.0,453.0,16.0,8.0,50.0,8.0,50.0,236.0,902.0,486.0,8.0,7.0,2.0,9.0,10.0,258.0,20.0,1500,fr FRA,DF,de Bundesliga,20-285,2005.0,9,683,76,50.6,7.6,8,82.0,4,1,24.0,3,1.11,14,15,-1,-0.13,0.41,10.2,12.8,-2.6,-0.35,1213,fr FRA,DF,de Bundesliga,20-285,2005.0,7.6,1,0,0,13,7,1,14,8,7,0.0,0.0,0,19.0,4.0,8.0,33.3,,,,,,,,,,,,,,,,,,,,,,,,,,,,,,,,,,,,,,,,,,,,,,,,,,,,,,Defender,0.0,0.5263157894736842,0.0,0.18421052631578946,1.0526315789473684,2.763157894736842,2.6315789473684212,0.9210526315789475,1.7105263157894737,1.0526315789473684,0.5263157894736842,31.05263157894737,-3.4536184210526306,3.8157894736842106,0.0,0.40618101545253865,68.82661996497373,13.2,60.80090102912873
1217,Khvicha Kvaratskhelia,ge GEO,FW,Paris S-G,fr Ligue 1,24.0,2001.0,14,8,687,7.6,3,3,6,3,0,0,1,0,2.2,2.2,2.3,4.5,43.0,33.0,107.0,0.79,0.59,1217,ge GEO,FW,fr Ligue 1,24-327,2001.0,7.6,3,31,14,45.2,4.06,1.83,0.1,0.21,17.4,1.0,0,0,2.2,2.2,0.07,0.8,0.8,1217,ge GEO,FW,fr Ligue 1,24-327,2001.0,7.6,355.0,424.0,83.7,5171.0,851.0,3,2.3,3.1,0.7,18.0,18.0,18.0,3.0,33.0,1217,ge GEO,FW,fr Ligue 1,24-327,2001.0,7.6,424.0,404.0,20.0,3.0,3.0,4.0,22,4.0,13.0,3.0,2.0,0.0,355.0,0.0,7.0,1217,ge GEO,FW,fr Ligue 1,24-327,2001.0,7.6,45.0,5.9,33.0,2.0,7.0,2.0,1.0,0.0,5.0,0.66,1217,ge GEO,FW,fr Ligue 1,24-327,2001.0,7.6,12.0,4,3.0,4.0,5.0,9.0,55.6,4.0,8.0,2.0,6.0,5,17.0,5.0,0.0,1217,ge GEO,FW,fr Ligue 1,24-327,2001.0,7.6,544.0,6.0,35.0,207.0,307.0,67.0,544.0,42.0,20.0,47.6,20.0,47.6,346.0,2343.0,1060.0,43.0,19.0,27.0,23.0,16.0,454.0,107.0,1505,ge GEO,FW,fr Ligue 1,24-327,2001.0,14,687,49,44.9,7.6,8,68.0,2,6,24.0,1,2.29,13,7,6,0.79,-0.92,10.9,6.5,4.4,0.58,1217,ge GEO,FW,fr Ligue 1,24-327,2001.0,7.6,1,0,0,9,13,2,22,5,4,0.0,0.0,0,18.0,4.0,6.0,40.0,,,,,,,,,,,,,,,,,,,,,,,,,,,,,,,,,,,,,,,,,,,,,,,,,,,,,,Forward,0.39473684210526316,0.39473684210526316,0.2894736842105263,0.3026315789473684,5.657894736842105,4.342105263157895,14.078947368421053,2.368421052631579,1.5789473684210527,0.6578947368421053,2.368421052631579,45.526315789473685,-3.11656652631579,10.0,0.7999999999999998,1.084558823529412,94.25087108013938,53.3,61.48132490550513
1220,Rémy Labeau Lascary,gp GLP,"FW,MF",Brest,fr Ligue 1,22.0,2003.0,11,3,365,4.1,2,1,3,2,0,0,1,0,2.4,2.4,0.8,3.2,12.0,6.0,27.0,0.74,0.8,1220,gp GLP,"FW,MF",fr Ligue 1,22-308,2003.0,4.1,2,11,7,63.6,2.71,1.73,0.18,0.29,18.6,0.0,0,0,2.4,2.4,0.22,-0.4,-0.4,1220,gp GLP,"FW,MF",fr Ligue 1,22-308,2003.0,4.1,54.0,71.0,76.1,825.0,132.0,1,0.8,0.5,0.2,3.0,2.0,1.0,1.0,6.0,1220,gp GLP,"FW,MF",fr Ligue 1,22-308,2003.0,4.1,71.0,71.0,0.0,0.0,0.0,1.0,4,0.0,0.0,0.0,0.0,0.0,54.0,0.0,4.0,1220,gp GLP,"FW,MF",fr Ligue 1,22-308,2003.0,4.1,15.0,3.7,6.0,0.0,4.0,1.0,3.0,1.0,3.0,0.74,1220,gp GLP,"FW,MF",fr Ligue 1,22-308,2003.0,4.1,4.0,3,1.0,1.0,2.0,5.0,20.0,4.0,7.0,0.0,7.0,1,5.0,0.0,0.0,1220,gp GLP,"FW,MF",fr Ligue 1,22-308,2003.0,4.1,124.0,0.0,16.0,43.0,67.0,18.0,124.0,10.0,5.0,50.0,4.0,40.0,82.0,627.0,250.0,12.0,5.0,5.0,14.0,3.0,87.0,27.0,1508,gp GLP,"FW,MF",fr Ligue 1,22-308,2003.0,11,365,33,23.9,4.1,3,53.0,0,8,26.0,0,1.82,9,4,5,1.23,1.93,8.8,4.6,4.2,1.04,1220,gp GLP,"FW,MF",fr Ligue 1,22-308,2003.0,4.1,1,0,0,13,7,3,4,1,3,0.0,0.0,0,15.0,5.0,13.0,27.8,,,,,,,,,,,,,,,,,,,,,,,,,,,,,,,,,,,,,,,,,,,,,,,,,,,,,,Forward,0.48780487804878053,0.24390243902439027,0.5853658536585367,0.19512195121951223,2.9268292682926833,1.4634146341463417,6.585365853658537,0.7317073170731708,0.9756097560975611,0.24390243902439027,0.24390243902439027,20.0,-6.7518286341463405,4.390243902439025,-0.3999999999999999,2.9838709677419355,79.44250871080139,17.8,67.43846240305722
1223,Yoel Lago,es ESP,DF,Celta Vigo,es La Liga,21.0,2004.0,4,4,333,3.7,0,0,0,0,0,0,2,0,0.0,0.0,0.0,0.0,0.0,9.0,0.0,0.0,0.01,1223,es ESP,DF,es La Liga,21-286,2004.0,3.7,0,0,0,,0.0,0.0,,,,0.0,0,0,0.0,0.0,,0.0,0.0,1223,es ESP,DF,es La Liga,21-286,2004.0,3.7,187.0,201.0,93.0,3441.0,1370.0,0,0.0,0.1,0.0,1.0,7.0,0.0,0.0,9.0,1223,es ESP,DF,es La Liga,21-286,2004.0,3.7,201.0,200.0,1.0,1.0,0.0,0.0,0,0.0,0.0,0.0,0.0,0.0,187.0,0.0,1.0,1223,es ESP,DF,es La Liga,21-286,2004.0,3.7,2.0,0.54,2.0,0.0,0.0,0.0,0.0,0.0,0.0,0.0,1223,es ESP,DF,es La Liga,21-286,2004.0,3.7,7.0,3,3.0,4.0,0.0,6.0,66.7,2.0,4.0,4.0,0.0,3,10.0,24.0,1.0,1223,es ESP,DF,es La Liga,21-286,2004.0,3.7,243.0,40.0,111.0,128.0,4.0,3.0,243.0,1.0,1.0,100.0,0.0,0.0,144.0,623.0,367.0,0.0,0.0,0.0,1.0,0.0,184.0,0.0,1512,es ESP,DF,es La Liga,21-286,2004.0,4,333,83,20.6,3.7,4,83.0,2,0,,10,0.5,3,6,-3,-0.81,-1.3,3.1,6.2,-3.1,-0.83,1223,es ESP,DF,es La Liga,21-286,2004.0,3.7,2,0,0,6,3,1,0,3,3,0.0,0.0,0,6.0,3.0,3.0,50.0,,,,,,,,,,,,,,,,,,,,,,,,,,,,,,,,,,,,,,,,,,,,,,,,,,,,,,Defender,0.0,0.0,0.0,0.0,0.0,2.4324324324324325,0.0,0.27027027027027023,1.8918918918918919,0.8108108108108107,0.0,38.91891891891892,-4.156059459459458,2.4324324324324325,0.0,0.2222222222222222,61.12084063047285,6.9,57.17571621185486
1224,Mayckel Lahdo,se SWE,"FW,MF",Nantes,fr Ligue 1,23.0,2002.0,8,5,415,4.6,1,1,2,1,0,0,0,0,0.4,0.4,0.5,0.9,8.0,6.0,26.0,0.43,0.19,1224,se SWE,"FW,MF",fr Ligue 1,23-006,2002.0,4.6,1,3,1,33.3,0.65,0.22,0.33,1.0,13.7,0.0,0,0,0.4,0.4,0.13,0.6,0.6,1224,se SWE,"FW,MF",fr Ligue 1,23-006,2002.0,4.6,87.0,102.0,85.3,1344.0,202.0,1,0.5,0.1,0.5,5.0,4.0,3.0,0.0,6.0,1224,se SWE,"FW,MF",fr Ligue 1,23-006,2002.0,4.6,102.0,100.0,2.0,1.0,0.0,1.0,1,1.0,0.0,0.0,0.0,0.0,87.0,0.0,6.0,1224,se SWE,"FW,MF",fr Ligue 1,23-006,2002.0,4.6,9.0,1.95,9.0,0.0,0.0,0.0,0.0,0.0,1.0,0.22,1224,se SWE,"FW,MF",fr Ligue 1,23-006,2002.0,4.6,5.0,2,0.0,2.0,3.0,5.0,60.0,2.0,5.0,0.0,5.0,0,5.0,2.0,0.0,1224,se SWE,"FW,MF",fr Ligue 1,23-006,2002.0,4.6,154.0,2.0,18.0,73.0,67.0,11.0,154.0,12.0,6.0,50.0,6.0,50.0,113.0,673.0,282.0,8.0,6.0,3.0,18.0,7.0,121.0,26.0,1513,se SWE,"FW,MF",fr Ligue 1,23-006,2002.0,8,415,52,27.1,4.6,5,66.0,0,3,29.0,0,0.5,4,9,-5,-1.08,-0.52,4.0,7.8,-3.8,-0.83,1224,se SWE,"FW,MF",fr Ligue 1,23-006,2002.0,4.6,0,0,0,5,6,1,1,0,2,0.0,0.0,0,11.0,1.0,6.0,14.3,,,,,,,,,,,,,,,,,,,,,,,,,,,,,,,,,,,,,,,,,,,,,,,,,,,,,,Forward,0.2173913043478261,0.2173913043478261,0.08695652173913045,0.10869565217391305,1.7391304347826089,1.3043478260869565,5.6521739130434785,1.0869565217391306,1.0869565217391306,0.0,0.6521739130434783,24.56521739130435,-9.780124173913043,3.0434782608695654,0.6,1.2662337662337662,52.961672473867594,4.6,50.63257406679502
1227,Senne Lammens,be BEL,GK,Manchester Utd,eng Premier League,23.0,2002.0,14,14,1260,14.0,0,0,0,0,0,0,0,0,0.0,0.0,0.0,0.0,0.0,2.0,0.0,0.0,0.0,1227,be BEL,GK,eng Premier League,23-182,2002.0,14.0,0,0,0,,0.0,0.0,,,,0.0,0,0,0.0,0.0,,0.0,0.0,1227,be BEL,GK,eng Premier League,23-182,2002.0,14.0,266.0,471.0,56.5,8278.0,6538.0,0,0.0,0.0,0.0,0.0,7.0,0.0,0.0,2.0,1227,be BEL,GK,eng Premier League,23-182,2002.0,14.0,471.0,351.0,118.0,41.0,0.0,0.0,0,0.0,0.0,0.0,0.0,0.0,266.0,2.0,0.0,1227,be BEL,GK,eng Premier League,23-182,2002.0,14.0,2.0,0.14,1.0,1.0,0.0,0.0,0.0,0.0,0.0,0.0,1227,be BEL,GK,eng Premier League,23-182,2002.0,14.0,1.0,1,0.0,0.0,1.0,0.0,,0.0,0.0,0.0,0.0,0,1.0,7.0,0.0,1227,be BEL,GK,eng Premier League,23-182,2002.0,14.0,500.0,415.0,494.0,5.0,2.0,1.0,500.0,0.0,0.0,,0.0,,298.0,1502.0,805.0,0.0,0.0,0.0,2.0,0.0,258.0,0.0,1518,be BEL,GK,eng Premier League,23-182,2002.0,14,1260,90,70.0,14.0,14,90.0,14,0,,3,1.71,27,19,8,0.57,1.24,23.4,17.0,6.4,0.46,1227,be BEL,GK,eng Premier League,23-182,2002.0,14.0,0,0,0,0,2,0,0,0,1,0.0,0.0,0,22.0,3.0,0.0,100.0,65.0,be BEL,GK,eng Premier League,23-182,2002.0,14.0,14.0,1260.0,14.0,19.0,1.36,52.0,33.0,65.4,6.0,6.0,2.0,2.0,14.3,1.0,1.0,0.0,0.0,65.0,be BEL,GK,eng Premier League,23-182,2002.0,14.0,19.0,1.0,2.0,4.0,0.0,20.7,0.38,1.7,0.12,79.0,269.0,29.4,392.0,32.0,51.5,39.5,241.0,12.0,5.0,12.0,0.86,14.4,Goalkeeper,0.0,0.0,0.0,0.0,0.0,0.14285714285714285,0.0,0.0,0.07142857142857142,0.0,0.0,21.285714285714285,-11.5,0.14285714285714285,0.0,0.028000000000000004,91.33858267716536,35.2,67.55812328192705
1231,Hugo Larsson,se SWE,MF,Eint Frankfurt,de Bundesliga,21.0,2004.0,10,7,620,6.9,1,2,3,1,0,0,0,0,0.7,0.7,0.3,1.1,1.0,27.0,19.0,0.44,0.16,1231,se SWE,MF,de Bundesliga,21-192,2004.0,6.9,1,5,2,40.0,0.73,0.29,0.2,0.5,20.2,0.0,0,0,0.7,0.7,0.15,0.3,0.3,1231,se SWE,MF,de Bundesliga,21-192,2004.0,6.9,284.0,349.0,81.4,4910.0,1523.0,2,0.3,0.4,1.7,7.0,26.0,3.0,1.0,27.0,1231,se SWE,MF,de Bundesliga,21-192,2004.0,6.9,349.0,345.0,4.0,2.0,1.0,4.0,4,2.0,0.0,0.0,0.0,0.0,284.0,0.0,9.0,1231,se SWE,MF,de Bundesliga,21-192,2004.0,6.9,15.0,2.18,15.0,0.0,0.0,0.0,0.0,0.0,2.0,0.29,1231,se SWE,MF,de Bundesliga,21-192,2004.0,6.9,8.0,4,2.0,6.0,0.0,6.0,50.0,3.0,6.0,1.0,5.0,9,17.0,6.0,0.0,1231,se SWE,MF,de Bundesliga,21-192,2004.0,6.9,401.0,10.0,114.0,199.0,90.0,7.0,401.0,2.0,1.0,50.0,1.0,50.0,189.0,619.0,231.0,1.0,3.0,0.0,5.0,4.0,271.0,19.0,1522,se SWE,MF,de Bundesliga,21-192,2004.0,10,620,62,45.9,6.9,7,76.0,2,3,28.0,1,1.5,13,13,0,0.0,0.0,8.8,8.9,-0.1,-0.01,1231,se SWE,MF,de Bundesliga,21-192,2004.0,6.9,0,0,0,3,0,0,4,9,4,0.0,1.0,0,30.0,4.0,3.0,57.1,,,,,,,,,,,,,,,,,,,,,,,,,,,,,,,,,,,,,,,,,,,,,,,,,,,,,,Midfielder,0.14492753623188406,0.2898550724637681,0.10144927536231883,0.043478260869565216,0.14492753623188406,3.913043478260869,2.753623188405797,1.0144927536231882,1.1594202898550725,1.3043478260869565,0.43478260869565216,27.391304347826086,-2.897845173913044,4.057971014492753,0.30000000000000004,0.543640897755611,69.63562753036437,16.7,59.670631988315655
1241,Théo Le Bris,fr FRA,DF,Lorient,fr Ligue 1,23.0,2002.0,16,11,991,11.0,2,1,3,2,0,0,0,0,1.1,1.1,0.7,1.8,25.0,27.0,75.0,0.27,0.16,1241,fr FRA,DF,fr Ligue 1,23-096,2002.0,11.0,2,12,5,41.7,1.09,0.45,0.17,0.4,16.7,0.0,0,0,1.1,1.1,0.09,0.9,0.9,1241,fr FRA,DF,fr Ligue 1,23-096,2002.0,11.0,327.0,409.0,80.0,4810.0,1247.0,1,0.7,1.0,0.3,10.0,15.0,14.0,8.0,27.0,1241,fr FRA,DF,fr Ligue 1,23-096,2002.0,11.0,409.0,371.0,37.0,0.0,0.0,0.0,43,37.0,0.0,0.0,0.0,0.0,327.0,1.0,12.0,1241,fr FRA,DF,fr Ligue 1,23-096,2002.0,11.0,25.0,2.27,21.0,1.0,1.0,1.0,1.0,0.0,2.0,0.18,1241,fr FRA,DF,fr Ligue 1,23-096,2002.0,11.0,27.0,20,15.0,5.0,7.0,16.0,81.3,3.0,9.0,1.0,8.0,6,33.0,24.0,0.0,1241,fr FRA,DF,fr Ligue 1,23-096,2002.0,11.0,516.0,17.0,96.0,179.0,243.0,20.0,516.0,15.0,7.0,46.7,8.0,53.3,272.0,1246.0,720.0,25.0,16.0,3.0,14.0,2.0,330.0,75.0,1535,fr FRA,DF,fr Ligue 1,23-096,2002.0,16,991,62,64.8,11.0,11,82.0,4,5,18.0,1,1.19,13,15,-2,-0.18,0.99,15.8,10.6,5.1,0.47,1241,fr FRA,DF,fr Ligue 1,23-096,2002.0,11.0,0,0,0,6,4,0,43,6,20,0.0,0.0,0,32.0,4.0,6.0,40.0,,,,,,,,,,,,,,,,,,,,,,,,,,,,,,,,,,,,,,,,,,,,,,,,,,,,,,Defender,0.18181818181818182,0.09090909090909091,0.1,0.06363636363636363,2.272727272727273,2.4545454545454546,6.818181818181818,0.9090909090909091,2.4545454545454546,0.5454545454545454,1.2727272727272727,24.727272727272727,-3.6952363636363614,4.7272727272727275,0.8999999999999999,0.43992248062015504,66.72504378283712,11.1,60.05854525907932
1255,Youssef Lekhedim,es ESP,DF,Alavés,es La Liga,20.0,2005.0,13,8,759,8.4,0,0,0,0,0,0,2,0,0.3,0.3,0.3,0.6,11.0,24.0,47.0,0.0,0.08,1255,es ESP,DF,es La Liga,20-090,2005.0,8.4,0,7,1,14.3,0.83,0.12,0.0,0.0,18.5,0.0,0,0,0.3,0.3,0.05,-0.3,-0.3,1255,es ESP,DF,es La Liga,20-090,2005.0,8.4,335.0,439.0,76.3,5428.0,2029.0,0,0.3,1.0,-0.3,6.0,19.0,13.0,7.0,24.0,1255,es ESP,DF,es La Liga,20-090,2005.0,8.4,439.0,356.0,81.0,5.0,1.0,0.0,30,76.0,0.0,0.0,0.0,0.0,335.0,2.0,4.0,1255,es ESP,DF,es La Liga,20-090,2005.0,8.4,15.0,1.78,13.0,2.0,0.0,0.0,0.0,0.0,1.0,0.12,1255,es ESP,DF,es La Liga,20-090,2005.0,8.4,11.0,5,8.0,1.0,2.0,12.0,41.7,7.0,6.0,1.0,5.0,6,17.0,24.0,0.0,1255,es ESP,DF,es La Liga,20-090,2005.0,8.4,520.0,26.0,137.0,226.0,159.0,12.0,520.0,15.0,5.0,33.3,10.0,66.7,228.0,854.0,404.0,11.0,7.0,3.0,11.0,5.0,291.0,47.0,1553,es ESP,DF,es La Liga,20-090,2005.0,13,759,58,46.9,8.4,8,89.0,5,5,10.0,5,1.15,8,7,1,0.12,0.85,8.8,8.5,0.3,0.04,1255,es ESP,DF,es La Liga,20-090,2005.0,8.4,2,0,0,12,5,0,30,6,5,0.0,0.0,0,36.0,10.0,5.0,66.7,,,,,,,,,,,,,,,,,,,,,,,,,,,,,,,,,,,,,,,,,,,,,,,,,,,,,,Defender,0.0,0.0,0.03571428571428571,0.03571428571428571,1.3095238095238095,2.857142857142857,5.595238095238095,0.7142857142857143,1.3095238095238095,0.7142857142857143,1.5476190476190474,27.142857142857142,-3.4045833333333313,4.166666666666666,-0.3,0.3423076923076923,70.2276707530648,14.2,61.49533340898844
1258,Félix Lemaréchal,fr FRA,"MF,FW",Strasbourg,fr Ligue 1,22.0,2003.0,10,7,544,6.0,0,2,2,0,0,0,1,0,0.9,0.9,1.1,2.0,13.0,24.0,41.0,0.33,0.33,1258,fr FRA,"MF,FW",fr Ligue 1,22-151,2003.0,6.0,0,10,2,20.0,1.65,0.33,0.0,0.0,21.5,2.0,0,0,0.9,0.9,0.09,-0.9,-0.9,1258,fr FRA,"MF,FW",fr Ligue 1,22-151,2003.0,6.0,184.0,245.0,75.1,2755.0,598.0,2,1.1,0.6,0.9,7.0,16.0,1.0,0.0,24.0,1258,fr FRA,"MF,FW",fr Ligue 1,22-151,2003.0,6.0,245.0,228.0,17.0,5.0,3.0,0.0,15,0.0,6.0,2.0,4.0,0.0,184.0,0.0,9.0,1258,fr FRA,"MF,FW",fr Ligue 1,22-151,2003.0,6.0,15.0,2.48,8.0,4.0,0.0,1.0,1.0,1.0,3.0,0.5,1258,fr FRA,"MF,FW",fr Ligue 1,22-151,2003.0,6.0,17.0,6,6.0,6.0,5.0,16.0,43.8,9.0,13.0,0.0,13.0,3,20.0,7.0,1.0,1258,fr FRA,"MF,FW",fr Ligue 1,22-151,2003.0,6.0,340.0,9.0,55.0,156.0,136.0,16.0,340.0,23.0,12.0,52.2,10.0,43.5,184.0,998.0,443.0,13.0,10.0,1.0,21.0,11.0,224.0,41.0,1556,fr FRA,"MF,FW",fr Ligue 1,22-151,2003.0,10,544,54,35.6,6.0,7,68.0,1,3,23.0,1,1.6,10,6,4,0.66,0.57,10.3,6.9,3.4,0.57,1258,fr FRA,"MF,FW",fr Ligue 1,22-151,2003.0,6.0,1,0,0,8,6,0,15,3,6,0.0,0.0,0,25.0,4.0,2.0,66.7,,,,,,,,,,,,,,,,,,,,,,,,,,,,,,,,,,,,,,,,,,,,,,,,,,,,,,Forward,0.0,0.3333333333333333,0.15,0.18333333333333335,2.1666666666666665,4.0,6.833333333333333,1.1666666666666667,2.8333333333333335,0.5,0.16666666666666666,30.666666666666668,-8.467600666666666,6.166666666666667,-0.9,0.7294117647058823,66.02787456445994,11.6,59.164762154533996
1259,Tim Lemperle,de GER,FW,Hoffenheim,de Bundesliga,23.0,2002.0,14,12,995,11.1,5,1,6,4,1,1,1,0,4.4,3.6,1.3,4.9,23.0,22.0,93.0,0.45,0.52,1259,de GER,FW,de Bundesliga,23-334,2002.0,11.1,5,25,10,40.0,2.26,0.9,0.16,0.4,14.7,0.0,1,1,4.4,3.6,0.14,0.6,0.4,1259,de GER,FW,de Bundesliga,23-334,2002.0,11.1,192.0,279.0,68.8,2486.0,559.0,1,1.3,1.3,-0.3,14.0,12.0,8.0,2.0,22.0,1259,de GER,FW,de Bundesliga,23-334,2002.0,11.1,279.0,261.0,17.0,0.0,0.0,1.0,9,2.0,0.0,0.0,0.0,0.0,192.0,1.0,13.0,1259,de GER,FW,de Bundesliga,23-334,2002.0,11.1,30.0,2.71,24.0,0.0,1.0,3.0,2.0,0.0,3.0,0.27,1259,de GER,FW,de Bundesliga,23-334,2002.0,11.1,12.0,9,2.0,7.0,3.0,18.0,33.3,12.0,20.0,1.0,19.0,3,15.0,15.0,0.0,1259,de GER,FW,de Bundesliga,23-334,2002.0,11.1,428.0,16.0,28.0,177.0,227.0,59.0,427.0,21.0,9.0,42.9,12.0,57.1,210.0,996.0,628.0,23.0,10.0,7.0,37.0,8.0,287.0,93.0,1557,de GER,FW,de Bundesliga,23-334,2002.0,14,995,71,73.7,11.1,12,79.0,1,2,26.0,0,1.93,25,14,11,0.99,1.5,17.8,14.9,2.9,0.27,1259,de GER,FW,de Bundesliga,23-334,2002.0,11.1,1,0,0,30,8,10,9,3,9,1.0,0.0,0,33.0,18.0,28.0,39.1,,,,,,,,,,,,,,,,,,,,,,,,,,,,,,,,,,,,,,,,,,,,,,,,,,,,,,Forward,0.45045045045045046,0.0900900900900901,0.39639639639639646,0.11711711711711713,2.0720720720720722,1.981981981981982,8.378378378378379,1.2612612612612613,1.0810810810810811,0.2702702702702703,0.7207207207207208,18.91891891891892,-8.884401576576575,4.054054054054054,0.5999999999999996,0.6331775700934579,61.672473867595826,12.7,54.722691985444385
1265,Johann Lepenant,fr FRA,MF,Nantes,fr Ligue 1,23.0,2002.0,11,9,846,9.4,0,1,1,0,0,0,1,0,0.2,0.2,0.7,0.9,7.0,34.0,16.0,0.11,0.1,1265,fr FRA,MF,fr Ligue 1,23-075,2002.0,9.4,0,6,2,33.3,0.64,0.21,0.0,0.0,25.7,0.0,0,0,0.2,0.2,0.04,-0.2,-0.2,1265,fr FRA,MF,fr Ligue 1,23-075,2002.0,9.4,268.0,332.0,80.7,4834.0,1335.0,1,0.7,0.7,0.3,11.0,29.0,6.0,0.0,34.0,1265,fr FRA,MF,fr Ligue 1,23-075,2002.0,9.4,332.0,294.0,37.0,21.0,1.0,2.0,20,0.0,11.0,9.0,1.0,0.0,268.0,1.0,8.0,1265,fr FRA,MF,fr Ligue 1,23-075,2002.0,9.4,24.0,2.55,12.0,9.0,1.0,1.0,1.0,0.0,2.0,0.21,1265,fr FRA,MF,fr Ligue 1,23-075,2002.0,9.4,32.0,23,18.0,14.0,0.0,32.0,53.1,15.0,15.0,3.0,12.0,8,40.0,14.0,0.0,1265,fr FRA,MF,fr Ligue 1,23-075,2002.0,9.4,447.0,20.0,133.0,228.0,93.0,8.0,447.0,13.0,4.0,30.8,8.0,61.5,217.0,881.0,330.0,7.0,7.0,0.0,16.0,9.0,244.0,16.0,1566,fr FRA,MF,fr Ligue 1,23-075,2002.0,11,846,77,55.3,9.4,9,87.0,5,2,30.0,0,0.82,9,14,-5,-0.53,0.39,9.7,15.0,-5.3,-0.56,1265,fr FRA,MF,fr Ligue 1,23-075,2002.0,9.4,1,0,0,8,20,0,20,8,23,0.0,0.0,0,48.0,6.0,8.0,42.9,,,,,,,,,,,,,,,,,,,,,,,,,,,,,,,,,,,,,,,,,,,,,,,,,,,,,,Midfielder,0.0,0.10638297872340426,0.02127659574468085,0.07446808510638298,0.7446808510638298,3.6170212765957444,1.702127659574468,1.1702127659574468,3.404255319148936,0.851063829787234,0.6382978723404255,23.085106382978722,-3.5733593829787242,4.361702127659575,-0.2,0.5704697986577181,63.96761133603239,9.7,58.31140504651996
1268,Louis Leroux,fr FRA,"DF,MF",Nantes,fr Ligue 1,19.0,2006.0,13,10,959,10.7,1,1,2,1,0,0,1,0,1.1,1.1,0.5,1.6,10.0,30.0,28.0,0.19,0.15,1268,fr FRA,"DF,MF",fr Ligue 1,19-347,2006.0,10.7,1,8,3,37.5,0.75,0.28,0.13,0.33,17.6,0.0,0,0,1.1,1.1,0.14,-0.1,-0.1,1268,fr FRA,"DF,MF",fr Ligue 1,19-347,2006.0,10.7,301.0,411.0,73.2,5403.0,2512.0,1,0.5,0.6,0.5,11.0,31.0,7.0,4.0,30.0,1268,fr FRA,"DF,MF",fr Ligue 1,19-347,2006.0,10.7,411.0,329.0,82.0,17.0,1.0,0.0,21,61.0,4.0,2.0,0.0,0.0,301.0,0.0,12.0,1268,fr FRA,"DF,MF",fr Ligue 1,19-347,2006.0,10.7,21.0,1.97,18.0,1.0,0.0,2.0,0.0,0.0,1.0,0.09,1268,fr FRA,"DF,MF",fr Ligue 1,19-347,2006.0,10.7,20.0,11,12.0,8.0,0.0,21.0,52.4,10.0,16.0,2.0,14.0,3,23.0,30.0,1.0,1268,fr FRA,"DF,MF",fr Ligue 1,19-347,2006.0,10.7,513.0,22.0,179.0,241.0,98.0,17.0,513.0,17.0,7.0,41.2,10.0,58.8,262.0,1134.0,577.0,10.0,5.0,3.0,10.0,6.0,284.0,28.0,1569,fr FRA,"DF,MF",fr Ligue 1,19-347,2006.0,13,959,74,62.7,10.7,10,87.0,7,3,28.0,0,1.0,10,16,-6,-0.56,0.38,9.5,17.7,-8.2,-0.77,1268,fr FRA,"DF,MF",fr Ligue 1,19-347,2006.0,10.7,1,0,0,9,9,1,21,3,11,0.0,0.0,0,36.0,5.0,6.0,45.5,,,,,,,,,,,,,,,,,,,,,,,,,,,,,,,,,,,,,,,,,,,,,,,,,,,,,,Midfielder,0.09345794392523366,0.09345794392523366,0.10280373831775702,0.04672897196261683,0.9345794392523366,2.8037383177570097,2.6168224299065423,1.0280373831775702,1.869158878504673,0.28037383177570097,0.6542056074766356,24.485981308411215,-2.7812167009345785,3.738317757009346,-0.10000000000000009,0.3840155945419103,70.98515519568151,23.5,57.47785845804171
1270,Jamie Leweling,de GER,"FW,DF",Stuttgart,de Bundesliga,24.0,2001.0,14,11,1036,11.5,1,5,6,1,0,0,3,0,1.3,1.3,2.3,3.6,55.0,27.0,114.0,0.52,0.31,1270,de GER,"FW,DF",de Bundesliga,24-313,2001.0,11.5,1,26,8,30.8,2.26,0.69,0.04,0.13,22.0,0.0,0,0,1.3,1.3,0.05,-0.3,-0.3,1270,de GER,"FW,DF",de Bundesliga,24-313,2001.0,11.5,267.0,377.0,70.8,3762.0,1188.0,5,2.3,2.6,2.7,20.0,13.0,20.0,13.0,27.0,1270,de GER,"FW,DF",de Bundesliga,24-313,2001.0,11.5,377.0,361.0,15.0,2.0,3.0,0.0,56,12.0,0.0,0.0,0.0,0.0,267.0,1.0,14.0,1270,de GER,"FW,DF",de Bundesliga,24-313,2001.0,11.5,41.0,3.56,28.0,0.0,4.0,5.0,3.0,1.0,8.0,0.69,1270,de GER,"FW,DF",de Bundesliga,24-313,2001.0,11.5,8.0,4,2.0,4.0,2.0,10.0,60.0,4.0,8.0,2.0,6.0,10,18.0,10.0,0.0,1270,de GER,"FW,DF",de Bundesliga,24-313,2001.0,11.5,522.0,13.0,62.0,191.0,279.0,37.0,522.0,35.0,13.0,37.1,20.0,57.1,332.0,2673.0,1352.0,55.0,27.0,17.0,32.0,19.0,412.0,114.0,1573,de GER,"FW,DF",de Bundesliga,24-313,2001.0,14,1036,74,76.7,11.5,11,87.0,5,3,26.0,0,1.64,18,18,0,0.0,-0.86,15.4,17.0,-1.6,-0.14,1270,de GER,"FW,DF",de Bundesliga,24-313,2001.0,11.5,3,0,0,5,25,4,56,10,4,0.0,0.0,0,42.0,6.0,7.0,46.2,,,,,,,,,,,,,,,,,,,,,,,,,,,,,,,,,,,,,,,,,,,,,,,,,,,,,,Forward,0.08695652173913043,0.43478260869565216,0.11304347826086956,0.19999999999999998,4.782608695652174,2.347826086956522,9.91304347826087,1.7391304347826086,0.6956521739130435,0.8695652173913043,1.7391304347826086,28.869565217391305,-4.4748848260869565,7.130434782608695,-0.30000000000000004,0.6819923371647509,90.2439024390244,46.1,61.76858483163888
1272,Keane Lewis-Potter,eng ENG,"FW,DF",Brentford,eng Premier League,24.0,2001.0,18,9,852,9.5,2,1,3,2,0,0,1,0,1.2,1.2,1.1,2.3,19.0,24.0,51.0,0.32,0.24,1272,eng ENG,"FW,DF",eng Premier League,24-317,2001.0,9.5,2,11,5,45.5,1.16,0.53,0.18,0.4,18.8,1.0,0,0,1.2,1.2,0.11,0.8,0.8,1272,eng ENG,"FW,DF",eng Premier League,24-317,2001.0,9.5,187.0,257.0,72.8,3019.0,1172.0,1,1.1,0.8,-0.1,9.0,14.0,9.0,3.0,24.0,1272,eng ENG,"FW,DF",eng Premier League,24-317,2001.0,9.5,257.0,231.0,26.0,3.0,0.0,0.0,28,20.0,2.0,0.0,2.0,0.0,187.0,0.0,7.0,1272,eng ENG,"FW,DF",eng Premier League,24-317,2001.0,9.5,15.0,1.58,12.0,1.0,1.0,0.0,1.0,0.0,2.0,0.21,1272,eng ENG,"FW,DF",eng Premier League,24-317,2001.0,9.5,12.0,7,6.0,4.0,2.0,13.0,46.2,7.0,6.0,0.0,6.0,5,17.0,18.0,0.0,1272,eng ENG,"FW,DF",eng Premier League,24-317,2001.0,9.5,346.0,15.0,104.0,125.0,122.0,26.0,346.0,16.0,5.0,31.3,10.0,62.5,194.0,1028.0,510.0,19.0,12.0,9.0,13.0,14.0,218.0,51.0,1575,eng ENG,"FW,DF",eng Premier League,24-317,2001.0,18,852,47,47.3,9.5,9,79.0,3,9,16.0,2,1.5,12,15,-3,-0.32,-0.98,12.5,14.0,-1.5,-0.16,1272,eng ENG,"FW,DF",eng Premier League,24-317,2001.0,9.5,1,0,0,7,16,3,28,5,7,0.0,0.0,0,34.0,4.0,6.0,40.0,,,,,,,,,,,,,,,,,,,,,,,,,,,,,,,,,,,,,,,,,,,,,,,,,,,,,,Forward,0.21052631578947367,0.10526315789473684,0.12631578947368421,0.11578947368421054,2.0,2.526315789473684,5.368421052631579,0.9473684210526315,1.263157894736842,0.5263157894736842,0.9473684210526315,20.42105263157895,-9.501983947368421,4.526315789473684,0.8,0.4566473988439307,55.92334494773519,9.0,51.305821052968064
1273,Myles Lewis-Skelly,eng ENG,DF,Arsenal,eng Premier League,19.0,2006.0,13,1,287,3.2,0,0,0,0,0,0,3,0,0.1,0.1,0.1,0.1,5.0,6.0,9.0,0.0,0.04,1273,eng ENG,DF,eng Premier League,19-101,2006.0,3.2,0,1,0,0.0,0.31,0.0,0.0,,16.4,0.0,0,0,0.1,0.1,0.05,-0.1,-0.1,1273,eng ENG,DF,eng Premier League,19-101,2006.0,3.2,160.0,183.0,87.4,2641.0,446.0,0,0.1,0.1,-0.1,2.0,9.0,1.0,0.0,6.0,1273,eng ENG,DF,eng Premier League,19-101,2006.0,3.2,183.0,153.0,30.0,9.0,0.0,0.0,0,21.0,0.0,0.0,0.0,0.0,160.0,0.0,4.0,1273,eng ENG,DF,eng Premier League,19-101,2006.0,3.2,5.0,1.57,5.0,0.0,0.0,0.0,0.0,0.0,1.0,0.31,1273,eng ENG,DF,eng Premier League,19-101,2006.0,3.2,3.0,3,2.0,0.0,1.0,2.0,100.0,0.0,4.0,0.0,4.0,2,5.0,9.0,0.0,1273,eng ENG,DF,eng Premier League,19-101,2006.0,3.2,205.0,9.0,54.0,105.0,50.0,8.0,205.0,5.0,4.0,80.0,1.0,20.0,112.0,547.0,340.0,5.0,9.0,0.0,1.0,4.0,128.0,9.0,1576,eng ENG,DF,eng Premier League,19-101,2006.0,13,287,22,15.9,3.2,1,70.0,0,12,18.0,7,2.62,9,5,4,1.25,-0.05,6.3,4.8,1.5,0.47,1273,eng ENG,DF,eng Premier League,19-101,2006.0,3.2,3,0,0,5,5,0,0,2,3,0.0,0.0,0,13.0,1.0,7.0,12.5,,,,,,,,,,,,,,,,,,,,,,,,,,,,,,,,,,,,,,,,,,,,,,,,,,,,,,Defender,0.0,0.0,0.03125,0.03125,1.5625,1.875,2.8125,0.625,0.9375,0.625,0.3125,35.0,-5.2781812499999985,3.4375,-0.1,0.7658536585365855,50.26269702276708,15.0,43.70669306327572
1280,Adrián Liso,es ESP,"FW,MF",Getafe,es La Liga,20.0,2005.0,15,15,1175,13.1,3,0,3,3,0,0,1,0,1.4,1.4,0.1,1.5,12.0,14.0,70.0,0.23,0.12,1280,es ESP,"FW,MF",es La Liga,20-278,2005.0,13.1,3,19,7,36.8,1.46,0.54,0.16,0.43,18.9,0.0,0,0,1.4,1.4,0.07,1.6,1.6,1280,es ESP,"FW,MF",es La Liga,20-278,2005.0,13.1,142.0,230.0,61.7,1905.0,385.0,0,0.1,0.3,-0.1,2.0,12.0,2.0,1.0,14.0,1280,es ESP,"FW,MF",es La Liga,20-278,2005.0,13.1,230.0,209.0,20.0,4.0,0.0,0.0,33,2.0,5.0,2.0,1.0,0.0,142.0,1.0,13.0,1280,es ESP,"FW,MF",es La Liga,20-278,2005.0,13.1,17.0,1.3,7.0,3.0,1.0,2.0,3.0,1.0,3.0,0.23,1280,es ESP,"FW,MF",es La Liga,20-278,2005.0,13.1,15.0,13,5.0,5.0,5.0,17.0,47.1,9.0,17.0,1.0,16.0,2,17.0,4.0,0.0,1280,es ESP,"FW,MF",es La Liga,20-278,2005.0,13.1,393.0,6.0,47.0,147.0,207.0,34.0,393.0,30.0,9.0,30.0,18.0,60.0,199.0,1000.0,352.0,12.0,9.0,7.0,54.0,20.0,246.0,70.0,1587,es ESP,"FW,MF",es La Liga,20-278,2005.0,15,1175,78,72.5,13.1,15,78.0,4,0,,0,1.27,10,16,-6,-0.46,0.15,8.5,13.4,-4.9,-0.37,1280,es ESP,"FW,MF",es La Liga,20-278,2005.0,13.1,1,0,0,26,23,9,33,2,13,0.0,0.0,0,38.0,20.0,62.0,24.4,,,,,,,,,,,,,,,,,,,,,,,,,,,,,,,,,,,,,,,,,,,,,,,,,,,,,,Forward,0.22900763358778625,0.0,0.10687022900763359,0.0076335877862595426,0.916030534351145,1.0687022900763359,5.34351145038168,0.15267175572519084,1.1450381679389314,0.15267175572519084,0.15267175572519084,15.19083969465649,-9.775847427480917,1.984732824427481,1.6,0.33078880407124683,53.13588850174216,9.6,48.481650092830435
1282,Valentino Livramento,eng ENG,DF,Newcastle Utd,eng Premier League,23.0,2002.0,12,11,1004,11.2,0,1,1,0,0,0,1,0,0.1,0.1,0.4,0.5,20.0,48.0,66.0,0.09,0.05,1282,eng ENG,DF,eng Premier League,23-054,2002.0,11.2,0,2,0,0.0,0.18,0.0,0.0,,18.9,0.0,0,0,0.1,0.1,0.06,-0.1,-0.1,1282,eng ENG,DF,eng Premier League,23-054,2002.0,11.2,514.0,605.0,85.0,7961.0,2377.0,1,0.4,0.6,0.6,9.0,47.0,8.0,4.0,48.0,1282,eng ENG,DF,eng Premier League,23-054,2002.0,11.2,605.0,503.0,99.0,7.0,0.0,1.0,23,92.0,0.0,0.0,0.0,0.0,514.0,3.0,10.0,1282,eng ENG,DF,eng Premier League,23-054,2002.0,11.2,23.0,2.06,21.0,1.0,0.0,1.0,0.0,0.0,3.0,0.27,1282,eng ENG,DF,eng Premier League,23-054,2002.0,11.2,19.0,14,10.0,9.0,0.0,16.0,62.5,6.0,9.0,2.0,7.0,5,24.0,33.0,0.0,1282,eng ENG,DF,eng Premier League,23-054,2002.0,11.2,719.0,42.0,185.0,315.0,228.0,16.0,719.0,26.0,9.0,34.6,14.0,53.8,401.0,1853.0,959.0,20.0,20.0,5.0,19.0,7.0,416.0,66.0,1591,eng ENG,DF,eng Premier League,23-054,2002.0,12,1004,84,55.8,11.2,11,89.0,10,1,28.0,0,1.58,16,9,7,0.63,0.97,14.7,10.2,4.4,0.4,1282,eng ENG,DF,eng Premier League,23-054,2002.0,11.2,1,0,0,5,11,2,23,5,14,0.0,0.0,0,63.0,4.0,8.0,33.3,,,,,,,,,,,,,,,,,,,,,,,,,,,,,,,,,,,,,,,,,,,,,,,,,,,,,,Defender,0.0,0.08928571428571429,0.00892857142857143,0.03571428571428572,1.7857142857142858,4.285714285714286,5.892857142857143,0.8035714285714286,1.6964285714285716,0.44642857142857145,0.7142857142857143,35.80357142857143,-1.1003803571428534,6.071428571428572,-0.1,0.286509040333797,86.33975481611208,37.2,62.929850449061284
1291,Bradley Locko,fr FRA,DF,Brest,fr Ligue 1,23.0,2002.0,14,11,935,10.4,0,1,1,0,0,0,0,0,0.1,0.1,1.0,1.1,13.0,35.0,37.0,0.1,0.11,1291,fr FRA,DF,fr Ligue 1,23-244,2002.0,10.4,0,2,1,50.0,0.19,0.1,0.0,0.0,21.1,0.0,0,0,0.1,0.1,0.06,-0.1,-0.1,1291,fr FRA,DF,fr Ligue 1,23-244,2002.0,10.4,343.0,449.0,76.4,6169.0,2497.0,1,1.0,0.9,0.0,7.0,29.0,8.0,5.0,35.0,1291,fr FRA,DF,fr Ligue 1,23-244,2002.0,10.4,449.0,351.0,96.0,10.0,1.0,2.0,23,86.0,0.0,0.0,0.0,0.0,343.0,2.0,10.0,1291,fr FRA,DF,fr Ligue 1,23-244,2002.0,10.4,17.0,1.64,12.0,0.0,2.0,0.0,2.0,1.0,3.0,0.29,1291,fr FRA,DF,fr Ligue 1,23-244,2002.0,10.4,35.0,17,26.0,9.0,0.0,40.0,62.5,15.0,6.0,0.0,6.0,8,43.0,22.0,0.0,1291,fr FRA,DF,fr Ligue 1,23-244,2002.0,10.4,564.0,22.0,211.0,239.0,119.0,5.0,564.0,19.0,10.0,52.6,9.0,47.4,272.0,1443.0,718.0,13.0,12.0,1.0,17.0,8.0,292.0,37.0,1601,fr FRA,DF,fr Ligue 1,23-244,2002.0,14,935,67,61.1,10.4,11,83.0,7,3,8.0,1,0.93,14,16,-2,-0.19,0.11,17.1,14.9,2.2,0.21,1291,fr FRA,DF,fr Ligue 1,23-244,2002.0,10.4,0,0,0,7,8,2,23,8,17,0.0,0.0,0,42.0,5.0,14.0,26.3,,,,,,,,,,,,,,,,,,,,,,,,,,,,,,,,,,,,,,,,,,,,,,,,,,,,,,Defender,0.0,0.09615384615384615,0.009615384615384616,0.09615384615384615,1.25,3.3653846153846154,3.5576923076923075,0.673076923076923,3.3653846153846154,0.7692307692307692,0.7692307692307692,26.153846153846153,-0.8884923076923048,4.615384615384615,-0.1,0.2907801418439716,87.74080560420316,28.9,68.06889496059206
1298,Diego López,es ESP,"MF,FW",Valencia,es La Liga,23.0,2002.0,18,14,1141,12.7,3,0,3,3,0,0,2,0,2.1,2.1,0.9,3.0,28.0,31.0,66.0,0.24,0.23,1298,es ESP,"MF,FW",es La Liga,23-237,2002.0,12.7,3,19,4,21.1,1.5,0.32,0.16,0.75,16.2,0.0,0,0,2.1,2.1,0.11,0.9,0.9,1298,es ESP,"MF,FW",es La Liga,23-237,2002.0,12.7,236.0,342.0,69.0,3401.0,805.0,0,0.9,1.1,-0.9,9.0,17.0,8.0,0.0,31.0,1298,es ESP,"MF,FW",es La Liga,23-237,2002.0,12.7,342.0,327.0,12.0,3.0,1.0,1.0,24,8.0,0.0,0.0,0.0,0.0,236.0,3.0,13.0,1298,es ESP,"MF,FW",es La Liga,23-237,2002.0,12.7,26.0,2.05,20.0,1.0,0.0,2.0,3.0,0.0,0.0,0.0,1298,es ESP,"MF,FW",es La Liga,23-237,2002.0,12.7,11.0,8,4.0,6.0,1.0,9.0,33.3,6.0,5.0,2.0,3.0,7,18.0,9.0,1.0,1298,es ESP,"MF,FW",es La Liga,23-237,2002.0,12.7,454.0,13.0,52.0,205.0,202.0,38.0,454.0,24.0,5.0,20.8,12.0,50.0,245.0,1635.0,776.0,28.0,20.0,3.0,20.0,10.0,317.0,66.0,1610,es ESP,"MF,FW",es La Liga,23-237,2002.0,18,1141,63,70.4,12.7,14,76.0,5,4,20.0,0,0.89,8,19,-11,-0.87,-0.49,13.3,17.3,-3.9,-0.31,1298,es ESP,"MF,FW",es La Liga,23-237,2002.0,12.7,2,0,0,12,25,2,24,7,8,0.0,0.0,0,38.0,13.0,33.0,28.3,,,,,,,,,,,,,,,,,,,,,,,,,,,,,,,,,,,,,,,,,,,,,,,,,,,,,,Forward,0.2362204724409449,0.0,0.16535433070866143,0.07086614173228346,2.204724409448819,2.440944881889764,5.196850393700788,0.7086614173228347,0.8661417322834646,0.5511811023622047,0.6299212598425197,19.291338582677167,-8.578457716535434,4.645669291338583,0.8999999999999999,0.4515418502202643,64.63414634146342,15.0,56.20360551431602
1300,Fermin López,es ESP,"MF,FW",Barcelona,es La Liga,22.0,2003.0,13,7,694,7.7,4,4,8,4,0,0,1,0,2.4,2.4,3.2,5.7,21.0,34.0,55.0,1.04,0.74,1300,es ESP,"MF,FW",es La Liga,22-239,2003.0,7.7,4,28,12,42.9,3.63,1.56,0.14,0.33,18.5,0.0,0,0,2.4,2.4,0.09,1.6,1.6,1300,es ESP,"MF,FW",es La Liga,22-239,2003.0,7.7,292.0,359.0,81.3,4271.0,1026.0,4,3.2,2.0,0.8,15.0,24.0,9.0,1.0,34.0,1300,es ESP,"MF,FW",es La Liga,22-239,2003.0,7.7,359.0,343.0,12.0,0.0,7.0,2.0,21,2.0,8.0,6.0,0.0,0.0,292.0,4.0,5.0,1300,es ESP,"MF,FW",es La Liga,22-239,2003.0,7.7,40.0,5.19,23.0,2.0,7.0,7.0,0.0,1.0,11.0,1.43,1300,es ESP,"MF,FW",es La Liga,22-239,2003.0,7.7,16.0,9,1.0,10.0,5.0,18.0,44.4,10.0,6.0,0.0,6.0,3,19.0,2.0,1.0,1300,es ESP,"MF,FW",es La Liga,22-239,2003.0,7.7,457.0,3.0,46.0,181.0,236.0,37.0,457.0,28.0,17.0,60.7,11.0,39.3,255.0,1378.0,755.0,21.0,18.0,9.0,15.0,10.0,354.0,55.0,1612,es ESP,"MF,FW",es La Liga,22-239,2003.0,13,694,53,40.6,7.7,7,72.0,3,6,32.0,1,2.62,25,8,17,2.2,0.79,18.3,10.5,7.9,1.02,1300,es ESP,"MF,FW",es La Liga,22-239,2003.0,7.7,1,0,0,13,7,2,21,3,9,0.0,0.0,0,34.0,6.0,6.0,50.0,,,,,,,,,,,,,,,,,,,,,,,,,,,,,,,,,,,,,,,,,,,,,,,,,,,,,,Forward,0.5194805194805194,0.5194805194805194,0.3116883116883117,0.4155844155844156,2.727272727272727,4.415584415584416,7.142857142857142,1.948051948051948,2.0779220779220777,0.38961038961038963,1.1688311688311688,33.116883116883116,-8.4332675974026,7.142857142857142,1.6,1.1356673960612693,66.55052264808361,18.3,56.25572497724735
1301,Javi López,es ESP,DF,Oviedo,es La Liga,23.0,2002.0,7,5,386,4.3,0,0,0,0,0,0,0,0,0.0,0.0,0.3,0.3,6.0,9.0,25.0,0.0,0.06,1301,es ESP,DF,es La Liga,23-286,2002.0,4.3,0,0,0,,0.0,0.0,,,,0.0,0,0,0.0,0.0,,0.0,0.0,1301,es ESP,DF,es La Liga,23-286,2002.0,4.3,154.0,203.0,75.9,2692.0,936.0,0,0.3,0.3,-0.3,6.0,7.0,8.0,7.0,9.0,1301,es ESP,DF,es La Liga,23-286,2002.0,4.3,203.0,166.0,35.0,1.0,0.0,1.0,15,34.0,0.0,0.0,0.0,0.0,154.0,2.0,8.0,1301,es ESP,DF,es La Liga,23-286,2002.0,4.3,8.0,1.87,7.0,1.0,0.0,0.0,0.0,0.0,0.0,0.0,1301,es ESP,DF,es La Liga,23-286,2002.0,4.3,8.0,4,4.0,3.0,1.0,5.0,80.0,1.0,2.0,1.0,1.0,3,11.0,10.0,0.0,1301,es ESP,DF,es La Liga,23-286,2002.0,4.3,251.0,12.0,97.0,113.0,44.0,3.0,251.0,9.0,2.0,22.2,7.0,77.8,145.0,659.0,328.0,6.0,2.0,0.0,11.0,2.0,155.0,25.0,1614,es ESP,DF,es La Liga,23-286,2002.0,7,386,55,23.8,4.3,5,72.0,1,2,14.0,6,0.57,2,5,-3,-0.7,0.47,3.3,4.9,-1.5,-0.36,1301,es ESP,DF,es La Liga,23-286,2002.0,4.3,0,0,0,10,8,1,15,3,4,0.0,0.0,0,18.0,2.0,7.0,22.2,,,,,,,,,,,,,,,,,,,,,,,,,,,,,,,,,,,,,,,,,,,,,,,,,,,,,,Defender,0.0,0.0,0.0,0.06976744186046512,1.3953488372093024,2.0930232558139537,5.813953488372094,1.3953488372093024,1.8604651162790697,0.6976744186046512,1.8604651162790697,33.72093023255814,-5.6176139534883704,3.488372093023256,0.0,0.7450199203187251,47.285464098073554,2.4,46.17721103327496
1309,Tom Louchet,fr FRA,"MF,DF",Nice,fr Ligue 1,22.0,2003.0,12,6,619,6.9,0,2,2,0,0,0,1,1,0.2,0.2,1.8,2.0,5.0,20.0,28.0,0.29,0.3,1309,fr FRA,"MF,DF",fr Ligue 1,22-246,2003.0,6.9,0,7,0,0.0,1.02,0.0,0.0,,22.1,0.0,0,0,0.2,0.2,0.03,-0.2,-0.2,1309,fr FRA,"MF,DF",fr Ligue 1,22-246,2003.0,6.9,211.0,289.0,73.0,3175.0,1012.0,2,1.8,1.3,0.2,12.0,23.0,5.0,4.0,20.0,1309,fr FRA,"MF,DF",fr Ligue 1,22-246,2003.0,6.9,289.0,259.0,29.0,11.0,1.0,3.0,24,10.0,5.0,4.0,1.0,0.0,211.0,1.0,6.0,1309,fr FRA,"MF,DF",fr Ligue 1,22-246,2003.0,6.9,23.0,3.34,16.0,3.0,0.0,2.0,2.0,0.0,2.0,0.29,1309,fr FRA,"MF,DF",fr Ligue 1,22-246,2003.0,6.9,17.0,7,6.0,7.0,4.0,8.0,50.0,4.0,10.0,4.0,6.0,7,24.0,19.0,0.0,1309,fr FRA,"MF,DF",fr Ligue 1,22-246,2003.0,6.9,368.0,25.0,86.0,188.0,95.0,9.0,368.0,8.0,4.0,50.0,4.0,50.0,173.0,743.0,301.0,5.0,3.0,2.0,8.0,6.0,216.0,28.0,1624,fr FRA,"MF,DF",fr Ligue 1,22-246,2003.0,12,619,52,40.5,6.9,6,78.0,1,6,25.0,2,1.33,6,11,-5,-0.73,-0.23,7.1,13.2,-6.0,-0.88,1309,fr FRA,"MF,DF",fr Ligue 1,22-246,2003.0,6.9,1,1,0,11,6,0,24,7,7,0.0,0.0,0,28.0,6.0,4.0,60.0,,,,,,,,,,,,,,,,,,,,,,,,,,,,,,,,,,,,,,,,,,,,,,,,,,,,,,Midfielder,0.0,0.2898550724637681,0.028985507246376812,0.2608695652173913,0.7246376811594203,2.898550724637681,4.057971014492753,1.7391304347826086,2.463768115942029,1.0144927536231882,0.7246376811594203,25.07246376811594,-3.887085869565218,3.623188405797101,-0.2,0.907608695652174,61.26855600539811,7.9,56.782721043001025
1314,Lucas,br BRA,"DF,MF",Burnley,eng Premier League,24.0,2001.0,6,5,412,4.6,0,0,0,0,0,0,0,1,0.2,0.2,0.3,0.6,7.0,13.0,22.0,0.0,0.12,1314,br BRA,"DF,MF",eng Premier League,24-287,2001.0,4.6,0,7,1,14.3,1.53,0.22,0.0,0.0,21.8,0.0,0,0,0.2,0.2,0.04,-0.2,-0.2,1314,br BRA,"DF,MF",eng Premier League,24-287,2001.0,4.6,153.0,210.0,72.9,2368.0,646.0,0,0.3,0.7,-0.3,6.0,10.0,5.0,2.0,13.0,1314,br BRA,"DF,MF",eng Premier League,24-287,2001.0,4.6,210.0,168.0,42.0,2.0,0.0,0.0,24,27.0,13.0,12.0,0.0,0.0,153.0,0.0,4.0,1314,br BRA,"DF,MF",eng Premier League,24-287,2001.0,4.6,12.0,2.62,10.0,1.0,0.0,1.0,0.0,0.0,2.0,0.44,1314,br BRA,"DF,MF",eng Premier League,24-287,2001.0,4.6,10.0,8,7.0,3.0,0.0,13.0,69.2,4.0,9.0,2.0,7.0,4,14.0,8.0,0.0,1314,br BRA,"DF,MF",eng Premier League,24-287,2001.0,4.6,258.0,11.0,74.0,103.0,86.0,7.0,258.0,6.0,3.0,50.0,3.0,50.0,131.0,650.0,348.0,7.0,8.0,0.0,6.0,5.0,142.0,22.0,1630,br BRA,"DF,MF",eng Premier League,24-287,2001.0,6,412,69,22.9,4.6,5,80.0,4,1,10.0,11,0.33,3,8,-5,-1.09,-0.18,3.9,7.5,-3.6,-0.78,1314,br BRA,"DF,MF",eng Premier League,24-287,2001.0,4.6,0,1,0,4,1,1,24,4,8,0.0,0.0,0,23.0,0.0,4.0,0.0,,,,,,,,,,,,,,,,,,,,,,,,,,,,,,,,,,,,,,,,,,,,,,,,,,,,,,Midfielder,0.0,0.0,0.04347826086956522,0.06521739130434782,1.5217391304347827,2.8260869565217392,4.782608695652175,1.3043478260869565,2.173913043478261,0.8695652173913044,1.0869565217391306,28.47826086956522,-4.1760846956521736,4.347826086956522,-0.2,1.0155038759689923,58.1646423751687,7.3,54.20749522382917
1322,Castello Lukeba,fr FRA,DF,RB Leipzig,de Bundesliga,23.0,2002.0,14,14,1260,14.0,1,0,1,1,0,0,1,0,1.0,1.0,0.2,1.2,13.0,62.0,4.0,0.07,0.09,1322,fr FRA,DF,de Bundesliga,23-019,2002.0,14.0,1,5,2,40.0,0.36,0.14,0.2,0.5,14.1,0.0,0,0,1.0,1.0,0.2,0.0,0.0,1322,fr FRA,DF,de Bundesliga,23-019,2002.0,14.0,852.0,954.0,89.3,14820.0,5342.0,0,0.2,0.3,-0.2,5.0,47.0,2.0,0.0,62.0,1322,fr FRA,DF,de Bundesliga,23-019,2002.0,14.0,954.0,885.0,68.0,30.0,1.0,5.0,3,0.0,0.0,0.0,0.0,0.0,852.0,1.0,3.0,1322,fr FRA,DF,de Bundesliga,23-019,2002.0,14.0,17.0,1.21,14.0,0.0,0.0,1.0,0.0,2.0,2.0,0.14,1322,fr FRA,DF,de Bundesliga,23-019,2002.0,14.0,19.0,9,13.0,6.0,0.0,12.0,91.7,1.0,25.0,14.0,11.0,21,40.0,73.0,3.0,1322,fr FRA,DF,de Bundesliga,23-019,2002.0,14.0,1127.0,193.0,552.0,544.0,40.0,8.0,1127.0,20.0,13.0,65.0,6.0,30.0,687.0,3191.0,1805.0,13.0,5.0,1.0,9.0,2.0,740.0,4.0,1642,fr FRA,DF,de Bundesliga,23-019,2002.0,14,1260,90,93.3,14.0,14,90.0,14,0,,1,2.07,29,16,13,0.93,2.93,26.1,18.9,7.2,0.51,1322,fr FRA,DF,de Bundesliga,23-019,2002.0,14.0,1,0,0,6,7,0,3,21,9,0.0,0.0,0,80.0,15.0,21.0,41.7,,,,,,,,,,,,,,,,,,,,,,,,,,,,,,,,,,,,,,,,,,,,,,,,,,,,,,Defender,0.07142857142857142,0.0,0.07142857142857142,0.014285714285714287,0.9285714285714286,4.428571428571429,0.2857142857142857,0.35714285714285715,1.3571428571428572,1.5,0.14285714285714285,49.07142857142857,-2.8002428571428553,5.357142857142857,0.0,0.10736468500443655,75.83187390542906,18.9,63.77785862525573
1325,Kristoffer Lund,us USA,DF,Köln,de Bundesliga,23.0,2002.0,14,10,876,9.7,0,1,1,0,0,0,1,0,0.3,0.3,0.3,0.6,10.0,27.0,32.0,0.1,0.06,1325,us USA,DF,de Bundesliga,23-236,2002.0,9.7,0,9,1,11.1,0.92,0.1,0.0,0.0,27.1,0.0,0,0,0.3,0.3,0.03,-0.3,-0.3,1325,us USA,DF,de Bundesliga,23-236,2002.0,9.7,334.0,446.0,74.9,5647.0,1795.0,1,0.3,0.4,0.7,6.0,18.0,10.0,7.0,27.0,1325,us USA,DF,de Bundesliga,23-236,2002.0,9.7,446.0,363.0,83.0,8.0,0.0,1.0,21,75.0,0.0,0.0,0.0,0.0,334.0,0.0,10.0,1325,us USA,DF,de Bundesliga,23-236,2002.0,9.7,15.0,1.54,12.0,2.0,0.0,0.0,1.0,0.0,2.0,0.21,1325,us USA,DF,de Bundesliga,23-236,2002.0,9.7,11.0,8,7.0,3.0,1.0,9.0,66.7,3.0,6.0,2.0,4.0,11,22.0,47.0,1.0,1325,us USA,DF,de Bundesliga,23-236,2002.0,9.7,560.0,35.0,179.0,275.0,111.0,4.0,560.0,11.0,6.0,54.5,5.0,45.5,267.0,1129.0,552.0,10.0,10.0,1.0,14.0,3.0,305.0,32.0,1647,us USA,DF,de Bundesliga,23-236,2002.0,14,876,63,64.9,9.7,10,79.0,4,4,21.0,1,1.14,13,15,-2,-0.21,-0.21,13.1,14.4,-1.3,-0.14,1325,us USA,DF,de Bundesliga,23-236,2002.0,9.7,1,0,0,6,11,1,21,11,8,0.0,2.0,0,37.0,15.0,23.0,39.5,,,,,,,,,,,,,,,,,,,,,,,,,,,,,,,,,,,,,,,,,,,,,,,,,,,,,,Defender,0.0,0.10309278350515465,0.030927835051546393,0.030927835051546393,1.0309278350515465,2.7835051546391756,3.2989690721649487,0.6185567010309279,1.1340206185567012,1.1340206185567012,1.0309278350515465,27.52577319587629,-5.947779381443296,3.814432989690722,-0.3,0.275,44.13309982486865,2.4,43.09873029772329
1331,Mathias Løvik,no NOR,DF,Parma,it Serie A,22.0,2003.0,9,5,471,5.2,0,0,0,0,0,0,0,0,0.1,0.1,0.1,0.3,9.0,10.0,27.0,0.0,0.05,1331,no NOR,DF,it Serie A,22-030,2003.0,5.2,0,3,0,0.0,0.57,0.0,0.0,,17.8,0.0,0,0,0.1,0.1,0.05,-0.1,-0.1,1331,no NOR,DF,it Serie A,22-030,2003.0,5.2,119.0,163.0,73.0,2073.0,585.0,0,0.1,0.2,-0.1,2.0,7.0,5.0,3.0,10.0,1331,no NOR,DF,it Serie A,22-030,2003.0,5.2,163.0,140.0,23.0,2.0,0.0,0.0,15,21.0,0.0,0.0,0.0,0.0,119.0,0.0,3.0,1331,no NOR,DF,it Serie A,22-030,2003.0,5.2,4.0,0.76,3.0,0.0,0.0,0.0,1.0,0.0,1.0,0.19,1331,no NOR,DF,it Serie A,22-030,2003.0,5.2,11.0,6,6.0,5.0,0.0,13.0,53.8,6.0,6.0,0.0,6.0,6,17.0,9.0,0.0,1331,no NOR,DF,it Serie A,22-030,2003.0,5.2,226.0,15.0,59.0,94.0,75.0,8.0,226.0,13.0,2.0,15.4,9.0,69.2,105.0,458.0,201.0,9.0,2.0,2.0,9.0,0.0,124.0,27.0,1656,no NOR,DF,it Serie A,22-030,2003.0,9,471,52,30.8,5.2,5,79.0,2,4,19.0,8,1.0,5,8,-3,-0.57,-0.23,6.3,6.1,0.2,0.05,1331,no NOR,DF,it Serie A,22-030,2003.0,5.2,0,0,0,3,2,2,15,6,6,0.0,0.0,0,19.0,3.0,10.0,23.1,,,,,,,,,,,,,,,,,,,,,,,,,,,,,,,,,,,,,,,,,,,,,,,,,,,,,,Defender,0.0,0.0,0.019230769230769232,0.019230769230769232,1.7307692307692306,1.923076923076923,5.1923076923076925,0.3846153846153846,2.1153846153846154,1.1538461538461537,0.9615384615384615,20.19230769230769,-5.613911538461536,3.6538461538461537,-0.1,0.33628318584070793,47.46059544658494,2.3,46.39354393605566
1332,Ian Maatsen,nl NED,DF,Aston Villa,eng Premier League,23.0,2002.0,14,7,680,7.6,0,0,0,0,0,0,1,0,0.6,0.6,1.5,2.2,14.0,33.0,48.0,0.0,0.29,1332,nl NED,DF,eng Premier League,23-301,2002.0,7.6,0,10,2,20.0,1.32,0.26,0.0,0.0,17.7,0.0,0,0,0.6,0.6,0.06,-0.6,-0.6,1332,nl NED,DF,eng Premier League,23-301,2002.0,7.6,334.0,412.0,81.1,5452.0,1644.0,0,1.5,0.8,-1.5,9.0,27.0,6.0,1.0,33.0,1332,nl NED,DF,eng Premier League,23-301,2002.0,7.6,412.0,346.0,66.0,6.0,0.0,1.0,22,56.0,4.0,1.0,3.0,0.0,334.0,0.0,11.0,1332,nl NED,DF,eng Premier League,23-301,2002.0,7.6,17.0,2.26,9.0,3.0,2.0,2.0,0.0,1.0,0.0,0.0,1332,nl NED,DF,eng Premier League,23-301,2002.0,7.6,20.0,16,12.0,6.0,2.0,29.0,58.6,12.0,1.0,0.0,1.0,6,26.0,35.0,1.0,1332,nl NED,DF,eng Premier League,23-301,2002.0,7.6,524.0,37.0,179.0,190.0,161.0,22.0,524.0,24.0,13.0,54.2,8.0,33.3,290.0,1509.0,683.0,14.0,12.0,3.0,17.0,15.0,311.0,48.0,1657,nl NED,DF,eng Premier League,23-301,2002.0,14,680,49,37.8,7.6,7,78.0,1,7,19.0,6,2.21,15,12,3,0.4,-0.09,10.7,12.1,-1.4,-0.19,1332,nl NED,DF,eng Premier League,23-301,2002.0,7.6,1,0,0,7,7,1,22,6,16,0.0,0.0,0,42.0,8.0,4.0,66.7,,,,,,,,,,,,,,,,,,,,,,,,,,,,,,,,,,,,,,,,,,,,,,,,,,,,,,Defender,0.0,0.0,0.07894736842105263,0.19736842105263158,1.842105263157895,4.342105263157895,6.315789473684211,1.1842105263157896,2.6315789473684212,0.7894736842105263,0.7894736842105263,38.15789473684211,-0.007971052631575049,6.184210526315789,-0.6,0.43129770992366406,90.71803852889667,36.9,66.26591565295593
1341,Noni Madueke,eng ENG,FW,Arsenal,eng Premier League,23.0,2002.0,11,6,497,5.5,0,0,0,0,0,0,0,0,0.5,0.5,1.3,1.9,33.0,16.0,73.0,0.0,0.34,1341,eng ENG,FW,eng Premier League,23-301,2002.0,5.5,0,9,3,33.3,1.63,0.54,0.0,0.0,12.5,0.0,0,0,0.5,0.5,0.06,-0.5,-0.5,1341,eng ENG,FW,eng Premier League,23-301,2002.0,5.5,122.0,199.0,61.3,1783.0,469.0,0,1.3,1.3,-1.3,10.0,3.0,11.0,2.0,16.0,1341,eng ENG,FW,eng Premier League,23-301,2002.0,5.5,199.0,183.0,15.0,0.0,0.0,0.0,37,1.0,14.0,14.0,0.0,0.0,122.0,1.0,11.0,1341,eng ENG,FW,eng Premier League,23-301,2002.0,5.5,22.0,3.98,15.0,2.0,5.0,0.0,0.0,0.0,3.0,0.54,1341,eng ENG,FW,eng Premier League,23-301,2002.0,5.5,6.0,3,0.0,2.0,4.0,15.0,40.0,9.0,5.0,0.0,5.0,3,9.0,5.0,0.0,1341,eng ENG,FW,eng Premier League,23-301,2002.0,5.5,271.0,5.0,24.0,66.0,182.0,46.0,271.0,37.0,14.0,37.8,15.0,40.5,155.0,1185.0,777.0,33.0,7.0,21.0,14.0,6.0,186.0,73.0,1667,eng ENG,FW,eng Premier League,23-301,2002.0,11,497,45,27.6,5.5,6,67.0,0,5,20.0,3,2.09,10,5,5,0.91,-0.55,7.1,6.5,0.7,0.12,1341,eng ENG,FW,eng Premier League,23-301,2002.0,5.5,0,0,0,6,7,0,37,3,3,0.0,0.0,0,14.0,6.0,5.0,54.5,,,,,,,,,,,,,,,,,,,,,,,,,,,,,,,,,,,,,,,,,,,,,,,,,,,,,,Forward,0.0,0.0,0.09090909090909091,0.23636363636363636,6.0,2.909090909090909,13.272727272727273,1.8181818181818181,1.0909090909090908,0.5454545454545454,2.0,28.181818181818183,-1.2807689090909093,8.909090909090908,-0.5,1.4686346863468636,96.68989547038328,66.5,58.07200929152149
1344,Soungoutou Magassa,fr FRA,MF,West Ham,eng Premier League,22.0,2003.0,14,9,737,8.2,1,0,1,1,0,0,2,0,0.3,0.3,0.3,0.6,5.0,19.0,8.0,0.12,0.07,1344,fr FRA,MF,eng Premier League,22-089,2003.0,8.2,1,4,2,50.0,0.49,0.24,0.25,0.5,23.4,0.0,0,0,0.3,0.3,0.08,0.7,0.7,1344,fr FRA,MF,eng Premier League,22-089,2003.0,8.2,251.0,316.0,79.4,3993.0,1131.0,0,0.3,0.3,-0.3,4.0,21.0,2.0,1.0,19.0,1344,fr FRA,MF,eng Premier League,22-089,2003.0,8.2,316.0,306.0,9.0,5.0,0.0,7.0,6,4.0,0.0,0.0,0.0,0.0,251.0,1.0,10.0,1344,fr FRA,MF,eng Premier League,22-089,2003.0,8.2,11.0,1.34,9.0,0.0,0.0,0.0,0.0,2.0,0.0,0.0,1344,fr FRA,MF,eng Premier League,22-089,2003.0,8.2,33.0,19,20.0,8.0,5.0,29.0,58.6,12.0,13.0,3.0,10.0,13,46.0,14.0,0.0,1344,fr FRA,MF,eng Premier League,22-089,2003.0,8.2,424.0,29.0,133.0,227.0,65.0,5.0,424.0,6.0,3.0,50.0,3.0,50.0,176.0,809.0,381.0,5.0,2.0,1.0,7.0,2.0,229.0,8.0,1670,fr FRA,MF,eng Premier League,22-089,2003.0,14,737,53,40.9,8.2,9,73.0,2,5,17.0,3,0.5,8,18,-10,-1.22,-0.37,8.9,15.0,-6.1,-0.74,1344,fr FRA,MF,eng Premier League,22-089,2003.0,8.2,2,0,0,14,16,0,6,13,19,0.0,1.0,0,43.0,7.0,12.0,36.8,,,,,,,,,,,,,,,,,,,,,,,,,,,,,,,,,,,,,,,,,,,,,,,,,,,,,,Midfielder,0.12195121951219513,0.0,0.03658536585365854,0.03658536585365854,0.6097560975609757,2.3170731707317076,0.9756097560975611,0.48780487804878053,4.024390243902439,1.5853658536585367,0.24390243902439027,21.463414634146343,-4.9941899512195125,2.9268292682926833,0.7,0.3160377358490566,50.607287449392715,5.5,47.96899284302627
1358,Jordy Makengo,fr FRA,DF,Freiburg,de Bundesliga,24.0,2001.0,9,7,657,7.3,0,0,0,0,0,0,1,0,0.0,0.0,0.3,0.3,15.0,22.0,16.0,0.0,0.04,1358,fr FRA,DF,de Bundesliga,24-155,2001.0,7.3,0,0,0,,0.0,0.0,,,,0.0,0,0,0.0,0.0,,0.0,0.0,1358,fr FRA,DF,de Bundesliga,24-155,2001.0,7.3,256.0,324.0,79.0,4202.0,1139.0,0,0.3,0.5,-0.3,3.0,20.0,5.0,4.0,22.0,1358,fr FRA,DF,de Bundesliga,24-155,2001.0,7.3,324.0,293.0,31.0,6.0,0.0,0.0,18,25.0,0.0,0.0,0.0,0.0,256.0,0.0,4.0,1358,fr FRA,DF,de Bundesliga,24-155,2001.0,7.3,12.0,1.64,10.0,0.0,0.0,0.0,2.0,0.0,0.0,0.0,1358,fr FRA,DF,de Bundesliga,24-155,2001.0,7.3,13.0,7,7.0,5.0,1.0,9.0,66.7,3.0,11.0,8.0,3.0,5,18.0,24.0,3.0,1358,fr FRA,DF,de Bundesliga,24-155,2001.0,7.3,395.0,28.0,138.0,191.0,67.0,1.0,395.0,7.0,3.0,42.9,4.0,57.1,179.0,1022.0,451.0,15.0,8.0,0.0,11.0,3.0,224.0,16.0,1684,fr FRA,DF,de Bundesliga,24-155,2001.0,9,657,73,48.7,7.3,7,88.0,6,2,22.0,4,1.33,10,13,-3,-0.41,-0.67,8.8,10.8,-2.0,-0.27,1358,fr FRA,DF,de Bundesliga,24-155,2001.0,7.3,1,0,0,6,5,1,18,5,7,0.0,1.0,0,29.0,11.0,7.0,61.1,,,,,,,,,,,,,,,,,,,,,,,,,,,,,,,,,,,,,,,,,,,,,,,,,,,,,,Defender,0.0,0.0,0.0,0.0410958904109589,2.0547945205479454,3.0136986301369864,2.191780821917808,0.4109589041095891,1.7808219178082192,0.684931506849315,0.684931506849315,24.52054794520548,-4.321139726027395,5.068493150684931,0.0,0.4151898734177215,60.07005253940455,6.7,56.29808110534635
1360,Said El Mala,de GER,"FW,MF",Köln,de Bundesliga,19.0,2006.0,15,6,682,7.6,6,2,8,6,0,0,0,0,4.3,4.3,1.3,5.6,26.0,9.0,65.0,1.06,0.74,1360,de GER,"FW,MF",de Bundesliga,19-132,2006.0,7.6,6,29,13,44.8,3.83,1.72,0.21,0.46,15.9,0.0,0,0,4.3,4.3,0.15,1.7,1.7,1360,de GER,"FW,MF",de Bundesliga,19-132,2006.0,7.6,113.0,173.0,65.3,1708.0,303.0,2,1.3,1.2,0.7,7.0,3.0,5.0,2.0,9.0,1360,de GER,"FW,MF",de Bundesliga,19-132,2006.0,7.6,173.0,159.0,12.0,0.0,1.0,1.0,15,10.0,0.0,0.0,0.0,0.0,113.0,2.0,15.0,1360,de GER,"FW,MF",de Bundesliga,19-132,2006.0,7.6,31.0,4.09,9.0,1.0,14.0,4.0,1.0,2.0,7.0,0.92,1360,de GER,"FW,MF",de Bundesliga,19-132,2006.0,7.6,12.0,8,3.0,6.0,3.0,10.0,60.0,4.0,10.0,0.0,10.0,3,15.0,1.0,0.0,1360,de GER,"FW,MF",de Bundesliga,19-132,2006.0,7.6,314.0,2.0,27.0,90.0,205.0,53.0,314.0,53.0,21.0,39.6,31.0,58.5,194.0,1642.0,721.0,26.0,17.0,28.0,29.0,13.0,215.0,65.0,1686,de GER,"FW,MF",de Bundesliga,19-132,2006.0,15,682,45,50.5,7.6,6,72.0,1,9,28.0,0,1.07,12,9,3,0.4,1.07,10.6,10.7,-0.1,-0.01,1360,de GER,"FW,MF",de Bundesliga,19-132,2006.0,7.6,0,0,0,6,10,9,15,3,8,0.0,0.0,0,22.0,8.0,7.0,53.3,,,,,,,,,,,,,,,,,,,,,,,,,,,,,,,,,,,,,,,,,,,,,,,,,,,,,,Forward,0.7894736842105263,0.2631578947368421,0.5657894736842105,0.17105263157894737,3.4210526315789473,1.1842105263157896,8.552631578947368,0.9210526315789475,1.5789473684210527,0.39473684210526316,0.6578947368421053,25.526315789473685,-4.362742947368421,4.605263157894737,1.7000000000000002,1.302547770700637,90.41811846689896,61.1,56.12546149404032
1370,Felix Mambimbi,ch SUI,"FW,MF",Le Havre,fr Ligue 1,24.0,2001.0,12,4,340,3.8,0,0,0,0,0,0,1,0,0.3,0.3,0.7,1.0,7.0,10.0,16.0,0.0,0.28,1370,ch SUI,"FW,MF",fr Ligue 1,24-352,2001.0,3.8,0,4,1,25.0,1.06,0.26,0.0,0.0,18.0,0.0,0,0,0.3,0.3,0.09,-0.3,-0.3,1370,ch SUI,"FW,MF",fr Ligue 1,24-352,2001.0,3.8,61.0,90.0,67.8,658.0,207.0,0,0.7,0.4,-0.7,5.0,9.0,2.0,0.0,10.0,1370,ch SUI,"FW,MF",fr Ligue 1,24-352,2001.0,3.8,90.0,85.0,3.0,0.0,1.0,0.0,4,0.0,0.0,0.0,0.0,0.0,61.0,2.0,3.0,1370,ch SUI,"FW,MF",fr Ligue 1,24-352,2001.0,3.8,8.0,2.12,7.0,0.0,0.0,0.0,0.0,1.0,1.0,0.27,1370,ch SUI,"FW,MF",fr Ligue 1,24-352,2001.0,3.8,7.0,4,3.0,2.0,2.0,7.0,57.1,3.0,3.0,0.0,3.0,3,10.0,3.0,0.0,1370,ch SUI,"FW,MF",fr Ligue 1,24-352,2001.0,3.8,126.0,5.0,26.0,46.0,57.0,13.0,126.0,7.0,3.0,42.9,4.0,57.1,72.0,406.0,149.0,7.0,5.0,5.0,7.0,3.0,69.0,16.0,1697,ch SUI,"FW,MF",fr Ligue 1,24-352,2001.0,12,340,28,22.2,3.8,4,64.0,0,8,11.0,5,0.92,3,6,-3,-0.79,-0.42,4.7,4.2,0.6,0.15,1370,ch SUI,"FW,MF",fr Ligue 1,24-352,2001.0,3.8,1,0,0,11,3,4,4,3,4,0.0,0.0,0,18.0,2.0,10.0,16.7,,,,,,,,,,,,,,,,,,,,,,,,,,,,,,,,,,,,,,,,,,,,,,,,,,,,,,Forward,0.0,0.0,0.07894736842105263,0.18421052631578946,1.842105263157895,2.6315789473684212,4.2105263157894735,1.3157894736842106,1.842105263157895,0.7894736842105263,0.5263157894736842,18.947368421052634,-10.099427210526315,4.473684210526316,-0.3,1.6825396825396828,49.825783972125436,3.5,48.140854079348244
1377,Mateus Mane,pt POR,"MF,FW",Wolves,eng Premier League,18.0,2007.0,9,3,362,4.0,1,1,2,1,0,0,0,0,0.2,0.2,0.2,0.4,12.0,11.0,26.0,0.5,0.11,1377,pt POR,"MF,FW",eng Premier League,18-111,2007.0,4.0,1,8,6,75.0,1.99,1.49,0.13,0.17,24.9,0.0,0,0,0.2,0.2,0.03,0.8,0.8,1377,pt POR,"MF,FW",eng Premier League,18-111,2007.0,4.0,58.0,84.0,69.0,884.0,331.0,1,0.2,0.3,0.8,4.0,8.0,5.0,4.0,11.0,1377,pt POR,"MF,FW",eng Premier League,18-111,2007.0,4.0,84.0,81.0,2.0,0.0,0.0,0.0,13,1.0,0.0,0.0,0.0,0.0,58.0,1.0,4.0,1377,pt POR,"MF,FW",eng Premier League,18-111,2007.0,4.0,12.0,2.98,11.0,0.0,0.0,0.0,1.0,0.0,4.0,0.99,1377,pt POR,"MF,FW",eng Premier League,18-111,2007.0,4.0,8.0,4,3.0,3.0,2.0,4.0,25.0,3.0,4.0,0.0,4.0,1,9.0,6.0,1.0,1377,pt POR,"MF,FW",eng Premier League,18-111,2007.0,4.0,151.0,6.0,23.0,60.0,71.0,7.0,151.0,26.0,6.0,23.1,16.0,61.5,92.0,655.0,380.0,12.0,4.0,1.0,12.0,7.0,102.0,26.0,1706,pt POR,"MF,FW",eng Premier League,18-111,2007.0,9,362,40,20.1,4.0,3,88.0,2,6,16.0,0,0.44,6,7,-1,-0.25,1.32,5.7,5.6,0.1,0.02,1377,pt POR,"MF,FW",eng Premier League,18-111,2007.0,4.0,0,0,0,6,10,0,13,1,4,1.0,0.0,0,13.0,2.0,6.0,25.0,,,,,,,,,,,,,,,,,,,,,,,,,,,,,,,,,,,,,,,,,,,,,,,,,,,,,,Forward,0.25,0.25,0.05,0.05,3.0,2.75,6.5,1.0,2.0,0.25,1.25,23.0,-5.382133,5.75,0.8,1.9735099337748345,86.7595818815331,51.9,57.1162487699362
1380,Johan Manzambi,ch SUI,"MF,FW",Freiburg,de Bundesliga,20.0,2005.0,13,12,1006,11.2,3,2,5,3,0,0,3,1,1.6,1.6,2.0,3.6,35.0,54.0,52.0,0.45,0.32,1380,ch SUI,"MF,FW",de Bundesliga,20-083,2005.0,11.2,3,24,6,25.0,2.15,0.54,0.13,0.5,18.0,0.0,0,0,1.6,1.6,0.07,1.4,1.4,1380,ch SUI,"MF,FW",de Bundesliga,20-083,2005.0,11.2,430.0,506.0,85.0,7346.0,1633.0,2,2.0,2.6,0.0,10.0,37.0,11.0,2.0,54.0,1380,ch SUI,"MF,FW",de Bundesliga,20-083,2005.0,11.2,506.0,471.0,31.0,9.0,4.0,2.0,17,13.0,0.0,0.0,0.0,0.0,430.0,4.0,9.0,1380,ch SUI,"MF,FW",de Bundesliga,20-083,2005.0,11.2,40.0,3.58,27.0,3.0,2.0,3.0,5.0,0.0,6.0,0.54,1380,ch SUI,"MF,FW",de Bundesliga,20-083,2005.0,11.2,11.0,5,6.0,4.0,1.0,11.0,36.4,7.0,12.0,1.0,11.0,12,23.0,19.0,3.0,1380,ch SUI,"MF,FW",de Bundesliga,20-083,2005.0,11.2,678.0,24.0,95.0,381.0,217.0,34.0,678.0,39.0,19.0,48.7,15.0,38.5,394.0,2902.0,1333.0,35.0,36.0,12.0,37.0,19.0,481.0,52.0,1711,ch SUI,"MF,FW",de Bundesliga,20-083,2005.0,13,1006,77,74.5,11.2,12,80.0,4,1,45.0,0,1.23,19,22,-3,-0.27,-0.79,17.7,13.2,4.5,0.4,1380,ch SUI,"MF,FW",de Bundesliga,20-083,2005.0,11.2,3,1,0,8,39,1,17,12,5,1.0,0.0,0,59.0,16.0,15.0,51.6,,,,,,,,,,,,,,,,,,,,,,,,,,,,,,,,,,,,,,,,,,,,,,,,,,,,,,Forward,0.26785714285714285,0.17857142857142858,0.14285714285714288,0.17857142857142858,3.125,4.821428571428572,4.642857142857143,0.8928571428571429,0.9821428571428572,1.0714285714285714,0.9821428571428572,35.17857142857143,-5.790148357142858,7.946428571428572,1.4,0.528023598820059,84.49477351916377,48.8,56.78412198868533
1381,Sekou Mara,fr FRA,FW,Auxerre,fr Ligue 1,23.0,2002.0,13,8,727,8.1,0,1,1,0,0,0,0,0,1.7,1.7,0.5,2.2,7.0,13.0,24.0,0.12,0.27,1381,fr FRA,FW,fr Ligue 1,23-159,2002.0,8.1,0,18,6,33.3,2.23,0.74,0.0,0.0,16.3,1.0,0,0,1.7,1.7,0.1,-1.7,-1.7,1381,fr FRA,FW,fr Ligue 1,23-159,2002.0,8.1,104.0,141.0,73.8,1431.0,277.0,1,0.5,1.0,0.5,6.0,9.0,3.0,0.0,13.0,1381,fr FRA,FW,fr Ligue 1,23-159,2002.0,8.1,141.0,129.0,12.0,1.0,2.0,0.0,0,0.0,0.0,0.0,0.0,0.0,104.0,0.0,5.0,1381,fr FRA,FW,fr Ligue 1,23-159,2002.0,8.1,20.0,2.48,15.0,0.0,1.0,2.0,1.0,1.0,2.0,0.25,1381,fr FRA,FW,fr Ligue 1,23-159,2002.0,8.1,6.0,4,0.0,2.0,4.0,3.0,33.3,2.0,7.0,0.0,7.0,1,7.0,3.0,0.0,1381,fr FRA,FW,fr Ligue 1,23-159,2002.0,8.1,236.0,4.0,10.0,121.0,109.0,22.0,236.0,22.0,10.0,45.5,10.0,45.5,136.0,626.0,203.0,7.0,5.0,4.0,25.0,9.0,172.0,24.0,1712,fr FRA,FW,fr Ligue 1,23-159,2002.0,13,727,56,47.5,8.1,8,72.0,1,5,31.0,0,0.69,9,12,-3,-0.37,0.75,12.5,10.2,2.3,0.28,1381,fr FRA,FW,fr Ligue 1,23-159,2002.0,8.1,0,0,0,18,14,2,0,1,4,1.0,0.0,0,16.0,17.0,28.0,37.8,,,,,,,,,,,,,,,,,,,,,,,,,,,,,,,,,,,,,,,,,,,,,,,,,,,,,,Forward,0.0,0.1234567901234568,0.20987654320987656,0.0617283950617284,0.8641975308641976,1.6049382716049383,2.9629629629629632,0.7407407407407408,0.7407407407407408,0.1234567901234568,0.3703703703703704,16.790123456790123,-11.862773444444445,2.469135802469136,-1.7,1.0508474576271185,33.27526132404181,1.1,32.91321594860713
1382,Alessandro Marcandalli,it ITA,DF,Genoa,it Serie A,23.0,2002.0,12,9,814,9.0,0,0,0,0,0,0,2,0,0.2,0.2,0.0,0.2,9.0,29.0,5.0,0.0,0.02,1382,it ITA,DF,it Serie A,23-072,2002.0,9.0,0,3,2,66.7,0.33,0.22,0.0,0.0,11.7,0.0,0,0,0.2,0.2,0.05,-0.2,-0.2,1382,it ITA,DF,it Serie A,23-072,2002.0,9.0,260.0,324.0,80.2,4653.0,2127.0,0,0.0,0.1,0.0,0.0,22.0,0.0,0.0,29.0,1382,it ITA,DF,it Serie A,23-072,2002.0,9.0,324.0,305.0,17.0,11.0,0.0,0.0,0,6.0,0.0,0.0,0.0,0.0,260.0,2.0,4.0,1382,it ITA,DF,it Serie A,23-072,2002.0,9.0,2.0,0.22,2.0,0.0,0.0,0.0,0.0,0.0,0.0,0.0,1382,it ITA,DF,it Serie A,23-072,2002.0,9.0,9.0,8,4.0,4.0,1.0,2.0,100.0,0.0,8.0,3.0,5.0,4,13.0,33.0,3.0,1382,it ITA,DF,it Serie A,23-072,2002.0,9.0,399.0,50.0,189.0,191.0,23.0,5.0,399.0,2.0,1.0,50.0,1.0,50.0,195.0,996.0,485.0,9.0,4.0,0.0,8.0,4.0,225.0,5.0,1715,it ITA,DF,it Serie A,23-072,2002.0,12,814,68,50.2,9.0,9,81.0,6,3,28.0,4,1.08,13,13,0,0.0,1.12,10.6,11.1,-0.5,-0.06,1382,it ITA,DF,it Serie A,23-072,2002.0,9.0,2,0,0,7,4,0,0,4,8,0.0,0.0,0,29.0,17.0,10.0,63.0,,,,,,,,,,,,,,,,,,,,,,,,,,,,,,,,,,,,,,,,,,,,,,,,,,,,,,Defender,0.0,0.0,0.022222222222222223,0.0,1.0,3.2222222222222223,0.5555555555555556,0.0,1.0,0.4444444444444444,0.0,21.666666666666668,-4.374044444444442,4.222222222222222,-0.2,0.05513784461152882,59.36952714535902,6.7,55.64154371636272
1390,Rafa Marín,es ESP,DF,Villarreal,es La Liga,23.0,2002.0,13,13,1159,12.9,1,0,1,1,0,0,1,0,0.3,0.3,0.2,0.5,7.0,41.0,0.0,0.08,0.04,1390,es ESP,DF,es La Liga,23-231,2002.0,12.9,1,3,1,33.3,0.23,0.08,0.33,1.0,7.7,0.0,0,0,0.3,0.3,0.11,0.7,0.7,1390,es ESP,DF,es La Liga,23-231,2002.0,12.9,625.0,691.0,90.4,11938.0,4052.0,0,0.2,0.4,-0.2,3.0,39.0,1.0,0.0,41.0,1390,es ESP,DF,es La Liga,23-231,2002.0,12.9,691.0,654.0,37.0,19.0,0.0,6.0,0,3.0,0.0,0.0,0.0,0.0,625.0,0.0,2.0,1390,es ESP,DF,es La Liga,23-231,2002.0,12.9,6.0,0.47,6.0,0.0,0.0,0.0,0.0,0.0,1.0,0.08,1390,es ESP,DF,es La Liga,23-231,2002.0,12.9,23.0,14,17.0,5.0,1.0,27.0,70.4,8.0,12.0,9.0,3.0,13,36.0,81.0,2.0,1390,es ESP,DF,es La Liga,23-231,2002.0,12.9,841.0,139.0,435.0,370.0,38.0,14.0,841.0,1.0,1.0,100.0,0.0,0.0,478.0,1912.0,1121.0,7.0,4.0,0.0,5.0,0.0,551.0,0.0,1725,es ESP,DF,es La Liga,23-231,2002.0,13,1159,89,75.8,12.9,13,89.0,12,0,,4,2.23,25,14,11,0.85,-0.84,20.8,16.7,4.0,0.31,1390,es ESP,DF,es La Liga,23-231,2002.0,12.9,1,0,0,8,2,3,0,13,14,0.0,1.0,0,40.0,23.0,18.0,56.1,,,,,,,,,,,,,,,,,,,,,,,,,,,,,,,,,,,,,,,,,,,,,,,,,,,,,,Defender,0.07751937984496124,0.0,0.023255813953488372,0.015503875968992248,0.5426356589147286,3.1782945736434107,0.0,0.23255813953488372,1.7829457364341086,1.0077519379844961,0.07751937984496124,37.054263565891475,-4.057978294573641,3.7209302325581395,0.7,0.055885850178359085,62.87215411558669,9.8,57.26061394862175
1392,Pablo Marín,es ESP,MF,Real Sociedad,es La Liga,22.0,2003.0,16,7,685,7.6,0,0,0,0,0,0,1,0,0.6,0.6,0.2,0.8,15.0,17.0,24.0,0.0,0.1,1392,es ESP,MF,es La Liga,22-186,2003.0,7.6,0,9,3,33.3,1.18,0.39,0.0,0.0,20.7,0.0,0,0,0.6,0.6,0.07,-0.6,-0.6,1392,es ESP,MF,es La Liga,22-186,2003.0,7.6,187.0,235.0,79.6,2778.0,543.0,0,0.2,0.5,-0.2,6.0,16.0,4.0,3.0,17.0,1392,es ESP,MF,es La Liga,22-186,2003.0,7.6,235.0,225.0,10.0,0.0,2.0,0.0,8,6.0,0.0,0.0,0.0,0.0,187.0,0.0,9.0,1392,es ESP,MF,es La Liga,22-186,2003.0,7.6,13.0,1.71,10.0,0.0,1.0,1.0,1.0,0.0,0.0,0.0,1392,es ESP,MF,es La Liga,22-186,2003.0,7.6,11.0,9,4.0,6.0,1.0,10.0,40.0,6.0,1.0,1.0,0.0,2,13.0,7.0,0.0,1392,es ESP,MF,es La Liga,22-186,2003.0,7.6,319.0,13.0,47.0,161.0,112.0,11.0,319.0,23.0,9.0,39.1,13.0,56.5,192.0,870.0,471.0,15.0,17.0,2.0,16.0,10.0,220.0,24.0,1727,es ESP,MF,es La Liga,22-186,2003.0,16,685,43,42.3,7.6,7,73.0,2,9,19.0,2,1.13,11,14,-3,-0.39,-0.3,10.0,12.9,-2.8,-0.37,1392,es ESP,MF,es La Liga,22-186,2003.0,7.6,1,0,0,12,8,1,8,2,9,0.0,0.0,0,31.0,5.0,9.0,35.7,,,,,,,,,,,,,,,,,,,,,,,,,,,,,,,,,,,,,,,,,,,,,,,,,,,,,,Midfielder,0.0,0.0,0.07894736842105263,0.026315789473684213,1.973684210526316,2.236842105263158,3.1578947368421053,0.7894736842105263,1.4473684210526316,0.2631578947368421,0.5263157894736842,25.263157894736842,-3.757010421052631,4.2105263157894735,-0.6,0.5360501567398119,62.07827260458839,9.0,56.95254367393431
1398,Eric Martel,de GER,"MF,DF",Köln,de Bundesliga,23.0,2002.0,15,15,1298,14.4,0,2,2,0,0,0,4,0,0.1,0.1,1.1,1.3,3.0,50.0,14.0,0.14,0.09,1398,de GER,"MF,DF",de Bundesliga,23-251,2002.0,14.4,0,4,0,0.0,0.28,0.0,0.0,,20.5,0.0,0,0,0.1,0.1,0.04,-0.1,-0.1,1398,de GER,"MF,DF",de Bundesliga,23-251,2002.0,14.4,674.0,770.0,87.5,11627.0,2999.0,2,1.1,0.7,0.9,8.0,36.0,6.0,0.0,50.0,1398,de GER,"MF,DF",de Bundesliga,23-251,2002.0,14.4,770.0,745.0,24.0,18.0,1.0,0.0,4,5.0,0.0,0.0,0.0,0.0,674.0,1.0,11.0,1398,de GER,"MF,DF",de Bundesliga,23-251,2002.0,14.4,15.0,1.04,14.0,0.0,0.0,0.0,0.0,1.0,1.0,0.07,1398,de GER,"MF,DF",de Bundesliga,23-251,2002.0,14.4,15.0,8,5.0,10.0,0.0,17.0,41.2,10.0,28.0,14.0,14.0,19,34.0,70.0,0.0,1398,de GER,"MF,DF",de Bundesliga,23-251,2002.0,14.4,936.0,100.0,327.0,528.0,84.0,15.0,936.0,3.0,2.0,66.7,1.0,33.3,522.0,2207.0,899.0,3.0,6.0,0.0,6.0,11.0,612.0,14.0,1737,de GER,"MF,DF",de Bundesliga,23-251,2002.0,15,1298,87,96.1,14.4,15,87.0,12,0,,0,1.07,21,24,-3,-0.21,-1.94,19.1,22.7,-3.6,-0.25,1398,de GER,"MF,DF",de Bundesliga,23-251,2002.0,14.4,4,0,0,23,26,0,4,19,8,0.0,0.0,0,49.0,46.0,32.0,59.0,,,,,,,,,,,,,,,,,,,,,,,,,,,,,,,,,,,,,,,,,,,,,,,,,,,,,,Midfielder,0.0,0.1388888888888889,0.006944444444444445,0.0763888888888889,0.20833333333333331,3.4722222222222223,0.9722222222222222,0.5555555555555556,1.0416666666666667,1.3194444444444444,0.41666666666666663,36.25,-4.073922333333333,3.6805555555555554,-0.1,0.1111111111111111,59.37921727395412,9.8,54.079432854238725
1400,Gerard Martín,es ESP,DF,Barcelona,es La Liga,24.0,2002.0,17,12,975,10.8,0,0,0,0,0,0,3,0,0.0,0.0,0.5,0.5,15.0,75.0,38.0,0.0,0.05,1400,es ESP,DF,es La Liga,24-004,2002.0,10.8,0,2,0,0.0,0.18,0.0,0.0,,22.1,0.0,0,0,0.0,0.0,0.02,0.0,0.0,1400,es ESP,DF,es La Liga,24-004,2002.0,10.8,813.0,913.0,89.0,13657.0,4053.0,0,0.5,0.6,-0.5,8.0,79.0,8.0,0.0,75.0,1400,es ESP,DF,es La Liga,24-004,2002.0,10.8,913.0,850.0,60.0,13.0,0.0,2.0,8,41.0,0.0,0.0,0.0,0.0,813.0,3.0,8.0,1400,es ESP,DF,es La Liga,24-004,2002.0,10.8,22.0,2.03,21.0,0.0,1.0,0.0,0.0,0.0,3.0,0.28,1400,es ESP,DF,es La Liga,24-004,2002.0,10.8,25.0,17,15.0,9.0,1.0,23.0,73.9,6.0,13.0,4.0,9.0,14,39.0,42.0,0.0,1400,es ESP,DF,es La Liga,24-004,2002.0,10.8,1030.0,62.0,341.0,553.0,142.0,6.0,1030.0,8.0,4.0,50.0,3.0,37.5,576.0,2870.0,1576.0,15.0,19.0,1.0,6.0,1.0,722.0,38.0,1740,es ESP,DF,es La Liga,24-004,2002.0,17,975,57,57.0,10.8,12,77.0,5,5,10.0,0,2.53,32,7,25,2.31,1.33,24.7,11.7,13.0,1.2,1400,es ESP,DF,es La Liga,24-004,2002.0,10.8,3,0,0,4,7,0,8,14,17,0.0,0.0,0,37.0,21.0,10.0,67.7,,,,,,,,,,,,,,,,,,,,,,,,,,,,,,,,,,,,,,,,,,,,,,,,,,,,,,Defender,0.0,0.0,0.0,0.046296296296296294,1.3888888888888888,6.944444444444444,3.518518518518518,0.7407407407407407,2.314814814814815,1.2962962962962963,0.7407407407407407,53.33333333333333,3.4989703703703707,8.333333333333332,0.0,0.1970873786407767,98.24868651488616,60.8,61.09992942468044
1402,Jon Martin,es ESP,DF,Real Sociedad,es La Liga,19.0,2006.0,10,10,900,10.0,0,0,0,0,0,0,3,0,0.6,0.6,0.0,0.7,8.0,36.0,0.0,0.0,0.07,1402,es ESP,DF,es La Liga,19-257,2006.0,10.0,0,7,1,14.3,0.7,0.1,0.0,0.0,9.5,0.0,0,0,0.6,0.6,0.09,-0.6,-0.6,1402,es ESP,DF,es La Liga,19-257,2006.0,10.0,483.0,529.0,91.3,8407.0,2898.0,0,0.0,0.1,0.0,1.0,24.0,0.0,0.0,36.0,1402,es ESP,DF,es La Liga,19-257,2006.0,10.0,529.0,517.0,11.0,11.0,0.0,2.0,0,0.0,0.0,0.0,0.0,0.0,483.0,1.0,1.0,1402,es ESP,DF,es La Liga,19-257,2006.0,10.0,4.0,0.4,4.0,0.0,0.0,0.0,0.0,0.0,0.0,0.0,1402,es ESP,DF,es La Liga,19-257,2006.0,10.0,10.0,6,4.0,6.0,0.0,4.0,75.0,1.0,15.0,12.0,3.0,15,25.0,51.0,0.0,1402,es ESP,DF,es La Liga,19-257,2006.0,10.0,648.0,72.0,282.0,350.0,17.0,8.0,648.0,3.0,2.0,66.7,1.0,33.3,416.0,2524.0,1422.0,8.0,6.0,0.0,6.0,3.0,432.0,0.0,1742,es ESP,DF,es La Liga,19-257,2006.0,10,900,90,55.6,10.0,10,90.0,10,0,,5,1.3,16,15,1,0.1,0.72,13.4,11.8,1.5,0.15,1402,es ESP,DF,es La Liga,19-257,2006.0,10.0,3,0,0,10,4,0,0,15,6,0.0,1.0,0,30.0,39.0,14.0,73.6,,,,,,,,,,,,,,,,,,,,,,,,,,,,,,,,,,,,,,,,,,,,,,,,,,,,,,Defender,0.0,0.0,0.06,0.0,0.8,3.6,0.0,0.1,1.0,1.5,0.0,41.6,-2.9518099999999974,4.4,-0.6,0.06172839506172839,74.25569176882661,24.5,59.64312591873623
1403,Mario Martín,es ESP,"MF,FW",Getafe,es La Liga,21.0,2004.0,17,15,1108,12.3,2,0,2,2,0,0,6,0,0.8,0.8,0.2,1.0,16.0,23.0,46.0,0.16,0.08,1403,es ESP,"MF,FW",es La Liga,21-306,2004.0,12.3,2,15,4,26.7,1.22,0.32,0.13,0.5,19.7,0.0,0,0,0.8,0.8,0.05,1.2,1.2,1403,es ESP,"MF,FW",es La Liga,21-306,2004.0,12.3,246.0,331.0,74.3,4021.0,817.0,0,0.2,0.3,-0.2,4.0,28.0,2.0,1.0,23.0,1403,es ESP,"MF,FW",es La Liga,21-306,2004.0,12.3,331.0,321.0,5.0,3.0,0.0,2.0,7,0.0,0.0,0.0,0.0,0.0,246.0,5.0,8.0,1403,es ESP,"MF,FW",es La Liga,21-306,2004.0,12.3,14.0,1.14,10.0,0.0,0.0,1.0,3.0,0.0,0.0,0.0,1403,es ESP,"MF,FW",es La Liga,21-306,2004.0,12.3,25.0,19,9.0,13.0,3.0,32.0,34.4,21.0,25.0,1.0,24.0,4,29.0,12.0,1.0,1403,es ESP,"MF,FW",es La Liga,21-306,2004.0,12.3,502.0,19.0,92.0,256.0,160.0,24.0,502.0,25.0,8.0,32.0,15.0,60.0,244.0,1262.0,493.0,16.0,10.0,2.0,24.0,18.0,328.0,46.0,1743,es ESP,"MF,FW",es La Liga,21-306,2004.0,17,1108,65,68.4,12.3,15,69.0,3,2,34.0,0,1.06,10,18,-8,-0.65,-0.47,7.3,13.7,-6.4,-0.52,1403,es ESP,"MF,FW",es La Liga,21-306,2004.0,12.3,6,0,0,35,13,2,7,4,19,0.0,0.0,0,39.0,35.0,58.0,37.6,,,,,,,,,,,,,,,,,,,,,,,,,,,,,,,,,,,,,,,,,,,,,,,,,,,,,,Forward,0.16260162601626016,0.0,0.06504065040650406,0.016260162601626015,1.3008130081300813,1.8699186991869918,3.7398373983739837,0.3252032520325203,2.0325203252032518,0.3252032520325203,0.16260162601626016,19.83739837398374,-9.305198829268292,3.170731707317073,1.2,0.22709163346613542,58.01393728222997,13.0,51.3397675063982
1404,Gabriel Martinelli,br BRA,FW,Arsenal,eng Premier League,24.0,2001.0,15,6,483,5.4,1,0,1,1,0,0,1,0,2.0,2.0,0.3,2.3,19.0,14.0,35.0,0.19,0.44,1404,br BRA,FW,eng Premier League,24-201,2001.0,5.4,1,13,4,30.8,2.42,0.75,0.08,0.25,12.5,0.0,0,0,2.0,2.0,0.16,-1.0,-1.0,1404,br BRA,FW,eng Premier League,24-201,2001.0,5.4,82.0,122.0,67.2,1408.0,254.0,0,0.3,0.2,-0.3,4.0,3.0,3.0,0.0,14.0,1404,br BRA,FW,eng Premier League,24-201,2001.0,5.4,122.0,114.0,7.0,3.0,0.0,1.0,12,2.0,2.0,1.0,0.0,0.0,82.0,1.0,8.0,1404,br BRA,FW,eng Premier League,24-201,2001.0,5.4,11.0,2.05,7.0,1.0,1.0,2.0,0.0,0.0,2.0,0.37,1404,br BRA,FW,eng Premier League,24-201,2001.0,5.4,5.0,5,0.0,4.0,1.0,5.0,80.0,1.0,5.0,1.0,4.0,0,5.0,3.0,0.0,1404,br BRA,FW,eng Premier League,24-201,2001.0,5.4,194.0,5.0,21.0,57.0,123.0,30.0,194.0,15.0,6.0,40.0,8.0,53.3,115.0,855.0,465.0,19.0,10.0,6.0,25.0,9.0,132.0,35.0,1744,br BRA,FW,eng Premier League,24-201,2001.0,15,483,32,26.8,5.4,6,61.0,0,9,13.0,3,2.33,8,3,5,0.93,-0.5,6.2,5.0,1.2,0.23,1404,br BRA,FW,eng Premier League,24-201,2001.0,5.4,1,0,0,4,9,1,12,0,5,0.0,0.0,0,18.0,2.0,8.0,20.0,,,,,,,,,,,,,,,,,,,,,,,,,,,,,,,,,,,,,,,,,,,,,,,,,,,,,,Forward,0.18518518518518517,0.0,0.37037037037037035,0.05555555555555555,3.518518518518518,2.5925925925925926,6.481481481481481,0.7407407407407407,0.9259259259259258,0.0,0.5555555555555555,21.296296296296294,-6.166907740740741,6.111111111111111,-1.0,1.0567010309278349,82.05574912891987,35.8,60.42396843072155
1405,Arnau Martinez,es ESP,"DF,MF",Girona,es La Liga,22.0,2003.0,16,14,1102,12.2,1,1,2,1,0,0,4,0,0.5,0.5,0.4,0.9,19.0,48.0,35.0,0.16,0.07,1405,es ESP,"DF,MF",es La Liga,22-255,2003.0,12.2,1,6,1,16.7,0.49,0.08,0.17,1.0,11.2,0.0,0,0,0.5,0.5,0.08,0.5,0.5,1405,es ESP,"DF,MF",es La Liga,22-255,2003.0,12.2,587.0,698.0,84.1,9796.0,2923.0,1,0.4,0.4,0.6,4.0,36.0,5.0,1.0,48.0,1405,es ESP,"DF,MF",es La Liga,22-255,2003.0,12.2,698.0,612.0,82.0,25.0,0.0,2.0,20,57.0,0.0,0.0,0.0,0.0,587.0,4.0,10.0,1405,es ESP,"DF,MF",es La Liga,22-255,2003.0,12.2,12.0,0.98,10.0,1.0,0.0,0.0,1.0,0.0,2.0,0.16,1405,es ESP,"DF,MF",es La Liga,22-255,2003.0,12.2,34.0,18,19.0,10.0,5.0,33.0,63.6,12.0,14.0,5.0,9.0,21,55.0,57.0,1.0,1405,es ESP,"DF,MF",es La Liga,22-255,2003.0,12.2,858.0,82.0,396.0,337.0,132.0,24.0,858.0,11.0,6.0,54.5,5.0,45.5,445.0,2087.0,1090.0,19.0,13.0,6.0,8.0,8.0,518.0,35.0,1747,es ESP,"DF,MF",es La Liga,22-255,2003.0,16,1102,69,68.0,12.2,14,77.0,7,2,14.0,2,1.13,15,18,-3,-0.25,2.19,13.3,19.4,-6.1,-0.5,1405,es ESP,"DF,MF",es La Liga,22-255,2003.0,12.2,4,0,0,10,16,0,20,21,18,0.0,0.0,0,43.0,15.0,10.0,60.0,,,,,,,,,,,,,,,,,,,,,,,,,,,,,,,,,,,,,,,,,,,,,,,,,,,,,,Midfielder,0.0819672131147541,0.0819672131147541,0.04098360655737705,0.03278688524590164,1.557377049180328,3.934426229508197,2.8688524590163937,0.3278688524590164,2.7868852459016393,1.7213114754098362,0.4098360655737705,36.47540983606557,-2.2821895737704923,5.491803278688525,0.5,0.11421911421911422,75.97840755735493,21.9,62.32847215533628
1407,Joaquín Martínez Gauna,es ESP,DF,Sevilla,es La Liga,22.0,2003.0,4,3,295,3.3,0,1,1,0,0,0,1,0,0.2,0.2,0.7,0.9,14.0,9.0,22.0,0.31,0.28,1407,es ESP,DF,es La Liga,22-180,2003.0,3.3,0,3,1,33.3,0.92,0.31,0.0,0.0,15.3,0.0,0,0,0.2,0.2,0.06,-0.2,-0.2,1407,es ESP,DF,es La Liga,22-180,2003.0,3.3,106.0,155.0,68.4,1709.0,582.0,1,0.7,0.4,0.3,7.0,3.0,4.0,0.0,9.0,1407,es ESP,DF,es La Liga,22-180,2003.0,3.3,155.0,125.0,29.0,0.0,1.0,0.0,16,24.0,5.0,0.0,5.0,0.0,106.0,1.0,8.0,1407,es ESP,DF,es La Liga,22-180,2003.0,3.3,12.0,3.66,5.0,4.0,1.0,2.0,0.0,0.0,1.0,0.31,1407,es ESP,DF,es La Liga,22-180,2003.0,3.3,5.0,3,4.0,1.0,0.0,7.0,42.9,4.0,3.0,1.0,2.0,0,5.0,2.0,0.0,1407,es ESP,DF,es La Liga,22-180,2003.0,3.3,183.0,5.0,43.0,68.0,73.0,12.0,183.0,6.0,3.0,50.0,3.0,50.0,89.0,620.0,388.0,14.0,12.0,2.0,6.0,0.0,113.0,22.0,1750,es ESP,DF,es La Liga,22-180,2003.0,4,295,74,18.2,3.3,3,88.0,2,1,31.0,10,0.8,6,6,0,0.0,0.34,4.5,3.5,1.0,0.32,1407,es ESP,DF,es La Liga,22-180,2003.0,3.3,1,0,0,0,1,1,16,0,3,0.0,0.0,0,7.0,4.0,4.0,50.0,,,,,,,,,,,,,,,,,,,,,,,,,,,,,,,,,,,,,,,,,,,,,,,,,,,,,,Defender,0.0,0.30303030303030304,0.060606060606060615,0.21212121212121213,4.242424242424242,2.7272727272727275,6.666666666666667,2.121212121212121,1.5151515151515151,0.0,1.2121212121212122,26.969696969696972,-3.1325030303030275,6.96969696969697,-0.2,2.0,73.02977232924694,10.4,66.15015609533236
1417,Patrizio Masini,it ITA,MF,Genoa,it Serie A,24.0,2001.0,16,10,968,10.8,0,0,0,0,0,0,3,0,1.3,1.3,0.3,1.6,11.0,44.0,12.0,0.0,0.15,1417,it ITA,MF,it Serie A,24-343,2001.0,10.8,0,12,2,16.7,1.12,0.19,0.0,0.0,18.2,0.0,0,0,1.3,1.3,0.11,-1.3,-1.3,1417,it ITA,MF,it Serie A,24-343,2001.0,10.8,298.0,408.0,73.0,4894.0,1612.0,0,0.3,0.2,-0.3,6.0,29.0,4.0,2.0,44.0,1417,it ITA,MF,it Serie A,24-343,2001.0,10.8,408.0,389.0,19.0,14.0,0.0,2.0,9,4.0,0.0,0.0,0.0,0.0,298.0,0.0,14.0,1417,it ITA,MF,it Serie A,24-343,2001.0,10.8,17.0,1.58,13.0,1.0,0.0,2.0,1.0,0.0,0.0,0.0,1417,it ITA,MF,it Serie A,24-343,2001.0,10.8,53.0,32,21.0,24.0,8.0,29.0,72.4,8.0,23.0,5.0,18.0,17,70.0,34.0,0.0,1417,it ITA,MF,it Serie A,24-343,2001.0,10.8,606.0,39.0,177.0,323.0,112.0,9.0,606.0,9.0,2.0,22.2,4.0,44.4,244.0,1252.0,561.0,11.0,10.0,0.0,21.0,11.0,274.0,12.0,1761,it ITA,MF,it Serie A,24-343,2001.0,16,968,61,59.8,10.8,10,88.0,9,6,15.0,2,0.88,8,15,-7,-0.65,-0.24,13.5,12.1,1.4,0.13,1417,it ITA,MF,it Serie A,24-343,2001.0,10.8,3,0,0,20,30,0,9,17,32,0.0,0.0,0,65.0,11.0,29.0,27.5,,,,,,,,,,,,,,,,,,,,,,,,,,,,,,,,,,,,,,,,,,,,,,,,,,,,,,Midfielder,0.0,0.0,0.12037037037037036,0.027777777777777776,1.0185185185185184,4.0740740740740735,1.111111111111111,0.5555555555555555,4.907407407407407,1.574074074074074,0.37037037037037035,22.59259259259259,-3.350916,5.092592592592593,-1.3,0.2607260726072608,65.85695006747639,13.5,58.02374455284263
1418,Han-Noah Massengo,fr FRA,MF,Augsburg,de Bundesliga,24.0,2001.0,15,15,1228,13.6,1,1,2,1,0,0,0,0,0.7,0.7,0.9,1.6,21.0,64.0,13.0,0.15,0.12,1418,fr FRA,MF,de Bundesliga,24-182,2001.0,13.6,1,10,2,20.0,0.73,0.15,0.1,0.5,21.4,0.0,0,0,0.7,0.7,0.07,0.3,0.3,1418,fr FRA,MF,de Bundesliga,24-182,2001.0,13.6,512.0,601.0,85.2,7768.0,2631.0,1,0.9,1.0,0.1,9.0,55.0,3.0,1.0,64.0,1418,fr FRA,MF,de Bundesliga,24-182,2001.0,13.6,601.0,576.0,22.0,11.0,0.0,1.0,8,6.0,0.0,0.0,0.0,0.0,512.0,3.0,7.0,1418,fr FRA,MF,de Bundesliga,24-182,2001.0,13.6,22.0,1.61,16.0,0.0,2.0,0.0,3.0,1.0,4.0,0.29,1418,fr FRA,MF,de Bundesliga,24-182,2001.0,13.6,21.0,11,6.0,12.0,3.0,18.0,55.6,8.0,14.0,5.0,9.0,17,38.0,26.0,0.0,1418,fr FRA,MF,de Bundesliga,24-182,2001.0,13.6,736.0,38.0,166.0,438.0,136.0,14.0,736.0,21.0,10.0,47.6,9.0,42.9,381.0,1957.0,914.0,21.0,15.0,5.0,19.0,12.0,462.0,13.0,1762,fr FRA,MF,de Bundesliga,24-182,2001.0,15,1228,82,91.0,13.6,15,82.0,7,0,,0,0.93,15,28,-13,-0.95,-2.43,14.8,24.2,-9.4,-0.69,1418,fr FRA,MF,de Bundesliga,24-182,2001.0,13.6,0,0,0,12,15,0,8,17,11,0.0,0.0,0,72.0,7.0,12.0,36.8,,,,,,,,,,,,,,,,,,,,,,,,,,,,,,,,,,,,,,,,,,,,,,,,,,,,,,Midfielder,0.07352941176470588,0.07352941176470588,0.051470588235294115,0.0661764705882353,1.5441176470588236,4.705882352941177,0.9558823529411765,0.6617647058823529,1.5441176470588236,1.25,0.22058823529411764,28.014705882352942,-2.0134039999999995,6.25,0.30000000000000004,0.21875000000000003,78.81241565452092,25.2,62.94921378156622
1419,Franco Mastantuono,ar ARG,"FW,MF",Real Madrid,es La Liga,18.0,2007.0,11,7,562,6.2,1,0,1,1,0,0,3,0,2.0,2.0,0.9,3.0,9.0,21.0,73.0,0.16,0.47,1419,ar ARG,"FW,MF",es La Liga,18-144,2007.0,6.2,1,19,4,21.1,3.04,0.64,0.05,0.25,17.5,1.0,0,0,2.0,2.0,0.11,-1.0,-1.0,1419,ar ARG,"FW,MF",es La Liga,18-144,2007.0,6.2,277.0,321.0,86.3,4105.0,790.0,0,0.9,1.5,-0.9,8.0,17.0,12.0,2.0,21.0,1419,ar ARG,"FW,MF",es La Liga,18-144,2007.0,6.2,321.0,295.0,26.0,7.0,6.0,3.0,23,3.0,16.0,7.0,4.0,0.0,277.0,0.0,6.0,1419,ar ARG,"FW,MF",es La Liga,18-144,2007.0,6.2,22.0,3.52,12.0,5.0,2.0,1.0,2.0,0.0,0.0,0.0,1419,ar ARG,"FW,MF",es La Liga,18-144,2007.0,6.2,12.0,8,3.0,4.0,5.0,19.0,36.8,12.0,9.0,0.0,9.0,0,12.0,1.0,1.0,1419,ar ARG,"FW,MF",es La Liga,18-144,2007.0,6.2,434.0,1.0,24.0,176.0,239.0,31.0,434.0,38.0,13.0,34.2,20.0,52.6,277.0,1693.0,525.0,9.0,9.0,5.0,24.0,13.0,340.0,73.0,1763,ar ARG,"FW,MF",es La Liga,18-144,2007.0,11,562,51,32.9,6.2,7,70.0,1,4,18.0,6,2.73,17,5,12,1.92,0.98,15.6,5.7,9.9,1.59,1419,ar ARG,"FW,MF",es La Liga,18-144,2007.0,6.2,3,0,0,13,17,0,23,0,8,0.0,0.0,0,22.0,2.0,3.0,40.0,,,,,,,,,,,,,,,,,,,,,,,,,,,,,,,,,,,,,,,,,,,,,,,,,,,,,,Forward,0.16129032258064516,0.0,0.3225806451612903,0.14516129032258066,1.4516129032258065,3.3870967741935485,11.774193548387096,1.2903225806451613,1.9354838709677418,0.0,1.9354838709677418,44.67741935483871,-7.715383096774193,4.838709677419355,-1.0,0.8110599078341014,73.17073170731707,37.2,53.331437104458516
1423,Pape Matar Sarr,sn SEN,MF,Tottenham,eng Premier League,23.0,2002.0,14,7,709,7.9,2,2,4,2,0,0,0,0,1.0,1.0,0.7,1.7,14.0,27.0,25.0,0.51,0.22,1423,sn SEN,MF,eng Premier League,23-113,2002.0,7.9,2,6,4,66.7,0.76,0.51,0.33,0.5,10.1,0.0,0,0,1.0,1.0,0.17,1.0,1.0,1423,sn SEN,MF,eng Premier League,23-113,2002.0,7.9,274.0,336.0,81.5,4198.0,904.0,2,0.7,0.4,1.3,5.0,30.0,3.0,1.0,27.0,1423,sn SEN,MF,eng Premier League,23-113,2002.0,7.9,336.0,321.0,13.0,3.0,1.0,1.0,6,2.0,0.0,0.0,0.0,0.0,274.0,2.0,8.0,1423,sn SEN,MF,eng Premier League,23-113,2002.0,7.9,10.0,1.27,9.0,0.0,0.0,0.0,0.0,1.0,5.0,0.63,1423,sn SEN,MF,eng Premier League,23-113,2002.0,7.9,12.0,8,3.0,5.0,4.0,9.0,22.2,7.0,8.0,3.0,5.0,7,19.0,19.0,2.0,1423,sn SEN,MF,eng Premier League,23-113,2002.0,7.9,419.0,24.0,97.0,226.0,100.0,14.0,419.0,10.0,4.0,40.0,5.0,50.0,224.0,1417.0,634.0,14.0,13.0,2.0,10.0,7.0,262.0,25.0,1767,sn SEN,MF,eng Premier League,23-113,2002.0,14,709,51,39.4,7.9,7,87.0,5,7,14.0,2,1.5,13,7,6,0.76,0.93,7.7,12.8,-5.1,-0.64,1423,sn SEN,MF,eng Premier League,23-113,2002.0,7.9,0,0,0,18,5,3,6,7,8,0.0,0.0,0,41.0,18.0,24.0,42.9,,,,,,,,,,,,,,,,,,,,,,,,,,,,,,,,,,,,,,,,,,,,,,,,,,,,,,Midfielder,0.2531645569620253,0.2531645569620253,0.12658227848101264,0.08860759493670885,1.7721518987341771,3.4177215189873418,3.1645569620253164,0.6329113924050632,1.5189873417721518,0.8860759493670886,0.37974683544303794,28.354430379746834,-3.011304518987343,5.189873417721519,1.0,0.3031026252983294,69.09581646423752,17.4,58.85503957771509
1426,Rudy Matondo,fr FRA,MF,Auxerre,fr Ligue 1,17.0,2008.0,14,6,554,6.2,0,0,0,0,0,0,3,0,0.1,0.1,0.1,0.2,4.0,20.0,13.0,0.0,0.03,1426,fr FRA,MF,fr Ligue 1,17-298,2008.0,6.2,0,2,0,0.0,0.32,0.0,0.0,,16.1,0.0,0,0,0.1,0.1,0.05,-0.1,-0.1,1426,fr FRA,MF,fr Ligue 1,17-298,2008.0,6.2,195.0,224.0,87.1,3234.0,695.0,0,0.1,0.1,-0.1,1.0,17.0,1.0,1.0,20.0,1426,fr FRA,MF,fr Ligue 1,17-298,2008.0,6.2,224.0,219.0,4.0,1.0,0.0,0.0,5,3.0,0.0,0.0,0.0,0.0,195.0,1.0,3.0,1426,fr FRA,MF,fr Ligue 1,17-298,2008.0,6.2,7.0,1.14,7.0,0.0,0.0,0.0,0.0,0.0,0.0,0.0,1426,fr FRA,MF,fr Ligue 1,17-298,2008.0,6.2,10.0,8,4.0,2.0,4.0,11.0,27.3,8.0,5.0,2.0,3.0,7,17.0,7.0,0.0,1426,fr FRA,MF,fr Ligue 1,17-298,2008.0,6.2,276.0,9.0,62.0,166.0,50.0,9.0,276.0,6.0,4.0,66.7,1.0,16.7,145.0,616.0,229.0,4.0,2.0,1.0,9.0,4.0,187.0,13.0,1770,fr FRA,MF,fr Ligue 1,17-298,2008.0,14,554,40,36.2,6.2,6,74.0,3,8,14.0,3,0.57,4,7,-3,-0.49,0.43,7.5,8.0,-0.5,-0.07,1426,fr FRA,MF,fr Ligue 1,17-298,2008.0,6.2,3,0,0,11,8,1,5,7,8,0.0,0.0,0,24.0,3.0,10.0,23.1,,,,,,,,,,,,,,,,,,,,,,,,,,,,,,,,,,,,,,,,,,,,,,,,,,,,,,Midfielder,0.0,0.0,0.016129032258064516,0.016129032258064516,0.6451612903225806,3.225806451612903,2.096774193548387,0.16129032258064516,1.6129032258064515,1.129032258064516,0.16129032258064516,23.387096774193548,-2.0869957419354837,3.8709677419354835,-0.1,0.4130434782608695,77.7327935222672,28.9,60.304727325265475
1427,Chrislain Matsima,fr FRA,DF,Augsburg,de Bundesliga,23.0,2002.0,14,14,1260,14.0,1,1,2,1,0,0,5,0,0.4,0.4,0.5,0.9,4.0,44.0,3.0,0.14,0.06,1427,fr FRA,DF,de Bundesliga,23-235,2002.0,14.0,1,6,1,16.7,0.43,0.07,0.17,1.0,12.5,0.0,0,0,0.4,0.4,0.06,0.6,0.6,1427,fr FRA,DF,de Bundesliga,23-235,2002.0,14.0,592.0,700.0,84.6,11094.0,3483.0,1,0.5,0.4,0.5,4.0,35.0,2.0,1.0,44.0,1427,fr FRA,DF,de Bundesliga,23-235,2002.0,14.0,700.0,664.0,31.0,15.0,0.0,0.0,4,15.0,0.0,0.0,0.0,0.0,592.0,5.0,7.0,1427,fr FRA,DF,de Bundesliga,23-235,2002.0,14.0,15.0,1.07,11.0,1.0,0.0,1.0,0.0,2.0,0.0,0.0,1427,fr FRA,DF,de Bundesliga,23-235,2002.0,14.0,15.0,8,12.0,3.0,0.0,10.0,70.0,3.0,30.0,18.0,12.0,29,44.0,86.0,1.0,1427,fr FRA,DF,de Bundesliga,23-235,2002.0,14.0,884.0,109.0,399.0,448.0,41.0,13.0,884.0,3.0,1.0,33.3,2.0,66.7,416.0,1667.0,780.0,4.0,1.0,0.0,9.0,2.0,514.0,3.0,1771,fr FRA,DF,de Bundesliga,23-235,2002.0,14,1260,90,93.3,14.0,14,90.0,14,0,,0,0.93,17,28,-11,-0.79,-0.79,15.7,25.4,-9.7,-0.69,1427,fr FRA,DF,de Bundesliga,23-235,2002.0,14.0,5,0,0,8,4,0,4,29,8,0.0,0.0,0,69.0,32.0,13.0,71.1,,,,,,,,,,,,,,,,,,,,,,,,,,,,,,,,,,,,,,,,,,,,,,,,,,,,,,Defender,0.07142857142857142,0.07142857142857142,0.028571428571428574,0.03571428571428571,0.2857142857142857,3.142857142857143,0.21428571428571427,0.2857142857142857,1.0714285714285714,2.0714285714285716,0.14285714285714285,29.714285714285715,-6.628978571428569,3.4285714285714284,0.6,0.12104072398190047,37.127845884413304,1.6,36.54315539804459
1428,Jean Mattéo Bahoya,fr FRA,"FW,MF",Eint Frankfurt,de Bundesliga,20.0,2005.0,14,8,624,6.9,2,1,3,2,0,0,0,0,1.4,1.4,1.7,3.1,28.0,16.0,56.0,0.43,0.45,1428,fr FRA,"FW,MF",de Bundesliga,20-243,2005.0,6.9,2,12,4,33.3,1.73,0.58,0.17,0.5,16.3,0.0,0,0,1.4,1.4,0.12,0.6,0.6,1428,fr FRA,"FW,MF",de Bundesliga,20-243,2005.0,6.9,169.0,225.0,75.1,2614.0,573.0,1,1.7,1.7,-0.7,12.0,5.0,7.0,4.0,16.0,1428,fr FRA,"FW,MF",de Bundesliga,20-243,2005.0,6.9,225.0,218.0,7.0,0.0,0.0,2.0,20,6.0,0.0,0.0,0.0,0.0,169.0,0.0,6.0,1428,fr FRA,"FW,MF",de Bundesliga,20-243,2005.0,6.9,24.0,3.46,18.0,1.0,1.0,0.0,4.0,0.0,1.0,0.14,1428,fr FRA,"FW,MF",de Bundesliga,20-243,2005.0,6.9,21.0,6,11.0,7.0,3.0,9.0,66.7,3.0,17.0,0.0,17.0,5,26.0,7.0,0.0,1428,fr FRA,"FW,MF",de Bundesliga,20-243,2005.0,6.9,324.0,11.0,64.0,119.0,150.0,30.0,324.0,23.0,13.0,56.5,8.0,34.8,197.0,1361.0,779.0,28.0,15.0,12.0,24.0,9.0,214.0,56.0,1772,fr FRA,"FW,MF",de Bundesliga,20-243,2005.0,14,624,45,46.2,6.9,8,64.0,0,6,19.0,1,1.57,10,17,-7,-1.01,-1.88,9.4,10.8,-1.4,-0.2,1428,fr FRA,"FW,MF",de Bundesliga,20-243,2005.0,6.9,0,0,0,7,13,1,20,5,6,0.0,0.0,0,30.0,4.0,9.0,30.8,,,,,,,,,,,,,,,,,,,,,,,,,,,,,,,,,,,,,,,,,,,,,,,,,,,,,,Forward,0.2898550724637681,0.14492753623188406,0.20289855072463767,0.24637681159420288,4.057971014492753,2.318840579710145,8.115942028985506,1.7391304347826086,3.043478260869565,0.7246376811594203,1.0144927536231882,28.550724637681157,-3.1559933043478274,6.3768115942028984,0.6000000000000001,1.0679012345679013,93.72822299651567,54.2,60.783542799296804
1432,Christian Mawissa,fr FRA,DF,Monaco,fr Ligue 1,20.0,2005.0,7,7,553,6.1,0,0,0,0,0,0,1,0,0.0,0.0,0.0,0.0,5.0,20.0,2.0,0.0,0.0,1432,fr FRA,DF,fr Ligue 1,20-262,2005.0,6.1,0,0,0,,0.0,0.0,,,,0.0,0,0,0.0,0.0,,0.0,0.0,1432,fr FRA,DF,fr Ligue 1,20-262,2005.0,6.1,405.0,439.0,92.3,6804.0,1652.0,0,0.0,0.1,0.0,0.0,24.0,0.0,0.0,20.0,1432,fr FRA,DF,fr Ligue 1,20-262,2005.0,6.1,439.0,413.0,26.0,10.0,0.0,1.0,1,4.0,0.0,0.0,0.0,0.0,405.0,0.0,5.0,1432,fr FRA,DF,fr Ligue 1,20-262,2005.0,6.1,2.0,0.33,1.0,0.0,0.0,0.0,1.0,0.0,0.0,0.0,1432,fr FRA,DF,fr Ligue 1,20-262,2005.0,6.1,10.0,8,5.0,5.0,0.0,14.0,64.3,5.0,5.0,4.0,1.0,12,22.0,31.0,0.0,1432,fr FRA,DF,fr Ligue 1,20-262,2005.0,6.1,512.0,52.0,191.0,307.0,18.0,2.0,512.0,8.0,5.0,62.5,3.0,37.5,302.0,1554.0,823.0,5.0,5.0,0.0,5.0,2.0,362.0,2.0,1778,fr FRA,DF,fr Ligue 1,20-262,2005.0,7,553,79,36.1,6.1,7,79.0,5,0,,2,1.71,11,9,2,0.33,0.79,12.1,8.8,3.3,0.53,1432,fr FRA,DF,fr Ligue 1,20-262,2005.0,6.1,1,0,0,4,7,0,1,12,8,0.0,1.0,0,32.0,13.0,7.0,65.0,,,,,,,,,,,,,,,,,,,,,,,,,,,,,,,,,,,,,,,,,,,,,,,,,,,,,,Defender,0.0,0.0,0.0,0.0,0.819672131147541,3.278688524590164,0.3278688524590164,0.0,1.639344262295082,1.9672131147540985,0.0,49.50819672131148,-3.749163934426228,4.0983606557377055,0.0,0.064453125,66.02451838879159,10.5,59.75069537447203
1433,Eliezer Mayenda,es ESP,FW,Sunderland,eng Premier League,20.0,2005.0,11,5,459,5.1,1,0,1,1,0,0,0,0,0.9,0.9,0.5,1.4,10.0,6.0,15.0,0.2,0.28,1433,es ESP,FW,eng Premier League,20-242,2005.0,5.1,1,9,4,44.4,1.76,0.78,0.11,0.25,12.8,0.0,0,0,0.9,0.9,0.1,0.1,0.1,1433,es ESP,FW,eng Premier League,20-242,2005.0,5.1,28.0,44.0,63.6,403.0,141.0,0,0.5,0.1,-0.5,3.0,2.0,3.0,0.0,6.0,1433,es ESP,FW,eng Premier League,20-242,2005.0,5.1,44.0,44.0,0.0,0.0,0.0,0.0,0,0.0,0.0,0.0,0.0,0.0,28.0,0.0,3.0,1433,es ESP,FW,eng Premier League,20-242,2005.0,5.1,8.0,1.57,4.0,0.0,2.0,2.0,0.0,0.0,0.0,0.0,1433,es ESP,FW,eng Premier League,20-242,2005.0,5.1,2.0,1,1.0,1.0,0.0,2.0,50.0,1.0,5.0,1.0,4.0,1,3.0,3.0,0.0,1433,es ESP,FW,eng Premier League,20-242,2005.0,5.1,99.0,4.0,16.0,43.0,45.0,17.0,99.0,15.0,8.0,53.3,6.0,40.0,62.0,456.0,251.0,10.0,7.0,4.0,9.0,15.0,74.0,15.0,1780,es ESP,FW,eng Premier League,20-242,2005.0,11,459,42,25.5,5.1,5,74.0,1,6,15.0,9,1.27,5,2,3,0.59,0.66,3.5,6.9,-3.4,-0.67,1433,es ESP,FW,eng Premier League,20-242,2005.0,5.1,0,0,0,3,8,1,0,1,1,0.0,0.0,0,9.0,9.0,15.0,37.5,,,,,,,,,,,,,,,,,,,,,,,,,,,,,,,,,,,,,,,,,,,,,,,,,,,,,,Forward,0.19607843137254904,0.0,0.17647058823529413,0.09803921568627452,1.9607843137254903,1.1764705882352942,2.9411764705882355,0.5882352941176471,0.3921568627450981,0.19607843137254904,0.5882352941176471,12.15686274509804,-7.137535019607844,3.1372549019607847,0.09999999999999998,1.585858585858586,76.82926829268293,27.0,60.495486844632225
1436,Senny Mayulu,fr FRA,"MF,FW",Paris S-G,fr Ligue 1,19.0,2006.0,13,11,869,9.7,2,2,4,2,0,0,1,0,2.5,2.5,1.6,4.1,24.0,22.0,63.0,0.41,0.43,1436,fr FRA,"MF,FW",fr Ligue 1,19-233,2006.0,9.7,2,19,5,26.3,1.97,0.52,0.11,0.4,16.5,0.0,0,0,2.5,2.5,0.13,-0.5,-0.5,1436,fr FRA,"MF,FW",fr Ligue 1,19-233,2006.0,9.7,339.0,386.0,87.8,5239.0,843.0,2,1.6,1.5,0.4,17.0,20.0,9.0,4.0,22.0,1436,fr FRA,"MF,FW",fr Ligue 1,19-233,2006.0,9.7,386.0,366.0,19.0,4.0,1.0,1.0,15,8.0,4.0,2.0,0.0,0.0,339.0,1.0,9.0,1436,fr FRA,"MF,FW",fr Ligue 1,19-233,2006.0,9.7,29.0,3.0,25.0,1.0,1.0,1.0,1.0,0.0,3.0,0.31,1436,fr FRA,"MF,FW",fr Ligue 1,19-233,2006.0,9.7,28.0,14,5.0,13.0,10.0,11.0,81.8,2.0,9.0,0.0,9.0,5,33.0,3.0,0.0,1436,fr FRA,"MF,FW",fr Ligue 1,19-233,2006.0,9.7,506.0,5.0,49.0,206.0,256.0,43.0,506.0,24.0,7.0,29.2,14.0,58.3,315.0,1772.0,807.0,24.0,18.0,4.0,25.0,14.0,383.0,63.0,1783,fr FRA,"MF,FW",fr Ligue 1,19-233,2006.0,13,869,67,56.8,9.7,11,74.0,2,2,26.0,0,2.08,19,7,12,1.24,-0.12,16.9,9.2,7.8,0.8,1436,fr FRA,"MF,FW",fr Ligue 1,19-233,2006.0,9.7,1,0,0,14,12,1,15,5,14,0.0,0.0,0,43.0,3.0,11.0,21.4,,,,,,,,,,,,,,,,,,,,,,,,,,,,,,,,,,,,,,,,,,,,,,,,,,,,,,Forward,0.2061855670103093,0.2061855670103093,0.2577319587628866,0.16494845360824745,2.4742268041237114,2.2680412371134024,6.494845360824743,1.752577319587629,2.8865979381443303,0.5154639175257733,0.9278350515463918,32.47422680412372,-6.061936567010309,4.742268041237113,-0.5,0.592885375494071,82.92682926829268,49.8,55.358363997525146
1437,Ibrahim Maza,dz ALG,MF,Leverkusen,de Bundesliga,20.0,2005.0,12,7,684,7.6,2,1,3,2,0,0,1,0,1.6,1.6,0.6,2.1,20.0,49.0,47.0,0.39,0.28,1437,dz ALG,MF,de Bundesliga,20-042,2005.0,7.6,2,19,7,36.8,2.5,0.92,0.11,0.29,17.8,0.0,0,0,1.6,1.6,0.08,0.4,0.4,1437,dz ALG,MF,de Bundesliga,20-042,2005.0,7.6,365.0,423.0,86.3,5616.0,1353.0,1,0.6,0.9,0.4,7.0,36.0,6.0,2.0,49.0,1437,dz ALG,MF,de Bundesliga,20-042,2005.0,7.6,423.0,408.0,15.0,5.0,1.0,3.0,18,2.0,2.0,1.0,1.0,0.0,365.0,0.0,8.0,1437,dz ALG,MF,de Bundesliga,20-042,2005.0,7.6,26.0,3.42,15.0,0.0,5.0,4.0,2.0,0.0,4.0,0.53,1437,dz ALG,MF,de Bundesliga,20-042,2005.0,7.6,13.0,6,7.0,6.0,0.0,10.0,50.0,5.0,13.0,0.0,13.0,11,24.0,3.0,1.0,1437,dz ALG,MF,de Bundesliga,20-042,2005.0,7.6,532.0,7.0,66.0,274.0,197.0,24.0,532.0,37.0,19.0,51.4,15.0,40.5,322.0,1644.0,801.0,20.0,15.0,7.0,18.0,7.0,416.0,47.0,1784,dz ALG,MF,de Bundesliga,20-042,2005.0,12,684,57,50.7,7.6,7,77.0,3,5,29.0,2,1.67,16,9,7,0.92,0.11,13.7,7.0,6.7,0.88,1437,dz ALG,MF,de Bundesliga,20-042,2005.0,7.6,1,0,0,7,14,1,18,11,6,0.0,0.0,0,34.0,3.0,6.0,33.3,,,,,,,,,,,,,,,,,,,,,,,,,,,,,,,,,,,,,,,,,,,,,,,,,,,,,,Midfielder,0.2631578947368421,0.13157894736842105,0.2105263157894737,0.07894736842105263,2.6315789473684212,6.447368421052632,6.184210526315789,0.9210526315789475,1.7105263157894737,1.4473684210526316,0.7894736842105263,42.36842105263158,2.1080696315789487,9.078947368421053,0.3999999999999999,0.6428571428571428,96.76113360323887,69.3,57.15365245318303
1441,Samuel Mbangula,be BEL,FW,Werder Bremen,de Bundesliga,21.0,2004.0,13,9,677,7.5,3,1,4,3,0,0,0,0,0.6,0.6,0.6,1.1,19.0,24.0,30.0,0.53,0.15,1441,be BEL,FW,de Bundesliga,21-354,2004.0,7.5,3,7,4,57.1,0.93,0.53,0.43,0.75,16.8,0.0,0,0,0.6,0.6,0.08,2.4,2.4,1441,be BEL,FW,de Bundesliga,21-354,2004.0,7.5,231.0,274.0,84.3,3260.0,707.0,1,0.6,0.6,0.4,7.0,10.0,4.0,1.0,24.0,1441,be BEL,FW,de Bundesliga,21-354,2004.0,7.5,274.0,265.0,8.0,3.0,2.0,3.0,3,5.0,0.0,0.0,0.0,0.0,231.0,1.0,8.0,1441,be BEL,FW,de Bundesliga,21-354,2004.0,7.5,20.0,2.65,18.0,0.0,0.0,0.0,2.0,0.0,3.0,0.4,1441,be BEL,FW,de Bundesliga,21-354,2004.0,7.5,13.0,8,6.0,2.0,5.0,14.0,50.0,7.0,5.0,1.0,4.0,4,17.0,4.0,0.0,1441,be BEL,FW,de Bundesliga,21-354,2004.0,7.5,358.0,7.0,66.0,181.0,118.0,15.0,358.0,26.0,12.0,46.2,13.0,50.0,211.0,1430.0,627.0,19.0,18.0,4.0,18.0,14.0,251.0,30.0,1789,be BEL,FW,de Bundesliga,21-354,2004.0,13,677,52,50.1,7.5,9,69.0,0,4,14.0,0,1.23,10,14,-4,-0.53,0.27,8.7,13.7,-5.0,-0.66,1441,be BEL,FW,de Bundesliga,21-354,2004.0,7.5,0,0,0,3,15,2,3,4,8,2.0,0.0,0,38.0,3.0,8.0,27.3,,,,,,,,,,,,,,,,,,,,,,,,,,,,,,,,,,,,,,,,,,,,,,,,,,,,,,Forward,0.4,0.13333333333333333,0.08,0.08,2.533333333333333,3.2,4.0,0.9333333333333333,1.7333333333333334,0.5333333333333333,0.5333333333333333,28.133333333333333,-7.421296666666667,5.733333333333333,2.4,0.7402234636871509,75.26132404181185,26.9,59.30758395729853
1444,Ibrahim Mbaye,sn SEN,FW,Paris S-G,fr Ligue 1,17.0,2008.0,14,7,658,7.3,1,2,3,1,0,0,0,0,1.4,1.4,2.1,3.5,35.0,28.0,111.0,0.41,0.47,1444,sn SEN,FW,fr Ligue 1,17-346,2008.0,7.3,1,14,5,35.7,1.91,0.68,0.07,0.2,16.5,0.0,0,0,1.4,1.4,0.1,-0.4,-0.4,1444,sn SEN,FW,fr Ligue 1,17-346,2008.0,7.3,333.0,398.0,83.7,4625.0,746.0,2,2.1,1.8,-0.1,13.0,10.0,14.0,2.0,28.0,1444,sn SEN,FW,fr Ligue 1,17-346,2008.0,7.3,398.0,393.0,4.0,0.0,0.0,0.0,12,1.0,0.0,0.0,0.0,0.0,333.0,1.0,8.0,1444,sn SEN,FW,fr Ligue 1,17-346,2008.0,7.3,38.0,5.2,30.0,1.0,3.0,2.0,2.0,0.0,3.0,0.41,1444,sn SEN,FW,fr Ligue 1,17-346,2008.0,7.3,8.0,5,1.0,4.0,3.0,8.0,75.0,2.0,4.0,0.0,4.0,5,13.0,2.0,1.0,1444,sn SEN,FW,fr Ligue 1,17-346,2008.0,7.3,507.0,3.0,23.0,190.0,300.0,46.0,507.0,44.0,15.0,34.1,26.0,59.1,357.0,2178.0,990.0,35.0,22.0,20.0,29.0,12.0,422.0,111.0,1792,sn SEN,FW,fr Ligue 1,17-346,2008.0,14,658,47,43.0,7.3,7,75.0,3,7,19.0,1,2.14,16,7,9,1.23,-0.11,13.6,7.8,5.8,0.79,1444,sn SEN,FW,fr Ligue 1,17-346,2008.0,7.3,0,0,0,9,10,0,12,5,5,0.0,0.0,0,29.0,4.0,6.0,40.0,,,,,,,,,,,,,,,,,,,,,,,,,,,,,,,,,,,,,,,,,,,,,,,,,,,,,,Forward,0.136986301369863,0.273972602739726,0.1917808219178082,0.28767123287671237,4.794520547945206,3.8356164383561646,15.205479452054794,1.7808219178082192,1.095890410958904,0.684931506849315,1.9178082191780823,48.9041095890411,-0.7895511369863026,8.63013698630137,-0.3999999999999999,1.0256410256410255,97.38675958188153,93.9,50.2252499132963
1449,Pathé Mboup,sn SEN,"FW,MF",Brest,fr Ligue 1,22.0,2003.0,14,8,746,8.3,1,0,1,1,0,0,5,0,2.2,2.2,0.7,2.9,18.0,17.0,43.0,0.12,0.35,1449,sn SEN,"FW,MF",fr Ligue 1,22-132,2003.0,8.3,1,15,8,53.3,1.81,0.97,0.07,0.13,14.1,0.0,0,0,2.2,2.2,0.14,-1.2,-1.2,1449,sn SEN,"FW,MF",fr Ligue 1,22-132,2003.0,8.3,106.0,145.0,73.1,1656.0,503.0,0,0.7,0.6,-0.7,6.0,11.0,6.0,0.0,17.0,1449,sn SEN,"FW,MF",fr Ligue 1,22-132,2003.0,8.3,145.0,143.0,2.0,0.0,1.0,2.0,3,1.0,1.0,0.0,0.0,0.0,106.0,0.0,6.0,1449,sn SEN,"FW,MF",fr Ligue 1,22-132,2003.0,8.3,17.0,2.05,9.0,0.0,3.0,1.0,2.0,2.0,0.0,0.0,1449,sn SEN,"FW,MF",fr Ligue 1,22-132,2003.0,8.3,16.0,13,8.0,5.0,3.0,16.0,25.0,12.0,11.0,0.0,11.0,10,26.0,6.0,0.0,1449,sn SEN,"FW,MF",fr Ligue 1,22-132,2003.0,8.3,283.0,4.0,54.0,105.0,133.0,28.0,283.0,47.0,16.0,34.0,28.0,59.6,183.0,1173.0,473.0,18.0,11.0,8.0,40.0,16.0,185.0,43.0,1797,sn SEN,"FW,MF",fr Ligue 1,22-132,2003.0,14,746,53,48.8,8.3,8,70.0,1,6,31.0,0,1.5,9,11,-2,-0.24,-0.01,11.7,10.0,1.7,0.2,1449,sn SEN,"FW,MF",fr Ligue 1,22-132,2003.0,8.3,5,0,0,23,13,4,3,10,13,0.0,0.0,0,45.0,10.0,17.0,37.0,,,,,,,,,,,,,,,,,,,,,,,,,,,,,,,,,,,,,,,,,,,,,,,,,,,,,,Forward,0.12048192771084336,0.0,0.26506024096385544,0.08433734939759036,2.1686746987951806,2.048192771084337,5.180722891566265,0.7228915662650601,1.9277108433734937,1.2048192771084336,0.7228915662650601,22.048192771084334,-7.898764698795181,4.216867469879518,-1.2000000000000002,0.724381625441696,71.25435540069687,15.2,61.85273906310492
1459,Henrik Meister,dk DEN,FW,Pisa,it Serie A,22.0,2003.0,15,10,968,10.8,1,0,1,1,0,0,1,0,1.8,1.8,0.0,1.8,12.0,7.0,40.0,0.09,0.17,1459,dk DEN,FW,it Serie A,22-049,2003.0,10.8,1,11,3,27.3,1.02,0.28,0.09,0.33,11.4,0.0,0,0,1.8,1.8,0.17,-0.8,-0.8,1459,dk DEN,FW,it Serie A,22-049,2003.0,10.8,51.0,86.0,59.3,639.0,156.0,0,0.0,0.0,0.0,0.0,4.0,0.0,0.0,7.0,1459,dk DEN,FW,it Serie A,22-049,2003.0,10.8,86.0,84.0,1.0,0.0,0.0,0.0,0,0.0,0.0,0.0,0.0,0.0,51.0,1.0,4.0,1459,dk DEN,FW,it Serie A,22-049,2003.0,10.8,8.0,0.74,3.0,0.0,4.0,0.0,1.0,0.0,3.0,0.28,1459,dk DEN,FW,it Serie A,22-049,2003.0,10.8,2.0,1,1.0,1.0,0.0,2.0,0.0,2.0,7.0,0.0,7.0,0,2.0,5.0,0.0,1459,dk DEN,FW,it Serie A,22-049,2003.0,10.8,184.0,3.0,12.0,87.0,89.0,27.0,184.0,26.0,10.0,38.5,15.0,57.7,106.0,705.0,269.0,12.0,11.0,8.0,28.0,14.0,131.0,40.0,1809,dk DEN,FW,it Serie A,22-049,2003.0,15,968,65,59.8,10.8,10,84.0,6,5,27.0,2,0.67,9,17,-8,-0.74,-0.19,11.4,15.4,-4.0,-0.37,1459,dk DEN,FW,it Serie A,22-049,2003.0,10.8,1,0,0,17,11,1,0,0,1,0.0,0.0,0,19.0,17.0,31.0,35.4,,,,,,,,,,,,,,,,,,,,,,,,,,,,,,,,,,,,,,,,,,,,,,,,,,,,,,Forward,0.09259259259259259,0.0,0.16666666666666666,0.0,1.111111111111111,0.6481481481481481,3.7037037037037033,0.0,0.18518518518518517,0.0,0.0,9.814814814814815,-10.15022888888889,1.759259259259259,-0.8,0.40217391304347827,49.30313588850174,5.5,46.732830226068
1460,Bamo Meïté,ci CIV,DF,Lorient,fr Ligue 1,24.0,2001.0,11,11,938,10.4,0,1,1,0,0,0,2,0,0.6,0.6,0.6,1.1,12.0,38.0,10.0,0.1,0.11,1460,ci CIV,DF,fr Ligue 1,24-033,2001.0,10.4,0,4,1,25.0,0.38,0.1,0.0,0.0,14.5,0.0,0,0,0.6,0.6,0.15,-0.6,-0.6,1460,ci CIV,DF,fr Ligue 1,24-033,2001.0,10.4,443.0,517.0,85.7,7520.0,2544.0,1,0.6,0.4,0.4,4.0,44.0,3.0,2.0,38.0,1460,ci CIV,DF,fr Ligue 1,24-033,2001.0,10.4,517.0,464.0,53.0,8.0,0.0,0.0,7,45.0,0.0,0.0,0.0,0.0,443.0,0.0,12.0,1460,ci CIV,DF,fr Ligue 1,24-033,2001.0,10.4,5.0,0.48,4.0,0.0,0.0,1.0,0.0,0.0,1.0,0.1,1460,ci CIV,DF,fr Ligue 1,24-033,2001.0,10.4,10.0,7,7.0,3.0,0.0,12.0,58.3,5.0,14.0,8.0,6.0,8,18.0,48.0,0.0,1460,ci CIV,DF,fr Ligue 1,24-033,2001.0,10.4,626.0,48.0,242.0,341.0,47.0,6.0,626.0,10.0,5.0,50.0,4.0,40.0,340.0,1526.0,750.0,12.0,13.0,0.0,12.0,4.0,407.0,10.0,1810,ci CIV,DF,fr Ligue 1,24-033,2001.0,11,938,85,61.3,10.4,11,85.0,8,0,,3,1.27,13,15,-2,-0.19,0.87,12.9,11.9,1.1,0.1,1460,ci CIV,DF,fr Ligue 1,24-033,2001.0,10.4,2,0,0,12,10,1,7,8,7,0.0,2.0,0,31.0,31.0,21.0,59.6,,,,,,,,,,,,,,,,,,,,,,,,,,,,,,,,,,,,,,,,,,,,,,,,,,,,,,Defender,0.0,0.09615384615384615,0.05769230769230769,0.05769230769230769,1.1538461538461537,3.6538461538461537,0.9615384615384615,0.3846153846153846,0.9615384615384615,0.7692307692307692,0.28846153846153844,32.69230769230769,-4.4916115384615365,4.8076923076923075,-0.6,0.07667731629392971,57.79334500875657,6.4,54.31705357965843
1461,Kader Meïté,fr FRA,FW,Rennes,fr Ligue 1,18.0,2007.0,15,6,485,5.4,3,2,5,3,0,0,0,0,2.3,2.3,0.8,3.1,7.0,4.0,35.0,0.93,0.58,1461,fr FRA,FW,fr Ligue 1,18-086,2007.0,5.4,3,18,6,33.3,3.34,1.11,0.17,0.5,12.5,0.0,0,0,2.3,2.3,0.13,0.7,0.7,1461,fr FRA,FW,fr Ligue 1,18-086,2007.0,5.4,52.0,86.0,60.5,579.0,80.0,2,0.8,0.6,1.2,4.0,6.0,1.0,0.0,4.0,1461,fr FRA,FW,fr Ligue 1,18-086,2007.0,5.4,86.0,82.0,2.0,0.0,0.0,0.0,3,0.0,0.0,0.0,0.0,0.0,52.0,2.0,7.0,1461,fr FRA,FW,fr Ligue 1,18-086,2007.0,5.4,11.0,2.05,4.0,0.0,3.0,2.0,1.0,1.0,1.0,0.19,1461,fr FRA,FW,fr Ligue 1,18-086,2007.0,5.4,3.0,2,0.0,1.0,2.0,1.0,0.0,1.0,3.0,1.0,2.0,1,4.0,10.0,0.0,1461,fr FRA,FW,fr Ligue 1,18-086,2007.0,5.4,155.0,12.0,14.0,58.0,84.0,30.0,155.0,10.0,6.0,60.0,4.0,40.0,81.0,428.0,183.0,7.0,6.0,1.0,15.0,8.0,119.0,35.0,1811,fr FRA,FW,fr Ligue 1,18-086,2007.0,15,485,32,31.7,5.4,6,52.0,0,9,19.0,2,1.73,13,4,9,1.67,2.01,9.8,6.9,3.0,0.55,1461,fr FRA,FW,fr Ligue 1,18-086,2007.0,5.4,0,0,0,10,4,7,3,1,2,0.0,0.0,0,12.0,19.0,6.0,76.0,,,,,,,,,,,,,,,,,,,,,,,,,,,,,,,,,,,,,,,,,,,,,,,,,,,,,,Forward,0.5555555555555555,0.37037037037037035,0.4259259259259259,0.14814814814814814,1.2962962962962963,0.7407407407407407,6.481481481481481,0.7407407407407407,0.5555555555555555,0.18518518518518517,0.18518518518518517,14.999999999999998,-7.317489,2.0370370370370368,0.7000000000000002,1.32258064516129,75.60975609756098,23.5,61.222474572923865
1462,Hannibal Mejbri,tn TUN,MF,Burnley,eng Premier League,22.0,2003.0,13,4,403,4.5,0,1,1,0,0,0,3,0,0.3,0.3,1.1,1.3,12.0,18.0,15.0,0.22,0.3,1462,tn TUN,MF,eng Premier League,22-349,2003.0,4.5,0,6,1,16.7,1.34,0.22,0.0,0.0,24.0,1.0,0,0,0.3,0.3,0.04,-0.3,-0.3,1462,tn TUN,MF,eng Premier League,22-349,2003.0,4.5,116.0,154.0,75.3,1826.0,474.0,1,1.1,0.7,-0.1,6.0,11.0,6.0,3.0,18.0,1462,tn TUN,MF,eng Premier League,22-349,2003.0,4.5,154.0,137.0,17.0,4.0,3.0,1.0,11,3.0,0.0,0.0,0.0,0.0,116.0,0.0,4.0,1462,tn TUN,MF,eng Premier League,22-349,2003.0,4.5,14.0,3.13,8.0,1.0,0.0,1.0,4.0,0.0,2.0,0.45,1462,tn TUN,MF,eng Premier League,22-349,2003.0,4.5,10.0,5,1.0,6.0,3.0,5.0,80.0,1.0,6.0,0.0,6.0,3,13.0,2.0,1.0,1462,tn TUN,MF,eng Premier League,22-349,2003.0,4.5,218.0,3.0,17.0,110.0,96.0,7.0,218.0,15.0,8.0,53.3,4.0,26.7,124.0,675.0,402.0,12.0,10.0,2.0,11.0,11.0,138.0,15.0,1812,tn TUN,MF,eng Premier League,22-349,2003.0,13,403,31,22.4,4.5,4,67.0,0,9,15.0,1,0.77,4,10,-6,-1.34,-0.5,4.2,11.0,-6.8,-1.51,1462,tn TUN,MF,eng Premier League,22-349,2003.0,4.5,3,0,0,7,19,2,11,3,5,0.0,1.0,0,21.0,1.0,16.0,5.9,,,,,,,,,,,,,,,,,,,,,,,,,,,,,,,,,,,,,,,,,,,,,,,,,,,,,,Midfielder,0.0,0.2222222222222222,0.06666666666666667,0.24444444444444446,2.6666666666666665,4.0,3.3333333333333335,1.3333333333333333,2.2222222222222223,0.6666666666666666,1.3333333333333333,27.555555555555557,-1.2102387777777786,6.666666666666667,-0.3,1.4357798165137614,84.88529014844805,26.9,66.89148159846181
1464,Nuno Mendes,pt POR,DF,Paris S-G,fr Ligue 1,23.0,2002.0,11,7,659,7.3,2,2,4,2,0,0,1,0,1.6,1.6,1.6,3.2,29.0,46.0,57.0,0.55,0.43,1464,pt POR,DF,fr Ligue 1,23-200,2002.0,7.3,2,16,8,50.0,2.19,1.09,0.13,0.25,20.9,4.0,0,0,1.6,1.6,0.1,0.4,0.4,1464,pt POR,DF,fr Ligue 1,23-200,2002.0,7.3,511.0,591.0,86.5,8560.0,2161.0,2,1.6,1.4,0.4,15.0,61.0,11.0,5.0,46.0,1464,pt POR,DF,fr Ligue 1,23-200,2002.0,7.3,591.0,511.0,78.0,7.0,3.0,7.0,33,52.0,19.0,5.0,8.0,0.0,511.0,2.0,5.0,1464,pt POR,DF,fr Ligue 1,23-200,2002.0,7.3,29.0,3.96,20.0,4.0,2.0,1.0,1.0,1.0,4.0,0.55,1464,pt POR,DF,fr Ligue 1,23-200,2002.0,7.3,11.0,10,4.0,6.0,1.0,10.0,70.0,3.0,11.0,2.0,9.0,6,17.0,8.0,0.0,1464,pt POR,DF,fr Ligue 1,23-200,2002.0,7.3,696.0,18.0,122.0,341.0,248.0,24.0,696.0,31.0,11.0,35.5,18.0,58.1,406.0,2170.0,1235.0,29.0,19.0,4.0,19.0,8.0,494.0,57.0,1814,pt POR,DF,fr Ligue 1,23-200,2002.0,11,659,60,43.1,7.3,7,82.0,5,4,21.0,3,2.18,14,5,9,1.23,-0.11,15.1,5.9,9.2,1.26,1464,pt POR,DF,fr Ligue 1,23-200,2002.0,7.3,1,0,0,7,11,1,33,6,10,0.0,1.0,0,46.0,2.0,3.0,40.0,,,,,,,,,,,,,,,,,,,,,,,,,,,,,,,,,,,,,,,,,,,,,,,,,,,,,,Defender,0.273972602739726,0.273972602739726,0.21917808219178084,0.21917808219178084,3.9726027397260273,6.301369863013699,7.808219178082192,2.0547945205479454,1.5068493150684932,0.8219178082191781,1.5068493150684932,55.61643835616439,2.399556164383565,10.273972602739727,0.3999999999999999,0.5689655172413793,96.6725043782837,43.9,67.18033660756338
1466,Rodrigo Mendoza,es ESP,"MF,FW",Elche,es La Liga,20.0,2005.0,13,5,659,7.3,1,0,1,1,0,0,3,0,0.7,0.7,0.3,1.0,17.0,26.0,41.0,0.14,0.14,1466,es ESP,"MF,FW",es La Liga,20-296,2005.0,7.3,1,10,2,20.0,1.37,0.27,0.1,0.5,20.7,0.0,0,0,0.7,0.7,0.07,0.3,0.3,1466,es ESP,"MF,FW",es La Liga,20-296,2005.0,7.3,300.0,361.0,83.1,4689.0,1031.0,0,0.3,0.7,-0.3,9.0,29.0,10.0,3.0,26.0,1466,es ESP,"MF,FW",es La Liga,20-296,2005.0,7.3,361.0,335.0,25.0,11.0,3.0,2.0,13,3.0,4.0,0.0,0.0,0.0,300.0,1.0,6.0,1466,es ESP,"MF,FW",es La Liga,20-296,2005.0,7.3,18.0,2.46,15.0,2.0,0.0,1.0,0.0,0.0,1.0,0.14,1466,es ESP,"MF,FW",es La Liga,20-296,2005.0,7.3,9.0,6,3.0,5.0,1.0,6.0,33.3,4.0,4.0,0.0,4.0,3,12.0,1.0,0.0,1466,es ESP,"MF,FW",es La Liga,20-296,2005.0,7.3,445.0,7.0,51.0,232.0,169.0,17.0,445.0,23.0,12.0,52.2,11.0,47.8,269.0,1348.0,618.0,17.0,15.0,5.0,19.0,14.0,342.0,41.0,1816,es ESP,"MF,FW",es La Liga,20-296,2005.0,13,659,51,40.7,7.3,5,83.0,1,8,30.0,2,1.08,9,9,0,0.0,-0.09,7.6,9.3,-1.7,-0.23,1466,es ESP,"MF,FW",es La Liga,20-296,2005.0,7.3,3,0,0,14,12,1,13,3,6,0.0,0.0,0,34.0,2.0,15.0,11.8,,,,,,,,,,,,,,,,,,,,,,,,,,,,,,,,,,,,,,,,,,,,,,,,,,,,,,Forward,0.136986301369863,0.0,0.0958904109589041,0.0410958904109589,2.328767123287671,3.5616438356164384,5.616438356164384,1.2328767123287672,1.2328767123287672,0.4109589041095891,1.36986301369863,36.849315068493155,-7.08693898630137,5.89041095890411,0.30000000000000004,0.5528089887640449,77.70034843205575,28.1,60.65600970496156
1467,Antoine Mendy,sn SEN,DF,Nice,fr Ligue 1,21.0,2004.0,14,14,1231,13.7,0,0,0,0,0,0,5,0,0.5,0.5,0.0,0.6,14.0,61.0,14.0,0.0,0.04,1467,sn SEN,DF,fr Ligue 1,21-223,2004.0,13.7,0,8,3,37.5,0.58,0.22,0.0,0.0,19.2,0.0,0,0,0.5,0.5,0.07,-0.5,-0.5,1467,sn SEN,DF,fr Ligue 1,21-223,2004.0,13.7,691.0,824.0,83.9,11661.0,4420.0,0,0.0,0.3,0.0,1.0,55.0,1.0,0.0,61.0,1467,sn SEN,DF,fr Ligue 1,21-223,2004.0,13.7,824.0,761.0,63.0,33.0,1.0,8.0,11,28.0,0.0,0.0,0.0,0.0,691.0,0.0,11.0,1467,sn SEN,DF,fr Ligue 1,21-223,2004.0,13.7,9.0,0.66,8.0,0.0,0.0,1.0,0.0,0.0,1.0,0.07,1467,sn SEN,DF,fr Ligue 1,21-223,2004.0,13.7,32.0,24,23.0,7.0,2.0,27.0,48.1,14.0,28.0,14.0,14.0,8,40.0,95.0,4.0,1467,sn SEN,DF,fr Ligue 1,21-223,2004.0,13.7,1013.0,126.0,450.0,503.0,66.0,6.0,1013.0,10.0,5.0,50.0,5.0,50.0,578.0,2836.0,1711.0,14.0,12.0,3.0,10.0,5.0,641.0,14.0,1817,sn SEN,DF,fr Ligue 1,21-223,2004.0,14,1231,88,80.5,13.7,14,88.0,12,0,,2,1.0,17,24,-7,-0.51,0.39,13.8,25.8,-12.0,-0.88,1467,sn SEN,DF,fr Ligue 1,21-223,2004.0,13.7,5,0,0,21,17,1,11,8,24,0.0,1.0,0,72.0,37.0,16.0,69.8,,,,,,,,,,,,,,,,,,,,,,,,,,,,,,,,,,,,,,,,,,,,,,,,,,,,,,Defender,0.0,0.0,0.03649635036496351,0.0,1.0218978102189782,4.452554744525548,1.0218978102189782,0.07299270072992702,2.3357664233576645,0.5839416058394161,0.07299270072992702,42.189781021897815,0.9762832116788349,5.474452554744526,-0.5,0.06515301085883514,93.34500875656742,42.0,65.73592165955452
1471,Nobel Mendy,fr FRA,DF,Rayo Vallecano,es La Liga,21.0,2004.0,10,9,789,8.8,1,0,1,1,0,0,3,0,1.1,1.1,0.0,1.1,1.0,16.0,2.0,0.11,0.12,1471,fr FRA,DF,es La Liga,21-124,2004.0,8.8,1,7,2,28.6,0.8,0.23,0.14,0.5,17.8,0.0,0,0,1.1,1.1,0.15,-0.1,-0.1,1471,fr FRA,DF,es La Liga,21-124,2004.0,8.8,390.0,453.0,86.1,7268.0,2419.0,0,0.0,0.0,0.0,1.0,20.0,0.0,0.0,16.0,1471,fr FRA,DF,es La Liga,21-124,2004.0,8.8,453.0,406.0,46.0,10.0,0.0,9.0,3,2.0,0.0,0.0,0.0,0.0,390.0,1.0,7.0,1471,fr FRA,DF,es La Liga,21-124,2004.0,8.8,8.0,0.91,7.0,0.0,0.0,1.0,0.0,0.0,2.0,0.23,1471,fr FRA,DF,es La Liga,21-124,2004.0,8.8,9.0,2,9.0,0.0,0.0,10.0,60.0,4.0,20.0,9.0,11.0,9,18.0,59.0,1.0,1471,fr FRA,DF,es La Liga,21-124,2004.0,8.8,576.0,106.0,352.0,211.0,14.0,6.0,576.0,3.0,2.0,66.7,1.0,33.3,299.0,1224.0,582.0,1.0,2.0,0.0,4.0,3.0,344.0,2.0,1821,fr FRA,DF,es La Liga,21-124,2004.0,10,789,79,48.7,8.8,9,82.0,4,1,51.0,4,1.1,6,10,-4,-0.46,-0.13,8.9,10.7,-1.7,-0.2,1471,fr FRA,DF,es La Liga,21-124,2004.0,8.8,3,0,0,16,6,0,3,9,2,0.0,0.0,0,27.0,9.0,10.0,47.4,,,,,,,,,,,,,,,,,,,,,,,,,,,,,,,,,,,,,,,,,,,,,,,,,,,,,,Defender,0.11363636363636363,0.0,0.125,0.0,0.11363636363636363,1.8181818181818181,0.22727272727272727,0.11363636363636363,1.0227272727272727,1.0227272727272727,0.0,33.97727272727273,-6.973372727272727,1.9318181818181817,-0.10000000000000009,0.1579861111111111,32.9246935201401,1.0,32.598706455584264
1473,Khalis Merah,fr FRA,"MF,FW",Lyon,fr Ligue 1,18.0,2007.0,11,8,582,6.5,0,0,0,0,0,0,2,0,0.6,0.6,0.8,1.4,13.0,26.0,20.0,0.0,0.21,1473,fr FRA,"MF,FW",fr Ligue 1,18-315,2007.0,6.5,0,2,2,100.0,0.31,0.31,0.0,0.0,15.6,0.0,0,0,0.6,0.6,0.33,-0.6,-0.6,1473,fr FRA,"MF,FW",fr Ligue 1,18-315,2007.0,6.5,204.0,242.0,84.3,3234.0,468.0,0,0.8,0.4,-0.8,7.0,14.0,4.0,1.0,26.0,1473,fr FRA,"MF,FW",fr Ligue 1,18-315,2007.0,6.5,242.0,237.0,5.0,0.0,0.0,4.0,4,0.0,1.0,0.0,0.0,0.0,204.0,0.0,11.0,1473,fr FRA,"MF,FW",fr Ligue 1,18-315,2007.0,6.5,18.0,2.78,14.0,0.0,0.0,2.0,2.0,0.0,1.0,0.15,1473,fr FRA,"MF,FW",fr Ligue 1,18-315,2007.0,6.5,5.0,2,1.0,3.0,1.0,10.0,20.0,8.0,5.0,0.0,5.0,1,6.0,4.0,4.0,1473,fr FRA,"MF,FW",fr Ligue 1,18-315,2007.0,6.5,282.0,5.0,43.0,155.0,86.0,12.0,282.0,7.0,5.0,71.4,1.0,14.3,182.0,1086.0,506.0,13.0,11.0,1.0,16.0,4.0,228.0,20.0,1827,fr FRA,"MF,FW",fr Ligue 1,18-315,2007.0,11,582,53,38.0,6.5,8,68.0,0,3,14.0,6,2.27,8,3,5,0.77,0.49,9.8,7.1,2.7,0.42,1473,fr FRA,"MF,FW",fr Ligue 1,18-315,2007.0,6.5,2,0,0,9,12,0,4,1,2,0.0,0.0,0,24.0,1.0,3.0,25.0,,,,,,,,,,,,,,,,,,,,,,,,,,,,,,,,,,,,,,,,,,,,,,,,,,,,,,Forward,0.0,0.0,0.0923076923076923,0.12307692307692308,2.0,4.0,3.076923076923077,1.0769230769230769,0.7692307692307693,0.15384615384615385,0.6153846153846154,28.0,-6.699617461538461,6.0,-0.6,0.9858156028368793,79.79094076655052,35.5,58.88630314874577
1476,Quentin Merlin,fr FRA,DF,Rennes,fr Ligue 1,23.0,2002.0,16,11,1084,12.0,1,3,4,1,0,0,0,0,1.1,1.1,2.3,3.4,25.0,58.0,89.0,0.33,0.28,1476,fr FRA,DF,fr Ligue 1,23-234,2002.0,12.0,1,12,3,25.0,1.0,0.25,0.08,0.33,17.7,0.0,0,0,1.1,1.1,0.09,-0.1,-0.1,1476,fr FRA,DF,fr Ligue 1,23-234,2002.0,12.0,530.0,723.0,73.3,8905.0,2834.0,3,2.3,1.9,0.7,17.0,40.0,15.0,5.0,58.0,1476,fr FRA,DF,fr Ligue 1,23-234,2002.0,12.0,723.0,574.0,143.0,22.0,1.0,1.0,77,94.0,27.0,12.0,8.0,0.0,530.0,6.0,27.0,1476,fr FRA,DF,fr Ligue 1,23-234,2002.0,12.0,34.0,2.82,22.0,8.0,2.0,1.0,1.0,0.0,3.0,0.25,1476,fr FRA,DF,fr Ligue 1,23-234,2002.0,12.0,14.0,10,9.0,2.0,3.0,17.0,52.9,8.0,24.0,6.0,18.0,12,26.0,31.0,1.0,1476,fr FRA,DF,fr Ligue 1,23-234,2002.0,12.0,845.0,37.0,208.0,349.0,299.0,23.0,845.0,17.0,7.0,41.2,9.0,52.9,415.0,2280.0,1151.0,25.0,15.0,8.0,11.0,14.0,544.0,89.0,1830,fr FRA,DF,fr Ligue 1,23-234,2002.0,16,1084,68,70.8,12.0,11,84.0,8,5,33.0,1,1.81,17,19,-2,-0.17,-1.58,15.1,19.7,-4.5,-0.38,1476,fr FRA,DF,fr Ligue 1,23-234,2002.0,12.0,0,0,0,3,15,4,77,12,10,0.0,0.0,0,59.0,4.0,6.0,40.0,,,,,,,,,,,,,,,,,,,,,,,,,,,,,,,,,,,,,,,,,,,,,,,,,,,,,,Defender,0.08333333333333333,0.25,0.09166666666666667,0.19166666666666665,2.0833333333333335,4.833333333333333,7.416666666666667,1.4166666666666667,1.1666666666666667,1.0,1.25,34.583333333333336,-1.4990749999999977,6.916666666666667,-0.10000000000000009,0.3337278106508875,83.53765323992994,24.3,67.20647887363631
1481,Dayann Methalie,fr FRA,"DF,MF",Toulouse,fr Ligue 1,19.0,2006.0,16,14,1160,12.9,0,0,0,0,0,0,4,0,0.6,0.6,1.1,1.7,26.0,23.0,67.0,0.0,0.13,1481,fr FRA,"DF,MF",fr Ligue 1,19-324,2006.0,12.9,0,10,5,50.0,0.78,0.39,0.0,0.0,17.1,0.0,0,0,0.6,0.6,0.06,-0.6,-0.6,1481,fr FRA,"DF,MF",fr Ligue 1,19-324,2006.0,12.9,257.0,347.0,74.1,4441.0,1259.0,0,1.1,1.1,-1.1,6.0,12.0,8.0,3.0,23.0,1481,fr FRA,"DF,MF",fr Ligue 1,19-324,2006.0,12.9,347.0,283.0,62.0,4.0,0.0,0.0,24,58.0,0.0,0.0,0.0,0.0,257.0,2.0,11.0,1481,fr FRA,"DF,MF",fr Ligue 1,19-324,2006.0,12.9,17.0,1.32,15.0,0.0,0.0,1.0,1.0,0.0,1.0,0.08,1481,fr FRA,"DF,MF",fr Ligue 1,19-324,2006.0,12.9,34.0,19,18.0,10.0,6.0,18.0,83.3,3.0,10.0,3.0,7.0,11,45.0,25.0,1.0,1481,fr FRA,"DF,MF",fr Ligue 1,19-324,2006.0,12.9,538.0,29.0,151.0,240.0,160.0,29.0,538.0,50.0,20.0,40.0,30.0,60.0,263.0,1652.0,778.0,26.0,19.0,14.0,35.0,20.0,262.0,67.0,1838,fr FRA,"DF,MF",fr Ligue 1,19-324,2006.0,16,1160,73,75.8,12.9,14,79.0,3,2,30.0,0,1.44,15,14,1,0.08,-0.17,16.5,15.2,1.2,0.1,1481,fr FRA,"DF,MF",fr Ligue 1,19-324,2006.0,12.9,4,0,0,33,8,0,24,11,19,1.0,0.0,0,56.0,4.0,7.0,36.4,,,,,,,,,,,,,,,,,,,,,,,,,,,,,,,,,,,,,,,,,,,,,,,,,,,,,,Midfielder,0.0,0.0,0.046511627906976744,0.08527131782945736,2.0155038759689923,1.7829457364341086,5.193798449612403,0.46511627906976744,2.635658914728682,0.8527131782945736,0.6201550387596899,20.387596899224807,-3.3474706356589143,3.798449612403101,-0.6,0.24535315985130113,65.9919028340081,18.2,55.830713057536464
1488,William Mikelbrencis,fr FRA,"MF,DF",Hamburger SV,de Bundesliga,21.0,2004.0,12,6,497,5.5,0,0,0,0,0,0,0,0,0.8,0.8,0.3,1.1,18.0,17.0,33.0,0.0,0.2,1488,fr FRA,"MF,DF",de Bundesliga,21-314,2004.0,5.5,0,7,3,42.9,1.27,0.54,0.0,0.0,12.5,0.0,0,0,0.8,0.8,0.11,-0.8,-0.8,1488,fr FRA,"MF,DF",de Bundesliga,21-314,2004.0,5.5,153.0,235.0,65.1,2701.0,807.0,0,0.3,0.2,-0.3,5.0,14.0,3.0,2.0,17.0,1488,fr FRA,"MF,DF",de Bundesliga,21-314,2004.0,5.5,235.0,177.0,56.0,0.0,0.0,2.0,22,56.0,0.0,0.0,0.0,0.0,153.0,2.0,5.0,1488,fr FRA,"MF,DF",de Bundesliga,21-314,2004.0,5.5,7.0,1.27,5.0,0.0,1.0,1.0,0.0,0.0,0.0,0.0,1488,fr FRA,"MF,DF",de Bundesliga,21-314,2004.0,5.5,8.0,5,6.0,2.0,0.0,8.0,75.0,2.0,13.0,2.0,11.0,2,10.0,22.0,0.0,1488,fr FRA,"MF,DF",de Bundesliga,21-314,2004.0,5.5,320.0,15.0,89.0,118.0,114.0,10.0,320.0,4.0,2.0,50.0,2.0,50.0,133.0,842.0,455.0,18.0,12.0,2.0,16.0,7.0,152.0,33.0,1849,fr FRA,"MF,DF",de Bundesliga,21-314,2004.0,12,497,41,36.8,5.5,6,75.0,1,6,8.0,3,1.08,5,13,-8,-1.45,-1.34,6.8,8.1,-1.4,-0.25,1488,fr FRA,"MF,DF",de Bundesliga,21-314,2004.0,5.5,0,0,0,11,1,4,22,2,5,0.0,0.0,0,16.0,5.0,6.0,45.5,,,,,,,,,,,,,,,,,,,,,,,,,,,,,,,,,,,,,,,,,,,,,,,,,,,,,,Midfielder,0.0,0.0,0.14545454545454548,0.05454545454545454,3.272727272727273,3.090909090909091,6.0,0.9090909090909091,1.4545454545454546,0.36363636363636365,0.5454545454545454,24.181818181818183,-1.1409130909090912,6.363636363636363,-0.8,0.396875,85.2901484480432,27.2,67.0520034968893
1491,Lewis Miley,eng ENG,"MF,DF",Newcastle Utd,eng Premier League,19.0,2006.0,16,9,932,10.4,1,3,4,1,0,0,0,0,0.7,0.7,1.0,1.7,13.0,33.0,21.0,0.39,0.16,1491,eng ENG,"MF,DF",eng Premier League,19-249,2006.0,10.4,1,9,3,33.3,0.87,0.29,0.11,0.33,22.1,0.0,0,0,0.7,0.7,0.08,0.3,0.3,1491,eng ENG,"MF,DF",eng Premier League,19-249,2006.0,10.4,505.0,578.0,87.4,7194.0,2054.0,3,1.0,1.7,2.0,10.0,45.0,4.0,1.0,33.0,1491,eng ENG,"MF,DF",eng Premier League,19-249,2006.0,10.4,578.0,522.0,56.0,8.0,0.0,3.0,25,26.0,17.0,12.0,5.0,0.0,505.0,0.0,10.0,1491,eng ENG,"MF,DF",eng Premier League,19-249,2006.0,10.4,19.0,1.83,18.0,1.0,0.0,0.0,0.0,0.0,4.0,0.39,1491,eng ENG,"MF,DF",eng Premier League,19-249,2006.0,10.4,15.0,10,6.0,7.0,2.0,13.0,53.8,6.0,11.0,1.0,10.0,15,30.0,19.0,2.0,1491,eng ENG,"MF,DF",eng Premier League,19-249,2006.0,10.4,679.0,29.0,144.0,377.0,163.0,16.0,679.0,12.0,10.0,83.3,1.0,8.3,375.0,1755.0,828.0,13.0,4.0,0.0,13.0,7.0,423.0,21.0,1852,eng ENG,"MF,DF",eng Premier League,19-249,2006.0,16,932,58,51.8,10.4,9,87.0,7,7,22.0,4,1.44,16,11,5,0.48,0.59,14.8,9.9,4.9,0.47,1491,eng ENG,"MF,DF",eng Premier League,19-249,2006.0,10.4,0,0,0,3,3,1,25,15,10,0.0,0.0,0,52.0,22.0,9.0,71.0,,,,,,,,,,,,,,,,,,,,,,,,,,,,,,,,,,,,,,,,,,,,,,,,,,,,,,Midfielder,0.09615384615384615,0.28846153846153844,0.0673076923076923,0.09615384615384615,1.25,3.173076923076923,2.019230769230769,0.9615384615384615,1.4423076923076923,1.4423076923076923,0.3846153846153846,36.05769230769231,-2.1357010769230778,4.423076923076923,0.30000000000000004,0.26951399116347574,77.46288798920378,43.5,53.981106612685565
1498,Veljko Milosavljević,rs SRB,DF,Bournemouth,eng Premier League,18.0,2007.0,5,4,366,4.1,0,0,0,0,0,0,0,0,0.2,0.2,0.1,0.2,3.0,12.0,0.0,0.0,0.05,1498,rs SRB,DF,eng Premier League,18-191,2007.0,4.1,0,1,0,0.0,0.25,0.0,0.0,,7.9,0.0,0,0,0.2,0.2,0.15,-0.2,-0.2,1498,rs SRB,DF,eng Premier League,18-191,2007.0,4.1,161.0,190.0,84.7,3174.0,988.0,0,0.1,0.2,-0.1,1.0,15.0,0.0,0.0,12.0,1498,rs SRB,DF,eng Premier League,18-191,2007.0,4.1,190.0,187.0,3.0,2.0,0.0,2.0,0,1.0,0.0,0.0,0.0,0.0,161.0,0.0,1.0,1498,rs SRB,DF,eng Premier League,18-191,2007.0,4.1,3.0,0.74,3.0,0.0,0.0,0.0,0.0,0.0,0.0,0.0,1498,rs SRB,DF,eng Premier League,18-191,2007.0,4.1,5.0,4,3.0,2.0,0.0,4.0,75.0,1.0,8.0,5.0,3.0,4,9.0,25.0,0.0,1498,rs SRB,DF,eng Premier League,18-191,2007.0,4.1,240.0,27.0,126.0,106.0,10.0,4.0,240.0,1.0,1.0,100.0,0.0,0.0,136.0,924.0,533.0,3.0,0.0,0.0,3.0,1.0,149.0,0.0,1860,rs SRB,DF,eng Premier League,18-191,2007.0,5,366,73,20.3,4.1,4,90.0,4,1,6.0,6,1.8,5,6,-1,-0.25,0.13,4.7,4.3,0.4,0.09,1498,rs SRB,DF,eng Premier League,18-191,2007.0,4.1,0,0,0,0,0,0,0,4,4,0.0,0.0,0,13.0,11.0,15.0,42.3,,,,,,,,,,,,,,,,,,,,,,,,,,,,,,,,,,,,,,,,,,,,,,,,,,,,,,Defender,0.0,0.0,0.04878048780487806,0.02439024390243903,0.7317073170731708,2.9268292682926833,0.0,0.24390243902439027,1.2195121951219514,0.9756097560975611,0.0,33.170731707317074,-2.7730195121951207,3.658536585365854,-0.2,0.30833333333333335,76.18213660245185,23.7,61.58620582251564
1504,Yankuba Minteh,gm GAM,FW,Brighton,eng Premier League,21.0,2004.0,19,18,1541,17.1,1,4,5,1,0,0,0,0,2.7,2.7,4.5,7.2,82.0,25.0,174.0,0.29,0.42,1504,gm GAM,FW,eng Premier League,21-167,2004.0,17.1,1,29,7,24.1,1.69,0.41,0.03,0.14,16.0,0.0,0,0,2.7,2.7,0.09,-1.7,-1.7,1504,gm GAM,FW,eng Premier League,21-167,2004.0,17.1,278.0,476.0,58.4,4209.0,1359.0,4,4.5,2.8,-0.5,28.0,19.0,19.0,9.0,25.0,1504,gm GAM,FW,eng Premier League,21-167,2004.0,17.1,476.0,437.0,34.0,4.0,2.0,3.0,82,10.0,20.0,16.0,0.0,0.0,278.0,5.0,17.0,1504,gm GAM,FW,eng Premier League,21-167,2004.0,17.1,64.0,3.74,38.0,5.0,13.0,4.0,3.0,1.0,10.0,0.58,1504,gm GAM,FW,eng Premier League,21-167,2004.0,17.1,32.0,23,12.0,14.0,6.0,28.0,50.0,14.0,19.0,0.0,19.0,10,42.0,11.0,1.0,1504,gm GAM,FW,eng Premier League,21-167,2004.0,17.1,720.0,10.0,70.0,237.0,427.0,105.0,720.0,86.0,44.0,51.2,38.0,44.2,454.0,3446.0,1873.0,82.0,24.0,54.0,54.0,23.0,483.0,174.0,1866,gm GAM,FW,eng Premier League,21-167,2004.0,19,1541,81,85.6,17.1,18,83.0,8,1,45.0,0,1.32,25,23,2,0.12,-0.23,26.7,23.3,3.4,0.2,1504,gm GAM,FW,eng Premier League,21-167,2004.0,17.1,0,0,0,17,16,7,82,10,23,1.0,0.0,0,63.0,13.0,16.0,44.8,,,,,,,,,,,,,,,,,,,,,,,,,,,,,,,,,,,,,,,,,,,,,,,,,,,,,,Forward,0.05847953216374269,0.23391812865497075,0.15789473684210525,0.2631578947368421,4.7953216374269,1.461988304093567,10.175438596491228,1.6374269005847952,1.871345029239766,0.5847953216374269,1.111111111111111,26.54970760233918,-2.572297485380119,6.257309941520467,-1.7000000000000002,0.5194444444444445,95.1219512195122,94.4,48.931044866004214
1522,Alberto Moleiro,es ESP,"MF,FW",Villarreal,es La Liga,22.0,2003.0,17,14,1085,12.1,7,2,9,7,0,0,2,0,3.9,3.9,2.7,6.6,41.0,39.0,64.0,0.75,0.55,1522,es ESP,"MF,FW",es La Liga,22-097,2003.0,12.1,7,27,14,51.9,2.24,1.16,0.26,0.5,17.8,0.0,0,0,3.9,3.9,0.16,3.1,3.1,1522,es ESP,"MF,FW",es La Liga,22-097,2003.0,12.1,231.0,323.0,71.5,3463.0,1172.0,2,2.7,1.9,-0.7,19.0,29.0,4.0,1.0,39.0,1522,es ESP,"MF,FW",es La Liga,22-097,2003.0,12.1,323.0,303.0,17.0,6.0,7.0,3.0,15,0.0,8.0,4.0,2.0,0.0,231.0,3.0,10.0,1522,es ESP,"MF,FW",es La Liga,22-097,2003.0,12.1,42.0,3.48,28.0,7.0,4.0,2.0,1.0,0.0,4.0,0.33,1522,es ESP,"MF,FW",es La Liga,22-097,2003.0,12.1,9.0,7,0.0,6.0,3.0,29.0,24.1,22.0,15.0,3.0,12.0,5,14.0,6.0,1.0,1522,es ESP,"MF,FW",es La Liga,22-097,2003.0,12.1,450.0,7.0,56.0,222.0,183.0,41.0,450.0,35.0,18.0,51.4,14.0,40.0,284.0,1747.0,1106.0,41.0,24.0,10.0,28.0,13.0,320.0,64.0,1890,es ESP,"MF,FW",es La Liga,22-097,2003.0,17,1085,64,70.9,12.1,14,73.0,3,3,20.0,0,2.24,21,11,10,0.83,-0.79,18.3,12.6,5.6,0.47,1522,es ESP,"MF,FW",es La Liga,22-097,2003.0,12.1,2,0,0,16,13,2,15,5,7,0.0,0.0,0,50.0,2.0,6.0,25.0,,,,,,,,,,,,,,,,,,,,,,,,,,,,,,,,,,,,,,,,,,,,,,,,,,,,,,Forward,0.578512396694215,0.1652892561983471,0.32231404958677684,0.22314049586776863,3.388429752066116,3.2231404958677685,5.289256198347108,1.5702479338842976,0.7438016528925621,0.4132231404958678,0.3305785123966942,23.47107438016529,-5.740945760330578,6.6115702479338845,3.1,0.7733333333333333,84.66898954703834,41.8,59.71014777647272
1527,Morato,br BRA,DF,Nott'ham Forest,eng Premier League,24.0,2001.0,9,8,709,7.9,0,0,0,0,0,0,4,0,0.0,0.0,0.0,0.0,3.0,31.0,1.0,0.0,0.0,1527,br BRA,DF,eng Premier League,24-189,2001.0,7.9,0,1,0,0.0,0.13,0.0,0.0,,21.5,0.0,0,0,0.0,0.0,0.03,0.0,0.0,1527,br BRA,DF,eng Premier League,24-189,2001.0,7.9,413.0,480.0,86.0,7496.0,3525.0,0,0.0,0.1,0.0,0.0,28.0,1.0,0.0,31.0,1527,br BRA,DF,eng Premier League,24-189,2001.0,7.9,480.0,456.0,24.0,14.0,0.0,1.0,0,3.0,0.0,0.0,0.0,0.0,413.0,0.0,2.0,1527,br BRA,DF,eng Premier League,24-189,2001.0,7.9,3.0,0.38,3.0,0.0,0.0,0.0,0.0,0.0,0.0,0.0,1527,br BRA,DF,eng Premier League,24-189,2001.0,7.9,18.0,10,12.0,5.0,1.0,14.0,71.4,4.0,13.0,6.0,7.0,4,22.0,42.0,3.0,1527,br BRA,DF,eng Premier League,24-189,2001.0,7.9,576.0,107.0,318.0,248.0,15.0,2.0,576.0,3.0,3.0,100.0,0.0,0.0,320.0,1453.0,884.0,3.0,5.0,0.0,5.0,0.0,379.0,1.0,1902,br BRA,DF,eng Premier League,24-189,2001.0,9,709,79,39.4,7.9,8,88.0,7,1,3.0,11,0.78,3,14,-11,-1.4,-1.15,8.2,11.5,-3.3,-0.42,1527,br BRA,DF,eng Premier League,24-189,2001.0,7.9,4,0,0,9,5,0,0,4,10,0.0,0.0,0,32.0,10.0,6.0,62.5,,,,,,,,,,,,,,,,,,,,,,,,,,,,,,,,,,,,,,,,,,,,,,,,,,,,,,Defender,0.0,0.0,0.0,0.0,0.37974683544303794,3.9240506329113924,0.12658227848101264,0.0,2.2784810126582276,0.5063291139240506,0.12658227848101264,40.506329113924046,-1.6885772151898717,4.30379746835443,0.0,0.06597222222222222,82.83712784588442,25.6,65.95312726583155
1529,Afonso Moreira,pt POR,FW,Lyon,fr Ligue 1,20.0,2005.0,15,6,655,7.3,2,4,6,2,0,0,2,0,1.0,1.0,3.2,4.1,30.0,16.0,99.0,0.82,0.57,1529,pt POR,FW,fr Ligue 1,20-292,2005.0,7.3,2,17,7,41.2,2.34,0.96,0.12,0.29,18.8,0.0,0,0,1.0,1.0,0.06,1.0,1.0,1529,pt POR,FW,fr Ligue 1,20-292,2005.0,7.3,169.0,235.0,71.9,2810.0,736.0,4,3.2,3.3,0.8,15.0,2.0,15.0,7.0,16.0,1529,pt POR,FW,fr Ligue 1,20-292,2005.0,7.3,235.0,213.0,20.0,2.0,1.0,0.0,55,5.0,13.0,13.0,0.0,0.0,169.0,2.0,10.0,1529,pt POR,FW,fr Ligue 1,20-292,2005.0,7.3,31.0,4.26,21.0,4.0,3.0,1.0,2.0,0.0,6.0,0.82,1529,pt POR,FW,fr Ligue 1,20-292,2005.0,7.3,12.0,9,6.0,3.0,3.0,12.0,75.0,3.0,5.0,0.0,5.0,4,16.0,10.0,0.0,1529,pt POR,FW,fr Ligue 1,20-292,2005.0,7.3,333.0,4.0,40.0,98.0,205.0,33.0,333.0,28.0,9.0,32.1,16.0,57.1,223.0,1480.0,784.0,30.0,18.0,8.0,20.0,14.0,238.0,99.0,1904,pt POR,FW,fr Ligue 1,20-292,2005.0,15,655,44,42.8,7.3,6,87.0,5,9,15.0,2,1.8,13,7,6,0.82,0.62,11.6,9.3,2.3,0.32,1529,pt POR,FW,fr Ligue 1,20-292,2005.0,7.3,2,0,0,8,17,3,55,4,9,0.0,0.0,0,35.0,1.0,10.0,9.1,,,,,,,,,,,,,,,,,,,,,,,,,,,,,,,,,,,,,,,,,,,,,,,,,,,,,,Forward,0.273972602739726,0.547945205479452,0.136986301369863,0.4383561643835617,4.109589041095891,2.191780821917808,13.561643835616438,2.0547945205479454,1.6438356164383563,0.547945205479452,2.0547945205479454,30.547945205479454,-3.645108356164383,6.301369863013699,1.0,1.2792792792792793,92.1602787456446,46.8,62.77948143436281
1530,Diego Moreira,be BEL,"DF,FW",Strasbourg,fr Ligue 1,21.0,2004.0,16,14,1218,13.5,1,2,3,1,0,0,3,0,0.8,0.8,4.1,4.9,43.0,60.0,130.0,0.22,0.36,1530,be BEL,"DF,FW",fr Ligue 1,21-152,2004.0,13.5,1,11,3,27.3,0.81,0.22,0.09,0.33,20.2,1.0,0,0,0.8,0.8,0.07,0.2,0.2,1530,be BEL,"DF,FW",fr Ligue 1,21-152,2004.0,13.5,538.0,692.0,77.7,8148.0,2237.0,2,4.1,2.7,-2.1,21.0,26.0,32.0,10.0,60.0,1530,be BEL,"DF,FW",fr Ligue 1,21-152,2004.0,13.5,692.0,636.0,55.0,10.0,1.0,1.0,62,44.0,0.0,0.0,0.0,0.0,538.0,1.0,17.0,1530,be BEL,"DF,FW",fr Ligue 1,21-152,2004.0,13.5,39.0,2.88,34.0,0.0,3.0,1.0,1.0,0.0,6.0,0.44,1530,be BEL,"DF,FW",fr Ligue 1,21-152,2004.0,13.5,26.0,14,14.0,5.0,7.0,29.0,58.6,12.0,14.0,4.0,10.0,12,38.0,22.0,0.0,1530,be BEL,"DF,FW",fr Ligue 1,21-152,2004.0,13.5,844.0,40.0,181.0,377.0,298.0,33.0,844.0,39.0,14.0,35.9,25.0,64.1,530.0,2667.0,1408.0,43.0,24.0,12.0,23.0,12.0,603.0,130.0,1905,be BEL,"DF,FW",fr Ligue 1,21-152,2004.0,16,1218,76,79.6,13.5,14,83.0,4,2,31.0,0,1.31,20,16,4,0.3,0.01,20.9,17.4,3.5,0.26,1530,be BEL,"DF,FW",fr Ligue 1,21-152,2004.0,13.5,3,0,0,8,12,6,62,12,14,0.0,0.0,0,59.0,9.0,11.0,45.0,,,,,,,,,,,,,,,,,,,,,,,,,,,,,,,,,,,,,,,,,,,,,,,,,,,,,,Forward,0.07407407407407407,0.14814814814814814,0.05925925925925926,0.3037037037037037,3.185185185185185,4.444444444444445,9.62962962962963,1.5555555555555556,1.9259259259259258,0.8888888888888888,2.3703703703703702,39.25925925925926,-5.726768,7.62962962962963,0.19999999999999996,0.3412322274881517,85.01742160278745,42.0,59.87142366393482
1535,Matias Moreno,ar ARG,DF,Levante,es La Liga,22.0,2003.0,12,11,945,10.5,0,0,0,0,0,0,3,0,0.4,0.4,0.1,0.5,12.0,24.0,1.0,0.0,0.05,1535,ar ARG,DF,es La Liga,22-103,2003.0,10.5,0,4,0,0.0,0.38,0.0,0.0,,16.1,0.0,0,0,0.4,0.4,0.11,-0.4,-0.4,1535,ar ARG,DF,es La Liga,22-103,2003.0,10.5,329.0,390.0,84.4,6529.0,2216.0,0,0.1,0.2,-0.1,2.0,18.0,1.0,0.0,24.0,1535,ar ARG,DF,es La Liga,22-103,2003.0,10.5,390.0,370.0,17.0,9.0,0.0,1.0,0,3.0,0.0,0.0,0.0,0.0,329.0,3.0,3.0,1535,ar ARG,DF,es La Liga,22-103,2003.0,10.5,6.0,0.57,5.0,0.0,0.0,1.0,0.0,0.0,1.0,0.1,1535,ar ARG,DF,es La Liga,22-103,2003.0,10.5,15.0,11,11.0,4.0,0.0,13.0,84.6,2.0,17.0,10.0,7.0,17,32.0,61.0,0.0,1535,ar ARG,DF,es La Liga,22-103,2003.0,10.5,522.0,90.0,282.0,219.0,28.0,10.0,522.0,6.0,2.0,33.3,2.0,33.3,278.0,1644.0,997.0,12.0,5.0,0.0,3.0,1.0,309.0,1.0,1910,ar ARG,DF,es La Liga,22-103,2003.0,12,945,79,61.8,10.5,11,85.0,8,1,6.0,3,1.08,15,14,1,0.1,1.63,13.0,15.8,-2.8,-0.27,1535,ar ARG,DF,es La Liga,22-103,2003.0,10.5,3,0,0,9,5,2,0,17,11,0.0,0.0,0,26.0,19.0,16.0,54.3,,,,,,,,,,,,,,,,,,,,,,,,,,,,,,,,,,,,,,,,,,,,,,,,,,,,,,Defender,0.0,0.0,0.0380952380952381,0.009523809523809525,1.1428571428571428,2.2857142857142856,0.09523809523809523,0.19047619047619047,1.4285714285714286,1.619047619047619,0.09523809523809523,26.476190476190474,-6.603114285714284,3.4285714285714284,-0.4,0.10919540229885057,37.65323992994746,1.5,37.09678810832262
1539,Ilaix Moriba,gn GUI,MF,Celta Vigo,es La Liga,22.0,2003.0,18,12,1150,12.8,0,1,1,0,0,0,2,0,0.6,0.6,1.3,1.9,12.0,53.0,40.0,0.08,0.15,1539,gn GUI,MF,es La Liga,22-351,2003.0,12.8,0,10,2,20.0,0.78,0.16,0.0,0.0,24.2,0.0,0,0,0.6,0.6,0.07,-0.6,-0.6,1539,gn GUI,MF,es La Liga,22-351,2003.0,12.8,432.0,503.0,85.9,6784.0,1591.0,1,1.3,1.1,-0.3,10.0,36.0,9.0,0.0,53.0,1539,gn GUI,MF,es La Liga,22-351,2003.0,12.8,503.0,488.0,11.0,7.0,4.0,3.0,1,3.0,1.0,0.0,0.0,0.0,432.0,4.0,9.0,1539,gn GUI,MF,es La Liga,22-351,2003.0,12.8,25.0,1.96,21.0,1.0,1.0,2.0,0.0,0.0,4.0,0.31,1539,gn GUI,MF,es La Liga,22-351,2003.0,12.8,48.0,20,21.0,19.0,8.0,35.0,62.9,13.0,17.0,2.0,15.0,12,60.0,18.0,3.0,1539,gn GUI,MF,es La Liga,22-351,2003.0,12.8,663.0,30.0,138.0,370.0,160.0,20.0,663.0,17.0,5.0,29.4,11.0,64.7,353.0,1513.0,653.0,12.0,13.0,3.0,22.0,11.0,476.0,40.0,1914,gn GUI,MF,es La Liga,22-351,2003.0,18,1150,64,71.0,12.8,12,85.0,10,6,21.0,0,1.44,19,16,3,0.23,0.04,16.9,19.8,-2.9,-0.23,1539,gn GUI,MF,es La Liga,22-351,2003.0,12.8,2,0,0,12,27,0,1,12,20,0.0,0.0,0,47.0,10.0,16.0,38.5,,,,,,,,,,,,,,,,,,,,,,,,,,,,,,,,,,,,,,,,,,,,,,,,,,,,,,Midfielder,0.0,0.078125,0.04687499999999999,0.1015625,0.9375,4.140625,3.125,0.78125,3.75,0.9375,0.703125,27.578125,-2.5649946875000005,5.078125,-0.6,0.2956259426847662,73.68421052631578,19.7,61.55740227762387
1543,Tyler Morton,eng ENG,MF,Lyon,fr Ligue 1,23.0,2002.0,15,15,1314,14.6,1,1,2,1,0,0,3,1,1.0,1.0,1.4,2.5,28.0,67.0,11.0,0.14,0.17,1543,eng ENG,MF,fr Ligue 1,23-066,2002.0,14.6,1,16,4,25.0,1.1,0.27,0.06,0.25,23.5,4.0,0,0,1.0,1.0,0.06,0.0,0.0,1543,eng ENG,MF,fr Ligue 1,23-066,2002.0,14.6,630.0,776.0,81.2,11372.0,2913.0,1,1.4,2.3,-0.4,19.0,50.0,14.0,2.0,67.0,1543,eng ENG,MF,fr Ligue 1,23-066,2002.0,14.6,776.0,676.0,98.0,43.0,7.0,7.0,68,4.0,47.0,30.0,13.0,1.0,630.0,2.0,12.0,1543,eng ENG,MF,fr Ligue 1,23-066,2002.0,14.6,39.0,2.67,21.0,12.0,1.0,3.0,1.0,1.0,4.0,0.27,1543,eng ENG,MF,fr Ligue 1,23-066,2002.0,14.6,26.0,17,9.0,13.0,4.0,16.0,81.3,3.0,10.0,7.0,3.0,12,38.0,23.0,1.0,1543,eng ENG,MF,fr Ligue 1,23-066,2002.0,14.6,909.0,47.0,211.0,479.0,231.0,12.0,909.0,11.0,8.0,72.7,3.0,27.3,497.0,3028.0,1461.0,28.0,23.0,2.0,20.0,8.0,564.0,11.0,1919,eng ENG,MF,fr Ligue 1,23-066,2002.0,15,1314,88,85.9,14.6,15,88.0,12,0,,0,1.73,23,14,9,0.62,1.03,22.3,16.3,6.0,0.41,1543,eng ENG,MF,fr Ligue 1,23-066,2002.0,14.6,3,1,0,23,9,0,68,12,17,0.0,1.0,0,68.0,8.0,10.0,44.4,,,,,,,,,,,,,,,,,,,,,,,,,,,,,,,,,,,,,,,,,,,,,,,,,,,,,,Midfielder,0.0684931506849315,0.0684931506849315,0.0684931506849315,0.0958904109589041,1.9178082191780823,4.589041095890411,0.7534246575342466,1.3013698630136987,1.7808219178082192,0.8219178082191781,0.9589041095890412,34.04109589041096,-1.3402667808219189,6.506849315068493,0.0,0.29372937293729373,83.53576248313091,29.7,64.40691016432608
1545,Cristhian Mosquera,es ESP,DF,Arsenal,eng Premier League,21.0,2004.0,10,4,433,4.8,0,0,0,0,0,0,1,0,0.0,0.0,0.1,0.1,8.0,15.0,2.0,0.0,0.01,1545,es ESP,DF,eng Premier League,21-192,2004.0,4.8,0,0,0,,0.0,0.0,,,,0.0,0,0,0.0,0.0,,0.0,0.0,1545,es ESP,DF,eng Premier League,21-192,2004.0,4.8,296.0,326.0,90.8,4987.0,1378.0,0,0.1,0.4,-0.1,1.0,22.0,1.0,0.0,15.0,1545,es ESP,DF,eng Premier League,21-192,2004.0,4.8,326.0,313.0,12.0,7.0,1.0,0.0,0,5.0,0.0,0.0,0.0,0.0,296.0,1.0,1.0,1545,es ESP,DF,eng Premier League,21-192,2004.0,4.8,2.0,0.42,2.0,0.0,0.0,0.0,0.0,0.0,0.0,0.0,1545,es ESP,DF,eng Premier League,21-192,2004.0,4.8,11.0,7,6.0,4.0,1.0,7.0,85.7,1.0,3.0,2.0,1.0,6,17.0,15.0,0.0,1545,es ESP,DF,eng Premier League,21-192,2004.0,4.8,365.0,19.0,155.0,190.0,22.0,4.0,365.0,1.0,0.0,0.0,1.0,100.0,247.0,1283.0,815.0,8.0,7.0,0.0,2.0,0.0,259.0,2.0,1922,es ESP,DF,eng Premier League,21-192,2004.0,10,433,43,24.1,4.8,4,67.0,2,6,28.0,4,2.1,6,4,2,0.42,-1.16,7.0,2.6,4.3,0.9,1545,es ESP,DF,eng Premier League,21-192,2004.0,4.8,1,0,0,1,2,1,0,6,7,0.0,0.0,0,16.0,7.0,14.0,33.3,,,,,,,,,,,,,,,,,,,,,,,,,,,,,,,,,,,,,,,,,,,,,,,,,,,,,,Defender,0.0,0.0,0.0,0.020833333333333336,1.6666666666666667,3.125,0.4166666666666667,0.20833333333333334,2.291666666666667,1.25,0.20833333333333334,51.458333333333336,-2.5524958333333316,4.791666666666667,0.0,0.11506849315068492,77.40805604203153,25.8,61.532635963459086
1547,Yerson Mosquera,co COL,DF,Wolves,eng Premier League,24.0,2001.0,11,9,776,8.6,0,0,0,0,0,0,5,0,0.7,0.7,0.3,0.9,5.0,8.0,7.0,0.0,0.11,1547,co COL,DF,eng Premier League,24-248,2001.0,8.6,0,7,3,42.9,0.81,0.35,0.0,0.0,11.2,0.0,0,0,0.7,0.7,0.1,-0.7,-0.7,1547,co COL,DF,eng Premier League,24-248,2001.0,8.6,237.0,305.0,77.7,4307.0,1493.0,0,0.3,0.3,-0.3,5.0,21.0,1.0,1.0,8.0,1547,co COL,DF,eng Premier League,24-248,2001.0,8.6,305.0,269.0,36.0,4.0,0.0,1.0,7,32.0,0.0,0.0,0.0,0.0,237.0,0.0,7.0,1547,co COL,DF,eng Premier League,24-248,2001.0,8.6,8.0,0.93,4.0,2.0,0.0,1.0,0.0,1.0,0.0,0.0,1547,co COL,DF,eng Premier League,24-248,2001.0,8.6,26.0,13,17.0,8.0,1.0,19.0,63.2,7.0,10.0,5.0,5.0,10,36.0,39.0,0.0,1547,co COL,DF,eng Premier League,24-248,2001.0,8.6,420.0,47.0,181.0,196.0,47.0,14.0,420.0,10.0,3.0,30.0,4.0,40.0,192.0,750.0,269.0,5.0,2.0,1.0,3.0,1.0,205.0,7.0,1924,co COL,DF,eng Premier League,24-248,2001.0,11,776,71,43.1,8.6,9,81.0,4,2,23.0,6,0.45,8,17,-9,-1.04,0.45,7.9,12.1,-4.3,-0.49,1547,co COL,DF,eng Premier League,24-248,2001.0,8.6,5,0,0,13,17,1,7,10,13,0.0,1.0,2,36.0,14.0,20.0,41.2,,,,,,,,,,,,,,,,,,,,,,,,,,,,,,,,,,,,,,,,,,,,,,,,,,,,,,Defender,0.0,0.0,0.0813953488372093,0.03488372093023256,0.5813953488372093,0.9302325581395349,0.813953488372093,0.5813953488372093,3.0232558139534884,1.1627906976744187,0.11627906976744186,22.325581395348838,-7.394179069767441,1.5116279069767442,-0.7,0.22142857142857142,28.546409807355516,1.0,28.26377208649061
1549,Samir El Mourabet,ma MAR,MF,Strasbourg,fr Ligue 1,20.0,2005.0,17,12,996,11.1,0,0,0,0,0,0,2,0,0.3,0.3,0.9,1.1,4.0,59.0,9.0,0.0,0.1,1549,ma MAR,MF,fr Ligue 1,20-091,2005.0,11.1,0,8,0,0.0,0.72,0.0,0.0,,25.4,0.0,0,0,0.3,0.3,0.03,-0.3,-0.3,1549,ma MAR,MF,fr Ligue 1,20-091,2005.0,11.1,616.0,684.0,90.1,10279.0,2571.0,0,0.9,1.0,-0.9,11.0,45.0,8.0,1.0,59.0,1549,ma MAR,MF,fr Ligue 1,20-091,2005.0,11.1,684.0,662.0,21.0,15.0,6.0,0.0,7,2.0,3.0,1.0,0.0,2.0,616.0,1.0,4.0,1549,ma MAR,MF,fr Ligue 1,20-091,2005.0,11.1,21.0,1.9,16.0,2.0,0.0,0.0,2.0,1.0,1.0,0.09,1549,ma MAR,MF,fr Ligue 1,20-091,2005.0,11.1,36.0,15,6.0,24.0,6.0,25.0,76.0,6.0,17.0,6.0,11.0,9,45.0,7.0,2.0,1549,ma MAR,MF,fr Ligue 1,20-091,2005.0,11.1,798.0,28.0,174.0,523.0,107.0,3.0,798.0,16.0,7.0,43.8,9.0,56.3,519.0,2085.0,842.0,4.0,6.0,0.0,12.0,9.0,586.0,9.0,1927,ma MAR,MF,fr Ligue 1,20-091,2005.0,17,996,59,65.1,11.1,12,74.0,3,5,22.0,0,1.41,18,12,6,0.54,0.71,17.2,14.5,2.7,0.25,1549,ma MAR,MF,fr Ligue 1,20-091,2005.0,11.1,2,0,0,14,11,1,7,9,15,0.0,0.0,0,61.0,4.0,9.0,30.8,,,,,,,,,,,,,,,,,,,,,,,,,,,,,,,,,,,,,,,,,,,,,,,,,,,,,,Midfielder,0.0,0.0,0.02702702702702703,0.08108108108108109,0.3603603603603604,5.315315315315315,0.8108108108108109,0.990990990990991,3.2432432432432434,0.8108108108108109,0.7207207207207208,46.75675675675676,-0.6887526756756763,5.675675675675675,-0.3,0.23809523809523808,86.90958164642375,40.3,61.94553217849161
1550,Santiago Mouriño,uy URU,DF,Villarreal,es La Liga,23.0,2002.0,11,11,965,10.7,0,1,1,0,0,0,6,1,0.3,0.3,0.1,0.3,13.0,33.0,3.0,0.09,0.03,1550,uy URU,DF,es La Liga,23-326,2002.0,10.7,0,6,0,0.0,0.56,0.0,0.0,,20.0,0.0,0,0,0.3,0.3,0.05,-0.3,-0.3,1550,uy URU,DF,es La Liga,23-326,2002.0,10.7,501.0,582.0,86.1,8296.0,3013.0,1,0.1,0.2,0.9,3.0,41.0,3.0,0.0,33.0,1550,uy URU,DF,es La Liga,23-326,2002.0,10.7,582.0,476.0,104.0,25.0,1.0,5.0,5,79.0,0.0,0.0,0.0,0.0,501.0,2.0,8.0,1550,uy URU,DF,es La Liga,23-326,2002.0,10.7,13.0,1.21,10.0,0.0,0.0,0.0,2.0,1.0,2.0,0.19,1550,uy URU,DF,es La Liga,23-326,2002.0,10.7,45.0,32,28.0,15.0,2.0,56.0,57.1,24.0,15.0,5.0,10.0,13,58.0,47.0,2.0,1550,uy URU,DF,es La Liga,23-326,2002.0,10.7,719.0,54.0,293.0,343.0,90.0,10.0,719.0,8.0,7.0,87.5,1.0,12.5,365.0,1742.0,941.0,13.0,10.0,6.0,12.0,3.0,391.0,3.0,1928,uy URU,DF,es La Liga,23-326,2002.0,11,965,88,63.1,10.7,11,88.0,9,0,,2,2.27,23,9,14,1.31,0.67,18.8,11.7,7.1,0.66,1550,uy URU,DF,es La Liga,23-326,2002.0,10.7,6,1,1,21,11,1,5,13,32,0.0,0.0,0,63.0,13.0,6.0,68.4,,,,,,,,,,,,,,,,,,,,,,,,,,,,,,,,,,,,,,,,,,,,,,,,,,,,,,Defender,0.0,0.09345794392523366,0.028037383177570093,0.009345794392523366,1.2149532710280375,3.0841121495327104,0.28037383177570097,0.28037383177570097,4.205607476635515,1.2149532710280375,0.28037383177570097,34.11214953271028,-0.7614728971962581,4.299065420560748,-0.3,0.16828929068150206,88.09106830122592,31.9,66.78625345051245
1551,Louis Mouton,fr FRA,MF,Angers,fr Ligue 1,23.0,2002.0,16,14,1052,11.7,1,1,2,1,0,0,0,1,1.7,1.7,2.0,3.7,14.0,37.0,40.0,0.17,0.32,1551,fr FRA,MF,fr Ligue 1,23-216,2002.0,11.7,1,18,5,27.8,1.54,0.43,0.06,0.2,20.9,0.0,0,0,1.7,1.7,0.09,-0.7,-0.7,1551,fr FRA,MF,fr Ligue 1,23-216,2002.0,11.7,294.0,406.0,72.4,4428.0,1196.0,1,2.0,1.8,-1.0,13.0,25.0,13.0,3.0,37.0,1551,fr FRA,MF,fr Ligue 1,23-216,2002.0,11.7,406.0,385.0,19.0,1.0,5.0,3.0,17,1.0,10.0,2.0,7.0,0.0,294.0,2.0,13.0,1551,fr FRA,MF,fr Ligue 1,23-216,2002.0,11.7,27.0,2.31,22.0,3.0,0.0,0.0,0.0,2.0,4.0,0.34,1551,fr FRA,MF,fr Ligue 1,23-216,2002.0,11.7,23.0,15,5.0,12.0,6.0,22.0,31.8,15.0,9.0,3.0,6.0,4,27.0,11.0,0.0,1551,fr FRA,MF,fr Ligue 1,23-216,2002.0,11.7,525.0,10.0,79.0,317.0,132.0,17.0,525.0,15.0,3.0,20.0,12.0,80.0,283.0,1188.0,543.0,14.0,7.0,2.0,22.0,17.0,390.0,40.0,1929,fr FRA,MF,fr Ligue 1,23-216,2002.0,16,1052,66,68.8,11.7,14,72.0,0,2,20.0,0,1.38,11,9,2,0.17,0.92,10.2,16.3,-6.1,-0.52,1551,fr FRA,MF,fr Ligue 1,23-216,2002.0,11.7,0,1,0,11,10,3,17,4,15,0.0,0.0,0,34.0,10.0,16.0,38.5,,,,,,,,,,,,,,,,,,,,,,,,,,,,,,,,,,,,,,,,,,,,,,,,,,,,,,Midfielder,0.08547008547008547,0.08547008547008547,0.1452991452991453,0.17094017094017094,1.1965811965811965,3.1623931623931627,3.418803418803419,1.1111111111111112,1.965811965811966,0.3418803418803419,1.1111111111111112,24.18803418803419,-3.6892245982905987,4.3589743589743595,-0.7,0.44,63.1578947368421,11.2,56.79666792881484
1552,Tarik Muharemovic,ba BIH,DF,Sassuolo,it Serie A,22.0,2003.0,15,15,1350,15.0,2,2,4,2,0,0,4,0,0.8,0.8,0.8,1.6,7.0,47.0,1.0,0.27,0.11,1552,ba BIH,DF,it Serie A,22-311,2003.0,15.0,2,10,4,40.0,0.67,0.27,0.2,0.5,17.5,0.0,0,0,0.8,0.8,0.08,1.2,1.2,1552,ba BIH,DF,it Serie A,22-311,2003.0,15.0,653.0,781.0,83.6,12610.0,4924.0,2,0.8,0.2,1.2,4.0,41.0,4.0,0.0,47.0,1552,ba BIH,DF,it Serie A,22-311,2003.0,15.0,781.0,712.0,61.0,34.0,1.0,8.0,2,3.0,0.0,0.0,0.0,0.0,653.0,8.0,1.0,1552,ba BIH,DF,it Serie A,22-311,2003.0,15.0,12.0,0.8,8.0,1.0,2.0,1.0,0.0,0.0,2.0,0.13,1552,ba BIH,DF,it Serie A,22-311,2003.0,15.0,22.0,9,16.0,6.0,0.0,13.0,69.2,4.0,18.0,13.0,5.0,24,46.0,107.0,1.0,1552,ba BIH,DF,it Serie A,22-311,2003.0,15.0,979.0,160.0,542.0,404.0,42.0,10.0,979.0,8.0,4.0,50.0,3.0,37.5,502.0,2757.0,1412.0,7.0,8.0,1.0,4.0,1.0,587.0,1.0,1931,ba BIH,DF,it Serie A,22-311,2003.0,15,1350,90,83.3,15.0,15,90.0,15,0,,1,1.27,21,20,1,0.07,0.07,16.9,21.1,-4.2,-0.28,1552,ba BIH,DF,it Serie A,22-311,2003.0,15.0,4,0,0,13,14,0,2,24,9,0.0,0.0,1,51.0,36.0,21.0,63.2,,,,,,,,,,,,,,,,,,,,,,,,,,,,,,,,,,,,,,,,,,,,,,,,,,,,,,Defender,0.13333333333333333,0.13333333333333333,0.05333333333333334,0.05333333333333334,0.4666666666666667,3.1333333333333333,0.06666666666666667,0.26666666666666666,1.4666666666666666,1.6,0.26666666666666666,33.46666666666667,-4.894719999999998,3.6,1.2,0.08171603677221655,53.94045534150613,5.8,50.98341714698122
1555,Ngal'Ayel Mukau,cd COD,"MF,FW",Lille,fr Ligue 1,21.0,2004.0,13,5,490,5.4,1,0,1,1,0,0,1,0,1.2,1.2,0.1,1.3,8.0,21.0,18.0,0.18,0.24,1555,cd COD,"MF,FW",fr Ligue 1,21-036,2004.0,5.4,1,7,2,28.6,1.29,0.37,0.14,0.5,14.7,0.0,0,0,1.2,1.2,0.17,-0.2,-0.2,1555,cd COD,"MF,FW",fr Ligue 1,21-036,2004.0,5.4,175.0,194.0,90.2,2803.0,485.0,0,0.1,0.2,-0.1,4.0,15.0,1.0,0.0,21.0,1555,cd COD,"MF,FW",fr Ligue 1,21-036,2004.0,5.4,194.0,189.0,4.0,1.0,1.0,2.0,1,0.0,0.0,0.0,0.0,0.0,175.0,1.0,3.0,1555,cd COD,"MF,FW",fr Ligue 1,21-036,2004.0,5.4,16.0,2.94,11.0,0.0,1.0,1.0,3.0,0.0,0.0,0.0,1555,cd COD,"MF,FW",fr Ligue 1,21-036,2004.0,5.4,8.0,4,2.0,5.0,1.0,10.0,50.0,5.0,7.0,0.0,7.0,2,10.0,2.0,0.0,1555,cd COD,"MF,FW",fr Ligue 1,21-036,2004.0,5.4,240.0,3.0,33.0,129.0,85.0,12.0,240.0,7.0,3.0,42.9,3.0,42.9,145.0,688.0,333.0,8.0,6.0,2.0,7.0,2.0,174.0,18.0,1934,cd COD,"MF,FW",fr Ligue 1,21-036,2004.0,13,490,38,32.0,5.4,5,70.0,0,8,18.0,1,1.92,11,8,3,0.55,-0.14,8.7,8.1,0.5,0.1,1555,cd COD,"MF,FW",fr Ligue 1,21-036,2004.0,5.4,1,0,0,10,5,2,1,2,4,0.0,0.0,0,23.0,2.0,9.0,18.2,,,,,,,,,,,,,,,,,,,,,,,,,,,,,,,,,,,,,,,,,,,,,,,,,,,,,,Forward,0.18518518518518517,0.0,0.2222222222222222,0.018518518518518517,1.4814814814814814,3.888888888888889,3.333333333333333,0.7407407407407407,1.4814814814814814,0.37037037037037035,0.18518518518518517,26.85185185185185,-9.474926814814815,5.37037037037037,-0.19999999999999996,1.225,56.44599303135889,6.7,52.90158672104863
1560,Rodrigo Muniz,br BRA,FW,Fulham,eng Premier League,24.0,2001.0,7,4,352,3.9,1,1,2,1,0,0,1,0,1.0,1.0,0.3,1.3,0.0,2.0,11.0,0.51,0.33,1560,br BRA,FW,eng Premier League,24-246,2001.0,3.9,1,10,3,30.0,2.56,0.77,0.1,0.33,10.7,0.0,0,0,1.0,1.0,0.1,0.0,0.0,1560,br BRA,FW,eng Premier League,24-246,2001.0,3.9,12.0,38.0,31.6,192.0,58.0,1,0.3,0.0,0.7,4.0,2.0,1.0,0.0,2.0,1560,br BRA,FW,eng Premier League,24-246,2001.0,3.9,38.0,38.0,0.0,0.0,0.0,1.0,0,0.0,0.0,0.0,0.0,0.0,12.0,0.0,1.0,1560,br BRA,FW,eng Premier League,24-246,2001.0,3.9,3.0,0.77,2.0,0.0,0.0,0.0,1.0,0.0,1.0,0.26,1560,br BRA,FW,eng Premier League,24-246,2001.0,3.9,3.0,1,0.0,2.0,1.0,0.0,,0.0,3.0,0.0,3.0,0,3.0,9.0,0.0,1560,br BRA,FW,eng Premier League,24-246,2001.0,3.9,101.0,10.0,10.0,49.0,43.0,18.0,101.0,8.0,3.0,37.5,5.0,62.5,49.0,110.0,33.0,0.0,1.0,0.0,20.0,4.0,71.0,11.0,1943,br BRA,FW,eng Premier League,24-246,2001.0,7,352,50,19.6,3.9,4,73.0,0,3,20.0,0,1.57,5,4,1,0.26,0.38,4.1,5.4,-1.4,-0.35,1560,br BRA,FW,eng Premier League,24-246,2001.0,3.9,1,0,0,9,6,3,0,0,1,0.0,0.0,1,7.0,19.0,23.0,45.2,,,,,,,,,,,,,,,,,,,,,,,,,,,,,,,,,,,,,,,,,,,,,,,,,,,,,,Forward,0.25641025641025644,0.25641025641025644,0.25641025641025644,0.07692307692307693,0.0,0.5128205128205129,2.8205128205128207,1.0256410256410258,0.7692307692307693,0.0,0.25641025641025644,12.564102564102564,-13.431040717948717,0.5128205128205129,0.0,0.7623762376237624,20.557491289198605,1.0,20.353951771483768
1563,Iker Muñoz,es ESP,MF,Osasuna,es La Liga,23.0,2002.0,6,1,279,3.1,0,0,0,0,0,0,2,0,0.0,0.0,0.0,0.0,2.0,11.0,5.0,0.0,0.01,1563,es ESP,MF,es La Liga,23-061,2002.0,3.1,0,1,1,100.0,0.32,0.32,0.0,0.0,25.7,0.0,0,0,0.0,0.0,0.02,0.0,0.0,1563,es ESP,MF,es La Liga,23-061,2002.0,3.1,111.0,128.0,86.7,1633.0,570.0,0,0.0,0.1,0.0,0.0,12.0,0.0,0.0,11.0,1563,es ESP,MF,es La Liga,23-061,2002.0,3.1,128.0,124.0,3.0,3.0,1.0,0.0,1,0.0,0.0,0.0,0.0,0.0,111.0,1.0,2.0,1563,es ESP,MF,es La Liga,23-061,2002.0,3.1,2.0,0.64,2.0,0.0,0.0,0.0,0.0,0.0,0.0,0.0,1563,es ESP,MF,es La Liga,23-061,2002.0,3.1,6.0,3,2.0,4.0,0.0,7.0,42.9,4.0,1.0,1.0,0.0,2,8.0,5.0,0.0,1563,es ESP,MF,es La Liga,23-061,2002.0,3.1,155.0,7.0,27.0,106.0,24.0,0.0,155.0,3.0,2.0,66.7,1.0,33.3,82.0,410.0,211.0,2.0,3.0,0.0,2.0,2.0,92.0,5.0,1948,es ESP,MF,es La Liga,23-061,2002.0,6,279,47,17.2,3.1,1,90.0,1,5,38.0,12,0.67,0,3,-3,-0.97,-0.97,2.8,3.5,-0.7,-0.24,1563,es ESP,MF,es La Liga,23-061,2002.0,3.1,2,0,0,8,4,0,1,2,3,0.0,0.0,0,15.0,3.0,6.0,33.3,,,,,,,,,,,,,,,,,,,,,,,,,,,,,,,,,,,,,,,,,,,,,,,,,,,,,,Midfielder,0.0,0.0,0.0,0.0,0.6451612903225806,3.5483870967741935,1.6129032258064515,0.0,1.9354838709677418,0.6451612903225806,0.0,26.451612903225804,-3.9005860645161308,4.193548387096774,0.0,0.4129032258064516,60.99865047233468,7.2,56.901726186879365
1565,Víctor Muñoz,es ESP,"FW,MF",Osasuna,es La Liga,22.0,2003.0,18,16,1307,14.5,2,1,3,2,0,0,2,0,1.8,1.8,1.0,2.8,56.0,8.0,93.0,0.21,0.2,1565,es ESP,"FW,MF",es La Liga,22-176,2003.0,14.5,2,33,13,39.4,2.27,0.9,0.06,0.15,19.0,0.0,0,0,1.8,1.8,0.05,0.2,0.2,1565,es ESP,"FW,MF",es La Liga,22-176,2003.0,14.5,229.0,327.0,70.0,2893.0,455.0,1,1.0,0.9,0.0,11.0,6.0,7.0,5.0,8.0,1565,es ESP,"FW,MF",es La Liga,22-176,2003.0,14.5,327.0,312.0,12.0,0.0,1.0,0.0,46,2.0,0.0,0.0,0.0,0.0,229.0,3.0,15.0,1565,es ESP,"FW,MF",es La Liga,22-176,2003.0,14.5,28.0,1.93,14.0,1.0,8.0,2.0,3.0,0.0,3.0,0.21,1565,es ESP,"FW,MF",es La Liga,22-176,2003.0,14.5,13.0,9,6.0,4.0,3.0,15.0,26.7,11.0,10.0,0.0,10.0,4,17.0,15.0,0.0,1565,es ESP,"FW,MF",es La Liga,22-176,2003.0,14.5,542.0,9.0,61.0,215.0,288.0,51.0,542.0,91.0,34.0,37.4,49.0,53.8,368.0,3176.0,1618.0,56.0,44.0,26.0,44.0,31.0,390.0,93.0,1950,es ESP,"FW,MF",es La Liga,22-176,2003.0,18,1307,73,80.7,14.5,16,77.0,4,2,35.0,0,1.06,14,12,2,0.14,1.58,15.5,17.8,-2.3,-0.16,1565,es ESP,"FW,MF",es La Liga,22-176,2003.0,14.5,2,0,0,15,23,1,46,4,9,0.0,0.0,0,50.0,5.0,16.0,23.8,,,,,,,,,,,,,,,,,,,,,,,,,,,,,,,,,,,,,,,,,,,,,,,,,,,,,,Forward,0.13793103448275862,0.06896551724137931,0.12413793103448276,0.06896551724137931,3.8620689655172415,0.5517241379310345,6.413793103448276,0.7586206896551724,0.896551724137931,0.27586206896551724,0.4827586206896552,25.379310344827587,-4.515367413793104,4.413793103448276,0.19999999999999996,0.35608856088560886,90.06968641114983,45.2,62.03146447048887
1567,Murillo,br BRA,DF,Nott'ham Forest,eng Premier League,23.0,2002.0,14,14,1189,13.2,1,0,1,1,0,0,3,0,0.4,0.4,0.2,0.6,4.0,52.0,2.0,0.08,0.04,1567,br BRA,DF,eng Premier League,23-185,2002.0,13.2,1,6,3,50.0,0.45,0.23,0.17,0.33,22.1,1.0,0,0,0.4,0.4,0.06,0.6,0.6,1567,br BRA,DF,eng Premier League,23-185,2002.0,13.2,557.0,670.0,83.1,11160.0,4700.0,0,0.2,0.3,-0.2,3.0,55.0,1.0,0.0,52.0,1567,br BRA,DF,eng Premier League,23-185,2002.0,13.2,670.0,627.0,43.0,26.0,2.0,8.0,2,2.0,0.0,0.0,0.0,0.0,557.0,0.0,3.0,1567,br BRA,DF,eng Premier League,23-185,2002.0,13.2,15.0,1.14,12.0,1.0,0.0,1.0,0.0,1.0,1.0,0.08,1567,br BRA,DF,eng Premier League,23-185,2002.0,13.2,23.0,15,13.0,8.0,2.0,13.0,84.6,2.0,22.0,13.0,9.0,23,46.0,71.0,1.0,1567,br BRA,DF,eng Premier League,23-185,2002.0,13.2,829.0,130.0,416.0,379.0,41.0,7.0,829.0,12.0,8.0,66.7,4.0,33.3,434.0,1759.0,959.0,4.0,6.0,0.0,4.0,5.0,477.0,2.0,1952,br BRA,DF,eng Premier League,23-185,2002.0,14,1189,85,66.1,13.2,14,85.0,12,0,,1,1.0,17,21,-4,-0.3,1.17,17.6,17.9,-0.3,-0.02,1567,br BRA,DF,eng Premier League,23-185,2002.0,13.2,3,0,0,13,6,0,2,23,15,0.0,0.0,0,63.0,14.0,12.0,53.8,,,,,,,,,,,,,,,,,,,,,,,,,,,,,,,,,,,,,,,,,,,,,,,,,,,,,,Defender,0.07575757575757576,0.0,0.030303030303030307,0.015151515151515154,0.30303030303030304,3.9393939393939394,0.15151515151515152,0.2272727272727273,1.7424242424242424,1.7424242424242424,0.07575757575757576,32.87878787878788,-3.5801863636363613,4.242424242424242,0.6,0.13751507840772012,67.77583187390543,15.9,58.47785321303316
1576,Joel Mvuka,no NOR,"DF,MF",Lorient,fr Ligue 1,23.0,2002.0,14,5,559,6.2,0,0,0,0,0,0,0,0,0.5,0.5,0.4,0.9,17.0,13.0,42.0,0.0,0.14,1576,no NOR,"DF,MF",fr Ligue 1,23-054,2002.0,6.2,0,8,1,12.5,1.29,0.16,0.0,0.0,18.4,0.0,0,0,0.5,0.5,0.06,-0.5,-0.5,1576,no NOR,"DF,MF",fr Ligue 1,23-054,2002.0,6.2,129.0,171.0,75.4,1851.0,372.0,0,0.4,0.7,-0.4,3.0,9.0,5.0,1.0,13.0,1576,no NOR,"DF,MF",fr Ligue 1,23-054,2002.0,6.2,171.0,159.0,12.0,0.0,0.0,1.0,12,12.0,0.0,0.0,0.0,0.0,129.0,0.0,9.0,1576,no NOR,"DF,MF",fr Ligue 1,23-054,2002.0,6.2,8.0,1.29,5.0,0.0,2.0,1.0,0.0,0.0,1.0,0.16,1576,no NOR,"DF,MF",fr Ligue 1,23-054,2002.0,6.2,22.0,12,14.0,6.0,2.0,17.0,76.5,4.0,0.0,0.0,0.0,7,29.0,13.0,1.0,1576,no NOR,"DF,MF",fr Ligue 1,23-054,2002.0,6.2,248.0,12.0,68.0,80.0,104.0,13.0,248.0,16.0,5.0,31.3,9.0,56.3,139.0,979.0,525.0,17.0,12.0,4.0,8.0,5.0,153.0,42.0,1962,no NOR,"DF,MF",fr Ligue 1,23-054,2002.0,14,559,40,36.5,6.2,5,76.0,1,9,20.0,3,1.07,5,18,-13,-2.09,-2.46,6.1,12.5,-6.4,-1.03,1576,no NOR,"DF,MF",fr Ligue 1,23-054,2002.0,6.2,0,0,0,4,11,1,12,7,12,0.0,0.0,0,25.0,1.0,8.0,11.1,,,,,,,,,,,,,,,,,,,,,,,,,,,,,,,,,,,,,,,,,,,,,,,,,,,,,,Midfielder,0.0,0.0,0.08064516129032258,0.06451612903225806,2.7419354838709675,2.096774193548387,6.774193548387097,0.48387096774193544,3.5483870967741935,1.129032258064516,0.8064516129032258,22.419354838709676,-3.8884005161290336,4.838709677419355,-0.5,0.5201612903225806,61.1336032388664,8.3,56.448387108833245
1578,Junior Mwanga,fr FRA,"MF,DF",Nantes,fr Ligue 1,22.0,2003.0,13,13,1080,12.0,1,0,1,1,0,0,2,1,1.1,1.1,0.5,1.5,15.0,44.0,10.0,0.08,0.13,1578,fr FRA,"MF,DF",fr Ligue 1,22-239,2003.0,12.0,1,7,2,28.6,0.58,0.17,0.14,0.5,13.3,0.0,0,0,1.1,1.1,0.16,-0.1,-0.1,1578,fr FRA,"MF,DF",fr Ligue 1,22-239,2003.0,12.0,364.0,436.0,83.5,6727.0,1876.0,0,0.5,0.7,-0.5,10.0,27.0,7.0,0.0,44.0,1578,fr FRA,"MF,DF",fr Ligue 1,22-239,2003.0,12.0,436.0,423.0,11.0,9.0,3.0,6.0,3,2.0,0.0,0.0,0.0,0.0,364.0,2.0,10.0,1578,fr FRA,"MF,DF",fr Ligue 1,22-239,2003.0,12.0,22.0,1.83,19.0,1.0,1.0,1.0,0.0,0.0,0.0,0.0,1578,fr FRA,"MF,DF",fr Ligue 1,22-239,2003.0,12.0,25.0,11,11.0,11.0,3.0,19.0,57.9,8.0,13.0,4.0,9.0,9,34.0,16.0,0.0,1578,fr FRA,"MF,DF",fr Ligue 1,22-239,2003.0,12.0,541.0,29.0,162.0,297.0,89.0,15.0,541.0,16.0,9.0,56.3,7.0,43.8,334.0,1921.0,1070.0,15.0,11.0,3.0,13.0,7.0,354.0,10.0,1964,fr FRA,"MF,DF",fr Ligue 1,22-239,2003.0,13,1080,83,70.6,12.0,13,83.0,10,0,,0,0.85,13,21,-8,-0.67,0.13,11.8,20.1,-8.2,-0.69,1578,fr FRA,"MF,DF",fr Ligue 1,22-239,2003.0,12.0,2,1,0,14,13,0,3,9,11,0.0,0.0,0,46.0,10.0,16.0,38.5,,,,,,,,,,,,,,,,,,,,,,,,,,,,,,,,,,,,,,,,,,,,,,,,,,,,,,Midfielder,0.08333333333333333,0.0,0.09166666666666667,0.041666666666666664,1.25,3.6666666666666665,0.8333333333333334,0.8333333333333334,2.0833333333333335,0.75,0.5833333333333334,27.833333333333332,-2.6703660000000013,4.916666666666667,-0.10000000000000009,0.33826247689463956,71.9298245614035,16.6,61.689386416298035
1582,David Møller Wolfe,no NOR,"DF,MF",Wolves,eng Premier League,23.0,2002.0,14,8,707,7.9,0,2,2,0,0,0,1,0,0.1,0.1,1.6,1.8,14.0,18.0,36.0,0.25,0.22,1582,no NOR,"DF,MF",eng Premier League,23-257,2002.0,7.9,0,3,0,0.0,0.38,0.0,0.0,,16.2,0.0,0,0,0.1,0.1,0.04,-0.1,-0.1,1582,no NOR,"DF,MF",eng Premier League,23-257,2002.0,7.9,185.0,268.0,69.0,2904.0,1176.0,2,1.6,1.0,0.4,7.0,9.0,5.0,5.0,18.0,1582,no NOR,"DF,MF",eng Premier League,23-257,2002.0,7.9,268.0,213.0,54.0,2.0,0.0,0.0,24,50.0,2.0,2.0,0.0,0.0,185.0,1.0,16.0,1582,no NOR,"DF,MF",eng Premier League,23-257,2002.0,7.9,11.0,1.4,10.0,0.0,0.0,1.0,0.0,0.0,2.0,0.25,1582,no NOR,"DF,MF",eng Premier League,23-257,2002.0,7.9,5.0,3,3.0,2.0,0.0,6.0,50.0,3.0,4.0,1.0,3.0,5,10.0,22.0,0.0,1582,no NOR,"DF,MF",eng Premier League,23-257,2002.0,7.9,332.0,16.0,84.0,143.0,110.0,18.0,332.0,8.0,5.0,62.5,3.0,37.5,162.0,854.0,464.0,14.0,12.0,2.0,9.0,2.0,185.0,36.0,1968,no NOR,"DF,MF",eng Premier League,23-257,2002.0,14,707,51,39.3,7.9,8,80.0,4,6,11.0,5,0.36,3,18,-15,-1.91,-1.0,6.4,13.1,-6.7,-0.85,1582,no NOR,"DF,MF",eng Premier League,23-257,2002.0,7.9,1,0,0,6,3,0,24,5,3,0.0,0.0,0,18.0,11.0,5.0,68.8,,,,,,,,,,,,,,,,,,,,,,,,,,,,,,,,,,,,,,,,,,,,,,,,,,,,,,Midfielder,0.0,0.2531645569620253,0.012658227848101266,0.20253164556962025,1.7721518987341771,2.2784810126582276,4.556962025316455,0.8860759493670886,0.6329113924050632,0.6329113924050632,0.6329113924050632,20.50632911392405,-4.124463227848103,4.0506329113924044,-0.1,0.42168674698795183,58.70445344129555,9.8,53.46489384453147
1586,Bilal Nadir,ma MAR,"MF,FW",Marseille,fr Ligue 1,22.0,2003.0,13,3,387,4.3,0,4,4,0,0,0,3,1,0.5,0.5,1.8,2.3,13.0,19.0,27.0,0.93,0.53,1586,ma MAR,"MF,FW",fr Ligue 1,22-038,2003.0,4.3,0,6,1,16.7,1.4,0.23,0.0,0.0,18.4,0.0,0,0,0.5,0.5,0.08,-0.5,-0.5,1586,ma MAR,"MF,FW",fr Ligue 1,22-038,2003.0,4.3,207.0,242.0,85.5,2947.0,688.0,4,1.8,1.3,2.2,8.0,18.0,6.0,1.0,19.0,1586,ma MAR,"MF,FW",fr Ligue 1,22-038,2003.0,4.3,242.0,232.0,7.0,0.0,3.0,1.0,9,3.0,3.0,1.0,0.0,0.0,207.0,3.0,4.0,1586,ma MAR,"MF,FW",fr Ligue 1,22-038,2003.0,4.3,19.0,4.42,15.0,1.0,0.0,1.0,1.0,1.0,8.0,1.86,1586,ma MAR,"MF,FW",fr Ligue 1,22-038,2003.0,4.3,9.0,5,4.0,4.0,1.0,12.0,41.7,7.0,1.0,1.0,0.0,2,11.0,3.0,0.0,1586,ma MAR,"MF,FW",fr Ligue 1,22-038,2003.0,4.3,281.0,3.0,25.0,136.0,121.0,16.0,281.0,5.0,2.0,40.0,1.0,20.0,213.0,1135.0,692.0,13.0,8.0,7.0,7.0,8.0,230.0,27.0,1972,ma MAR,"MF,FW",fr Ligue 1,22-038,2003.0,13,387,30,25.3,4.3,3,66.0,1,10,19.0,2,1.77,16,2,14,3.26,2.86,9.6,3.4,6.1,1.42,1586,ma MAR,"MF,FW",fr Ligue 1,22-038,2003.0,4.3,3,1,1,14,4,1,9,2,5,0.0,0.0,0,17.0,1.0,5.0,16.7,,,,,,,,,,,,,,,,,,,,,,,,,,,,,,,,,,,,,,,,,,,,,,,,,,,,,,Forward,0.0,0.9302325581395349,0.11627906976744186,0.4186046511627907,3.0232558139534884,4.4186046511627906,6.279069767441861,1.8604651162790697,2.0930232558139537,0.46511627906976744,1.3953488372093024,49.53488372093023,-8.050659209302324,7.441860465116279,-0.5,1.5729537366548043,70.03484320557492,11.4,62.86790233893619
1589,Sebastian Nanasi,se SWE,MF,Strasbourg,fr Ligue 1,23.0,2002.0,7,4,334,3.7,2,1,3,2,0,0,0,0,1.5,1.5,1.6,3.1,10.0,21.0,32.0,0.81,0.83,1589,se SWE,MF,fr Ligue 1,23-234,2002.0,3.7,2,6,3,50.0,1.62,0.81,0.33,0.67,10.0,0.0,0,0,1.5,1.5,0.24,0.5,0.5,1589,se SWE,MF,fr Ligue 1,23-234,2002.0,3.7,141.0,167.0,84.4,1829.0,384.0,1,1.6,0.5,-0.6,9.0,13.0,6.0,0.0,21.0,1589,se SWE,MF,fr Ligue 1,23-234,2002.0,3.7,167.0,157.0,9.0,0.0,3.0,0.0,5,4.0,4.0,0.0,3.0,0.0,141.0,1.0,3.0,1589,se SWE,MF,fr Ligue 1,23-234,2002.0,3.7,16.0,4.31,13.0,1.0,0.0,2.0,0.0,0.0,1.0,0.27,1589,se SWE,MF,fr Ligue 1,23-234,2002.0,3.7,4.0,2,1.0,2.0,1.0,6.0,16.7,5.0,1.0,0.0,1.0,4,8.0,4.0,0.0,1589,se SWE,MF,fr Ligue 1,23-234,2002.0,3.7,195.0,2.0,17.0,110.0,71.0,16.0,195.0,2.0,1.0,50.0,1.0,50.0,117.0,498.0,297.0,10.0,8.0,3.0,6.0,0.0,147.0,32.0,1976,se SWE,MF,fr Ligue 1,23-234,2002.0,7,334,48,21.8,3.7,4,67.0,1,3,22.0,5,1.43,5,2,3,0.81,0.66,5.5,2.1,3.5,0.93,1589,se SWE,MF,fr Ligue 1,23-234,2002.0,3.7,0,0,0,3,1,0,5,4,2,0.0,0.0,0,11.0,2.0,5.0,28.6,,,,,,,,,,,,,,,,,,,,,,,,,,,,,,,,,,,,,,,,,,,,,,,,,,,,,,Midfielder,0.5405405405405405,0.27027027027027023,0.4054054054054054,0.43243243243243246,2.7027027027027026,5.675675675675675,8.648648648648647,2.4324324324324325,1.081081081081081,1.081081081081081,1.6216216216216215,31.62162162162162,0.9454618648648623,8.378378378378377,0.5,2.21025641025641,94.33198380566802,30.3,72.39599678101919
1591,Natan,br BRA,DF,Betis,es La Liga,24.0,2001.0,18,18,1565,17.4,0,0,0,0,0,0,4,0,0.3,0.3,0.3,0.6,6.0,32.0,1.0,0.0,0.03,1591,br BRA,DF,es La Liga,24-333,2001.0,17.4,0,8,1,12.5,0.46,0.06,0.0,0.0,19.6,0.0,0,0,0.3,0.3,0.04,-0.3,-0.3,1591,br BRA,DF,es La Liga,24-333,2001.0,17.4,709.0,813.0,87.2,13014.0,4015.0,0,0.3,0.1,-0.3,5.0,38.0,0.0,0.0,32.0,1591,br BRA,DF,es La Liga,24-333,2001.0,17.4,813.0,766.0,46.0,25.0,1.0,7.0,1,5.0,0.0,0.0,0.0,0.0,709.0,1.0,5.0,1591,br BRA,DF,es La Liga,24-333,2001.0,17.4,7.0,0.4,7.0,0.0,0.0,0.0,0.0,0.0,0.0,0.0,1591,br BRA,DF,es La Liga,24-333,2001.0,17.4,15.0,6,9.0,5.0,1.0,15.0,53.3,7.0,17.0,10.0,7.0,21,36.0,142.0,1.0,1591,br BRA,DF,es La Liga,24-333,2001.0,17.4,1040.0,149.0,600.0,415.0,30.0,11.0,1040.0,3.0,2.0,66.7,1.0,33.3,580.0,2974.0,1405.0,6.0,4.0,0.0,10.0,3.0,627.0,1.0,1980,br BRA,DF,es La Liga,24-333,2001.0,18,1565,87,96.6,17.4,18,87.0,16,0,,0,1.56,28,24,4,0.23,-3.04,25.1,20.7,4.4,0.25,1591,br BRA,DF,es La Liga,24-333,2001.0,17.4,4,0,0,11,8,0,1,21,6,0.0,0.0,0,58.0,49.0,34.0,59.0,,,,,,,,,,,,,,,,,,,,,,,,,,,,,,,,,,,,,,,,,,,,,,,,,,,,,,Defender,0.0,0.0,0.017241379310344827,0.017241379310344827,0.3448275862068966,1.8390804597701151,0.0574712643678161,0.2873563218390805,0.8620689655172414,1.2068965517241381,0.0,33.333333333333336,-8.941060919540227,2.1839080459770117,-0.3,0.038461538461538464,16.112084063047284,1.0,15.952558478264638
1592,Pau Navarro,es ESP,DF,Villarreal,es La Liga,20.0,2005.0,7,7,597,6.6,0,0,0,0,0,0,2,0,0.0,0.0,0.3,0.3,3.0,17.0,1.0,0.0,0.05,1592,es ESP,DF,es La Liga,20-255,2005.0,6.6,0,1,1,100.0,0.15,0.15,0.0,0.0,25.1,0.0,0,0,0.0,0.0,0.02,0.0,0.0,1592,es ESP,DF,es La Liga,20-255,2005.0,6.6,295.0,348.0,84.8,5136.0,1758.0,0,0.3,0.1,-0.3,2.0,27.0,1.0,1.0,17.0,1592,es ESP,DF,es La Liga,20-255,2005.0,6.6,348.0,301.0,45.0,7.0,0.0,1.0,2,38.0,0.0,0.0,0.0,0.0,295.0,2.0,6.0,1592,es ESP,DF,es La Liga,20-255,2005.0,6.6,4.0,0.6,2.0,1.0,0.0,0.0,1.0,0.0,0.0,0.0,1592,es ESP,DF,es La Liga,20-255,2005.0,6.6,28.0,14,13.0,10.0,5.0,33.0,63.6,12.0,13.0,7.0,6.0,3,31.0,27.0,1.0,1592,es ESP,DF,es La Liga,20-255,2005.0,6.6,431.0,35.0,178.0,214.0,42.0,0.0,431.0,4.0,3.0,75.0,1.0,25.0,205.0,703.0,377.0,3.0,1.0,0.0,5.0,1.0,242.0,1.0,1983,es ESP,DF,es La Liga,20-255,2005.0,7,597,85,39.0,6.6,7,85.0,6,0,,7,2.29,11,7,4,0.6,-0.75,9.4,8.2,1.2,0.18,1592,es ESP,DF,es La Liga,20-255,2005.0,6.6,2,0,0,18,6,1,2,3,14,0.0,0.0,0,21.0,11.0,11.0,50.0,,,,,,,,,,,,,,,,,,,,,,,,,,,,,,,,,,,,,,,,,,,,,,,,,,,,,,Defender,0.0,0.0,0.0,0.045454545454545456,0.4545454545454546,2.5757575757575757,0.15151515151515152,0.30303030303030304,4.242424242424242,0.4545454545454546,0.15151515151515152,31.060606060606062,0.7363181818181825,3.0303030303030303,0.0,0.13921113689095127,92.99474605954467,37.9,67.43636407508677
1593,Roberto Navarro,es ESP,"FW,MF",Athletic Club,es La Liga,23.0,2002.0,15,5,571,6.3,3,1,4,3,0,0,1,0,2.3,2.3,0.9,3.2,23.0,17.0,43.0,0.63,0.5,1593,es ESP,"FW,MF",es La Liga,23-268,2002.0,6.3,3,10,4,40.0,1.58,0.63,0.3,0.75,12.1,0.0,0,0,2.3,2.3,0.23,0.7,0.7,1593,es ESP,"FW,MF",es La Liga,23-268,2002.0,6.3,162.0,218.0,74.3,2117.0,605.0,1,0.9,0.9,0.1,11.0,10.0,9.0,2.0,17.0,1593,es ESP,"FW,MF",es La Liga,23-268,2002.0,6.3,218.0,208.0,10.0,2.0,2.0,0.0,26,4.0,4.0,2.0,2.0,0.0,162.0,0.0,3.0,1593,es ESP,"FW,MF",es La Liga,23-268,2002.0,6.3,25.0,3.93,19.0,2.0,1.0,2.0,1.0,0.0,2.0,0.31,1593,es ESP,"FW,MF",es La Liga,23-268,2002.0,6.3,5.0,3,1.0,4.0,0.0,4.0,50.0,2.0,6.0,1.0,5.0,3,8.0,7.0,0.0,1593,es ESP,"FW,MF",es La Liga,23-268,2002.0,6.3,311.0,10.0,30.0,131.0,153.0,25.0,311.0,29.0,9.0,31.0,12.0,41.4,200.0,1110.0,614.0,23.0,16.0,11.0,21.0,15.0,239.0,43.0,1984,es ESP,"FW,MF",es La Liga,23-268,2002.0,15,571,38,33.4,6.3,5,69.0,1,10,23.0,1,1.2,8,9,-1,-0.16,0.4,8.5,6.6,1.8,0.29,1593,es ESP,"FW,MF",es La Liga,23-268,2002.0,6.3,1,0,0,10,10,1,26,3,3,0.0,0.0,0,22.0,3.0,18.0,14.3,,,,,,,,,,,,,,,,,,,,,,,,,,,,,,,,,,,,,,,,,,,,,,,,,,,,,,Forward,0.4761904761904762,0.15873015873015872,0.36507936507936506,0.14285714285714288,3.6507936507936507,2.6984126984126986,6.825396825396826,1.746031746031746,0.7936507936507937,0.4761904761904762,1.4285714285714286,31.746031746031747,-5.997455476190476,6.34920634920635,0.7000000000000002,1.2636655948553055,83.7979094076655,31.0,63.9678697768439
1597,Rassoul Ndiaye,sn SEN,MF,Le Havre,fr Ligue 1,24.0,2001.0,17,14,1174,13.0,3,2,5,3,0,0,1,0,1.8,1.8,0.9,2.7,25.0,53.0,64.0,0.38,0.21,1597,sn SEN,MF,fr Ligue 1,24-025,2001.0,13.0,3,17,6,35.3,1.3,0.46,0.18,0.5,18.4,0.0,0,0,1.8,1.8,0.11,1.2,1.2,1597,sn SEN,MF,fr Ligue 1,24-025,2001.0,13.0,327.0,423.0,77.3,4938.0,1499.0,2,0.9,0.9,1.1,13.0,24.0,10.0,3.0,53.0,1597,sn SEN,MF,fr Ligue 1,24-025,2001.0,13.0,423.0,394.0,27.0,10.0,0.0,1.0,50,4.0,12.0,9.0,2.0,0.0,327.0,2.0,15.0,1597,sn SEN,MF,fr Ligue 1,24-025,2001.0,13.0,28.0,2.15,21.0,4.0,1.0,2.0,0.0,0.0,4.0,0.31,1597,sn SEN,MF,fr Ligue 1,24-025,2001.0,13.0,32.0,17,20.0,10.0,2.0,36.0,50.0,18.0,15.0,2.0,13.0,5,37.0,10.0,0.0,1597,sn SEN,MF,fr Ligue 1,24-025,2001.0,13.0,532.0,14.0,104.0,242.0,196.0,20.0,532.0,16.0,8.0,50.0,8.0,50.0,298.0,1684.0,820.0,25.0,15.0,6.0,14.0,4.0,324.0,64.0,1988,sn SEN,MF,fr Ligue 1,24-025,2001.0,17,1174,69,76.7,13.0,14,78.0,3,3,26.0,0,1.06,11,14,-3,-0.23,1.03,16.1,16.7,-0.6,-0.05,1597,sn SEN,MF,fr Ligue 1,24-025,2001.0,13.0,1,0,0,8,15,1,50,5,17,0.0,0.0,0,60.0,7.0,12.0,36.8,,,,,,,,,,,,,,,,,,,,,,,,,,,,,,,,,,,,,,,,,,,,,,,,,,,,,,Midfielder,0.23076923076923078,0.15384615384615385,0.13846153846153847,0.06923076923076923,1.9230769230769231,4.076923076923077,4.923076923076923,1.0,2.4615384615384617,0.38461538461538464,0.7692307692307693,22.923076923076923,-2.4198953076923075,6.0,1.2,0.4041353383458646,74.62887989203779,20.6,61.88132661031326
1598,Quentin Ndjantou Mbitcha,fr FRA,"MF,FW",Paris S-G,fr Ligue 1,18.0,2007.0,10,3,360,4.0,1,1,2,1,0,0,1,0,1.5,1.5,0.4,1.9,15.0,18.0,36.0,0.5,0.47,1598,fr FRA,"MF,FW",fr Ligue 1,18-166,2007.0,4.0,1,9,3,33.3,2.25,0.75,0.11,0.33,17.1,0.0,0,0,1.5,1.5,0.17,-0.5,-0.5,1598,fr FRA,"MF,FW",fr Ligue 1,18-166,2007.0,4.0,170.0,205.0,82.9,2498.0,420.0,1,0.4,0.3,0.6,5.0,12.0,5.0,0.0,18.0,1598,fr FRA,"MF,FW",fr Ligue 1,18-166,2007.0,4.0,205.0,202.0,3.0,0.0,0.0,1.0,4,3.0,0.0,0.0,0.0,0.0,170.0,0.0,4.0,1598,fr FRA,"MF,FW",fr Ligue 1,18-166,2007.0,4.0,10.0,2.5,9.0,0.0,0.0,0.0,1.0,0.0,2.0,0.5,1598,fr FRA,"MF,FW",fr Ligue 1,18-166,2007.0,4.0,2.0,1,1.0,0.0,1.0,6.0,33.3,4.0,6.0,1.0,5.0,2,4.0,2.0,0.0,1598,fr FRA,"MF,FW",fr Ligue 1,18-166,2007.0,4.0,241.0,3.0,26.0,116.0,102.0,15.0,241.0,10.0,6.0,60.0,4.0,40.0,149.0,896.0,442.0,15.0,10.0,6.0,5.0,1.0,194.0,36.0,1989,fr FRA,"MF,FW",fr Ligue 1,18-166,2007.0,10,360,36,23.5,4.0,3,67.0,1,7,23.0,1,2.1,11,3,8,2.0,0.92,8.2,2.4,5.8,1.45,1598,fr FRA,"MF,FW",fr Ligue 1,18-166,2007.0,4.0,1,0,0,7,2,0,4,2,1,0.0,0.0,0,13.0,0.0,6.0,0.0,,,,,,,,,,,,,,,,,,,,,,,,,,,,,,,,,,,,,,,,,,,,,,,,,,,,,,Forward,0.25,0.25,0.375,0.1,3.75,4.5,9.0,1.25,0.5,0.5,1.25,37.25,-2.496089999999999,8.25,-0.5,1.0373443983402488,95.29616724738676,68.7,56.488540158498374
1600,Cher Ndour,it ITA,MF,Fiorentina,it Serie A,21.0,2004.0,14,6,615,6.8,1,0,1,1,0,0,1,0,0.6,0.6,0.1,0.7,9.0,25.0,42.0,0.15,0.1,1600,it ITA,MF,it Serie A,21-162,2004.0,6.8,1,6,1,16.7,0.88,0.15,0.17,1.0,18.0,0.0,0,0,0.6,0.6,0.1,0.4,0.4,1600,it ITA,MF,it Serie A,21-162,2004.0,6.8,214.0,275.0,77.8,3458.0,801.0,0,0.1,0.2,-0.1,1.0,23.0,6.0,0.0,25.0,1600,it ITA,MF,it Serie A,21-162,2004.0,6.8,275.0,270.0,5.0,1.0,0.0,4.0,10,4.0,0.0,0.0,0.0,0.0,214.0,0.0,6.0,1600,it ITA,MF,it Serie A,21-162,2004.0,6.8,12.0,1.76,10.0,2.0,0.0,0.0,0.0,0.0,0.0,0.0,1600,it ITA,MF,it Serie A,21-162,2004.0,6.8,9.0,4,2.0,6.0,1.0,7.0,14.3,6.0,18.0,3.0,15.0,6,15.0,9.0,1.0,1600,it ITA,MF,it Serie A,21-162,2004.0,6.8,354.0,11.0,60.0,172.0,125.0,20.0,354.0,13.0,4.0,30.8,8.0,61.5,181.0,765.0,344.0,9.0,5.0,3.0,6.0,6.0,242.0,42.0,1991,it ITA,MF,it Serie A,21-162,2004.0,14,615,44,38.0,6.8,6,70.0,2,8,24.0,4,0.79,7,8,-1,-0.15,0.66,10.6,7.1,3.5,0.52,1600,it ITA,MF,it Serie A,21-162,2004.0,6.8,1,0,0,6,6,1,10,6,4,0.0,0.0,0,25.0,10.0,14.0,41.7,,,,,,,,,,,,,,,,,,,,,,,,,,,,,,,,,,,,,,,,,,,,,,,,,,,,,,Midfielder,0.14705882352941177,0.0,0.08823529411764706,0.014705882352941178,1.3235294117647058,3.6764705882352944,6.176470588235294,0.14705882352941177,1.3235294117647058,0.8823529411764706,0.8823529411764706,26.61764705882353,-2.5961637647058833,5.0,0.4,0.4971751412429379,72.8744939271255,19.6,60.9318511096367
1603,Paul Nebel,de GER,MF,Mainz 05,de Bundesliga,23.0,2002.0,11,11,894,9.9,1,0,1,1,0,0,2,2,2.3,2.3,0.8,3.2,14.0,29.0,80.0,0.1,0.32,1603,de GER,MF,de Bundesliga,23-087,2002.0,9.9,1,13,1,7.7,1.31,0.1,0.08,1.0,13.9,0.0,0,0,2.3,2.3,0.18,-1.3,-1.3,1603,de GER,MF,de Bundesliga,23-087,2002.0,9.9,319.0,440.0,72.5,4831.0,1043.0,0,0.8,1.4,-0.8,13.0,13.0,15.0,7.0,29.0,1603,de GER,MF,de Bundesliga,23-087,2002.0,9.9,440.0,395.0,44.0,4.0,0.0,0.0,50,10.0,22.0,3.0,14.0,0.0,319.0,1.0,14.0,1603,de GER,MF,de Bundesliga,23-087,2002.0,9.9,32.0,3.22,21.0,5.0,2.0,3.0,1.0,0.0,2.0,0.2,1603,de GER,MF,de Bundesliga,23-087,2002.0,9.9,11.0,6,3.0,2.0,6.0,11.0,36.4,7.0,8.0,1.0,7.0,5,16.0,8.0,0.0,1603,de GER,MF,de Bundesliga,23-087,2002.0,9.9,543.0,8.0,54.0,206.0,288.0,30.0,543.0,24.0,9.0,37.5,15.0,62.5,277.0,1340.0,436.0,14.0,8.0,4.0,28.0,9.0,359.0,80.0,1995,de GER,MF,de Bundesliga,23-087,2002.0,11,894,81,66.2,9.9,11,81.0,8,0,,0,0.55,10,18,-8,-0.81,0.18,11.7,15.9,-4.2,-0.42,1603,de GER,MF,de Bundesliga,23-087,2002.0,9.9,2,2,0,13,8,2,50,5,6,0.0,0.0,0,46.0,4.0,16.0,20.0,,,,,,,,,,,,,,,,,,,,,,,,,,,,,,,,,,,,,,,,,,,,,,,,,,,,,,Midfielder,0.10101010101010101,0.0,0.2323232323232323,0.08080808080808081,1.4141414141414141,2.929292929292929,8.080808080808081,1.3131313131313131,1.1111111111111112,0.5050505050505051,1.5151515151515151,27.97979797979798,-3.8025090505050514,4.343434343434343,-1.2999999999999998,0.5930018416206262,61.80836707152496,9.4,56.49759330121111
1610,Martim Neto,pt POR,MF,Elche,es La Liga,22.0,2003.0,14,8,776,8.6,2,3,5,2,0,0,1,0,0.9,0.9,1.6,2.5,23.0,48.0,27.0,0.58,0.29,1610,pt POR,MF,es La Liga,22-356,2003.0,8.6,2,12,4,33.3,1.39,0.46,0.17,0.5,21.3,0.0,0,0,0.9,0.9,0.07,1.1,1.1,1610,pt POR,MF,es La Liga,22-356,2003.0,8.6,343.0,394.0,87.1,5002.0,1325.0,3,1.6,1.0,1.4,13.0,36.0,8.0,2.0,48.0,1610,pt POR,MF,es La Liga,22-356,2003.0,8.6,394.0,380.0,13.0,6.0,0.0,3.0,12,1.0,5.0,3.0,0.0,0.0,343.0,1.0,8.0,1610,pt POR,MF,es La Liga,22-356,2003.0,8.6,27.0,3.13,20.0,1.0,4.0,1.0,0.0,1.0,5.0,0.58,1610,pt POR,MF,es La Liga,22-356,2003.0,8.6,12.0,7,6.0,5.0,1.0,13.0,23.1,10.0,7.0,1.0,6.0,1,13.0,9.0,0.0,1610,pt POR,MF,es La Liga,22-356,2003.0,8.6,488.0,15.0,94.0,219.0,185.0,21.0,488.0,28.0,17.0,60.7,8.0,28.6,301.0,1807.0,941.0,23.0,15.0,5.0,19.0,11.0,356.0,27.0,2004,pt POR,MF,es La Liga,22-356,2003.0,14,776,55,47.9,8.6,8,70.0,1,6,36.0,2,1.0,11,13,-2,-0.23,-0.55,9.1,13.3,-4.2,-0.48,1610,pt POR,MF,es La Liga,22-356,2003.0,8.6,1,0,0,12,5,0,12,1,7,0.0,0.0,0,42.0,3.0,6.0,33.3,,,,,,,,,,,,,,,,,,,,,,,,,,,,,,,,,,,,,,,,,,,,,,,,,,,,,,Midfielder,0.23255813953488372,0.3488372093023256,0.10465116279069768,0.186046511627907,2.674418604651163,5.5813953488372094,3.1395348837209305,1.5116279069767442,1.3953488372093024,0.11627906976744186,0.9302325581395349,35.0,0.803447209302325,8.255813953488373,1.1,0.6413934426229508,93.92712550607287,41.4,66.42653854743484
1612,Luca Netz,de GER,DF,Gladbach,de Bundesliga,22.0,2003.0,11,7,668,7.4,0,1,1,0,0,0,1,0,0.0,0.0,0.9,0.9,11.0,17.0,21.0,0.13,0.12,1612,de GER,DF,de Bundesliga,22-235,2003.0,7.4,0,0,0,,0.0,0.0,,,,0.0,0,0,0.0,0.0,,0.0,0.0,1612,de GER,DF,de Bundesliga,22-235,2003.0,7.4,266.0,341.0,78.0,4102.0,1312.0,1,0.9,0.9,0.1,7.0,10.0,7.0,3.0,17.0,1612,de GER,DF,de Bundesliga,22-235,2003.0,7.4,341.0,277.0,63.0,4.0,0.0,1.0,18,49.0,10.0,8.0,1.0,0.0,266.0,1.0,4.0,1612,de GER,DF,de Bundesliga,22-235,2003.0,7.4,16.0,2.16,11.0,5.0,0.0,0.0,0.0,0.0,2.0,0.27,1612,de GER,DF,de Bundesliga,22-235,2003.0,7.4,13.0,8,8.0,5.0,0.0,15.0,53.3,7.0,4.0,2.0,2.0,3,16.0,24.0,0.0,1612,de GER,DF,de Bundesliga,22-235,2003.0,7.4,410.0,23.0,147.0,169.0,96.0,5.0,410.0,8.0,4.0,50.0,4.0,50.0,163.0,796.0,432.0,11.0,7.0,1.0,7.0,4.0,228.0,21.0,2006,de GER,DF,de Bundesliga,22-235,2003.0,11,668,61,49.5,7.4,7,84.0,4,4,20.0,4,0.82,9,9,0,0.0,0.79,8.5,11.2,-2.7,-0.37,1612,de GER,DF,de Bundesliga,22-235,2003.0,7.4,1,0,0,5,2,0,18,3,8,0.0,0.0,0,23.0,6.0,4.0,60.0,,,,,,,,,,,,,,,,,,,,,,,,,,,,,,,,,,,,,,,,,,,,,,,,,,,,,,Defender,0.0,0.13513513513513511,0.0,0.12162162162162161,1.4864864864864864,2.2972972972972974,2.8378378378378377,0.9459459459459459,1.7567567567567566,0.4054054054054054,0.9459459459459459,22.027027027027025,-4.457213513513511,3.7837837837837838,0.0,0.526829268292683,58.49387040280211,6.0,55.18289660641708
1615,João Neves,pt POR,MF,Paris S-G,fr Ligue 1,21.0,2004.0,10,8,724,8.0,5,1,6,5,0,0,0,0,1.5,1.5,1.5,3.0,16.0,48.0,31.0,0.75,0.38,1615,pt POR,MF,fr Ligue 1,21-100,2004.0,8.0,5,17,5,29.4,2.11,0.62,0.29,1.0,15.9,1.0,0,0,1.5,1.5,0.09,3.5,3.5,1615,pt POR,MF,fr Ligue 1,21-100,2004.0,8.0,567.0,611.0,92.8,9297.0,1585.0,1,1.5,1.1,-0.5,8.0,38.0,9.0,1.0,48.0,1615,pt POR,MF,fr Ligue 1,21-100,2004.0,8.0,611.0,588.0,21.0,7.0,1.0,6.0,1,14.0,0.0,0.0,0.0,0.0,567.0,2.0,5.0,1615,pt POR,MF,fr Ligue 1,21-100,2004.0,8.0,18.0,2.24,14.0,0.0,0.0,1.0,1.0,2.0,2.0,0.25,1615,pt POR,MF,fr Ligue 1,21-100,2004.0,8.0,16.0,9,5.0,6.0,5.0,17.0,47.1,9.0,8.0,3.0,5.0,5,21.0,2.0,1.0,1615,pt POR,MF,fr Ligue 1,21-100,2004.0,8.0,674.0,12.0,96.0,349.0,233.0,25.0,674.0,6.0,2.0,33.3,2.0,33.3,393.0,1892.0,849.0,16.0,15.0,0.0,8.0,4.0,536.0,31.0,2010,pt POR,MF,fr Ligue 1,21-100,2004.0,10,724,72,47.3,8.0,8,82.0,5,2,33.0,1,2.5,19,8,11,1.37,0.14,16.2,6.9,9.3,1.16,1615,pt POR,MF,fr Ligue 1,21-100,2004.0,8.0,0,0,0,8,3,0,1,5,9,1.0,0.0,0,37.0,8.0,6.0,57.1,,,,,,,,,,,,,,,,,,,,,,,,,,,,,,,,,,,,,,,,,,,,,,,,,,,,,,Midfielder,0.625,0.125,0.1875,0.1875,2.0,6.0,3.875,1.0,2.0,0.625,1.125,49.125,1.0523269999999982,8.0,3.5,0.33234421364985167,94.73684210526315,67.3,56.626922955925366
1621,Nathan Ngoy,be BEL,DF,Lille,fr Ligue 1,22.0,2003.0,15,13,1145,12.7,0,1,1,0,0,0,2,1,0.7,0.7,0.9,1.7,5.0,39.0,2.0,0.08,0.13,1621,be BEL,DF,fr Ligue 1,22-209,2003.0,12.7,0,12,3,25.0,0.94,0.24,0.0,0.0,17.1,0.0,0,0,0.7,0.7,0.06,-0.7,-0.7,1621,be BEL,DF,fr Ligue 1,22-209,2003.0,12.7,701.0,776.0,90.3,13927.0,3952.0,1,0.9,0.5,0.1,3.0,41.0,2.0,1.0,39.0,1621,be BEL,DF,fr Ligue 1,22-209,2003.0,12.7,776.0,758.0,17.0,16.0,1.0,7.0,4,1.0,0.0,0.0,0.0,0.0,701.0,1.0,4.0,1621,be BEL,DF,fr Ligue 1,22-209,2003.0,12.7,13.0,1.02,12.0,0.0,0.0,1.0,0.0,0.0,1.0,0.08,1621,be BEL,DF,fr Ligue 1,22-209,2003.0,12.7,19.0,11,10.0,8.0,1.0,20.0,65.0,7.0,10.0,7.0,3.0,22,41.0,55.0,5.0,1621,be BEL,DF,fr Ligue 1,22-209,2003.0,12.7,913.0,87.0,410.0,452.0,53.0,15.0,913.0,5.0,3.0,60.0,2.0,40.0,607.0,2907.0,1610.0,5.0,9.0,0.0,7.0,1.0,653.0,2.0,2016,be BEL,DF,fr Ligue 1,22-209,2003.0,15,1145,76,74.8,12.7,13,86.0,12,2,14.0,1,1.73,20,17,3,0.24,-1.63,19.9,17.6,2.3,0.18,1621,be BEL,DF,fr Ligue 1,22-209,2003.0,12.7,2,1,0,12,3,0,4,22,11,0.0,0.0,0,50.0,16.0,11.0,59.3,,,,,,,,,,,,,,,,,,,,,,,,,,,,,,,,,,,,,,,,,,,,,,,,,,,,,,Defender,0.0,0.07874015748031496,0.05511811023622047,0.07086614173228346,0.3937007874015748,3.070866141732284,0.15748031496062992,0.2362204724409449,1.4960629921259843,1.7322834645669292,0.15748031496062992,47.795275590551185,-5.156113385826769,3.4645669291338583,-0.7,0.11171960569550932,51.66374781085814,4.3,49.533794641282974
1625,Abdoulaye Niakhate Ndiaye,sn SEN,DF,Parma,it Serie A,23.0,2002.0,7,6,496,5.5,0,0,0,0,0,0,4,1,0.3,0.3,0.0,0.3,2.0,15.0,1.0,0.0,0.06,1625,sn SEN,DF,it Serie A,23-270,2002.0,5.5,0,4,0,0.0,0.73,0.0,0.0,,20.3,0.0,0,0,0.3,0.3,0.07,-0.3,-0.3,1625,sn SEN,DF,it Serie A,23-270,2002.0,5.5,240.0,292.0,82.2,4488.0,1051.0,0,0.0,0.0,0.0,1.0,11.0,0.0,0.0,15.0,1625,sn SEN,DF,it Serie A,23-270,2002.0,5.5,292.0,282.0,10.0,8.0,0.0,2.0,0,2.0,0.0,0.0,0.0,0.0,240.0,0.0,2.0,1625,sn SEN,DF,it Serie A,23-270,2002.0,5.5,3.0,0.54,1.0,0.0,0.0,0.0,1.0,1.0,0.0,0.0,1625,sn SEN,DF,it Serie A,23-270,2002.0,5.5,13.0,8,7.0,6.0,0.0,12.0,50.0,6.0,9.0,1.0,8.0,10,23.0,30.0,1.0,1625,sn SEN,DF,it Serie A,23-270,2002.0,5.5,373.0,40.0,154.0,205.0,17.0,2.0,373.0,2.0,0.0,0.0,0.0,0.0,199.0,835.0,378.0,2.0,3.0,0.0,4.0,1.0,213.0,1.0,2020,sn SEN,DF,it Serie A,23-270,2002.0,7,496,71,32.4,5.5,6,74.0,4,1,50.0,2,0.86,3,8,-5,-0.91,-0.73,5.3,4.8,0.6,0.11,1625,sn SEN,DF,it Serie A,23-270,2002.0,5.5,4,1,1,10,7,0,0,10,8,0.0,1.0,0,18.0,20.0,12.0,62.5,,,,,,,,,,,,,,,,,,,,,,,,,,,,,,,,,,,,,,,,,,,,,,,,,,,,,,Defender,0.0,0.0,0.05454545454545454,0.0,0.36363636363636365,2.727272727272727,0.18181818181818182,0.18181818181818182,2.3636363636363638,1.8181818181818181,0.0,36.18181818181818,-5.158181818181816,3.090909090909091,-0.3,0.14477211796246647,51.48861646234676,3.2,49.892070215452286
1626,Tanguy Nianzou,fr FRA,DF,Sevilla,es La Liga,23.0,2002.0,5,3,306,3.4,0,0,0,0,0,0,4,0,0.1,0.1,0.0,0.1,0.0,9.0,0.0,0.0,0.03,1626,fr FRA,DF,es La Liga,23-212,2002.0,3.4,0,3,0,0.0,0.88,0.0,0.0,,18.8,0.0,0,0,0.1,0.1,0.03,-0.1,-0.1,1626,fr FRA,DF,es La Liga,23-212,2002.0,3.4,144.0,161.0,89.4,3181.0,1266.0,0,0.0,0.0,0.0,0.0,10.0,0.0,0.0,9.0,1626,fr FRA,DF,es La Liga,23-212,2002.0,3.4,161.0,155.0,5.0,5.0,0.0,1.0,0,0.0,0.0,0.0,0.0,0.0,144.0,1.0,1.0,1626,fr FRA,DF,es La Liga,23-212,2002.0,3.4,0.0,0.0,0.0,0.0,0.0,0.0,0.0,0.0,0.0,0.0,1626,fr FRA,DF,es La Liga,23-212,2002.0,3.4,10.0,5,9.0,1.0,0.0,5.0,100.0,0.0,3.0,1.0,2.0,0,10.0,27.0,0.0,1626,fr FRA,DF,es La Liga,23-212,2002.0,3.4,211.0,32.0,128.0,77.0,7.0,4.0,211.0,1.0,0.0,0.0,1.0,100.0,123.0,544.0,259.0,0.0,2.0,0.0,4.0,1.0,141.0,0.0,2021,fr FRA,DF,es La Liga,23-212,2002.0,5,306,61,18.9,3.4,3,75.0,1,2,41.0,0,1.4,4,5,-1,-0.29,-0.02,2.6,5.8,-3.2,-0.98,1626,fr FRA,DF,es La Liga,23-212,2002.0,3.4,4,0,0,10,4,0,0,0,5,0.0,1.0,0,7.0,11.0,2.0,84.6,,,,,,,,,,,,,,,,,,,,,,,,,,,,,,,,,,,,,,,,,,,,,,,,,,,,,,Defender,0.0,0.0,0.029411764705882356,0.0,0.0,2.6470588235294117,0.0,0.0,2.9411764705882355,0.0,0.0,36.1764705882353,-2.104064705882351,2.6470588235294117,-0.1,0.0,80.73555166374781,15.7,69.78007922536544
1631,Julian Niehues,de GER,MF,Heidenheim,de Bundesliga,24.0,2001.0,11,7,605,6.7,0,0,0,0,0,0,0,0,0.3,0.3,0.3,0.6,9.0,26.0,4.0,0.0,0.1,1631,de GER,MF,de Bundesliga,24-263,2001.0,6.7,0,7,2,28.6,1.04,0.3,0.0,0.0,21.3,0.0,0,0,0.3,0.3,0.04,-0.3,-0.3,1631,de GER,MF,de Bundesliga,24-263,2001.0,6.7,221.0,279.0,79.2,4217.0,1319.0,0,0.3,0.6,-0.3,2.0,22.0,3.0,1.0,26.0,1631,de GER,MF,de Bundesliga,24-263,2001.0,6.7,279.0,268.0,9.0,5.0,2.0,0.0,3,2.0,0.0,0.0,0.0,0.0,221.0,2.0,4.0,1631,de GER,MF,de Bundesliga,24-263,2001.0,6.7,14.0,2.08,12.0,0.0,0.0,2.0,0.0,0.0,0.0,0.0,1631,de GER,MF,de Bundesliga,24-263,2001.0,6.7,7.0,3,4.0,2.0,1.0,12.0,41.7,7.0,6.0,1.0,5.0,12,19.0,18.0,0.0,1631,de GER,MF,de Bundesliga,24-263,2001.0,6.7,352.0,19.0,97.0,209.0,50.0,6.0,352.0,5.0,3.0,60.0,2.0,40.0,167.0,815.0,430.0,9.0,6.0,0.0,6.0,4.0,196.0,4.0,2027,de GER,MF,de Bundesliga,24-263,2001.0,11,605,55,44.8,6.7,7,70.0,1,4,29.0,4,1.0,9,14,-5,-0.74,1.19,8.9,9.6,-0.7,-0.11,1631,de GER,MF,de Bundesliga,24-263,2001.0,6.7,0,0,0,5,5,1,3,12,3,0.0,0.0,0,36.0,17.0,8.0,68.0,,,,,,,,,,,,,,,,,,,,,,,,,,,,,,,,,,,,,,,,,,,,,,,,,,,,,,Midfielder,0.0,0.0,0.04477611940298507,0.04477611940298507,1.3432835820895521,3.8805970149253732,0.5970149253731343,0.29850746268656714,1.044776119402985,1.791044776119403,0.44776119402985076,24.925373134328357,-3.402732417910447,5.223880597014925,-0.3,0.5909090909090909,65.04723346828611,10.7,58.75992183223677
1632,Oliver Nielsen,dk DEN,DF,Lazio,it Serie A,22.0,2003.0,9,2,307,3.4,0,0,0,0,0,0,0,0,0.0,0.0,0.4,0.4,2.0,8.0,1.0,0.0,0.11,1632,dk DEN,DF,it Serie A,22-215,2003.0,3.4,0,0,0,,0.0,0.0,,,,0.0,0,0,0.0,0.0,,0.0,0.0,1632,dk DEN,DF,it Serie A,22-215,2003.0,3.4,167.0,183.0,91.3,3394.0,1250.0,0,0.4,0.0,-0.4,2.0,12.0,1.0,0.0,8.0,1632,dk DEN,DF,it Serie A,22-215,2003.0,3.4,183.0,176.0,7.0,4.0,0.0,1.0,1,0.0,0.0,0.0,0.0,0.0,167.0,0.0,2.0,1632,dk DEN,DF,it Serie A,22-215,2003.0,3.4,3.0,0.88,3.0,0.0,0.0,0.0,0.0,0.0,0.0,0.0,1632,dk DEN,DF,it Serie A,22-215,2003.0,3.4,1.0,0,0.0,1.0,0.0,1.0,0.0,1.0,6.0,4.0,2.0,6,7.0,20.0,0.0,1632,dk DEN,DF,it Serie A,22-215,2003.0,3.4,216.0,34.0,110.0,105.0,1.0,0.0,216.0,0.0,0.0,,0.0,,126.0,517.0,282.0,2.0,0.0,0.0,0.0,1.0,148.0,1.0,2028,dk DEN,DF,it Serie A,22-215,2003.0,9,307,34,19.0,3.4,2,90.0,2,7,18.0,9,1.67,7,3,4,1.17,1.17,5.8,3.9,1.9,0.55,1632,dk DEN,DF,it Serie A,22-215,2003.0,3.4,0,0,0,2,2,0,1,6,0,0.0,0.0,0,11.0,11.0,6.0,64.7,,,,,,,,,,,,,,,,,,,,,,,,,,,,,,,,,,,,,,,,,,,,,,,,,,,,,,Defender,0.0,0.0,0.0,0.11764705882352942,0.5882352941176471,2.3529411764705883,0.29411764705882354,0.5882352941176471,0.29411764705882354,1.7647058823529411,0.29411764705882354,37.05882352941177,-8.443729411764703,2.9411764705882355,0.0,0.4074074074074074,19.264448336252187,1.0,19.073711224012065
1635,Obed Nkambadio,fr FRA,GK,Paris FC,fr Ligue 1,22.0,2003.0,11,11,990,11.0,0,0,0,0,0,0,0,0,0.0,0.0,0.0,0.0,0.0,0.0,0.0,0.0,0.0,1635,fr FRA,GK,fr Ligue 1,22-332,2003.0,11.0,0,0,0,,0.0,0.0,,,,0.0,0,0,0.0,0.0,,0.0,0.0,1635,fr FRA,GK,fr Ligue 1,22-332,2003.0,11.0,398.0,487.0,81.7,8814.0,5522.0,0,0.0,0.0,0.0,1.0,1.0,0.0,0.0,0.0,1635,fr FRA,GK,fr Ligue 1,22-332,2003.0,11.0,487.0,385.0,101.0,30.0,0.0,1.0,0,0.0,0.0,0.0,0.0,0.0,398.0,1.0,0.0,1635,fr FRA,GK,fr Ligue 1,22-332,2003.0,11.0,3.0,0.27,2.0,1.0,0.0,0.0,0.0,0.0,0.0,0.0,1635,fr FRA,GK,fr Ligue 1,22-332,2003.0,11.0,0.0,0,0.0,0.0,0.0,1.0,0.0,1.0,0.0,0.0,0.0,0,0.0,7.0,2.0,1635,fr FRA,GK,fr Ligue 1,22-332,2003.0,11.0,513.0,396.0,507.0,6.0,0.0,0.0,513.0,0.0,0.0,,0.0,,272.0,1199.0,638.0,0.0,0.0,0.0,0.0,0.0,310.0,0.0,2031,fr FRA,GK,fr Ligue 1,22-332,2003.0,11,990,90,64.7,11.0,11,90.0,11,0,,5,0.82,15,20,-5,-0.45,0.21,14.0,15.4,-1.4,-0.13,1635,fr FRA,GK,fr Ligue 1,22-332,2003.0,11.0,0,0,0,0,0,0,0,0,0,0.0,0.0,0,28.0,1.0,0.0,100.0,85.0,fr FRA,GK,fr Ligue 1,22-332,2003.0,11.0,11.0,990.0,11.0,20.0,1.82,43.0,22.0,58.1,2.0,3.0,6.0,1.0,9.1,4.0,2.0,1.0,1.0,85.0,fr FRA,GK,fr Ligue 1,22-332,2003.0,11.0,20.0,2.0,0.0,4.0,0.0,15.2,0.3,-4.8,-0.44,29.0,110.0,26.4,415.0,49.0,22.7,28.3,147.0,4.0,2.7,12.0,1.09,13.5,Goalkeeper,0.0,0.0,0.0,0.0,0.0,0.0,0.0,0.09090909090909091,0.0,0.0,0.0,24.727272727272727,-11.0,0.0,0.0,0.05263157894736842,95.66929133858267,28.6,74.39291705955107
1642,Brooke Norton-Cuffy,eng ENG,"DF,FW",Genoa,it Serie A,21.0,2004.0,17,17,1514,16.8,1,1,2,1,0,0,4,1,1.2,1.2,0.8,2.0,41.0,38.0,37.0,0.12,0.12,1642,eng ENG,"DF,FW",it Serie A,21-358,2004.0,16.8,1,9,1,11.1,0.54,0.06,0.11,1.0,15.5,0.0,0,0,1.2,1.2,0.13,-0.2,-0.2,1642,eng ENG,"DF,FW",it Serie A,21-358,2004.0,16.8,525.0,686.0,76.5,8782.0,3557.0,1,0.8,1.2,0.2,10.0,34.0,13.0,8.0,38.0,1642,eng ENG,"DF,FW",it Serie A,21-358,2004.0,16.8,686.0,547.0,139.0,17.0,0.0,0.0,48,122.0,0.0,0.0,0.0,0.0,525.0,0.0,20.0,1642,eng ENG,"DF,FW",it Serie A,21-358,2004.0,16.8,27.0,1.61,21.0,0.0,4.0,2.0,0.0,0.0,4.0,0.24,1642,eng ENG,"DF,FW",it Serie A,21-358,2004.0,16.8,31.0,22,21.0,5.0,5.0,22.0,77.3,5.0,18.0,4.0,14.0,9,40.0,36.0,0.0,1642,eng ENG,"DF,FW",it Serie A,21-358,2004.0,16.8,867.0,45.0,278.0,354.0,253.0,21.0,867.0,43.0,23.0,53.5,17.0,39.5,419.0,2967.0,1390.0,41.0,20.0,9.0,27.0,12.0,449.0,37.0,2040,eng ENG,"DF,FW",it Serie A,21-358,2004.0,17,1514,89,93.5,16.8,17,89.0,15,0,,0,0.71,16,27,-11,-0.65,-1.5,20.5,18.6,1.9,0.11,1642,eng ENG,"DF,FW",it Serie A,21-358,2004.0,16.8,4,1,1,19,9,0,48,9,22,0.0,0.0,0,61.0,13.0,21.0,38.2,,,,,,,,,,,,,,,,,,,,,,,,,,,,,,,,,,,,,,,,,,,,,,,,,,,,,,Forward,0.05952380952380952,0.05952380952380952,0.07142857142857142,0.047619047619047616,2.4404761904761902,2.261904761904762,2.202380952380952,0.5952380952380952,1.8452380952380951,0.5357142857142857,0.7738095238095237,24.94047619047619,-7.102057,4.7023809523809526,-0.19999999999999996,0.18569780853517878,77.52613240418118,36.9,56.62975339969407
1650,Antonio Nusa,no NOR,FW,RB Leipzig,de Bundesliga,20.0,2005.0,12,10,836,9.3,1,1,2,1,0,0,0,0,1.9,1.9,1.5,3.5,50.0,28.0,66.0,0.22,0.38,1650,no NOR,FW,de Bundesliga,20-263,2005.0,9.3,1,28,7,25.0,3.01,0.75,0.04,0.14,19.9,1.0,0,0,1.9,1.9,0.07,-0.9,-0.9,1650,no NOR,FW,de Bundesliga,20-263,2005.0,9.3,200.0,252.0,79.4,2802.0,680.0,1,1.5,1.8,-0.5,12.0,18.0,13.0,0.0,28.0,1650,no NOR,FW,de Bundesliga,20-263,2005.0,9.3,252.0,243.0,9.0,4.0,6.0,1.0,18,2.0,3.0,2.0,0.0,0.0,200.0,0.0,4.0,1650,no NOR,FW,de Bundesliga,20-263,2005.0,9.3,41.0,4.41,21.0,1.0,7.0,5.0,7.0,0.0,4.0,0.43,1650,no NOR,FW,de Bundesliga,20-263,2005.0,9.3,13.0,7,5.0,5.0,3.0,10.0,70.0,3.0,4.0,0.0,4.0,4,17.0,5.0,1.0,1650,no NOR,FW,de Bundesliga,20-263,2005.0,9.3,409.0,5.0,52.0,166.0,200.0,38.0,409.0,59.0,24.0,40.7,27.0,45.8,276.0,2201.0,1269.0,50.0,27.0,23.0,31.0,12.0,307.0,66.0,2051,no NOR,FW,de Bundesliga,20-263,2005.0,12,836,70,61.9,9.3,10,78.0,3,2,29.0,0,2.17,22,9,13,1.4,1.75,18.3,9.3,9.0,0.97,1650,no NOR,FW,de Bundesliga,20-263,2005.0,9.3,0,0,0,6,29,0,18,4,7,0.0,0.0,0,36.0,2.0,4.0,33.3,,,,,,,,,,,,,,,,,,,,,,,,,,,,,,,,,,,,,,,,,,,,,,,,,,,,,,Forward,0.1075268817204301,0.1075268817204301,0.2043010752688172,0.16129032258064516,5.376344086021505,3.010752688172043,7.096774193548386,1.2903225806451613,1.3978494623655913,0.4301075268817204,1.3978494623655913,29.677419354838708,-1.0473489569892482,8.387096774193548,-0.8999999999999999,1.078239608801956,97.0383275261324,61.2,60.19747365144691
1658,Jake O'Brien,ie IRL,DF,Everton,eng Premier League,24.0,2001.0,20,18,1670,18.6,0,1,1,0,0,0,1,0,0.6,0.6,0.2,0.8,12.0,45.0,33.0,0.05,0.04,1658,ie IRL,DF,eng Premier League,24-235,2001.0,18.6,0,7,2,28.6,0.38,0.11,0.0,0.0,10.5,0.0,0,0,0.6,0.6,0.09,-0.6,-0.6,1658,ie IRL,DF,eng Premier League,24-235,2001.0,18.6,559.0,810.0,69.0,9943.0,3813.0,1,0.2,0.4,0.8,8.0,36.0,9.0,4.0,45.0,1658,ie IRL,DF,eng Premier League,24-235,2001.0,18.6,810.0,631.0,178.0,1.0,2.0,1.0,34,177.0,0.0,0.0,0.0,0.0,559.0,1.0,35.0,1658,ie IRL,DF,eng Premier League,24-235,2001.0,18.6,20.0,1.08,13.0,5.0,0.0,1.0,1.0,0.0,1.0,0.05,1658,ie IRL,DF,eng Premier League,24-235,2001.0,18.6,28.0,16,19.0,5.0,4.0,21.0,85.7,3.0,14.0,8.0,6.0,8,36.0,81.0,2.0,1658,ie IRL,DF,eng Premier League,24-235,2001.0,18.6,995.0,80.0,354.0,415.0,231.0,21.0,995.0,15.0,4.0,26.7,11.0,73.3,399.0,1523.0,725.0,12.0,15.0,0.0,14.0,11.0,496.0,33.0,2061,ie IRL,DF,eng Premier League,24-235,2001.0,20,1670,84,92.8,18.6,18,88.0,16,2,42.0,0,1.4,20,23,-3,-0.16,-0.85,20.9,28.6,-7.7,-0.42,1658,ie IRL,DF,eng Premier League,24-235,2001.0,18.6,1,0,0,8,6,2,34,8,16,0.0,1.0,0,63.0,59.0,29.0,67.0,,,,,,,,,,,,,,,,,,,,,,,,,,,,,,,,,,,,,,,,,,,,,,,,,,,,,,Defender,0.0,0.05376344086021505,0.03225806451612903,0.01075268817204301,0.6451612903225806,2.419354838709677,1.7741935483870965,0.4301075268817204,1.5053763440860215,0.4301075268817204,0.48387096774193544,21.451612903225804,-5.751781720430107,3.064516129032258,-0.6,0.1085427135678392,46.05954465849387,4.4,44.11833779549221
1662,Adam Obert,sk SVK,DF,Cagliari,it Serie A,23.0,2002.0,16,15,1179,13.1,0,1,1,0,0,0,6,0,0.7,0.7,0.9,1.7,15.0,49.0,11.0,0.08,0.13,1662,sk SVK,DF,it Serie A,23-135,2002.0,13.1,0,3,1,33.3,0.23,0.08,0.0,0.0,11.0,0.0,0,0,0.7,0.7,0.24,-0.7,-0.7,1662,sk SVK,DF,it Serie A,23-135,2002.0,13.1,534.0,661.0,80.8,9296.0,4434.0,1,0.9,0.9,0.1,7.0,40.0,4.0,2.0,49.0,1662,sk SVK,DF,it Serie A,23-135,2002.0,13.1,661.0,552.0,106.0,25.0,1.0,5.0,16,77.0,3.0,0.0,3.0,0.0,534.0,3.0,7.0,1662,sk SVK,DF,it Serie A,23-135,2002.0,13.1,20.0,1.53,14.0,3.0,2.0,0.0,0.0,1.0,1.0,0.08,1662,sk SVK,DF,it Serie A,23-135,2002.0,13.1,32.0,17,15.0,13.0,4.0,28.0,75.0,7.0,19.0,9.0,10.0,18,50.0,58.0,0.0,1662,sk SVK,DF,it Serie A,23-135,2002.0,13.1,809.0,52.0,369.0,377.0,71.0,9.0,809.0,9.0,6.0,66.7,2.0,22.2,395.0,1701.0,1023.0,15.0,10.0,2.0,8.0,3.0,441.0,11.0,2065,sk SVK,DF,it Serie A,23-135,2002.0,16,1179,74,72.8,13.1,15,78.0,7,1,7.0,1,1.06,10,17,-7,-0.53,-0.74,11.1,19.6,-8.5,-0.65,1662,sk SVK,DF,it Serie A,23-135,2002.0,13.1,6,0,0,26,5,0,16,18,17,0.0,0.0,0,55.0,16.0,18.0,47.1,,,,,,,,,,,,,,,,,,,,,,,,,,,,,,,,,,,,,,,,,,,,,,,,,,,,,,Defender,0.0,0.07633587786259542,0.05343511450381679,0.06870229007633588,1.1450381679389314,3.740458015267176,0.8396946564885497,0.5343511450381679,2.4427480916030535,1.3740458015267176,0.3053435114503817,30.15267175572519,-2.3411587786259496,4.885496183206107,-0.7,0.18912237330037082,78.6339754816112,21.4,64.77263219243098
1666,Wilson Odobert,fr FRA,"FW,MF",Tottenham,eng Premier League,21.0,2004.0,18,6,684,7.6,0,1,1,0,0,0,0,0,1.0,1.0,1.2,2.2,31.0,28.0,54.0,0.13,0.29,1666,fr FRA,"FW,MF",eng Premier League,21-038,2004.0,7.6,0,12,3,25.0,1.58,0.39,0.0,0.0,16.1,0.0,0,0,1.0,1.0,0.08,-1.0,-1.0,1666,fr FRA,"FW,MF",eng Premier League,21-038,2004.0,7.6,186.0,238.0,78.2,2811.0,759.0,1,1.2,0.7,-0.2,11.0,18.0,11.0,5.0,28.0,1666,fr FRA,"FW,MF",eng Premier League,21-038,2004.0,7.6,238.0,234.0,2.0,0.0,0.0,1.0,23,1.0,0.0,0.0,0.0,0.0,186.0,2.0,9.0,1666,fr FRA,"FW,MF",eng Premier League,21-038,2004.0,7.6,28.0,3.68,24.0,0.0,3.0,1.0,0.0,0.0,2.0,0.26,1666,fr FRA,"FW,MF",eng Premier League,21-038,2004.0,7.6,6.0,5,5.0,1.0,0.0,4.0,75.0,1.0,7.0,0.0,7.0,1,7.0,12.0,1.0,1666,fr FRA,"FW,MF",eng Premier League,21-038,2004.0,7.6,335.0,8.0,46.0,117.0,175.0,26.0,335.0,33.0,17.0,51.5,12.0,36.4,209.0,1561.0,800.0,31.0,15.0,8.0,27.0,13.0,234.0,54.0,2072,fr FRA,"FW,MF",eng Premier League,21-038,2004.0,18,684,38,38.0,7.6,6,73.0,0,12,21.0,2,1.33,11,9,2,0.26,0.1,7.9,7.7,0.2,0.03,1666,fr FRA,"FW,MF",eng Premier League,21-038,2004.0,7.6,0,0,0,1,6,1,23,1,5,0.0,0.0,0,33.0,3.0,11.0,21.4,,,,,,,,,,,,,,,,,,,,,,,,,,,,,,,,,,,,,,,,,,,,,,,,,,,,,,Forward,0.0,0.13157894736842105,0.13157894736842105,0.15789473684210525,4.078947368421053,3.68421052631579,7.105263157894737,1.4473684210526316,0.7894736842105263,0.13157894736842105,1.4473684210526316,27.5,-4.149749473684208,7.7631578947368425,-1.0,1.0985074626865672,91.1149825783972,60.9,56.62832975661728
1673,Michael Olise,fr FRA,FW,Bayern Munich,de Bundesliga,24.0,2001.0,15,12,1172,13.0,7,8,15,7,0,0,3,0,6.4,6.4,7.6,13.9,81.0,87.0,186.0,1.15,1.07,1673,fr FRA,FW,de Bundesliga,24-024,2001.0,13.0,7,51,23,45.1,3.92,1.77,0.14,0.3,18.4,3.0,0,0,6.4,6.4,0.13,0.6,0.6,1673,fr FRA,FW,de Bundesliga,24-024,2001.0,13.0,738.0,908.0,81.3,10068.0,2761.0,8,7.6,7.7,0.4,38.0,51.0,47.0,6.0,87.0,1673,fr FRA,FW,de Bundesliga,24-024,2001.0,13.0,908.0,821.0,79.0,15.0,12.0,2.0,62,28.0,36.0,23.0,0.0,0.0,738.0,8.0,18.0,1673,fr FRA,FW,de Bundesliga,24-024,2001.0,13.0,93.0,7.14,66.0,5.0,9.0,7.0,6.0,0.0,15.0,1.15,1673,fr FRA,FW,de Bundesliga,24-024,2001.0,13.0,8.0,6,5.0,2.0,1.0,18.0,16.7,15.0,13.0,0.0,13.0,7,15.0,4.0,0.0,1673,fr FRA,FW,de Bundesliga,24-024,2001.0,13.0,1099.0,10.0,57.0,364.0,688.0,102.0,1099.0,76.0,30.0,39.5,41.0,53.9,766.0,4436.0,2283.0,81.0,34.0,49.0,33.0,13.0,892.0,186.0,2088,fr FRA,FW,de Bundesliga,24-024,2001.0,15,1172,78,86.8,13.0,12,89.0,10,3,35.0,0,2.73,47,10,37,2.84,-0.7,38.4,9.3,29.2,2.24,1673,fr FRA,FW,de Bundesliga,24-024,2001.0,13.0,3,0,0,16,26,3,62,7,6,1.0,0.0,0,56.0,4.0,9.0,30.8,,,,,,,,,,,,,,,,,,,,,,,,,,,,,,,,,,,,,,,,,,,,,,,,,,,,,,Forward,0.5384615384615384,0.6153846153846154,0.49230769230769234,0.5846153846153845,6.230769230769231,6.6923076923076925,14.307692307692308,2.923076923076923,0.6153846153846154,0.5384615384615384,3.6153846153846154,58.92307692307692,-1.8901239230769225,12.923076923076923,0.5999999999999996,0.6496815286624203,95.81881533101046,73.9,55.09995131167938
1679,Andrew Omobamidele,ie IRL,DF,Strasbourg,fr Ligue 1,23.0,2002.0,12,4,439,4.9,0,0,0,0,0,0,1,0,0.2,0.2,0.0,0.2,1.0,11.0,2.0,0.0,0.04,1679,ie IRL,DF,fr Ligue 1,23-196,2002.0,4.9,0,2,1,50.0,0.41,0.21,0.0,0.0,7.9,0.0,0,0,0.2,0.2,0.11,-0.2,-0.2,1679,ie IRL,DF,fr Ligue 1,23-196,2002.0,4.9,410.0,422.0,97.2,6970.0,1991.0,0,0.0,0.0,0.0,0.0,11.0,0.0,0.0,11.0,1679,ie IRL,DF,fr Ligue 1,23-196,2002.0,4.9,422.0,404.0,18.0,5.0,0.0,0.0,0,0.0,0.0,0.0,0.0,0.0,410.0,0.0,2.0,1679,ie IRL,DF,fr Ligue 1,23-196,2002.0,4.9,1.0,0.21,1.0,0.0,0.0,0.0,0.0,0.0,0.0,0.0,1679,ie IRL,DF,fr Ligue 1,23-196,2002.0,4.9,1.0,1,1.0,0.0,0.0,0.0,,0.0,6.0,4.0,2.0,5,6.0,26.0,0.0,1679,ie IRL,DF,fr Ligue 1,23-196,2002.0,4.9,471.0,69.0,267.0,194.0,10.0,5.0,471.0,0.0,0.0,,0.0,,327.0,1221.0,534.0,1.0,0.0,0.0,2.0,1.0,369.0,2.0,2096,ie IRL,DF,fr Ligue 1,23-196,2002.0,12,439,37,28.7,4.9,4,70.0,2,8,20.0,0,1.42,5,8,-3,-0.62,-1.27,6.5,5.0,1.5,0.3,1679,ie IRL,DF,fr Ligue 1,23-196,2002.0,4.9,1,0,0,6,3,0,0,5,1,0.0,0.0,0,17.0,14.0,4.0,77.8,,,,,,,,,,,,,,,,,,,,,,,,,,,,,,,,,,,,,,,,,,,,,,,,,,,,,,Defender,0.0,0.0,0.04081632653061224,0.0,0.2040816326530612,2.2448979591836733,0.4081632653061224,0.0,0.2040816326530612,1.0204081632653061,0.0,66.73469387755101,-8.382759183673468,2.4489795918367343,-0.2,0.044585987261146494,20.140105078809107,1.0,19.940698097830797
1680,Amadou Onana,be BEL,MF,Aston Villa,eng Premier League,24.0,2001.0,14,11,888,9.9,2,0,2,2,0,0,2,0,0.4,0.4,0.1,0.6,11.0,40.0,4.0,0.2,0.06,1680,be BEL,MF,eng Premier League,24-142,2001.0,9.9,2,5,3,60.0,0.51,0.3,0.4,0.67,21.7,0.0,0,0,0.4,0.4,0.09,1.6,1.6,1680,be BEL,MF,eng Premier League,24-142,2001.0,9.9,359.0,411.0,87.3,6150.0,1521.0,0,0.1,0.2,-0.1,2.0,24.0,6.0,0.0,40.0,1680,be BEL,MF,eng Premier League,24-142,2001.0,9.9,411.0,404.0,7.0,7.0,1.0,3.0,0,0.0,0.0,0.0,0.0,0.0,359.0,0.0,3.0,1680,be BEL,MF,eng Premier League,24-142,2001.0,9.9,14.0,1.42,14.0,0.0,0.0,0.0,0.0,0.0,1.0,0.1,1680,be BEL,MF,eng Premier League,24-142,2001.0,9.9,27.0,19,11.0,14.0,2.0,14.0,64.3,5.0,14.0,9.0,5.0,14,41.0,32.0,2.0,1680,be BEL,MF,eng Premier League,24-142,2001.0,9.9,541.0,59.0,175.0,298.0,75.0,9.0,541.0,13.0,6.0,46.2,5.0,38.5,298.0,1503.0,618.0,11.0,10.0,0.0,13.0,5.0,337.0,4.0,2099,be BEL,MF,eng Premier League,24-142,2001.0,14,888,63,49.3,9.9,11,76.0,4,3,16.0,0,2.21,16,11,5,0.51,0.11,10.3,13.7,-3.4,-0.35,1680,be BEL,MF,eng Premier League,24-142,2001.0,9.9,2,0,0,12,16,0,0,14,19,0.0,0.0,0,37.0,21.0,10.0,67.7,,,,,,,,,,,,,,,,,,,,,,,,,,,,,,,,,,,,,,,,,,,,,,,,,,,,,,Midfielder,0.20202020202020202,0.0,0.04040404040404041,0.010101010101010102,1.1111111111111112,4.040404040404041,0.40404040404040403,0.20202020202020202,2.727272727272727,1.4141414141414141,0.6060606060606061,30.1010101010101,-3.4118857171717174,5.151515151515151,1.6,0.26247689463955637,64.77732793522267,14.3,56.67307780859377
1686,Fredrik Oppegard,no NOR,DF,Auxerre,fr Ligue 1,23.0,2002.0,13,6,570,6.3,0,0,0,0,0,0,1,1,0.2,0.2,0.3,0.4,15.0,9.0,45.0,0.0,0.07,1686,no NOR,DF,fr Ligue 1,23-151,2002.0,6.3,0,4,1,25.0,0.63,0.16,0.0,0.0,18.5,0.0,0,0,0.2,0.2,0.04,-0.2,-0.2,1686,no NOR,DF,fr Ligue 1,23-151,2002.0,6.3,217.0,276.0,78.6,3202.0,887.0,0,0.3,0.7,-0.3,8.0,8.0,7.0,5.0,9.0,1686,no NOR,DF,fr Ligue 1,23-151,2002.0,6.3,276.0,216.0,60.0,12.0,0.0,1.0,32,42.0,6.0,1.0,5.0,0.0,217.0,0.0,5.0,1686,no NOR,DF,fr Ligue 1,23-151,2002.0,6.3,14.0,2.21,10.0,3.0,0.0,0.0,1.0,0.0,0.0,0.0,1686,no NOR,DF,fr Ligue 1,23-151,2002.0,6.3,15.0,11,9.0,6.0,0.0,11.0,100.0,0.0,9.0,2.0,7.0,8,23.0,16.0,0.0,1686,no NOR,DF,fr Ligue 1,23-151,2002.0,6.3,344.0,22.0,102.0,134.0,113.0,5.0,344.0,6.0,3.0,50.0,3.0,50.0,173.0,848.0,498.0,15.0,8.0,3.0,9.0,4.0,197.0,45.0,2108,no NOR,DF,fr Ligue 1,23-151,2002.0,13,570,44,37.3,6.3,6,81.0,3,7,12.0,3,0.77,6,13,-7,-1.11,-0.54,7.7,10.9,-3.2,-0.51,1686,no NOR,DF,fr Ligue 1,23-151,2002.0,6.3,1,1,0,6,3,0,32,8,11,0.0,0.0,0,18.0,0.0,5.0,0.0,,,,,,,,,,,,,,,,,,,,,,,,,,,,,,,,,,,,,,,,,,,,,,,,,,,,,,Defender,0.0,0.0,0.03174603174603175,0.047619047619047616,2.380952380952381,1.4285714285714286,7.142857142857143,1.2698412698412698,2.380952380952381,1.2698412698412698,1.1111111111111112,27.460317460317462,-6.798942857142855,3.8095238095238098,-0.2,0.6424418604651163,33.97548161120841,1.0,33.63909070416674
1687,Louis Oppie,de GER,DF,St. Pauli,de Bundesliga,23.0,2002.0,15,14,1266,14.1,1,0,1,1,0,0,0,0,0.8,0.8,0.8,1.6,14.0,44.0,59.0,0.07,0.11,1687,de GER,DF,de Bundesliga,23-233,2002.0,14.1,1,13,3,23.1,0.92,0.21,0.08,0.33,19.8,0.0,0,0,0.8,0.8,0.06,0.2,0.2,1687,de GER,DF,de Bundesliga,23-233,2002.0,14.1,524.0,669.0,78.3,7983.0,2788.0,0,0.8,1.0,-0.8,6.0,45.0,10.0,4.0,44.0,1687,de GER,DF,de Bundesliga,23-233,2002.0,14.1,669.0,523.0,142.0,11.0,1.0,4.0,45,119.0,12.0,7.0,3.0,0.0,524.0,4.0,15.0,1687,de GER,DF,de Bundesliga,23-233,2002.0,14.1,21.0,1.49,16.0,2.0,0.0,2.0,1.0,0.0,1.0,0.07,1687,de GER,DF,de Bundesliga,23-233,2002.0,14.1,18.0,13,6.0,6.0,6.0,20.0,65.0,7.0,16.0,2.0,14.0,8,26.0,30.0,1.0,1687,de GER,DF,de Bundesliga,23-233,2002.0,14.1,786.0,27.0,181.0,342.0,267.0,13.0,786.0,8.0,3.0,37.5,5.0,62.5,270.0,1001.0,497.0,14.0,6.0,1.0,12.0,7.0,430.0,59.0,2109,de GER,DF,de Bundesliga,23-233,2002.0,15,1266,84,93.8,14.1,14,89.0,13,1,23.0,0,0.8,12,25,-13,-0.92,-0.92,11.7,22.6,-10.8,-0.77,1687,de GER,DF,de Bundesliga,23-233,2002.0,14.1,0,0,0,10,11,3,45,8,13,0.0,0.0,0,55.0,5.0,11.0,31.3,,,,,,,,,,,,,,,,,,,,,,,,,,,,,,,,,,,,,,,,,,,,,,,,,,,,,,Defender,0.07092198581560284,0.0,0.056737588652482275,0.056737588652482275,0.9929078014184397,3.120567375886525,4.184397163120567,0.425531914893617,1.2765957446808511,0.5673758865248227,0.7092198581560284,19.148936170212767,-4.318807092198579,4.113475177304965,0.19999999999999996,0.1895674300254453,60.24518388791593,8.4,55.57673790398148
1688,Gift Orban,ng NGA,FW,Hellas Verona,it Serie A,23.0,2002.0,14,10,972,10.8,4,1,5,3,1,1,3,0,6.8,6.0,0.7,6.8,15.0,17.0,67.0,0.37,0.7,1688,ng NGA,FW,it Serie A,23-172,2002.0,10.8,4,45,15,33.3,4.17,1.39,0.07,0.2,20.1,3.0,1,1,6.8,6.0,0.13,-2.8,-3.0,1688,ng NGA,FW,it Serie A,23-172,2002.0,10.8,106.0,170.0,62.4,1655.0,406.0,1,0.7,0.5,0.3,10.0,9.0,3.0,1.0,17.0,1688,ng NGA,FW,it Serie A,23-172,2002.0,10.8,170.0,153.0,16.0,0.0,0.0,0.0,9,0.0,2.0,1.0,1.0,0.0,106.0,1.0,5.0,1688,ng NGA,FW,it Serie A,23-172,2002.0,10.8,23.0,2.13,18.0,0.0,0.0,5.0,0.0,0.0,1.0,0.09,1688,ng NGA,FW,it Serie A,23-172,2002.0,10.8,2.0,2,2.0,0.0,0.0,4.0,25.0,3.0,5.0,0.0,5.0,3,5.0,3.0,0.0,1688,ng NGA,FW,it Serie A,23-172,2002.0,10.8,293.0,0.0,24.0,117.0,156.0,48.0,292.0,19.0,7.0,36.8,9.0,47.4,151.0,685.0,371.0,15.0,6.0,6.0,27.0,11.0,190.0,67.0,2110,ng NGA,FW,it Serie A,23-172,2002.0,14,972,69,63.5,10.8,10,80.0,3,4,43.0,1,0.57,7,15,-8,-0.74,0.39,13.4,11.6,1.8,0.17,1688,ng NGA,FW,it Serie A,23-172,2002.0,10.8,3,0,0,14,8,10,9,3,2,0.0,0.0,0,32.0,16.0,25.0,39.0,,,,,,,,,,,,,,,,,,,,,,,,,,,,,,,,,,,,,,,,,,,,,,,,,,,,,,Forward,0.37037037037037035,0.09259259259259259,0.6296296296296295,0.06481481481481481,1.3888888888888888,1.574074074074074,6.203703703703703,0.9259259259259258,0.18518518518518517,0.27777777777777773,0.27777777777777773,13.981481481481481,-9.693146333333335,2.962962962962963,-2.8,0.7269624573378839,54.52961672473867,8.3,50.35052329154079
1690,Christian Ordoñez,ar ARG,"MF,DF",Parma,it Serie A,21.0,2004.0,10,5,384,4.3,0,0,0,0,0,0,4,1,0.3,0.3,0.0,0.3,3.0,10.0,5.0,0.0,0.07,1690,ar ARG,"MF,DF",it Serie A,21-165,2004.0,4.3,0,2,1,50.0,0.47,0.23,0.0,0.0,12.7,0.0,0,0,0.3,0.3,0.13,-0.3,-0.3,1690,ar ARG,"MF,DF",it Serie A,21-165,2004.0,4.3,56.0,79.0,70.9,819.0,254.0,0,0.0,0.1,0.0,1.0,4.0,3.0,0.0,10.0,1690,ar ARG,"MF,DF",it Serie A,21-165,2004.0,4.3,79.0,70.0,9.0,5.0,0.0,0.0,7,0.0,4.0,3.0,1.0,0.0,56.0,0.0,0.0,1690,ar ARG,"MF,DF",it Serie A,21-165,2004.0,4.3,5.0,1.17,3.0,0.0,0.0,2.0,0.0,0.0,0.0,0.0,1690,ar ARG,"MF,DF",it Serie A,21-165,2004.0,4.3,5.0,2,2.0,3.0,0.0,12.0,41.7,7.0,14.0,3.0,11.0,2,7.0,8.0,0.0,1690,ar ARG,"MF,DF",it Serie A,21-165,2004.0,4.3,127.0,7.0,34.0,63.0,33.0,3.0,127.0,5.0,2.0,40.0,3.0,60.0,52.0,224.0,85.0,3.0,1.0,0.0,9.0,4.0,53.0,5.0,2112,ar ARG,"MF,DF",it Serie A,21-165,2004.0,10,384,38,25.1,4.3,5,59.0,1,5,18.0,6,1.0,3,4,-1,-0.23,0.24,4.1,7.4,-3.4,-0.79,1690,ar ARG,"MF,DF",it Serie A,21-165,2004.0,4.3,4,1,1,9,3,0,7,2,2,0.0,0.0,0,14.0,4.0,7.0,36.4,,,,,,,,,,,,,,,,,,,,,,,,,,,,,,,,,,,,,,,,,,,,,,,,,,,,,,Midfielder,0.0,0.0,0.06976744186046512,0.0,0.6976744186046512,2.3255813953488373,1.1627906976744187,0.23255813953488372,1.1627906976744187,0.46511627906976744,0.6976744186046512,12.093023255813954,-4.526884000000001,3.0232558139534884,-0.3,0.9212598425196851,54.92577597840756,5.8,51.91472209679353
1692,Gaetano Oristanio,it ITA,"MF,FW",Parma,it Serie A,23.0,2002.0,8,3,336,3.7,0,0,0,0,0,0,1,0,0.8,0.8,0.4,1.2,15.0,6.0,19.0,0.0,0.32,1692,it ITA,"MF,FW",it Serie A,23-099,2002.0,3.7,0,11,1,9.1,2.95,0.27,0.0,0.0,17.8,0.0,0,0,0.8,0.8,0.08,-0.8,-0.8,1692,it ITA,"MF,FW",it Serie A,23-099,2002.0,3.7,45.0,61.0,73.8,730.0,135.0,0,0.4,0.3,-0.4,4.0,1.0,3.0,2.0,6.0,1692,it ITA,"MF,FW",it Serie A,23-099,2002.0,3.7,61.0,60.0,1.0,0.0,0.0,1.0,8,0.0,1.0,0.0,0.0,0.0,45.0,0.0,1.0,1692,it ITA,"MF,FW",it Serie A,23-099,2002.0,3.7,11.0,2.95,6.0,0.0,2.0,1.0,2.0,0.0,0.0,0.0,1692,it ITA,"MF,FW",it Serie A,23-099,2002.0,3.7,6.0,5,4.0,1.0,1.0,4.0,75.0,1.0,2.0,0.0,2.0,0,6.0,5.0,0.0,1692,it ITA,"MF,FW",it Serie A,23-099,2002.0,3.7,119.0,6.0,19.0,33.0,69.0,13.0,119.0,15.0,5.0,33.3,5.0,33.3,79.0,678.0,379.0,15.0,6.0,6.0,10.0,7.0,87.0,19.0,2114,it ITA,"MF,FW",it Serie A,23-099,2002.0,8,336,42,22.0,3.7,3,65.0,0,5,28.0,2,1.5,3,4,-1,-0.27,0.18,4.8,3.9,0.9,0.25,1692,it ITA,"MF,FW",it Serie A,23-099,2002.0,3.7,1,0,0,4,12,0,8,0,5,0.0,0.0,0,11.0,5.0,1.0,83.3,,,,,,,,,,,,,,,,,,,,,,,,,,,,,,,,,,,,,,,,,,,,,,,,,,,,,,Forward,0.0,0.0,0.21621621621621623,0.10810810810810811,4.0540540540540535,1.6216216216216215,5.135135135135135,1.081081081081081,1.6216216216216215,0.0,0.8108108108108107,21.35135135135135,-4.750339729729731,5.675675675675675,-0.8,2.4789915966386555,89.37282229965156,31.1,68.17148916830783
1693,Aimar Oroz,es ESP,"MF,FW",Osasuna,es La Liga,24.0,2001.0,12,10,857,9.5,0,2,2,0,0,0,3,0,0.8,0.8,1.7,2.5,30.0,41.0,40.0,0.21,0.26,1693,es ESP,"MF,FW",es La Liga,24-039,2001.0,9.5,0,14,2,14.3,1.47,0.21,0.0,0.0,20.3,2.0,0,0,0.8,0.8,0.06,-0.8,-0.8,1693,es ESP,"MF,FW",es La Liga,24-039,2001.0,9.5,270.0,351.0,76.9,4187.0,1105.0,2,1.7,1.2,0.3,18.0,23.0,10.0,1.0,41.0,1693,es ESP,"MF,FW",es La Liga,24-039,2001.0,9.5,351.0,339.0,12.0,4.0,3.0,4.0,14,1.0,3.0,1.0,2.0,0.0,270.0,0.0,14.0,1693,es ESP,"MF,FW",es La Liga,24-039,2001.0,9.5,36.0,3.78,26.0,2.0,3.0,2.0,3.0,0.0,4.0,0.42,1693,es ESP,"MF,FW",es La Liga,24-039,2001.0,9.5,19.0,11,7.0,10.0,2.0,13.0,46.2,7.0,9.0,1.0,8.0,4,23.0,10.0,0.0,1693,es ESP,"MF,FW",es La Liga,24-039,2001.0,9.5,483.0,10.0,75.0,244.0,176.0,22.0,483.0,34.0,15.0,44.1,15.0,44.1,294.0,1908.0,964.0,30.0,28.0,8.0,26.0,17.0,325.0,40.0,2115,es ESP,"MF,FW",es La Liga,24-039,2001.0,12,857,71,52.9,9.5,10,80.0,3,2,29.0,0,1.25,10,8,2,0.21,0.8,9.8,11.4,-1.5,-0.16,1693,es ESP,"MF,FW",es La Liga,24-039,2001.0,9.5,3,0,0,10,25,0,14,4,11,0.0,0.0,0,57.0,8.0,13.0,38.1,,,,,,,,,,,,,,,,,,,,,,,,,,,,,,,,,,,,,,,,,,,,,,,,,,,,,,Forward,0.0,0.21052631578947367,0.08421052631578947,0.17894736842105263,3.1578947368421053,4.315789473684211,4.2105263157894735,1.894736842105263,2.0,0.42105263157894735,1.0526315789473684,30.94736842105263,-8.073774421052631,7.473684210526316,-0.8,0.7826086956521738,69.86062717770035,15.7,60.3808359357825
1698,Ibrahim Osman,gh GHA,"MF,FW",Auxerre,fr Ligue 1,21.0,2004.0,14,7,625,6.9,0,2,2,0,0,0,0,0,2.0,2.0,1.0,3.0,22.0,15.0,50.0,0.29,0.42,1698,gh GHA,"MF,FW",fr Ligue 1,21-037,2004.0,6.9,0,18,6,33.3,2.59,0.86,0.0,0.0,18.8,0.0,0,0,2.0,2.0,0.11,-2.0,-2.0,1698,gh GHA,"MF,FW",fr Ligue 1,21-037,2004.0,6.9,132.0,176.0,75.0,1859.0,441.0,2,1.0,0.7,1.0,7.0,11.0,3.0,1.0,15.0,1698,gh GHA,"MF,FW",fr Ligue 1,21-037,2004.0,6.9,176.0,172.0,3.0,0.0,0.0,1.0,10,1.0,0.0,0.0,0.0,0.0,132.0,1.0,11.0,1698,gh GHA,"MF,FW",fr Ligue 1,21-037,2004.0,6.9,13.0,1.87,11.0,0.0,0.0,1.0,1.0,0.0,2.0,0.29,1698,gh GHA,"MF,FW",fr Ligue 1,21-037,2004.0,6.9,11.0,8,1.0,7.0,3.0,7.0,57.1,3.0,5.0,0.0,5.0,4,15.0,3.0,0.0,1698,gh GHA,"MF,FW",fr Ligue 1,21-037,2004.0,6.9,274.0,2.0,17.0,113.0,150.0,24.0,274.0,24.0,6.0,25.0,16.0,66.7,189.0,1226.0,529.0,22.0,16.0,12.0,25.0,16.0,217.0,50.0,2122,gh GHA,"MF,FW",fr Ligue 1,21-037,2004.0,14,625,45,40.8,6.9,7,72.0,2,7,17.0,2,0.43,3,11,-8,-1.15,-0.65,7.6,11.4,-3.8,-0.55,1698,gh GHA,"MF,FW",fr Ligue 1,21-037,2004.0,6.9,0,0,0,7,14,3,10,4,8,0.0,0.0,0,24.0,6.0,10.0,37.5,,,,,,,,,,,,,,,,,,,,,,,,,,,,,,,,,,,,,,,,,,,,,,,,,,,,,,Forward,0.0,0.2898550724637681,0.2898550724637681,0.14492753623188406,3.1884057971014492,2.1739130434782608,7.246376811594202,1.0144927536231882,1.5942028985507246,0.5797101449275363,0.43478260869565216,27.391304347826086,-5.042011811594203,5.36231884057971,-2.0,0.6824817518248175,88.50174216027874,40.3,63.08035791894421
1701,Sebastian Otoa,dk DEN,DF,Genoa,it Serie A,21.0,2004.0,6,5,486,5.4,0,0,0,0,0,0,1,0,0.0,0.0,0.0,0.0,2.0,6.0,0.0,0.0,0.0,1701,dk DEN,DF,it Serie A,21-237,2004.0,5.4,0,1,0,0.0,0.19,0.0,0.0,,12.3,0.0,0,0,0.0,0.0,0.02,0.0,0.0,1701,dk DEN,DF,it Serie A,21-237,2004.0,5.4,131.0,147.0,89.1,2557.0,582.0,0,0.0,0.0,0.0,0.0,4.0,0.0,0.0,6.0,1701,dk DEN,DF,it Serie A,21-237,2004.0,5.4,147.0,141.0,6.0,6.0,0.0,0.0,1,0.0,0.0,0.0,0.0,0.0,131.0,0.0,1.0,1701,dk DEN,DF,it Serie A,21-237,2004.0,5.4,2.0,0.37,0.0,0.0,0.0,1.0,1.0,0.0,0.0,0.0,1701,dk DEN,DF,it Serie A,21-237,2004.0,5.4,8.0,7,6.0,2.0,0.0,4.0,75.0,1.0,9.0,7.0,2.0,6,14.0,35.0,0.0,1701,dk DEN,DF,it Serie A,21-237,2004.0,5.4,218.0,44.0,127.0,82.0,9.0,3.0,218.0,3.0,1.0,33.3,1.0,33.3,108.0,526.0,233.0,2.0,2.0,0.0,3.0,2.0,108.0,0.0,2125,dk DEN,DF,it Serie A,21-237,2004.0,6,486,81,30.0,5.4,5,88.0,3,1,45.0,7,0.67,5,10,-5,-0.93,-0.53,4.5,6.8,-2.2,-0.41,1701,dk DEN,DF,it Serie A,21-237,2004.0,5.4,1,0,0,3,8,1,1,6,7,0.0,0.0,0,23.0,14.0,9.0,60.9,,,,,,,,,,,,,,,,,,,,,,,,,,,,,,,,,,,,,,,,,,,,,,,,,,,,,,Defender,0.0,0.0,0.0,0.0,0.37037037037037035,1.111111111111111,0.0,0.0,1.4814814814814814,1.111111111111111,0.0,20.0,-7.781007407407406,1.4814814814814814,0.0,0.16972477064220184,25.39404553415061,1.0,25.142619340743178
1702,Abdoul Ouattara,fr FRA,"DF,MF",Strasbourg,fr Ligue 1,20.0,2005.0,14,11,932,10.4,2,0,2,2,0,0,1,0,1.5,1.5,1.4,2.8,17.0,35.0,62.0,0.19,0.27,1702,fr FRA,"DF,MF",fr Ligue 1,20-075,2005.0,10.4,2,12,4,33.3,1.16,0.39,0.17,0.5,17.3,0.0,0,0,1.5,1.5,0.12,0.5,0.5,1702,fr FRA,"DF,MF",fr Ligue 1,20-075,2005.0,10.4,362.0,422.0,85.8,5510.0,1064.0,0,1.4,0.7,-1.4,3.0,19.0,8.0,2.0,35.0,1702,fr FRA,"DF,MF",fr Ligue 1,20-075,2005.0,10.4,422.0,384.0,37.0,3.0,1.0,0.0,11,31.0,0.0,0.0,0.0,0.0,362.0,1.0,4.0,1702,fr FRA,"DF,MF",fr Ligue 1,20-075,2005.0,10.4,18.0,1.74,13.0,1.0,1.0,2.0,1.0,0.0,2.0,0.19,1702,fr FRA,"DF,MF",fr Ligue 1,20-075,2005.0,10.4,13.0,7,7.0,4.0,2.0,8.0,37.5,5.0,7.0,0.0,7.0,8,21.0,14.0,0.0,1702,fr FRA,"DF,MF",fr Ligue 1,20-075,2005.0,10.4,515.0,20.0,114.0,271.0,135.0,21.0,515.0,16.0,5.0,31.3,11.0,68.8,313.0,1254.0,572.0,17.0,9.0,3.0,16.0,5.0,343.0,62.0,2127,fr FRA,"DF,MF",fr Ligue 1,20-075,2005.0,14,932,67,60.9,10.4,11,76.0,6,3,33.0,0,1.71,18,15,3,0.29,-0.01,18.7,14.5,4.2,0.4,1702,fr FRA,"DF,MF",fr Ligue 1,20-075,2005.0,10.4,1,0,0,8,5,0,11,8,7,1.0,0.0,0,44.0,0.0,3.0,0.0,,,,,,,,,,,,,,,,,,,,,,,,,,,,,,,,,,,,,,,,,,,,,,,,,,,,,,Midfielder,0.1923076923076923,0.0,0.14423076923076922,0.1346153846153846,1.6346153846153846,3.3653846153846154,5.961538461538462,0.28846153846153844,1.25,0.7692307692307692,0.7692307692307692,30.096153846153847,-2.2945288461538462,5.0,0.5,0.3378640776699029,75.84345479082322,25.0,60.67476383265858
1703,Dango Ouattara,bf BFA,FW,Brentford,eng Premier League,23.0,2002.0,15,12,1062,11.8,3,0,3,3,0,0,3,0,3.5,3.5,1.1,4.6,28.0,18.0,80.0,0.25,0.39,1703,bf BFA,FW,eng Premier League,23-328,2002.0,11.8,3,24,6,25.0,2.03,0.51,0.13,0.5,12.8,0.0,0,0,3.5,3.5,0.16,-0.5,-0.5,1703,bf BFA,FW,eng Premier League,23-328,2002.0,11.8,131.0,265.0,49.4,1874.0,647.0,0,1.1,0.7,-1.1,6.0,13.0,3.0,0.0,18.0,1703,bf BFA,FW,eng Premier League,23-328,2002.0,11.8,265.0,239.0,24.0,0.0,1.0,0.0,42,1.0,14.0,13.0,0.0,0.0,131.0,2.0,9.0,1703,bf BFA,FW,eng Premier League,23-328,2002.0,11.8,22.0,1.86,10.0,1.0,3.0,3.0,5.0,0.0,6.0,0.51,1703,bf BFA,FW,eng Premier League,23-328,2002.0,11.8,11.0,6,2.0,4.0,5.0,14.0,28.6,10.0,19.0,0.0,19.0,11,22.0,31.0,0.0,1703,bf BFA,FW,eng Premier League,23-328,2002.0,11.8,461.0,29.0,77.0,169.0,220.0,49.0,461.0,46.0,10.0,21.7,31.0,67.4,208.0,1271.0,570.0,28.0,10.0,15.0,35.0,15.0,259.0,80.0,2128,bf BFA,FW,eng Premier League,23-328,2002.0,15,1062,71,59.0,11.8,12,83.0,4,3,22.0,0,1.33,16,15,1,0.08,-0.28,16.6,14.2,2.4,0.2,1703,bf BFA,FW,eng Premier League,23-328,2002.0,11.8,3,0,0,17,22,4,42,11,6,4.0,0.0,0,46.0,32.0,27.0,54.2,,,,,,,,,,,,,,,,,,,,,,,,,,,,,,,,,,,,,,,,,,,,,,,,,,,,,,Forward,0.2542372881355932,0.0,0.2966101694915254,0.09322033898305085,2.3728813559322033,1.5254237288135593,6.779661016949152,0.5084745762711864,0.9322033898305084,0.9322033898305084,0.2542372881355932,17.627118644067796,-8.205783745762712,3.8983050847457625,-0.5,0.40347071583514105,68.6411149825784,23.1,55.76045083881268
1704,Kassoum Ouattara,fr FRA,"DF,FW",Monaco,fr Ligue 1,21.0,2004.0,11,9,744,8.3,0,3,3,0,0,0,2,0,0.7,0.7,2.0,2.7,21.0,20.0,80.0,0.36,0.33,1704,fr FRA,"DF,FW",fr Ligue 1,21-083,2004.0,8.3,0,9,0,0.0,1.09,0.0,0.0,,15.4,0.0,0,0,0.7,0.7,0.08,-0.7,-0.7,1704,fr FRA,"DF,FW",fr Ligue 1,21-083,2004.0,8.3,291.0,403.0,72.2,4519.0,1377.0,3,2.0,1.9,1.0,12.0,17.0,12.0,7.0,20.0,1704,fr FRA,"DF,FW",fr Ligue 1,21-083,2004.0,8.3,403.0,312.0,90.0,4.0,1.0,2.0,40,86.0,0.0,0.0,0.0,0.0,291.0,1.0,18.0,1704,fr FRA,"DF,FW",fr Ligue 1,21-083,2004.0,8.3,26.0,3.15,18.0,2.0,3.0,2.0,1.0,0.0,3.0,0.36,1704,fr FRA,"DF,FW",fr Ligue 1,21-083,2004.0,8.3,19.0,11,6.0,11.0,2.0,14.0,42.9,8.0,14.0,0.0,14.0,13,32.0,12.0,2.0,1704,fr FRA,"DF,FW",fr Ligue 1,21-083,2004.0,8.3,530.0,14.0,91.0,237.0,207.0,25.0,530.0,30.0,8.0,26.7,21.0,70.0,235.0,1207.0,542.0,21.0,10.0,7.0,24.0,11.0,299.0,80.0,2129,fr FRA,"DF,FW",fr Ligue 1,21-083,2004.0,11,744,68,48.6,8.3,9,76.0,4,2,31.0,6,1.27,14,19,-5,-0.6,-0.83,19.3,16.8,2.4,0.3,1704,fr FRA,"DF,FW",fr Ligue 1,21-083,2004.0,8.3,2,0,0,14,9,0,40,13,11,0.0,1.0,0,34.0,12.0,10.0,54.5,,,,,,,,,,,,,,,,,,,,,,,,,,,,,,,,,,,,,,,,,,,,,,,,,,,,,,Forward,0.0,0.36144578313253006,0.08433734939759036,0.24096385542168672,2.5301204819277108,2.4096385542168672,9.638554216867469,1.4457831325301203,2.2891566265060237,1.5662650602409638,1.4457831325301203,28.31325301204819,-7.322598289156626,4.939759036144578,-0.7,0.5943396226415094,75.43554006968641,23.0,61.32970737372879
1705,Assan Ouedraogo,de GER,MF,RB Leipzig,de Bundesliga,19.0,2006.0,11,8,550,6.1,3,3,6,3,0,0,0,0,1.9,1.9,2.1,4.1,16.0,15.0,26.0,0.98,0.66,1705,de GER,MF,de Bundesliga,19-241,2006.0,6.1,3,18,9,50.0,2.95,1.47,0.17,0.33,18.8,0.0,0,0,1.9,1.9,0.13,1.1,1.1,1705,de GER,MF,de Bundesliga,19-241,2006.0,6.1,141.0,173.0,81.5,2164.0,534.0,3,2.1,1.5,0.9,8.0,15.0,3.0,0.0,15.0,1705,de GER,MF,de Bundesliga,19-241,2006.0,6.1,173.0,172.0,0.0,0.0,0.0,1.0,1,0.0,0.0,0.0,0.0,0.0,141.0,1.0,5.0,1705,de GER,MF,de Bundesliga,19-241,2006.0,6.1,25.0,4.09,17.0,0.0,3.0,3.0,2.0,0.0,7.0,1.15,1705,de GER,MF,de Bundesliga,19-241,2006.0,6.1,7.0,7,3.0,3.0,1.0,6.0,66.7,2.0,5.0,3.0,2.0,3,10.0,10.0,0.0,1705,de GER,MF,de Bundesliga,19-241,2006.0,6.1,252.0,12.0,59.0,116.0,84.0,30.0,252.0,17.0,11.0,64.7,4.0,23.5,136.0,891.0,533.0,16.0,12.0,6.0,17.0,9.0,173.0,26.0,2130,de GER,MF,de Bundesliga,19-241,2006.0,11,550,50,40.7,6.1,8,68.0,0,3,3.0,0,2.27,18,6,12,1.96,2.08,13.1,8.0,5.0,0.82,1705,de GER,MF,de Bundesliga,19-241,2006.0,6.1,0,0,0,3,16,0,1,3,7,0.0,0.0,0,38.0,2.0,3.0,40.0,,,,,,,,,,,,,,,,,,,,,,,,,,,,,,,,,,,,,,,,,,,,,,,,,,,,,,Midfielder,0.49180327868852464,0.49180327868852464,0.3114754098360656,0.34426229508196726,2.6229508196721314,2.459016393442623,4.262295081967213,1.3114754098360657,1.1475409836065575,0.49180327868852464,0.49180327868852464,22.295081967213115,-2.31435644262295,5.081967213114754,1.1,1.623015873015873,75.5735492577598,28.7,58.72070649398586
1713,Nico O’Reilly,eng ENG,DF,Manchester City,eng Premier League,20.0,2005.0,19,16,1461,16.2,1,3,4,1,0,0,3,0,2.1,2.1,2.5,4.6,47.0,34.0,91.0,0.25,0.29,1713,eng ENG,DF,eng Premier League,20-290,2005.0,16.2,1,16,3,18.8,0.99,0.18,0.06,0.33,14.6,0.0,0,0,2.1,2.1,0.13,-1.1,-1.1,1713,eng ENG,DF,eng Premier League,20-290,2005.0,16.2,733.0,872.0,84.1,9098.0,2486.0,3,2.5,1.4,0.5,14.0,31.0,10.0,4.0,34.0,1713,eng ENG,DF,eng Premier League,20-290,2005.0,16.2,872.0,722.0,147.0,17.0,1.0,1.0,24,130.0,0.0,0.0,0.0,0.0,733.0,3.0,20.0,1713,eng ENG,DF,eng Premier League,20-290,2005.0,16.2,22.0,1.36,18.0,0.0,1.0,3.0,0.0,0.0,3.0,0.18,1713,eng ENG,DF,eng Premier League,20-290,2005.0,16.2,48.0,25,17.0,18.0,13.0,37.0,67.6,12.0,25.0,5.0,20.0,12,60.0,51.0,1.0,1713,eng ENG,DF,eng Premier League,20-290,2005.0,16.2,1096.0,59.0,286.0,495.0,327.0,50.0,1096.0,37.0,14.0,37.8,20.0,54.1,553.0,2971.0,1584.0,47.0,36.0,10.0,25.0,21.0,668.0,91.0,2139,eng ENG,DF,eng Premier League,20-290,2005.0,19,1461,77,81.2,16.2,16,87.0,11,3,25.0,1,2.21,38,13,25,1.54,1.27,28.2,18.8,9.4,0.58,1713,eng ENG,DF,eng Premier League,20-290,2005.0,16.2,3,0,0,22,7,1,24,12,25,0.0,0.0,0,62.0,30.0,25.0,54.5,,,,,,,,,,,,,,,,,,,,,,,,,,,,,,,,,,,,,,,,,,,,,,,,,,,,,,Defender,0.0617283950617284,0.1851851851851852,0.12962962962962965,0.154320987654321,2.9012345679012346,2.0987654320987654,5.617283950617284,0.8641975308641976,2.9629629629629632,0.7407407407407408,0.617283950617284,34.135802469135804,-2.2725864197530843,5.0,-1.1,0.12408759124087593,79.85989492119089,33.4,59.86498869654489
1714,Jon Pacheco,es ESP,DF,Alavés,es La Liga,24.0,2001.0,12,11,961,10.7,0,0,0,0,0,0,2,0,0.1,0.1,0.6,0.7,7.0,35.0,3.0,0.0,0.07,1714,es ESP,DF,es La Liga,24-362,2001.0,10.7,0,2,0,0.0,0.19,0.0,0.0,,13.4,0.0,0,0,0.1,0.1,0.04,-0.1,-0.1,1714,es ESP,DF,es La Liga,24-362,2001.0,10.7,433.0,511.0,84.7,8084.0,3142.0,0,0.6,0.1,-0.6,3.0,32.0,3.0,0.0,35.0,1714,es ESP,DF,es La Liga,24-362,2001.0,10.7,511.0,485.0,23.0,22.0,1.0,7.0,0,1.0,0.0,0.0,0.0,0.0,433.0,3.0,5.0,1714,es ESP,DF,es La Liga,24-362,2001.0,10.7,5.0,0.47,4.0,1.0,0.0,0.0,0.0,0.0,0.0,0.0,1714,es ESP,DF,es La Liga,24-362,2001.0,10.7,22.0,12,17.0,5.0,0.0,20.0,75.0,5.0,11.0,8.0,3.0,9,31.0,58.0,1.0,1714,es ESP,DF,es La Liga,24-362,2001.0,10.7,629.0,65.0,292.0,326.0,12.0,8.0,629.0,5.0,2.0,40.0,1.0,20.0,303.0,1504.0,790.0,7.0,0.0,0.0,6.0,2.0,382.0,3.0,2141,es ESP,DF,es La Liga,24-362,2001.0,12,961,80,59.3,10.7,11,86.0,10,1,16.0,3,1.0,8,13,-5,-0.47,-0.33,11.2,13.1,-1.9,-0.18,1714,es ESP,DF,es La Liga,24-362,2001.0,10.7,2,0,0,6,4,1,0,9,12,0.0,0.0,0,41.0,22.0,15.0,59.5,,,,,,,,,,,,,,,,,,,,,,,,,,,,,,,,,,,,,,,,,,,,,,,,,,,,,,Defender,0.0,0.0,0.009345794392523366,0.056074766355140186,0.6542056074766356,3.2710280373831777,0.28037383177570097,0.28037383177570097,2.0560747663551404,0.8411214953271029,0.28037383177570097,28.317757009345797,-3.743512149532709,3.9252336448598135,-0.1,0.07472178060413355,66.19964973730298,11.2,59.532059116279655
1715,Willian Pacho,ec ECU,DF,Paris S-G,fr Ligue 1,24.0,2001.0,12,10,924,10.3,0,0,0,0,0,0,0,0,0.5,0.5,0.1,0.6,2.0,21.0,0.0,0.0,0.06,1715,ec ECU,DF,fr Ligue 1,24-081,2001.0,10.3,0,5,0,0.0,0.49,0.0,0.0,,12.6,0.0,0,0,0.5,0.5,0.1,-0.5,-0.5,1715,ec ECU,DF,fr Ligue 1,24-081,2001.0,10.3,772.0,812.0,95.1,13131.0,4055.0,0,0.1,0.3,-0.1,2.0,31.0,2.0,0.0,21.0,1715,ec ECU,DF,fr Ligue 1,24-081,2001.0,10.3,812.0,794.0,18.0,7.0,2.0,2.0,0,3.0,0.0,0.0,0.0,0.0,772.0,0.0,2.0,1715,ec ECU,DF,fr Ligue 1,24-081,2001.0,10.3,6.0,0.58,6.0,0.0,0.0,0.0,0.0,0.0,2.0,0.19,1715,ec ECU,DF,fr Ligue 1,24-081,2001.0,10.3,20.0,15,12.0,6.0,2.0,12.0,75.0,3.0,11.0,4.0,7.0,10,30.0,28.0,0.0,1715,ec ECU,DF,fr Ligue 1,24-081,2001.0,10.3,907.0,92.0,383.0,501.0,27.0,7.0,907.0,1.0,0.0,0.0,1.0,100.0,595.0,2304.0,1112.0,2.0,0.0,0.0,3.0,3.0,694.0,0.0,2143,ec ECU,DF,fr Ligue 1,24-081,2001.0,12,924,77,60.4,10.3,10,85.0,8,2,38.0,5,2.17,21,10,11,1.07,-0.56,17.3,7.3,10.0,0.97,1715,ec ECU,DF,fr Ligue 1,24-081,2001.0,10.3,0,0,0,3,4,0,0,10,15,0.0,0.0,0,68.0,15.0,11.0,57.7,,,,,,,,,,,,,,,,,,,,,,,,,,,,,,,,,,,,,,,,,,,,,,,,,,,,,,Defender,0.0,0.0,0.04854368932038835,0.009708737864077669,0.1941747572815534,2.0388349514563107,0.0,0.1941747572815534,1.9417475728155338,0.9708737864077669,0.1941747572815534,57.76699029126213,-6.6071864077669895,2.233009708737864,-0.5,0.06394707828004409,37.478108581436075,15.0,32.58965963603137
1717,Kendry Páez,ec ECU,"MF,FW",Strasbourg,fr Ligue 1,18.0,2007.0,14,4,423,4.7,1,0,1,1,0,0,0,0,0.8,0.8,0.4,1.3,16.0,23.0,35.0,0.21,0.27,1717,ec ECU,"MF,FW",fr Ligue 1,18-246,2007.0,4.7,1,10,4,40.0,2.13,0.85,0.1,0.25,20.1,2.0,0,0,0.8,0.8,0.08,0.2,0.2,1717,ec ECU,"MF,FW",fr Ligue 1,18-246,2007.0,4.7,125.0,178.0,70.2,1781.0,495.0,0,0.4,1.0,-0.4,6.0,8.0,12.0,0.0,23.0,1717,ec ECU,"MF,FW",fr Ligue 1,18-246,2007.0,4.7,178.0,170.0,6.0,1.0,4.0,0.0,17,0.0,5.0,3.0,2.0,0.0,125.0,2.0,5.0,1717,ec ECU,"MF,FW",fr Ligue 1,18-246,2007.0,4.7,10.0,2.13,8.0,0.0,0.0,1.0,0.0,1.0,0.0,0.0,1717,ec ECU,"MF,FW",fr Ligue 1,18-246,2007.0,4.7,6.0,4,2.0,4.0,0.0,17.0,11.8,15.0,10.0,0.0,10.0,3,9.0,6.0,1.0,1717,ec ECU,"MF,FW",fr Ligue 1,18-246,2007.0,4.7,247.0,2.0,27.0,118.0,102.0,22.0,247.0,18.0,6.0,33.3,12.0,66.7,148.0,938.0,423.0,16.0,7.0,7.0,6.0,9.0,174.0,35.0,2146,ec ECU,"MF,FW",fr Ligue 1,18-246,2007.0,14,423,30,27.6,4.7,4,56.0,0,10,20.0,2,1.43,6,3,3,0.64,0.48,5.7,4.7,1.0,0.22,1717,ec ECU,"MF,FW",fr Ligue 1,18-246,2007.0,4.7,0,0,0,7,3,1,17,3,4,0.0,0.0,0,10.0,2.0,4.0,33.3,,,,,,,,,,,,,,,,,,,,,,,,,,,,,,,,,,,,,,,,,,,,,,,,,,,,,,Forward,0.2127659574468085,0.0,0.1702127659574468,0.0851063829787234,3.404255319148936,4.8936170212765955,7.446808510638298,1.276595744680851,1.276595744680851,0.6382978723404255,2.553191489361702,31.48936170212766,-3.1187037872340424,8.297872340425531,0.19999999999999996,0.8623481781376517,94.07665505226481,50.5,62.50940535034207
1718,Pablo Pagis,fr FRA,"MF,FW",Lorient,fr Ligue 1,23.0,2002.0,14,10,802,8.9,5,0,5,4,1,1,1,0,3.6,2.9,1.3,4.1,18.0,25.0,43.0,0.45,0.55,1718,fr FRA,"MF,FW",fr Ligue 1,23-007,2002.0,8.9,5,23,9,39.1,2.58,1.01,0.17,0.44,19.0,4.0,1,1,3.6,2.9,0.13,1.4,1.1,1718,fr FRA,"MF,FW",fr Ligue 1,23-007,2002.0,8.9,209.0,302.0,69.2,3742.0,1115.0,0,1.3,0.9,-1.3,11.0,24.0,7.0,2.0,25.0,1718,fr FRA,"MF,FW",fr Ligue 1,23-007,2002.0,8.9,302.0,258.0,42.0,20.0,1.0,11.0,32,4.0,18.0,6.0,9.0,0.0,209.0,2.0,14.0,1718,fr FRA,"MF,FW",fr Ligue 1,23-007,2002.0,8.9,27.0,3.03,14.0,4.0,3.0,5.0,0.0,1.0,5.0,0.56,1718,fr FRA,"MF,FW",fr Ligue 1,23-007,2002.0,8.9,10.0,5,1.0,7.0,2.0,11.0,54.5,5.0,13.0,2.0,11.0,9,19.0,12.0,0.0,1718,fr FRA,"MF,FW",fr Ligue 1,23-007,2002.0,8.9,414.0,9.0,61.0,200.0,158.0,28.0,413.0,20.0,8.0,40.0,11.0,55.0,230.0,1344.0,512.0,18.0,11.0,3.0,21.0,9.0,266.0,43.0,2147,fr FRA,"MF,FW",fr Ligue 1,23-007,2002.0,14,802,57,52.4,8.9,10,69.0,1,4,28.0,1,1.29,13,15,-2,-0.22,0.64,12.4,9.7,2.7,0.3,1718,fr FRA,"MF,FW",fr Ligue 1,23-007,2002.0,8.9,1,0,0,13,8,1,32,9,5,0.0,0.0,0,32.0,5.0,14.0,26.3,,,,,,,,,,,,,,,,,,,,,,,,,,,,,,,,,,,,,,,,,,,,,,,,,,,,,,Forward,0.5617977528089887,0.0,0.4044943820224719,0.14606741573033707,2.0224719101123596,2.8089887640449436,4.831460674157303,1.2359550561797752,1.1235955056179774,1.0112359550561798,0.7865168539325842,25.84269662921348,-9.27922393258427,4.831460674157303,1.4,0.7318840579710144,58.36236933797909,8.7,53.69123214165509
1723,Marco Palestra,it ITA,"DF,FW",Cagliari,it Serie A,20.0,2005.0,17,16,1442,16.0,0,3,3,0,0,0,1,0,0.7,0.7,2.0,2.6,60.0,31.0,77.0,0.19,0.17,1723,it ITA,"DF,FW",it Serie A,20-308,2005.0,16.0,0,10,2,20.0,0.62,0.12,0.0,0.0,18.1,0.0,0,0,0.7,0.7,0.07,-0.7,-0.7,1723,it ITA,"DF,FW",it Serie A,20-308,2005.0,16.0,418.0,539.0,77.6,6858.0,2245.0,3,2.0,1.8,1.0,14.0,22.0,14.0,12.0,31.0,1723,it ITA,"DF,FW",it Serie A,20-308,2005.0,16.0,539.0,462.0,77.0,9.0,1.0,3.0,48,68.0,0.0,0.0,0.0,0.0,418.0,0.0,12.0,1723,it ITA,"DF,FW",it Serie A,20-308,2005.0,16.0,26.0,1.62,19.0,0.0,6.0,0.0,0.0,1.0,4.0,0.25,1723,it ITA,"DF,FW",it Serie A,20-308,2005.0,16.0,30.0,21,16.0,11.0,3.0,19.0,73.7,5.0,8.0,1.0,7.0,11,41.0,28.0,1.0,1723,it ITA,"DF,FW",it Serie A,20-308,2005.0,16.0,701.0,36.0,209.0,314.0,189.0,26.0,701.0,64.0,28.0,43.8,24.0,37.5,429.0,2988.0,1821.0,60.0,30.0,16.0,23.0,7.0,457.0,77.0,2153,it ITA,"DF,FW",it Serie A,20-308,2005.0,17,1442,85,89.0,16.0,16,88.0,12,1,36.0,0,1.0,16,22,-6,-0.37,-0.37,13.5,23.9,-10.4,-0.65,1723,it ITA,"DF,FW",it Serie A,20-308,2005.0,16.0,1,0,0,22,51,2,48,11,21,0.0,0.0,0,60.0,8.0,11.0,42.1,,,,,,,,,,,,,,,,,,,,,,,,,,,,,,,,,,,,,,,,,,,,,,,,,,,,,,Forward,0.0,0.1875,0.04375,0.125,3.75,1.9375,4.8125,0.875,1.875,0.6875,0.875,26.8125,-3.55561475,5.6875,-0.7,0.23109843081312414,92.50871080139372,62.1,57.06891474484499
1726,Cole Palmer,eng ENG,MF,Chelsea,eng Premier League,23.0,2002.0,10,8,590,6.6,3,0,3,2,1,1,0,0,2.6,1.9,0.2,2.1,24.0,37.0,36.0,0.31,0.44,1726,eng ENG,MF,eng Premier League,23-244,2002.0,6.6,3,18,5,27.8,2.75,0.76,0.11,0.4,18.6,2.0,1,1,2.6,1.9,0.1,0.4,0.1,1726,eng ENG,MF,eng Premier League,23-244,2002.0,6.6,206.0,272.0,75.7,3501.0,824.0,0,0.2,0.3,-0.2,7.0,26.0,5.0,0.0,37.0,1726,eng ENG,MF,eng Premier League,23-244,2002.0,6.6,272.0,254.0,18.0,2.0,3.0,0.0,13,2.0,0.0,0.0,0.0,0.0,206.0,0.0,15.0,1726,eng ENG,MF,eng Premier League,23-244,2002.0,6.6,25.0,3.81,18.0,0.0,1.0,3.0,2.0,1.0,2.0,0.3,1726,eng ENG,MF,eng Premier League,23-244,2002.0,6.6,8.0,5,2.0,5.0,1.0,5.0,40.0,3.0,1.0,0.0,1.0,7,15.0,2.0,0.0,1726,eng ENG,MF,eng Premier League,23-244,2002.0,6.6,335.0,2.0,33.0,158.0,152.0,30.0,334.0,22.0,7.0,31.8,11.0,50.0,232.0,1369.0,733.0,24.0,14.0,8.0,10.0,8.0,244.0,36.0,2156,eng ENG,MF,eng Premier League,23-244,2002.0,10,590,59,32.8,6.6,8,66.0,2,2,33.0,1,0.9,10,9,1,0.15,-0.59,11.5,12.1,-0.5,-0.08,1726,eng ENG,MF,eng Premier League,23-244,2002.0,6.6,0,0,0,6,10,1,13,7,5,0.0,0.0,0,27.0,0.0,0.0,50.0,,,,,,,,,,,,,,,,,,,,,,,,,,,,,,,,,,,,,,,,,,,,,,,,,,,,,,Midfielder,0.4545454545454546,0.0,0.393939393939394,0.030303030303030307,3.6363636363636367,5.606060606060606,5.454545454545455,1.0606060606060606,1.2121212121212122,1.0606060606060606,0.7575757575757576,35.151515151515156,0.8927373939393934,9.242424242424242,0.3999999999999999,1.1373134328358208,94.1970310391363,66.8,56.473040191328714
1729,Joaquín Panichelli,ar ARG,"FW,MF",Strasbourg,fr Ligue 1,23.0,2002.0,17,16,1405,15.6,10,0,10,7,3,3,2,0,9.7,7.3,1.9,9.2,8.0,12.0,80.0,0.45,0.74,1729,ar ARG,"FW,MF",fr Ligue 1,23-090,2002.0,15.6,10,37,15,40.5,2.37,0.96,0.19,0.47,12.0,0.0,3,3,9.7,7.3,0.2,0.3,-0.3,1729,ar ARG,"FW,MF",fr Ligue 1,23-090,2002.0,15.6,227.0,310.0,73.2,2620.0,397.0,0,1.9,0.9,-1.9,18.0,6.0,3.0,0.0,12.0,1729,ar ARG,"FW,MF",fr Ligue 1,23-090,2002.0,15.6,310.0,302.0,8.0,0.0,2.0,0.0,0,0.0,0.0,0.0,0.0,0.0,227.0,0.0,13.0,1729,ar ARG,"FW,MF",fr Ligue 1,23-090,2002.0,15.6,28.0,1.79,20.0,0.0,1.0,5.0,1.0,1.0,1.0,0.06,1729,ar ARG,"FW,MF",fr Ligue 1,23-090,2002.0,15.6,19.0,5,4.0,8.0,7.0,17.0,41.2,10.0,19.0,7.0,12.0,9,28.0,20.0,0.0,1729,ar ARG,"FW,MF",fr Ligue 1,23-090,2002.0,15.6,504.0,28.0,87.0,196.0,224.0,79.0,501.0,22.0,8.0,36.4,13.0,59.1,251.0,821.0,335.0,8.0,7.0,4.0,45.0,13.0,325.0,80.0,2160,ar ARG,"FW,MF",fr Ligue 1,23-090,2002.0,17,1405,83,91.8,15.6,16,86.0,12,1,29.0,0,1.41,23,19,4,0.26,-0.46,22.6,19.5,3.2,0.2,1729,ar ARG,"FW,MF",fr Ligue 1,23-090,2002.0,15.6,2,0,0,30,26,12,0,9,5,0.0,0.0,0,51.0,43.0,49.0,46.7,,,,,,,,,,,,,,,,,,,,,,,,,,,,,,,,,,,,,,,,,,,,,,,,,,,,,,Forward,0.6410256410256411,0.0,0.6217948717948718,0.12179487179487179,0.5128205128205129,0.7692307692307693,5.128205128205129,1.153846153846154,1.217948717948718,0.576923076923077,0.19230769230769232,16.08974358974359,-11.356541076923078,1.2820512820512822,0.3000000000000007,0.3551587301587302,40.069686411149824,2.6,39.054275254531994
1732,Victor Parada,es ESP,DF,Alavés,es La Liga,23.0,2002.0,14,9,845,9.4,0,1,1,0,0,0,5,0,0.5,0.5,1.1,1.7,10.0,18.0,28.0,0.11,0.18,1732,es ESP,DF,es La Liga,23-276,2002.0,9.4,0,5,1,20.0,0.53,0.11,0.0,0.0,15.6,0.0,0,0,0.5,0.5,0.1,-0.5,-0.5,1732,es ESP,DF,es La Liga,23-276,2002.0,9.4,259.0,358.0,72.3,4304.0,1701.0,1,1.1,0.4,-0.1,8.0,11.0,3.0,3.0,18.0,1732,es ESP,DF,es La Liga,23-276,2002.0,9.4,358.0,297.0,59.0,4.0,0.0,0.0,20,55.0,0.0,0.0,0.0,0.0,259.0,2.0,8.0,1732,es ESP,DF,es La Liga,23-276,2002.0,9.4,17.0,1.81,10.0,2.0,3.0,1.0,0.0,1.0,1.0,0.11,1732,es ESP,DF,es La Liga,23-276,2002.0,9.4,10.0,4,3.0,6.0,1.0,12.0,58.3,5.0,7.0,2.0,5.0,4,14.0,32.0,0.0,1732,es ESP,DF,es La Liga,23-276,2002.0,9.4,442.0,35.0,159.0,184.0,102.0,7.0,442.0,6.0,4.0,66.7,2.0,33.3,201.0,967.0,490.0,10.0,12.0,1.0,9.0,4.0,243.0,28.0,2163,es ESP,DF,es La Liga,23-276,2002.0,14,845,60,52.2,9.4,9,84.0,4,5,18.0,3,1.21,7,14,-7,-0.75,-0.86,11.9,12.1,-0.2,-0.02,1732,es ESP,DF,es La Liga,23-276,2002.0,9.4,5,0,0,15,7,2,20,4,4,0.0,1.0,0,32.0,18.0,12.0,60.0,,,,,,,,,,,,,,,,,,,,,,,,,,,,,,,,,,,,,,,,,,,,,,,,,,,,,,Defender,0.0,0.10638297872340426,0.05319148936170213,0.11702127659574468,1.0638297872340425,1.9148936170212765,2.978723404255319,0.851063829787234,1.0638297872340425,0.425531914893617,0.3191489361702127,21.382978723404253,-6.866140425531913,2.978723404255319,-0.5,0.4095022624434389,33.45008756567426,1.0,33.118898579875506
1742,Aleksandar Pavlovic,de GER,MF,Bayern Munich,de Bundesliga,21.0,2004.0,12,5,604,6.7,1,1,2,1,0,0,2,0,0.3,0.3,0.9,1.2,20.0,68.0,24.0,0.3,0.18,1742,de GER,MF,de Bundesliga,21-247,2004.0,6.7,1,3,2,66.7,0.45,0.3,0.33,0.5,19.3,0.0,0,0,0.3,0.3,0.09,0.7,0.7,1742,de GER,MF,de Bundesliga,21-247,2004.0,6.7,689.0,733.0,94.0,10815.0,2690.0,1,0.9,1.4,0.1,10.0,78.0,10.0,0.0,68.0,1742,de GER,MF,de Bundesliga,21-247,2004.0,6.7,733.0,720.0,13.0,3.0,0.0,6.0,3,5.0,4.0,2.0,0.0,0.0,689.0,0.0,7.0,1742,de GER,MF,de Bundesliga,21-247,2004.0,6.7,24.0,3.58,24.0,0.0,0.0,0.0,0.0,0.0,4.0,0.6,1742,de GER,MF,de Bundesliga,21-247,2004.0,6.7,11.0,4,6.0,5.0,0.0,7.0,71.4,2.0,7.0,5.0,2.0,7,18.0,11.0,0.0,1742,de GER,MF,de Bundesliga,21-247,2004.0,6.7,793.0,16.0,92.0,499.0,204.0,8.0,793.0,6.0,2.0,33.3,3.0,50.0,526.0,2410.0,1173.0,20.0,17.0,0.0,8.0,3.0,678.0,24.0,2175,de GER,MF,de Bundesliga,21-247,2004.0,12,604,50,44.7,6.7,5,87.0,2,7,24.0,2,2.67,26,8,18,2.68,-0.45,18.5,5.2,13.3,1.98,1742,de GER,MF,de Bundesliga,21-247,2004.0,6.7,2,0,0,10,6,0,3,7,4,0.0,0.0,0,28.0,2.0,4.0,33.3,,,,,,,,,,,,,,,,,,,,,,,,,,,,,,,,,,,,,,,,,,,,,,,,,,,,,,Midfielder,0.14925373134328357,0.14925373134328357,0.04477611940298507,0.13432835820895522,2.9850746268656714,10.149253731343283,3.582089552238806,1.4925373134328357,1.6417910447761193,1.044776119402985,1.4925373134328357,78.50746268656717,6.747806985074625,13.134328358208954,0.7,0.4514501891551072,99.73009446693656,54.6,64.5084699009939
1743,Strahinja Pavlović,rs SRB,DF,Milan,it Serie A,24.0,2001.0,16,16,1372,15.2,2,1,3,2,0,0,1,0,1.8,1.8,0.5,2.3,28.0,63.0,16.0,0.2,0.15,1743,rs SRB,DF,it Serie A,24-226,2001.0,15.2,2,9,3,33.3,0.59,0.2,0.22,0.67,12.5,0.0,0,0,1.8,1.8,0.2,0.2,0.2,1743,rs SRB,DF,it Serie A,24-226,2001.0,15.2,792.0,885.0,89.5,13804.0,4413.0,1,0.5,0.7,0.5,8.0,67.0,4.0,2.0,63.0,1743,rs SRB,DF,it Serie A,24-226,2001.0,15.2,885.0,835.0,48.0,16.0,1.0,6.0,9,3.0,0.0,0.0,0.0,0.0,792.0,2.0,8.0,1743,rs SRB,DF,it Serie A,24-226,2001.0,15.2,20.0,1.31,18.0,1.0,1.0,0.0,0.0,0.0,2.0,0.13,1743,rs SRB,DF,it Serie A,24-226,2001.0,15.2,22.0,13,15.0,5.0,2.0,19.0,78.9,4.0,15.0,8.0,7.0,7,29.0,66.0,1.0,1743,rs SRB,DF,it Serie A,24-226,2001.0,15.2,1040.0,100.0,400.0,538.0,104.0,22.0,1040.0,14.0,6.0,42.9,7.0,50.0,644.0,3543.0,2136.0,28.0,20.0,2.0,12.0,9.0,759.0,16.0,2176,rs SRB,DF,it Serie A,24-226,2001.0,16,1372,86,89.7,15.2,16,86.0,14,0,,1,2.19,26,13,13,0.85,-0.29,24.8,17.1,7.7,0.51,1743,rs SRB,DF,it Serie A,24-226,2001.0,15.2,1,0,0,10,11,2,9,7,13,0.0,1.0,0,41.0,34.0,23.0,59.6,,,,,,,,,,,,,,,,,,,,,,,,,,,,,,,,,,,,,,,,,,,,,,,,,,,,,,Defender,0.13157894736842105,0.06578947368421052,0.11842105263157895,0.03289473684210526,1.842105263157895,4.144736842105264,1.0526315789473684,0.5263157894736842,1.4473684210526316,0.46052631578947373,0.2631578947368421,42.36842105263158,-2.2905052631578915,5.986842105263158,0.19999999999999996,0.12596153846153846,79.50963222416813,27.7,62.26282867984975
1746,Nicolás Paz,ar ARG,MF,Como,it Serie A,21.0,2004.0,17,16,1441,16.0,6,6,12,6,0,0,3,0,3.0,3.0,3.9,6.9,40.0,104.0,83.0,0.75,0.43,1746,ar ARG,MF,it Serie A,21-119,2004.0,16.0,6,57,21,36.8,3.56,1.31,0.11,0.29,23.9,7.0,0,0,3.0,3.0,0.05,3.0,3.0,1746,ar ARG,MF,it Serie A,21-119,2004.0,16.0,584.0,744.0,78.5,8799.0,2630.0,6,3.9,2.5,2.1,34.0,65.0,19.0,2.0,104.0,1746,ar ARG,MF,it Serie A,21-119,2004.0,16.0,744.0,706.0,38.0,16.0,8.0,4.0,36,1.0,18.0,10.0,3.0,0.0,584.0,0.0,17.0,1746,ar ARG,MF,it Serie A,21-119,2004.0,16.0,75.0,4.68,50.0,4.0,7.0,8.0,5.0,1.0,12.0,0.75,1746,ar ARG,MF,it Serie A,21-119,2004.0,16.0,43.0,24,15.0,22.0,6.0,31.0,45.2,17.0,20.0,2.0,18.0,13,56.0,7.0,1.0,1746,ar ARG,MF,it Serie A,21-119,2004.0,16.0,992.0,12.0,125.0,538.0,346.0,34.0,992.0,71.0,38.0,53.5,28.0,39.4,598.0,3237.0,1616.0,40.0,34.0,7.0,47.0,22.0,730.0,83.0,2179,ar ARG,MF,it Serie A,21-119,2004.0,17,1441,85,94.2,16.0,16,89.0,12,1,22.0,0,1.76,21,12,9,0.56,-1.46,20.6,16.1,4.5,0.28,1746,ar ARG,MF,it Serie A,21-119,2004.0,16.0,3,0,0,33,28,0,36,13,24,0.0,0.0,0,75.0,16.0,15.0,51.6,,,,,,,,,,,,,,,,,,,,,,,,,,,,,,,,,,,,,,,,,,,,,,,,,,,,,,Midfielder,0.375,0.375,0.1875,0.24375,2.5,6.5,5.1875,2.125,2.6875,0.8125,1.1875,37.375,2.0493577499999986,9.0,3.0,0.4717741935483871,96.49122807017544,67.9,57.46946281725756
1751,Pedri,es ESP,MF,Barcelona,es La Liga,23.0,2002.0,15,13,1124,12.5,2,5,7,2,0,0,2,1,1.2,1.2,3.2,4.4,54.0,140.0,56.0,0.56,0.35,1751,es ESP,MF,es La Liga,23-041,2002.0,12.5,2,15,7,46.7,1.2,0.56,0.13,0.29,20.2,0.0,0,0,1.2,1.2,0.08,0.8,0.8,1751,es ESP,MF,es La Liga,23-041,2002.0,12.5,1045.0,1153.0,90.6,17976.0,4764.0,5,3.2,3.2,1.8,35.0,139.0,32.0,2.0,140.0,1751,es ESP,MF,es La Liga,23-041,2002.0,12.5,1153.0,1110.0,40.0,32.0,9.0,6.0,6,8.0,0.0,0.0,0.0,0.0,1045.0,3.0,19.0,1751,es ESP,MF,es La Liga,23-041,2002.0,12.5,82.0,6.58,74.0,0.0,1.0,4.0,2.0,1.0,10.0,0.8,1751,es ESP,MF,es La Liga,23-041,2002.0,12.5,26.0,15,8.0,11.0,7.0,32.0,43.8,18.0,27.0,1.0,26.0,11,37.0,11.0,1.0,1751,es ESP,MF,es La Liga,23-041,2002.0,12.5,1293.0,19.0,141.0,755.0,414.0,17.0,1293.0,29.0,22.0,75.9,4.0,13.8,856.0,5614.0,2793.0,54.0,68.0,6.0,19.0,15.0,1037.0,56.0,2186,es ESP,MF,es La Liga,23-041,2002.0,15,1124,75,65.7,12.5,13,82.0,4,2,29.0,0,2.47,35,14,21,1.68,-0.16,29.2,16.0,13.2,1.06,1751,es ESP,MF,es La Liga,23-041,2002.0,12.5,2,1,1,7,21,0,6,11,15,0.0,0.0,0,85.0,5.0,2.0,71.4,,,,,,,,,,,,,,,,,,,,,,,,,,,,,,,,,,,,,,,,,,,,,,,,,,,,,,Midfielder,0.16,0.4,0.096,0.256,4.32,11.2,4.48,2.8,2.08,0.88,2.56,68.48,8.410272,15.52,0.8,0.5088940448569219,100.0,117.6,45.95588235294118
1756,Dženan Pejčinović,de GER,FW,Wolfsburg,de Bundesliga,20.0,2005.0,13,5,430,4.8,3,0,3,3,0,0,1,0,2.7,2.7,0.0,2.8,5.0,7.0,16.0,0.63,0.58,1756,de GER,FW,de Bundesliga,20-324,2005.0,4.8,3,18,7,38.9,3.77,1.47,0.17,0.43,11.1,0.0,0,0,2.7,2.7,0.15,0.3,0.3,1756,de GER,FW,de Bundesliga,20-324,2005.0,4.8,70.0,99.0,70.7,894.0,156.0,0,0.0,0.1,0.0,1.0,4.0,0.0,0.0,7.0,1756,de GER,FW,de Bundesliga,20-324,2005.0,4.8,99.0,88.0,11.0,0.0,0.0,0.0,1,1.0,0.0,0.0,0.0,0.0,70.0,0.0,2.0,1756,de GER,FW,de Bundesliga,20-324,2005.0,4.8,10.0,2.09,6.0,0.0,1.0,3.0,0.0,0.0,1.0,0.21,1756,de GER,FW,de Bundesliga,20-324,2005.0,4.8,2.0,2,1.0,1.0,0.0,2.0,0.0,2.0,7.0,1.0,6.0,0,2.0,3.0,0.0,1756,de GER,FW,de Bundesliga,20-324,2005.0,4.8,154.0,4.0,18.0,80.0,56.0,25.0,154.0,7.0,3.0,42.9,4.0,57.1,78.0,254.0,105.0,5.0,0.0,4.0,11.0,4.0,108.0,16.0,2191,de GER,FW,de Bundesliga,20-324,2005.0,13,430,33,31.9,4.8,5,65.0,1,8,13.0,2,0.92,7,13,-6,-1.26,-1.35,6.8,11.2,-4.4,-0.92,1756,de GER,FW,de Bundesliga,20-324,2005.0,4.8,1,0,0,5,4,0,1,0,2,0.0,0.0,0,8.0,18.0,33.0,35.3,,,,,,,,,,,,,,,,,,,,,,,,,,,,,,,,,,,,,,,,,,,,,,,,,,,,,,Forward,0.625,0.0,0.5625000000000001,0.0,1.0416666666666667,1.4583333333333335,3.3333333333333335,0.20833333333333334,0.4166666666666667,0.0,0.0,16.25,-9.081431333333333,2.5,0.2999999999999998,1.3571428571428572,60.278745644599304,9.2,55.200316524358335
1759,Mateo Pellegrino,ar ARG,FW,Parma,it Serie A,24.0,2001.0,17,17,1459,16.2,5,1,6,4,1,1,3,0,4.0,3.2,1.2,4.4,12.0,23.0,54.0,0.31,0.32,1759,ar ARG,FW,it Serie A,24-310,2001.0,16.2,5,36,11,30.6,2.22,0.68,0.11,0.36,15.9,0.0,1,1,4.0,3.2,0.09,1.0,0.8,1759,ar ARG,FW,it Serie A,24-310,2001.0,16.2,143.0,254.0,56.3,2177.0,485.0,1,1.2,0.7,-0.2,15.0,18.0,4.0,0.0,23.0,1759,ar ARG,FW,it Serie A,24-310,2001.0,16.2,254.0,243.0,8.0,0.0,3.0,2.0,5,0.0,0.0,0.0,0.0,0.0,143.0,3.0,11.0,1759,ar ARG,FW,it Serie A,24-310,2001.0,16.2,33.0,2.04,20.0,0.0,3.0,5.0,4.0,1.0,1.0,0.06,1759,ar ARG,FW,it Serie A,24-310,2001.0,16.2,8.0,5,2.0,4.0,2.0,12.0,50.0,6.0,14.0,5.0,9.0,2,10.0,23.0,0.0,1759,ar ARG,FW,it Serie A,24-310,2001.0,16.2,452.0,28.0,51.0,198.0,210.0,62.0,451.0,25.0,15.0,60.0,10.0,40.0,219.0,1052.0,359.0,12.0,10.0,4.0,58.0,46.0,331.0,54.0,2195,ar ARG,FW,it Serie A,24-310,2001.0,17,1459,86,95.4,16.2,17,86.0,10,0,,0,1.06,11,17,-6,-0.37,0.9,15.4,19.5,-4.1,-0.25,1759,ar ARG,FW,it Serie A,24-310,2001.0,16.2,3,0,0,40,33,4,5,2,5,0.0,0.0,0,44.0,66.0,68.0,49.3,,,,,,,,,,,,,,,,,,,,,,,,,,,,,,,,,,,,,,,,,,,,,,,,,,,,,,Forward,0.308641975308642,0.0617283950617284,0.2469135802469136,0.07407407407407407,0.7407407407407408,1.4197530864197532,3.3333333333333335,0.9259259259259259,0.4938271604938272,0.1234567901234568,0.2469135802469136,13.518518518518519,-12.269905654320986,2.160493827160494,1.0,0.45132743362831856,29.965156794425084,1.0,29.668472073688203
1762,Mike Penders,be BEL,GK,Strasbourg,fr Ligue 1,20.0,2005.0,16,16,1440,16.0,0,0,0,0,0,0,3,0,0.0,0.0,0.0,0.0,0.0,3.0,0.0,0.0,0.0,1762,be BEL,GK,fr Ligue 1,20-158,2005.0,16.0,0,0,0,,0.0,0.0,,,,0.0,0,0,0.0,0.0,,0.0,0.0,1762,be BEL,GK,fr Ligue 1,20-158,2005.0,16.0,642.0,750.0,85.6,13546.0,7625.0,0,0.0,0.0,0.0,0.0,7.0,0.0,0.0,3.0,1762,be BEL,GK,fr Ligue 1,20-158,2005.0,16.0,750.0,664.0,84.0,34.0,0.0,0.0,0,0.0,0.0,0.0,0.0,0.0,642.0,2.0,1.0,1762,be BEL,GK,fr Ligue 1,20-158,2005.0,16.0,2.0,0.12,2.0,0.0,0.0,0.0,0.0,0.0,0.0,0.0,1762,be BEL,GK,fr Ligue 1,20-158,2005.0,16.0,0.0,0,0.0,0.0,0.0,0.0,,0.0,0.0,0.0,0.0,0,0.0,7.0,3.0,1762,be BEL,GK,fr Ligue 1,20-158,2005.0,16.0,787.0,461.0,764.0,23.0,0.0,0.0,787.0,0.0,0.0,,0.0,,559.0,2193.0,1206.0,0.0,0.0,0.0,1.0,0.0,565.0,0.0,2200,be BEL,GK,fr Ligue 1,20-158,2005.0,16,1440,90,94.1,16.0,16,90.0,16,0,,0,1.31,25,21,4,0.25,-0.75,24.2,20.7,3.6,0.22,1762,be BEL,GK,fr Ligue 1,20-158,2005.0,16.0,3,0,0,1,0,0,0,0,0,0.0,1.0,0,46.0,2.0,0.0,100.0,94.0,be BEL,GK,fr Ligue 1,20-158,2005.0,16.0,16.0,1440.0,16.0,21.0,1.31,64.0,43.0,70.3,6.0,3.0,7.0,6.0,37.5,3.0,2.0,1.0,0.0,94.0,be BEL,GK,fr Ligue 1,20-158,2005.0,16.0,21.0,2.0,0.0,1.0,1.0,22.2,0.32,2.2,0.14,43.0,127.0,33.9,698.0,41.0,14.8,24.3,203.0,13.0,6.4,13.0,0.81,12.4,Goalkeeper,0.0,0.0,0.0,0.0,0.0,0.1875,0.0,0.0,0.0,0.0,0.0,34.9375,-10.0,0.1875,0.0,0.015247776365946632,99.60629921259843,41.3,70.49278075909301
1764,Kojo Peprah Oppong,gh GHA,DF,Nice,fr Ligue 1,21.0,2004.0,16,15,1328,14.8,1,0,1,1,0,0,2,0,0.8,0.8,0.3,1.0,15.0,53.0,6.0,0.07,0.07,1764,gh GHA,DF,fr Ligue 1,21-215,2004.0,14.8,1,8,2,25.0,0.54,0.14,0.13,0.5,16.3,0.0,0,0,0.8,0.8,0.09,0.2,0.2,1764,gh GHA,DF,fr Ligue 1,21-215,2004.0,14.8,749.0,818.0,91.6,12271.0,3765.0,0,0.3,0.3,-0.3,6.0,48.0,3.0,1.0,53.0,1764,gh GHA,DF,fr Ligue 1,21-215,2004.0,14.8,818.0,764.0,53.0,21.0,0.0,6.0,5,2.0,0.0,0.0,0.0,0.0,749.0,1.0,5.0,1764,gh GHA,DF,fr Ligue 1,21-215,2004.0,14.8,16.0,1.08,15.0,0.0,0.0,0.0,1.0,0.0,1.0,0.07,1764,gh GHA,DF,fr Ligue 1,21-215,2004.0,14.8,25.0,16,15.0,7.0,3.0,16.0,62.5,6.0,14.0,11.0,3.0,15,40.0,70.0,1.0,1764,gh GHA,DF,fr Ligue 1,21-215,2004.0,14.8,975.0,134.0,414.0,498.0,69.0,11.0,975.0,15.0,11.0,73.3,3.0,20.0,603.0,3088.0,1726.0,15.0,11.0,1.0,4.0,6.0,676.0,6.0,2203,gh GHA,DF,fr Ligue 1,21-215,2004.0,16,1328,83,86.8,14.8,15,85.0,11,1,53.0,1,1.13,19,28,-9,-0.61,-0.16,18.6,26.9,-8.4,-0.57,1764,gh GHA,DF,fr Ligue 1,21-215,2004.0,14.8,2,0,0,21,14,1,5,15,16,0.0,1.0,0,48.0,25.0,20.0,55.6,,,,,,,,,,,,,,,,,,,,,,,,,,,,,,,,,,,,,,,,,,,,,,,,,,,,,,Defender,0.06756756756756756,0.0,0.05405405405405406,0.020270270270270268,1.0135135135135134,3.5810810810810807,0.4054054054054054,0.4054054054054054,1.689189189189189,1.0135135135135134,0.2027027027027027,40.74324324324324,-2.316093243243243,4.594594594594595,0.19999999999999996,0.11076923076923079,78.98423817863399,23.4,64.00667599565152
1765,Peque,es ESP,MF,Sevilla,es La Liga,23.0,2002.0,14,6,574,6.4,1,0,1,1,0,0,5,0,0.7,0.7,0.5,1.2,27.0,25.0,31.0,0.16,0.19,1765,es ESP,MF,es La Liga,23-093,2002.0,6.4,1,11,4,36.4,1.72,0.63,0.09,0.25,17.1,0.0,0,0,0.7,0.7,0.07,0.3,0.3,1765,es ESP,MF,es La Liga,23-093,2002.0,6.4,194.0,260.0,74.6,3000.0,805.0,0,0.5,0.6,-0.5,12.0,34.0,4.0,0.0,25.0,1765,es ESP,MF,es La Liga,23-093,2002.0,6.4,260.0,226.0,32.0,12.0,2.0,1.0,21,0.0,15.0,9.0,2.0,0.0,194.0,2.0,7.0,1765,es ESP,MF,es La Liga,23-093,2002.0,6.4,24.0,3.76,14.0,4.0,3.0,3.0,0.0,0.0,2.0,0.31,1765,es ESP,MF,es La Liga,23-093,2002.0,6.4,5.0,3,0.0,5.0,0.0,4.0,25.0,3.0,7.0,0.0,7.0,0,5.0,3.0,0.0,1765,es ESP,MF,es La Liga,23-093,2002.0,6.4,335.0,0.0,33.0,179.0,128.0,22.0,335.0,31.0,11.0,35.5,18.0,58.1,196.0,1246.0,782.0,27.0,13.0,5.0,11.0,8.0,237.0,31.0,2204,es ESP,MF,es La Liga,23-093,2002.0,14,574,41,35.4,6.4,6,73.0,1,8,17.0,3,1.21,5,7,-2,-0.31,-0.06,5.3,11.3,-5.9,-0.93,1765,es ESP,MF,es La Liga,23-093,2002.0,6.4,5,0,0,10,26,1,21,0,3,0.0,0.0,0,22.0,10.0,10.0,50.0,,,,,,,,,,,,,,,,,,,,,,,,,,,,,,,,,,,,,,,,,,,,,,,,,,,,,,Midfielder,0.15625,0.0,0.10937499999999999,0.078125,4.21875,3.90625,4.84375,1.875,0.78125,0.0,0.625,30.625,-0.13934062500000088,8.125,0.30000000000000004,1.1223880597014924,89.87854251012146,34.9,66.62605078585727
1769,Francisco Perez,es ESP,"FW,MF",Rayo Vallecano,es La Liga,23.0,2002.0,15,5,678,7.5,1,0,1,1,0,0,2,0,1.1,1.1,1.3,2.4,18.0,12.0,39.0,0.13,0.32,1769,es ESP,"FW,MF",es La Liga,23-118,2002.0,7.5,1,8,3,37.5,1.06,0.4,0.13,0.33,12.5,0.0,0,0,1.1,1.1,0.14,-0.1,-0.1,1769,es ESP,"FW,MF",es La Liga,23-118,2002.0,7.5,156.0,206.0,75.7,2191.0,422.0,0,1.3,1.0,-1.3,10.0,5.0,7.0,4.0,12.0,1769,es ESP,"FW,MF",es La Liga,23-118,2002.0,7.5,206.0,204.0,1.0,0.0,1.0,0.0,22,0.0,1.0,0.0,0.0,0.0,156.0,1.0,14.0,1769,es ESP,"FW,MF",es La Liga,23-118,2002.0,7.5,20.0,2.65,16.0,1.0,0.0,2.0,0.0,1.0,1.0,0.13,1769,es ESP,"FW,MF",es La Liga,23-118,2002.0,7.5,9.0,7,3.0,5.0,1.0,13.0,46.2,7.0,11.0,0.0,11.0,2,11.0,3.0,0.0,1769,es ESP,"FW,MF",es La Liga,23-118,2002.0,7.5,293.0,9.0,54.0,114.0,132.0,19.0,293.0,12.0,6.0,50.0,6.0,50.0,177.0,1177.0,532.0,18.0,8.0,4.0,23.0,8.0,198.0,39.0,2211,es ESP,"FW,MF",es La Liga,23-118,2002.0,15,678,45,41.9,7.5,5,67.0,0,10,34.0,2,1.0,7,9,-2,-0.27,0.21,9.8,9.7,0.1,0.01,1769,es ESP,"FW,MF",es La Liga,23-118,2002.0,7.5,2,0,0,8,6,2,22,2,7,0.0,0.0,0,46.0,1.0,11.0,8.3,,,,,,,,,,,,,,,,,,,,,,,,,,,,,,,,,,,,,,,,,,,,,,,,,,,,,,Forward,0.13333333333333333,0.0,0.14666666666666667,0.17333333333333334,2.4,1.6,5.2,1.3333333333333333,1.2,0.26666666666666666,0.9333333333333333,23.6,-8.357567,4.0,-0.10000000000000009,0.9044368600682593,67.77003484320558,14.8,59.033131396520545
1775,Máximo Perrone,ar ARG,MF,Como,it Serie A,22.0,2003.0,15,14,1211,13.5,1,3,4,1,0,0,6,0,1.0,1.0,1.3,2.3,7.0,67.0,14.0,0.3,0.17,1775,ar ARG,MF,it Serie A,22-363,2003.0,13.5,1,7,4,57.1,0.52,0.3,0.14,0.25,15.4,0.0,0,0,1.0,1.0,0.15,0.0,0.0,1775,ar ARG,MF,it Serie A,22-363,2003.0,13.5,841.0,925.0,90.9,13623.0,3638.0,3,1.3,1.5,1.7,15.0,51.0,12.0,1.0,67.0,1775,ar ARG,MF,it Serie A,22-363,2003.0,13.5,925.0,899.0,26.0,25.0,4.0,6.0,4,0.0,1.0,0.0,0.0,0.0,841.0,0.0,6.0,1775,ar ARG,MF,it Serie A,22-363,2003.0,13.5,38.0,2.82,37.0,0.0,0.0,0.0,1.0,0.0,5.0,0.37,1775,ar ARG,MF,it Serie A,22-363,2003.0,13.5,25.0,18,9.0,13.0,3.0,27.0,33.3,18.0,11.0,1.0,10.0,12,37.0,12.0,2.0,1775,ar ARG,MF,it Serie A,22-363,2003.0,13.5,1026.0,33.0,234.0,663.0,139.0,13.0,1026.0,8.0,4.0,50.0,4.0,50.0,612.0,2307.0,1069.0,7.0,10.0,0.0,14.0,4.0,797.0,14.0,2219,ar ARG,MF,it Serie A,22-363,2003.0,15,1211,81,79.2,13.5,14,85.0,9,1,26.0,1,1.8,18,8,10,0.74,0.46,18.7,12.5,6.3,0.47,1775,ar ARG,MF,it Serie A,22-363,2003.0,13.5,6,0,0,24,11,0,4,12,18,0.0,0.0,0,58.0,5.0,4.0,55.6,,,,,,,,,,,,,,,,,,,,,,,,,,,,,,,,,,,,,,,,,,,,,,,,,,,,,,Midfielder,0.07407407407407407,0.2222222222222222,0.07407407407407407,0.0962962962962963,0.5185185185185185,4.962962962962963,1.037037037037037,1.1111111111111112,1.8518518518518519,0.8888888888888888,0.8888888888888888,45.333333333333336,-1.8416738888888888,5.481481481481482,0.0,0.27485380116959063,79.89203778677462,26.1,63.35609657951993
1777,Prosper Peter,ng NGA,FW,Angers,fr Ligue 1,18.0,2007.0,15,7,652,7.2,3,0,3,3,0,0,0,0,3.6,3.6,0.4,4.0,7.0,10.0,33.0,0.41,0.55,1777,ng NGA,FW,fr Ligue 1,18-149,2007.0,7.2,3,14,9,64.3,1.93,1.24,0.21,0.33,10.1,0.0,0,0,3.6,3.6,0.26,-0.6,-0.6,1777,ng NGA,FW,fr Ligue 1,18-149,2007.0,7.2,67.0,93.0,72.0,891.0,218.0,0,0.4,0.3,-0.4,7.0,6.0,2.0,0.0,10.0,1777,ng NGA,FW,fr Ligue 1,18-149,2007.0,7.2,93.0,78.0,15.0,0.0,1.0,0.0,0,0.0,0.0,0.0,0.0,0.0,67.0,0.0,2.0,1777,ng NGA,FW,fr Ligue 1,18-149,2007.0,7.2,15.0,2.07,12.0,0.0,0.0,2.0,1.0,0.0,2.0,0.28,1777,ng NGA,FW,fr Ligue 1,18-149,2007.0,7.2,3.0,1,1.0,1.0,1.0,1.0,0.0,1.0,7.0,0.0,7.0,2,5.0,4.0,0.0,1777,ng NGA,FW,fr Ligue 1,18-149,2007.0,7.2,184.0,5.0,14.0,102.0,72.0,32.0,184.0,15.0,3.0,20.0,10.0,66.7,91.0,535.0,218.0,7.0,6.0,6.0,30.0,8.0,110.0,33.0,2222,ng NGA,FW,fr Ligue 1,18-149,2007.0,15,652,43,42.6,7.2,7,74.0,4,8,17.0,1,1.4,7,13,-6,-0.83,-1.24,9.0,15.3,-6.3,-0.87,1777,ng NGA,FW,fr Ligue 1,18-149,2007.0,7.2,0,0,0,21,15,10,0,2,1,0.0,0.0,0,18.0,14.0,27.0,34.1,,,,,,,,,,,,,,,,,,,,,,,,,,,,,,,,,,,,,,,,,,,,,,,,,,,,,,Forward,0.41666666666666663,0.0,0.5,0.05555555555555556,0.9722222222222222,1.3888888888888888,4.583333333333333,0.9722222222222222,0.41666666666666663,0.2777777777777778,0.2777777777777778,12.63888888888889,-8.154632333333332,2.361111111111111,-0.6000000000000001,1.125,69.1637630662021,21.5,56.92490787341736
1783,Gabriele Piccinini,it ITA,MF,Pisa,it Serie A,24.0,2001.0,9,4,408,4.5,0,0,0,0,0,0,2,0,0.5,0.5,1.3,1.8,2.0,8.0,19.0,0.0,0.39,1783,it ITA,MF,it Serie A,24-274,2001.0,4.5,0,6,1,16.7,1.32,0.22,0.0,0.0,13.8,0.0,0,0,0.5,0.5,0.08,-0.5,-0.5,1783,it ITA,MF,it Serie A,24-274,2001.0,4.5,75.0,110.0,68.2,1111.0,234.0,0,1.3,0.7,-1.3,4.0,4.0,1.0,0.0,8.0,1783,it ITA,MF,it Serie A,24-274,2001.0,4.5,110.0,103.0,6.0,0.0,0.0,1.0,13,3.0,1.0,1.0,0.0,0.0,75.0,1.0,3.0,1783,it ITA,MF,it Serie A,24-274,2001.0,4.5,7.0,1.54,6.0,0.0,0.0,0.0,1.0,0.0,0.0,0.0,1783,it ITA,MF,it Serie A,24-274,2001.0,4.5,6.0,2,5.0,1.0,0.0,6.0,33.3,4.0,5.0,0.0,5.0,1,7.0,6.0,0.0,1783,it ITA,MF,it Serie A,24-274,2001.0,4.5,152.0,4.0,32.0,63.0,59.0,18.0,152.0,9.0,1.0,11.1,8.0,88.9,86.0,293.0,124.0,2.0,1.0,1.0,6.0,5.0,95.0,19.0,2230,it ITA,MF,it Serie A,24-274,2001.0,9,408,45,25.2,4.5,4,77.0,1,5,20.0,9,0.89,4,6,-2,-0.44,0.3,7.5,5.5,2.0,0.44,1783,it ITA,MF,it Serie A,24-274,2001.0,4.5,2,0,0,3,6,0,13,1,2,0.0,0.0,0,16.0,5.0,5.0,50.0,,,,,,,,,,,,,,,,,,,,,,,,,,,,,,,,,,,,,,,,,,,,,,,,,,,,,,Midfielder,0.0,0.0,0.1111111111111111,0.2888888888888889,0.4444444444444444,1.7777777777777777,4.222222222222222,0.8888888888888888,1.3333333333333333,0.2222222222222222,0.2222222222222222,19.11111111111111,-6.180496888888889,2.2222222222222223,-0.5,1.0131578947368423,42.24021592442645,1.9,41.452616216316436
1784,Roberto Piccoli,it ITA,"FW,MF",Fiorentina,it Serie A,24.0,2001.0,15,6,698,7.8,1,0,1,1,0,0,0,0,3.1,3.1,0.3,3.5,8.0,5.0,41.0,0.13,0.45,1784,it ITA,"FW,MF",it Serie A,24-343,2001.0,7.8,1,24,9,37.5,3.09,1.16,0.04,0.11,15.2,0.0,0,0,3.1,3.1,0.13,-2.1,-2.1,1784,it ITA,"FW,MF",it Serie A,24-343,2001.0,7.8,60.0,102.0,58.8,690.0,107.0,0,0.3,0.1,-0.3,7.0,4.0,0.0,0.0,5.0,1784,it ITA,"FW,MF",it Serie A,24-343,2001.0,7.8,102.0,98.0,4.0,1.0,1.0,0.0,2,1.0,0.0,0.0,0.0,0.0,60.0,0.0,2.0,1784,it ITA,"FW,MF",it Serie A,24-343,2001.0,7.8,17.0,2.19,11.0,0.0,1.0,4.0,1.0,0.0,1.0,0.13,1784,it ITA,"FW,MF",it Serie A,24-343,2001.0,7.8,6.0,0,0.0,4.0,2.0,2.0,100.0,0.0,6.0,0.0,6.0,3,9.0,3.0,0.0,1784,it ITA,"FW,MF",it Serie A,24-343,2001.0,7.8,191.0,3.0,16.0,74.0,105.0,36.0,191.0,13.0,5.0,38.5,6.0,46.2,102.0,447.0,198.0,8.0,5.0,3.0,26.0,10.0,152.0,41.0,2231,it ITA,"FW,MF",it Serie A,24-343,2001.0,15,698,47,43.1,7.8,6,77.0,1,9,26.0,2,0.73,7,9,-2,-0.26,0.52,13.0,9.4,3.6,0.46,1784,it ITA,"FW,MF",it Serie A,24-343,2001.0,7.8,0,0,0,13,18,3,2,3,0,0.0,0.0,0,17.0,28.0,40.0,41.2,,,,,,,,,,,,,,,,,,,,,,,,,,,,,,,,,,,,,,,,,,,,,,,,,,,,,,Forward,0.12820512820512822,0.0,0.39743589743589747,0.038461538461538464,1.0256410256410258,0.6410256410256411,5.256410256410256,0.8974358974358975,0.7692307692307693,0.38461538461538464,0.0,13.076923076923077,-11.56626064102564,1.6666666666666667,-2.1,1.1465968586387436,36.58536585365854,1.6,36.00921835990014
1790,Santiago Pierotti,ar ARG,"FW,MF",Lecce,it Serie A,24.0,2001.0,16,12,968,10.8,0,0,0,0,0,0,0,0,0.8,0.8,0.6,1.5,23.0,32.0,54.0,0.0,0.14,1790,ar ARG,"FW,MF",it Serie A,24-277,2001.0,10.8,0,14,4,28.6,1.3,0.37,0.0,0.0,16.3,0.0,0,0,0.8,0.8,0.06,-0.8,-0.8,1790,ar ARG,"FW,MF",it Serie A,24-277,2001.0,10.8,186.0,256.0,72.7,2586.0,713.0,0,0.6,0.5,-0.6,9.0,24.0,4.0,0.0,32.0,1790,ar ARG,"FW,MF",it Serie A,24-277,2001.0,10.8,256.0,254.0,2.0,0.0,1.0,1.0,7,2.0,0.0,0.0,0.0,0.0,186.0,0.0,12.0,1790,ar ARG,"FW,MF",it Serie A,24-277,2001.0,10.8,19.0,1.76,13.0,0.0,2.0,2.0,0.0,2.0,2.0,0.19,1790,ar ARG,"FW,MF",it Serie A,24-277,2001.0,10.8,32.0,18,8.0,20.0,4.0,25.0,60.0,10.0,15.0,2.0,13.0,5,37.0,9.0,0.0,1790,ar ARG,"FW,MF",it Serie A,24-277,2001.0,10.8,423.0,15.0,55.0,214.0,166.0,34.0,423.0,44.0,13.0,29.5,27.0,61.4,225.0,1330.0,590.0,23.0,8.0,12.0,36.0,30.0,248.0,54.0,2238,ar ARG,"FW,MF",it Serie A,24-277,2001.0,16,968,61,63.3,10.8,12,72.0,2,4,26.0,0,1.0,9,15,-6,-0.56,0.24,9.0,16.4,-7.5,-0.69,1790,ar ARG,"FW,MF",it Serie A,24-277,2001.0,10.8,0,0,0,25,6,4,7,5,18,0.0,0.0,0,61.0,22.0,31.0,41.5,,,,,,,,,,,,,,,,,,,,,,,,,,,,,,,,,,,,,,,,,,,,,,,,,,,,,,Forward,0.0,0.0,0.07407407407407407,0.05555555555555555,2.1296296296296293,2.962962962962963,5.0,0.8333333333333333,2.962962962962963,0.4629629629629629,0.37037037037037035,20.833333333333332,-9.490174777777778,5.092592592592593,-0.8,0.4160756501182033,56.271777003484324,8.8,51.720383275261334
1795,Yeremi Pino,es ESP,MF,Crystal Palace,eng Premier League,23.0,2002.0,18,16,1258,14.0,1,1,2,1,0,0,3,0,3.0,3.0,3.4,6.5,28.0,64.0,91.0,0.14,0.46,1795,es ESP,MF,eng Premier League,23-077,2002.0,14.0,1,28,6,21.4,2.0,0.43,0.04,0.17,18.8,1.0,0,0,3.0,3.0,0.11,-2.0,-2.0,1795,es ESP,MF,eng Premier League,23-077,2002.0,14.0,353.0,524.0,67.4,5863.0,1996.0,1,3.4,3.3,-2.4,26.0,25.0,14.0,2.0,64.0,1795,es ESP,MF,eng Premier League,23-077,2002.0,14.0,524.0,447.0,75.0,23.0,12.0,4.0,47,2.0,26.0,21.0,3.0,0.0,353.0,2.0,15.0,1795,es ESP,MF,eng Premier League,23-077,2002.0,14.0,57.0,4.08,38.0,10.0,1.0,6.0,1.0,1.0,5.0,0.36,1795,es ESP,MF,eng Premier League,23-077,2002.0,14.0,24.0,15,10.0,7.0,7.0,29.0,31.0,20.0,17.0,1.0,16.0,6,30.0,13.0,0.0,1795,es ESP,MF,eng Premier League,23-077,2002.0,14.0,693.0,16.0,101.0,310.0,294.0,53.0,693.0,33.0,13.0,39.4,15.0,45.5,347.0,1638.0,919.0,28.0,27.0,8.0,30.0,21.0,402.0,91.0,2246,es ESP,MF,eng Premier League,23-077,2002.0,18,1258,70,69.9,14.0,16,76.0,1,2,23.0,0,1.39,13,17,-4,-0.29,-0.78,20.0,16.9,3.1,0.22,1795,es ESP,MF,eng Premier League,23-077,2002.0,14.0,3,0,0,21,18,8,47,6,15,0.0,0.0,0,61.0,16.0,24.0,40.0,,,,,,,,,,,,,,,,,,,,,,,,,,,,,,,,,,,,,,,,,,,,,,,,,,,,,,Midfielder,0.07142857142857142,0.07142857142857142,0.21428571428571427,0.24285714285714285,2.0,4.571428571428571,6.5,1.8571428571428572,1.7142857142857142,0.42857142857142855,1.0,24.785714285714285,-1.2913611428571432,6.571428571428571,-2.0,0.5887445887445888,83.80566801619433,41.0,59.43664398311655
1803,Ernest Poku,nl NED,"MF,DF",Leverkusen,de Bundesliga,21.0,2004.0,13,9,800,8.9,4,2,6,4,0,0,0,0,1.8,1.8,1.1,3.0,55.0,17.0,73.0,0.68,0.33,1803,nl NED,"MF,DF",de Bundesliga,21-342,2004.0,8.9,4,16,7,43.8,1.8,0.79,0.25,0.57,18.0,0.0,0,0,1.8,1.8,0.11,2.2,2.2,1803,nl NED,"MF,DF",de Bundesliga,21-342,2004.0,8.9,261.0,312.0,83.7,3695.0,515.0,2,1.1,1.9,0.9,14.0,7.0,7.0,0.0,17.0,1803,nl NED,"MF,DF",de Bundesliga,21-342,2004.0,8.9,312.0,297.0,14.0,1.0,0.0,1.0,9,13.0,0.0,0.0,0.0,0.0,261.0,1.0,9.0,1803,nl NED,"MF,DF",de Bundesliga,21-342,2004.0,8.9,28.0,3.15,22.0,0.0,2.0,3.0,1.0,0.0,4.0,0.45,1803,nl NED,"MF,DF",de Bundesliga,21-342,2004.0,8.9,6.0,2,1.0,4.0,1.0,10.0,20.0,8.0,4.0,0.0,4.0,4,10.0,5.0,0.0,1803,nl NED,"MF,DF",de Bundesliga,21-342,2004.0,8.9,404.0,8.0,45.0,138.0,229.0,42.0,404.0,31.0,13.0,41.9,15.0,48.4,278.0,2110.0,1346.0,55.0,33.0,24.0,21.0,18.0,325.0,73.0,2258,nl NED,"MF,DF",de Bundesliga,21-342,2004.0,13,800,62,59.3,8.9,9,75.0,1,4,32.0,1,1.77,18,14,4,0.45,-1.02,14.4,11.6,2.9,0.32,1803,nl NED,"MF,DF",de Bundesliga,21-342,2004.0,8.9,0,0,0,3,11,1,9,4,2,0.0,0.0,0,21.0,1.0,8.0,11.1,,,,,,,,,,,,,,,,,,,,,,,,,,,,,,,,,,,,,,,,,,,,,,,,,,,,,,Midfielder,0.449438202247191,0.2247191011235955,0.20224719101123595,0.12359550561797754,6.179775280898876,1.9101123595505618,8.202247191011235,1.5730337078651684,0.6741573033707865,0.449438202247191,0.7865168539325842,31.235955056179773,-0.2615627528089899,8.089887640449438,2.2,0.7797029702970297,89.06882591093117,55.6,57.24217603530281
1810,Freddie Potts,eng ENG,MF,West Ham,eng Premier League,22.0,2003.0,15,10,961,10.7,0,1,1,0,0,0,1,0,0.2,0.2,1.1,1.3,6.0,33.0,7.0,0.09,0.12,1810,eng ENG,MF,eng Premier League,22-115,2003.0,10.7,0,3,1,33.3,0.28,0.09,0.0,0.0,14.5,0.0,0,0,0.2,0.2,0.07,-0.2,-0.2,1810,eng ENG,MF,eng Premier League,22-115,2003.0,10.7,378.0,490.0,77.1,6418.0,2049.0,1,1.1,0.4,-0.1,7.0,36.0,0.0,0.0,33.0,1810,eng ENG,MF,eng Premier League,22-115,2003.0,10.7,490.0,430.0,56.0,27.0,0.0,2.0,33,3.0,25.0,15.0,8.0,0.0,378.0,4.0,7.0,1810,eng ENG,MF,eng Premier League,22-115,2003.0,10.7,17.0,1.59,7.0,7.0,0.0,2.0,1.0,0.0,1.0,0.09,1810,eng ENG,MF,eng Premier League,22-115,2003.0,10.7,23.0,15,8.0,14.0,1.0,17.0,64.7,6.0,11.0,3.0,8.0,9,32.0,24.0,0.0,1810,eng ENG,MF,eng Premier League,22-115,2003.0,10.7,585.0,31.0,148.0,349.0,92.0,6.0,585.0,9.0,2.0,22.2,6.0,66.7,252.0,987.0,476.0,6.0,7.0,3.0,6.0,4.0,336.0,7.0,2269,eng ENG,MF,eng Premier League,22-115,2003.0,15,961,64,53.4,10.7,10,80.0,4,5,32.0,4,0.73,13,22,-9,-0.84,0.34,10.9,18.5,-7.6,-0.71,1810,eng ENG,MF,eng Premier League,22-115,2003.0,10.7,1,0,0,12,12,0,33,9,15,0.0,0.0,0,35.0,16.0,8.0,66.7,,,,,,,,,,,,,,,,,,,,,,,,,,,,,,,,,,,,,,,,,,,,,,,,,,,,,,Midfielder,0.0,0.09345794392523366,0.01869158878504673,0.10280373831775702,0.5607476635514019,3.0841121495327104,0.6542056074766356,0.6542056074766356,2.149532710280374,0.8411214953271029,0.0,23.55140186915888,-4.0044294859813085,3.6448598130841123,-0.2,0.27179487179487183,59.51417004048582,11.7,53.280367090855705
1811,Kacper Potulski,pl POL,DF,Mainz 05,de Bundesliga,18.0,2007.0,3,3,270,3.0,1,0,1,1,0,0,1,0,0.4,0.4,0.0,0.4,3.0,11.0,4.0,0.33,0.13,1811,pl POL,DF,de Bundesliga,18-078,2007.0,3.0,1,2,1,50.0,0.67,0.33,0.5,1.0,6.3,0.0,0,0,0.4,0.4,0.2,0.6,0.6,1811,pl POL,DF,de Bundesliga,18-078,2007.0,3.0,80.0,99.0,80.8,1371.0,437.0,0,0.0,0.0,0.0,0.0,1.0,0.0,0.0,11.0,1811,pl POL,DF,de Bundesliga,18-078,2007.0,3.0,99.0,92.0,6.0,2.0,1.0,0.0,0,3.0,0.0,0.0,0.0,0.0,80.0,1.0,1.0,1811,pl POL,DF,de Bundesliga,18-078,2007.0,3.0,2.0,0.67,2.0,0.0,0.0,0.0,0.0,0.0,0.0,0.0,1811,pl POL,DF,de Bundesliga,18-078,2007.0,3.0,2.0,2,1.0,1.0,0.0,4.0,25.0,3.0,8.0,5.0,3.0,6,8.0,28.0,0.0,1811,pl POL,DF,de Bundesliga,18-078,2007.0,3.0,153.0,27.0,75.0,69.0,9.0,4.0,153.0,0.0,0.0,,0.0,,68.0,276.0,120.0,3.0,3.0,0.0,0.0,1.0,73.0,4.0,2270,pl POL,DF,de Bundesliga,18-078,2007.0,3,270,90,20.0,3.0,3,90.0,3,0,,2,0.67,2,6,-4,-1.33,-0.58,1.7,9.0,-7.3,-2.44,1811,pl POL,DF,de Bundesliga,18-078,2007.0,3.0,1,0,0,1,0,0,0,6,2,0.0,1.0,0,6.0,11.0,4.0,73.3,,,,,,,,,,,,,,,,,,,,,,,,,,,,,,,,,,,,,,,,,,,,,,,,,,,,,,Defender,0.3333333333333333,0.0,0.13333333333333333,0.0,1.0,3.6666666666666665,1.3333333333333333,0.0,0.6666666666666666,2.0,0.0,22.666666666666668,-3.4400666666666666,4.666666666666667,0.6,0.43790849673202614,69.35201401050787,13.6,61.04930810784144
1814,Alexander Prass,at AUT,"MF,FW",Hoffenheim,de Bundesliga,24.0,2001.0,13,3,376,4.2,0,1,1,0,0,0,0,0,0.1,0.1,0.6,0.7,8.0,13.0,23.0,0.24,0.16,1814,at AUT,"MF,FW",de Bundesliga,24-224,2001.0,4.2,0,2,1,50.0,0.48,0.24,0.0,0.0,21.9,1.0,0,0,0.1,0.1,0.04,-0.1,-0.1,1814,at AUT,"MF,FW",de Bundesliga,24-224,2001.0,4.2,122.0,164.0,74.4,1759.0,516.0,1,0.6,0.7,0.4,4.0,5.0,7.0,1.0,13.0,1814,at AUT,"MF,FW",de Bundesliga,24-224,2001.0,4.2,164.0,152.0,11.0,2.0,0.0,1.0,4,9.0,0.0,0.0,0.0,0.0,122.0,1.0,4.0,1814,at AUT,"MF,FW",de Bundesliga,24-224,2001.0,4.2,8.0,1.91,6.0,1.0,1.0,0.0,0.0,0.0,3.0,0.72,1814,at AUT,"MF,FW",de Bundesliga,24-224,2001.0,4.2,13.0,9,4.0,7.0,2.0,17.0,47.1,9.0,9.0,0.0,9.0,1,14.0,4.0,0.0,1814,at AUT,"MF,FW",de Bundesliga,24-224,2001.0,4.2,205.0,10.0,31.0,97.0,82.0,5.0,205.0,6.0,3.0,50.0,3.0,50.0,101.0,583.0,289.0,8.0,5.0,1.0,6.0,6.0,123.0,23.0,2273,at AUT,"MF,FW",de Bundesliga,24-224,2001.0,13,376,29,27.9,4.2,3,78.0,1,10,14.0,2,2.0,7,7,0,0.0,-0.83,6.4,8.6,-2.2,-0.53,1814,at AUT,"MF,FW",de Bundesliga,24-224,2001.0,4.2,0,0,0,7,6,1,4,1,9,0.0,0.0,0,18.0,4.0,2.0,66.7,,,,,,,,,,,,,,,,,,,,,,,,,,,,,,,,,,,,,,,,,,,,,,,,,,,,,,Forward,0.0,0.23809523809523808,0.023809523809523808,0.14285714285714285,1.9047619047619047,3.095238095238095,5.476190476190476,0.9523809523809523,3.095238095238095,0.23809523809523808,1.6666666666666665,24.047619047619047,-10.35180619047619,5.0,-0.1,0.9317073170731707,47.90940766550523,3.3,46.37890383882404
1815,Matteo Prati,it ITA,MF,Cagliari,it Serie A,22.0,2003.0,17,13,1112,12.4,1,0,1,1,0,0,4,0,1.0,1.0,1.3,2.3,2.0,25.0,8.0,0.08,0.19,1815,it ITA,MF,it Serie A,22-008,2003.0,12.4,1,18,1,5.6,1.46,0.08,0.06,1.0,22.9,0.0,0,0,1.0,1.0,0.06,0.0,0.0,1815,it ITA,MF,it Serie A,22-008,2003.0,12.4,357.0,455.0,78.5,6818.0,1974.0,0,1.3,0.4,-1.3,7.0,30.0,4.0,2.0,25.0,1815,it ITA,MF,it Serie A,22-008,2003.0,12.4,455.0,420.0,34.0,18.0,2.0,5.0,12,0.0,9.0,1.0,8.0,0.0,357.0,1.0,5.0,1815,it ITA,MF,it Serie A,22-008,2003.0,12.4,17.0,1.38,12.0,2.0,0.0,3.0,0.0,0.0,1.0,0.08,1815,it ITA,MF,it Serie A,22-008,2003.0,12.4,20.0,11,9.0,11.0,0.0,17.0,64.7,6.0,13.0,6.0,7.0,13,33.0,36.0,1.0,1815,it ITA,MF,it Serie A,22-008,2003.0,12.4,575.0,36.0,175.0,328.0,74.0,6.0,575.0,3.0,1.0,33.3,2.0,66.7,249.0,751.0,265.0,2.0,2.0,0.0,6.0,0.0,329.0,8.0,2274,it ITA,MF,it Serie A,22-008,2003.0,17,1112,65,68.6,12.4,13,75.0,4,4,35.0,1,1.0,12,15,-3,-0.24,0.29,10.2,17.0,-6.8,-0.55,1815,it ITA,MF,it Serie A,22-008,2003.0,12.4,4,0,0,15,3,0,12,13,11,0.0,0.0,0,35.0,7.0,8.0,46.7,,,,,,,,,,,,,,,,,,,,,,,,,,,,,,,,,,,,,,,,,,,,,,,,,,,,,,Midfielder,0.08064516129032258,0.0,0.08064516129032258,0.10483870967741936,0.16129032258064516,2.0161290322580645,0.6451612903225806,0.564516129032258,1.6129032258064515,1.0483870967741935,0.3225806451612903,20.08064516129032,-5.5845916129032265,2.1774193548387095,0.0,0.24,46.01889338731444,3.8,44.3341940147538
1820,Marc Pubill,es ESP,DF,Atlético Madrid,es La Liga,22.0,2003.0,7,5,473,5.3,0,1,1,0,0,0,1,0,0.0,0.0,0.2,0.2,3.0,9.0,2.0,0.19,0.04,1820,es ESP,DF,es La Liga,22-199,2003.0,5.3,0,1,1,100.0,0.19,0.19,0.0,0.0,14.3,0.0,0,0,0.0,0.0,0.02,0.0,0.0,1820,es ESP,DF,es La Liga,22-199,2003.0,5.3,261.0,304.0,85.9,4837.0,1922.0,1,0.2,0.4,0.8,2.0,15.0,3.0,2.0,9.0,1820,es ESP,DF,es La Liga,22-199,2003.0,5.3,304.0,283.0,21.0,10.0,1.0,0.0,2,11.0,0.0,0.0,0.0,0.0,261.0,0.0,3.0,1820,es ESP,DF,es La Liga,22-199,2003.0,5.3,5.0,0.95,5.0,0.0,0.0,0.0,0.0,0.0,2.0,0.38,1820,es ESP,DF,es La Liga,22-199,2003.0,5.3,10.0,6,7.0,3.0,0.0,6.0,66.7,2.0,15.0,10.0,5.0,10,20.0,31.0,1.0,1820,es ESP,DF,es La Liga,22-199,2003.0,5.3,372.0,54.0,203.0,155.0,17.0,3.0,372.0,1.0,0.0,0.0,1.0,100.0,210.0,1067.0,584.0,3.0,7.0,0.0,2.0,2.0,243.0,2.0,2284,es ESP,DF,es La Liga,22-199,2003.0,7,473,68,27.7,5.3,5,90.0,5,2,12.0,12,2.29,10,3,7,1.33,0.6,7.7,6.0,1.6,0.31,1820,es ESP,DF,es La Liga,22-199,2003.0,5.3,1,0,0,7,5,1,2,10,6,0.0,0.0,0,24.0,23.0,3.0,88.5,,,,,,,,,,,,,,,,,,,,,,,,,,,,,,,,,,,,,,,,,,,,,,,,,,,,,,Defender,0.0,0.18867924528301888,0.0,0.03773584905660378,0.5660377358490566,1.6981132075471699,0.37735849056603776,0.37735849056603776,1.8867924528301887,1.8867924528301887,0.5660377358490566,39.62264150943396,-7.49727547169811,2.2641509433962264,0.0,0.2553763440860215,27.670753064798596,1.0,27.396785212671876
1823,Arkadiusz Pyrka,pl POL,"DF,MF",St. Pauli,de Bundesliga,23.0,2002.0,12,11,870,9.7,0,0,0,0,0,0,3,0,0.2,0.2,0.4,0.6,19.0,31.0,47.0,0.0,0.06,1823,pl POL,"DF,MF",de Bundesliga,23-107,2002.0,9.7,0,6,1,16.7,0.62,0.1,0.0,0.0,19.9,0.0,0,0,0.2,0.2,0.04,-0.2,-0.2,1823,pl POL,"DF,MF",de Bundesliga,23-107,2002.0,9.7,368.0,482.0,76.3,5457.0,2054.0,0,0.4,0.5,-0.4,6.0,15.0,13.0,2.0,31.0,1823,pl POL,"DF,MF",de Bundesliga,23-107,2002.0,9.7,482.0,368.0,113.0,4.0,0.0,0.0,16,109.0,0.0,0.0,0.0,0.0,368.0,1.0,10.0,1823,pl POL,"DF,MF",de Bundesliga,23-107,2002.0,9.7,16.0,1.66,12.0,0.0,2.0,1.0,1.0,0.0,3.0,0.31,1823,pl POL,"DF,MF",de Bundesliga,23-107,2002.0,9.7,12.0,8,7.0,3.0,2.0,8.0,75.0,2.0,17.0,7.0,10.0,10,22.0,28.0,2.0,1823,pl POL,"DF,MF",de Bundesliga,23-107,2002.0,9.7,582.0,35.0,190.0,228.0,170.0,14.0,582.0,15.0,6.0,40.0,8.0,53.3,194.0,911.0,470.0,19.0,7.0,2.0,9.0,4.0,285.0,47.0,2288,pl POL,"DF,MF",de Bundesliga,23-107,2002.0,12,870,73,64.4,9.7,11,78.0,6,1,9.0,2,1.0,8,16,-8,-0.83,0.11,6.3,14.9,-8.6,-0.89,1823,pl POL,"DF,MF",de Bundesliga,23-107,2002.0,9.7,3,0,0,7,6,0,16,10,8,0.0,0.0,0,53.0,5.0,14.0,26.3,,,,,,,,,,,,,,,,,,,,,,,,,,,,,,,,,,,,,,,,,,,,,,,,,,,,,,Midfielder,0.0,0.0,0.02061855670103093,0.04123711340206186,1.9587628865979383,3.195876288659794,4.845360824742269,0.6185567010309279,1.2371134020618557,1.0309278350515465,1.3402061855670104,20.0,-3.1389900515463927,5.154639175257732,-0.2,0.2852233676975945,67.88124156545209,13.1,60.01878122497974
1824,Jarell Quansah,eng ENG,DF,Leverkusen,de Bundesliga,22.0,2003.0,12,9,889,9.9,1,0,1,1,0,0,5,0,0.6,0.6,0.2,0.7,19.0,37.0,18.0,0.1,0.08,1824,eng ENG,DF,de Bundesliga,22-341,2003.0,9.9,1,4,3,75.0,0.4,0.3,0.25,0.33,12.5,0.0,0,0,0.6,0.6,0.15,0.4,0.4,1824,eng ENG,DF,de Bundesliga,22-341,2003.0,9.9,603.0,678.0,88.9,9729.0,2668.0,0,0.2,0.4,-0.2,4.0,50.0,2.0,1.0,37.0,1824,eng ENG,DF,de Bundesliga,22-341,2003.0,9.9,678.0,649.0,28.0,11.0,2.0,0.0,8,17.0,0.0,0.0,0.0,0.0,603.0,1.0,10.0,1824,eng ENG,DF,de Bundesliga,22-341,2003.0,9.9,11.0,1.11,9.0,0.0,2.0,0.0,0.0,0.0,0.0,0.0,1824,eng ENG,DF,de Bundesliga,22-341,2003.0,9.9,12.0,10,6.0,3.0,3.0,10.0,90.0,1.0,4.0,3.0,1.0,8,20.0,41.0,0.0,1824,eng ENG,DF,de Bundesliga,22-341,2003.0,9.9,778.0,58.0,270.0,404.0,112.0,11.0,778.0,14.0,7.0,50.0,6.0,42.9,497.0,2420.0,1204.0,19.0,16.0,1.0,7.0,6.0,579.0,18.0,2289,eng ENG,DF,de Bundesliga,22-341,2003.0,12,889,74,65.9,9.9,9,88.0,8,3,31.0,1,1.67,16,12,4,0.4,-1.35,15.4,11.1,4.3,0.43,1824,eng ENG,DF,de Bundesliga,22-341,2003.0,9.9,5,0,0,8,13,1,8,8,10,0.0,0.0,0,41.0,14.0,12.0,53.8,,,,,,,,,,,,,,,,,,,,,,,,,,,,,,,,,,,,,,,,,,,,,,,,,,,,,,Defender,0.10101010101010101,0.0,0.0606060606060606,0.020202020202020204,1.9191919191919191,3.7373737373737375,1.8181818181818181,0.40404040404040403,1.2121212121212122,0.8080808080808081,0.20202020202020202,50.2020202020202,-2.8774626262626235,5.656565656565657,0.4,0.14267352185089976,75.30647985989492,18.8,63.38929281135937
1825,Leopold Querfeld,at AUT,DF,Union Berlin,de Bundesliga,22.0,2003.0,15,15,1350,15.0,0,0,0,0,0,1,4,0,1.4,0.6,1.5,2.1,4.0,43.0,5.0,0.0,0.2,1825,at AUT,DF,de Bundesliga,22-016,2003.0,15.0,0,13,5,38.5,0.87,0.33,0.0,0.0,14.8,1.0,0,1,1.4,0.6,0.05,-1.4,-0.6,1825,at AUT,DF,de Bundesliga,22-016,2003.0,15.0,458.0,559.0,81.9,10391.0,3949.0,0,1.5,1.3,-1.5,14.0,45.0,9.0,0.0,43.0,1825,at AUT,DF,de Bundesliga,22-016,2003.0,15.0,559.0,526.0,31.0,18.0,1.0,5.0,0,1.0,0.0,0.0,0.0,0.0,458.0,2.0,4.0,1825,at AUT,DF,de Bundesliga,22-016,2003.0,15.0,25.0,1.67,20.0,1.0,1.0,2.0,1.0,0.0,1.0,0.07,1825,at AUT,DF,de Bundesliga,22-016,2003.0,15.0,22.0,12,13.0,8.0,1.0,15.0,66.7,5.0,18.0,13.0,5.0,17,39.0,116.0,0.0,1825,at AUT,DF,de Bundesliga,22-016,2003.0,15.0,764.0,110.0,365.0,351.0,51.0,33.0,763.0,2.0,1.0,50.0,1.0,50.0,385.0,1997.0,1195.0,4.0,3.0,0.0,6.0,2.0,399.0,5.0,2290,at AUT,DF,de Bundesliga,22-016,2003.0,15,1350,90,100.0,15.0,15,90.0,15,0,,0,1.4,20,23,-3,-0.2,,17.4,20.0,-2.6,-0.17,1825,at AUT,DF,de Bundesliga,22-016,2003.0,15.0,4,0,0,20,16,0,0,17,12,0.0,2.0,0,41.0,59.0,25.0,70.2,,,,,,,,,,,,,,,,,,,,,,,,,,,,,,,,,,,,,,,,,,,,,,,,,,,,,,Defender,0.0,0.0,0.09333333333333332,0.1,0.26666666666666666,2.8666666666666667,0.3333333333333333,0.9333333333333333,1.4666666666666666,1.1333333333333333,0.6,25.666666666666668,-4.841106666666664,3.1333333333333333,-1.4,0.21858638743455497,55.166374781085814,5.8,52.14213117304897
1835,Diant Ramaj,de GER,GK,Heidenheim,de Bundesliga,24.0,2001.0,15,15,1350,15.0,0,0,0,0,0,0,1,0,0.0,0.0,0.0,0.0,0.0,1.0,0.0,0.0,0.0,1835,de GER,GK,de Bundesliga,24-108,2001.0,15.0,0,0,0,,0.0,0.0,,,,0.0,0,0,0.0,0.0,,0.0,0.0,1835,de GER,GK,de Bundesliga,24-108,2001.0,15.0,569.0,806.0,70.6,18732.0,12126.0,0,0.0,0.1,0.0,0.0,33.0,0.0,0.0,1.0,1835,de GER,GK,de Bundesliga,24-108,2001.0,15.0,806.0,637.0,163.0,61.0,0.0,8.0,0,0.0,0.0,0.0,0.0,0.0,569.0,6.0,2.0,1835,de GER,GK,de Bundesliga,24-108,2001.0,15.0,6.0,0.4,5.0,1.0,0.0,0.0,0.0,0.0,0.0,0.0,1835,de GER,GK,de Bundesliga,24-108,2001.0,15.0,1.0,1,1.0,0.0,0.0,2.0,50.0,1.0,0.0,0.0,0.0,0,1.0,17.0,2.0,1835,de GER,GK,de Bundesliga,24-108,2001.0,15.0,852.0,550.0,807.0,45.0,0.0,0.0,852.0,0.0,0.0,,0.0,,498.0,2874.0,2027.0,0.0,0.0,0.0,0.0,0.0,452.0,0.0,2305,de GER,GK,de Bundesliga,24-108,2001.0,15,1350,90,100.0,15.0,15,90.0,15,0,,0,0.73,13,34,-21,-1.4,,18.8,28.3,-9.5,-0.63,1835,de GER,GK,de Bundesliga,24-108,2001.0,15.0,1,0,0,2,2,0,0,0,1,0.0,1.0,0,57.0,4.0,1.0,80.0,103.0,de GER,GK,de Bundesliga,24-108,2001.0,15.0,15.0,1350.0,15.0,34.0,2.27,81.0,47.0,60.5,3.0,2.0,10.0,0.0,0.0,2.0,2.0,0.0,0.0,103.0,de GER,GK,de Bundesliga,24-108,2001.0,15.0,34.0,2.0,0.0,1.0,0.0,32.6,0.39,-1.4,-0.1,130.0,344.0,37.8,698.0,71.0,40.1,39.0,234.0,22.0,9.4,21.0,1.4,12.5,Goalkeeper,0.0,0.0,0.0,0.0,0.0,0.06666666666666667,0.0,0.0,0.06666666666666667,0.0,0.0,33.2,-12.0,0.06666666666666667,0.0,0.04694835680751174,85.03937007874016,21.0,70.28047113945468
1837,Jacobo Ramón,es ESP,DF,Como,it Serie A,20.0,2005.0,15,14,1257,14.0,2,0,2,2,0,0,4,1,1.1,1.1,0.5,1.6,8.0,64.0,8.0,0.14,0.11,1837,es ESP,DF,it Serie A,20-364,2005.0,14.0,2,16,3,18.8,1.15,0.21,0.13,0.67,14.0,0.0,0,0,1.1,1.1,0.07,0.9,0.9,1837,es ESP,DF,it Serie A,20-364,2005.0,14.0,811.0,897.0,90.4,14803.0,5086.0,0,0.5,0.8,-0.5,4.0,55.0,2.0,1.0,64.0,1837,es ESP,DF,it Serie A,20-364,2005.0,14.0,897.0,864.0,33.0,19.0,0.0,13.0,2,2.0,0.0,0.0,0.0,0.0,811.0,0.0,3.0,1837,es ESP,DF,it Serie A,20-364,2005.0,14.0,19.0,1.36,16.0,0.0,2.0,0.0,0.0,1.0,1.0,0.07,1837,es ESP,DF,it Serie A,20-364,2005.0,14.0,29.0,15,23.0,5.0,1.0,17.0,64.7,6.0,15.0,9.0,6.0,20,49.0,63.0,2.0,1837,es ESP,DF,it Serie A,20-364,2005.0,14.0,1065.0,112.0,479.0,550.0,45.0,23.0,1065.0,7.0,5.0,71.4,2.0,28.6,633.0,2812.0,1648.0,8.0,7.0,1.0,8.0,4.0,742.0,8.0,2308,es ESP,DF,it Serie A,20-364,2005.0,15,1257,84,82.2,14.0,14,87.0,12,1,45.0,1,1.73,20,9,11,0.79,0.79,20.0,14.5,5.5,0.39,1837,es ESP,DF,it Serie A,20-364,2005.0,14.0,4,1,0,15,2,0,2,20,15,0.0,0.0,0,55.0,50.0,28.0,64.1,,,,,,,,,,,,,,,,,,,,,,,,,,,,,,,,,,,,,,,,,,,,,,,,,,,,,,Defender,0.14285714285714285,0.0,0.07857142857142858,0.03571428571428571,0.5714285714285714,4.571428571428571,0.5714285714285714,0.2857142857142857,2.0714285714285716,1.4285714285714286,0.14285714285714285,45.214285714285715,0.17627142857143063,5.142857142857143,0.8999999999999999,0.12769953051643193,91.41856392294221,42.9,63.97380260527797
1838,Gonçalo Ramos,pt POR,FW,Paris S-G,fr Ligue 1,24.0,2001.0,17,8,809,9.0,4,0,4,3,1,1,2,0,5.2,4.4,0.4,4.8,7.0,7.0,39.0,0.33,0.62,1838,pt POR,FW,fr Ligue 1,24-199,2001.0,9.0,4,33,16,48.5,3.67,1.78,0.09,0.19,13.4,0.0,1,1,5.2,4.4,0.14,-1.2,-1.4,1838,pt POR,FW,fr Ligue 1,24-199,2001.0,9.0,158.0,197.0,80.2,2078.0,228.0,0,0.4,0.4,-0.4,7.0,7.0,2.0,0.0,7.0,1838,pt POR,FW,fr Ligue 1,24-199,2001.0,9.0,197.0,192.0,3.0,0.0,1.0,0.0,0,1.0,0.0,0.0,0.0,0.0,158.0,2.0,6.0,1838,pt POR,FW,fr Ligue 1,24-199,2001.0,9.0,17.0,1.89,10.0,0.0,4.0,0.0,3.0,0.0,0.0,0.0,1838,pt POR,FW,fr Ligue 1,24-199,2001.0,9.0,8.0,7,4.0,2.0,2.0,13.0,30.8,9.0,5.0,0.0,5.0,3,11.0,3.0,0.0,1838,pt POR,FW,fr Ligue 1,24-199,2001.0,9.0,284.0,3.0,22.0,119.0,145.0,50.0,283.0,14.0,8.0,57.1,6.0,42.9,147.0,582.0,245.0,7.0,5.0,4.0,19.0,7.0,213.0,39.0,2310,pt POR,FW,fr Ligue 1,24-199,2001.0,17,809,48,52.9,9.0,8,82.0,4,9,17.0,0,2.29,19,8,11,1.22,-0.15,16.4,9.1,7.3,0.81,1838,pt POR,FW,fr Ligue 1,24-199,2001.0,9.0,2,0,0,11,12,3,0,3,7,0.0,0.0,0,17.0,11.0,17.0,39.3,,,,,,,,,,,,,,,,,,,,,,,,,,,,,,,,,,,,,,,,,,,,,,,,,,,,,,Forward,0.4444444444444444,0.0,0.5777777777777778,0.044444444444444446,0.7777777777777778,0.7777777777777778,4.333333333333333,0.7777777777777778,0.8888888888888888,0.3333333333333333,0.2222222222222222,16.333333333333332,-11.559319777777777,1.5555555555555556,-1.2000000000000002,0.6654929577464788,36.7595818815331,15.0,31.96485381002878
1841,Jacob Ramsey,eng ENG,MF,Newcastle Utd,eng Premier League,24.0,2001.0,11,4,496,5.5,0,0,0,0,0,0,2,0,0.3,0.3,0.6,1.0,13.0,25.0,43.0,0.0,0.18,1841,eng ENG,MF,eng Premier League,24-222,2001.0,5.5,0,3,1,33.3,0.54,0.18,0.0,0.0,14.9,0.0,0,0,0.3,0.3,0.11,-0.3,-0.3,1841,eng ENG,MF,eng Premier League,24-222,2001.0,5.5,248.0,275.0,90.2,3585.0,821.0,0,0.6,0.6,-0.6,8.0,12.0,6.0,2.0,25.0,1841,eng ENG,MF,eng Premier League,24-222,2001.0,5.5,275.0,274.0,1.0,1.0,0.0,0.0,5,0.0,0.0,0.0,0.0,0.0,248.0,0.0,3.0,1841,eng ENG,MF,eng Premier League,24-222,2001.0,5.5,17.0,3.08,16.0,0.0,0.0,0.0,1.0,0.0,0.0,0.0,1841,eng ENG,MF,eng Premier League,24-222,2001.0,5.5,11.0,3,5.0,5.0,1.0,7.0,14.3,6.0,6.0,0.0,6.0,3,14.0,4.0,1.0,1841,eng ENG,MF,eng Premier League,24-222,2001.0,5.5,331.0,9.0,46.0,169.0,121.0,23.0,331.0,15.0,7.0,46.7,8.0,53.3,229.0,1232.0,489.0,13.0,13.0,6.0,8.0,4.0,244.0,43.0,2315,eng ENG,MF,eng Premier League,24-222,2001.0,11,496,45,27.6,5.5,4,72.0,0,7,30.0,4,1.27,10,10,0,0.0,-0.28,8.1,8.4,-0.3,-0.06,1841,eng ENG,MF,eng Premier League,24-222,2001.0,5.5,2,0,0,6,5,1,5,3,3,0.0,1.0,0,41.0,5.0,4.0,55.6,,,,,,,,,,,,,,,,,,,,,,,,,,,,,,,,,,,,,,,,,,,,,,,,,,,,,,Midfielder,0.0,0.0,0.05454545454545454,0.10909090909090909,2.3636363636363638,4.545454545454546,7.818181818181818,1.4545454545454546,2.0,0.5454545454545454,1.0909090909090908,41.63636363636363,-1.3476705454545437,6.909090909090909,-0.3,0.9305135951661633,83.40080971659918,25.6,66.40191856417132
1856,Alejandro Rego,es ESP,MF,Athletic Club,es La Liga,22.0,2003.0,13,2,435,4.8,1,0,1,1,0,0,2,0,0.3,0.3,0.2,0.5,4.0,22.0,7.0,0.21,0.1,1856,es ESP,MF,es La Liga,22-208,2003.0,4.8,1,6,2,33.3,1.24,0.41,0.17,0.5,24.4,0.0,0,0,0.3,0.3,0.04,0.7,0.7,1856,es ESP,MF,es La Liga,22-208,2003.0,4.8,159.0,203.0,78.3,2651.0,675.0,0,0.2,0.2,-0.2,5.0,18.0,2.0,0.0,22.0,1856,es ESP,MF,es La Liga,22-208,2003.0,4.8,203.0,199.0,4.0,2.0,1.0,1.0,0,0.0,0.0,0.0,0.0,0.0,159.0,0.0,4.0,1856,es ESP,MF,es La Liga,22-208,2003.0,4.8,10.0,2.07,9.0,0.0,0.0,0.0,0.0,1.0,1.0,0.21,1856,es ESP,MF,es La Liga,22-208,2003.0,4.8,19.0,10,5.0,13.0,1.0,10.0,70.0,3.0,7.0,2.0,5.0,7,26.0,2.0,0.0,1856,es ESP,MF,es La Liga,22-208,2003.0,4.8,258.0,12.0,47.0,156.0,58.0,6.0,258.0,4.0,1.0,25.0,3.0,75.0,133.0,456.0,251.0,4.0,9.0,0.0,8.0,1.0,144.0,7.0,2332,es ESP,MF,es La Liga,22-208,2003.0,13,435,33,25.4,4.8,2,90.0,2,11,23.0,5,1.31,6,8,-2,-0.41,0.01,7.4,7.3,0.1,0.03,1856,es ESP,MF,es La Liga,22-208,2003.0,4.8,2,0,0,14,1,0,0,7,10,0.0,0.0,0,35.0,4.0,3.0,57.1,,,,,,,,,,,,,,,,,,,,,,,,,,,,,,,,,,,,,,,,,,,,,,,,,,,,,,Midfielder,0.20833333333333334,0.0,0.0625,0.04166666666666667,0.8333333333333334,4.583333333333334,1.4583333333333335,1.0416666666666667,3.9583333333333335,1.4583333333333335,0.4166666666666667,27.708333333333336,-1.9769653333333332,5.416666666666667,0.7,0.8023255813953488,78.94736842105263,16.7,67.64984440535787
1859,Vitor Reis,br BRA,DF,Girona,es La Liga,19.0,2006.0,17,16,1428,15.9,0,1,1,0,0,0,4,1,0.3,0.3,0.9,1.2,6.0,59.0,0.0,0.06,0.08,1859,br BRA,DF,es La Liga,19-358,2006.0,15.9,0,5,0,0.0,0.32,0.0,0.0,,14.1,0.0,0,0,0.3,0.3,0.06,-0.3,-0.3,1859,br BRA,DF,es La Liga,19-358,2006.0,15.9,799.0,873.0,91.5,14419.0,4998.0,1,0.9,0.3,0.1,5.0,36.0,2.0,0.0,59.0,1859,br BRA,DF,es La Liga,19-358,2006.0,15.9,873.0,813.0,59.0,37.0,1.0,2.0,0,2.0,0.0,0.0,0.0,0.0,799.0,1.0,4.0,1859,br BRA,DF,es La Liga,19-358,2006.0,15.9,13.0,0.82,9.0,0.0,0.0,3.0,0.0,1.0,1.0,0.06,1859,br BRA,DF,es La Liga,19-358,2006.0,15.9,18.0,11,11.0,7.0,0.0,16.0,68.8,5.0,30.0,25.0,5.0,15,33.0,103.0,2.0,1859,br BRA,DF,es La Liga,19-358,2006.0,15.9,1062.0,192.0,597.0,448.0,23.0,8.0,1062.0,4.0,3.0,75.0,1.0,25.0,647.0,3324.0,1919.0,6.0,3.0,0.0,5.0,2.0,695.0,0.0,2335,br BRA,DF,es La Liga,19-358,2006.0,17,1428,84,88.1,15.9,16,87.0,15,1,33.0,0,1.0,15,27,-12,-0.76,1.59,18.8,24.1,-5.3,-0.33,1859,br BRA,DF,es La Liga,19-358,2006.0,15.9,4,1,0,12,9,0,0,15,11,0.0,0.0,0,48.0,47.0,30.0,61.0,,,,,,,,,,,,,,,,,,,,,,,,,,,,,,,,,,,,,,,,,,,,,,,,,,,,,,Defender,0.0,0.06289308176100629,0.018867924528301886,0.05660377358490566,0.3773584905660377,3.710691823899371,0.0,0.31446540880503143,1.1320754716981132,0.9433962264150944,0.12578616352201258,40.691823899371066,-1.8476138364779855,4.088050314465408,-0.3,0.07721280602636534,82.31173380035027,35.2,60.881459911501686
1860,Rocco Reitz,de GER,MF,Gladbach,de Bundesliga,23.0,2002.0,15,15,1272,14.1,0,1,1,0,0,0,3,0,1.4,1.2,1.6,2.8,28.0,67.0,56.0,0.07,0.21,1860,de GER,MF,de Bundesliga,23-221,2002.0,14.1,0,26,9,34.6,1.84,0.64,0.0,0.0,20.3,1.0,0,0,1.4,1.2,0.05,-1.4,-1.2,1860,de GER,MF,de Bundesliga,23-221,2002.0,14.1,483.0,672.0,71.9,7983.0,2738.0,1,1.6,1.7,-0.6,16.0,55.0,17.0,3.0,67.0,1860,de GER,MF,de Bundesliga,23-221,2002.0,14.1,672.0,623.0,38.0,13.0,1.0,3.0,51,2.0,17.0,10.0,6.0,0.0,483.0,11.0,26.0,1860,de GER,MF,de Bundesliga,23-221,2002.0,14.1,38.0,2.69,27.0,4.0,1.0,4.0,2.0,0.0,3.0,0.21,1860,de GER,MF,de Bundesliga,23-221,2002.0,14.1,36.0,20,18.0,13.0,5.0,32.0,56.3,14.0,22.0,3.0,19.0,21,57.0,26.0,0.0,1860,de GER,MF,de Bundesliga,23-221,2002.0,14.1,879.0,38.0,188.0,465.0,246.0,33.0,879.0,30.0,14.0,46.7,16.0,53.3,473.0,2511.0,1309.0,28.0,29.0,4.0,27.0,14.0,583.0,56.0,2336,de GER,MF,de Bundesliga,23-221,2002.0,15,1272,85,94.2,14.1,15,85.0,8,0,,0,1.07,13,24,-11,-0.78,-6.55,17.3,19.8,-2.5,-0.17,1860,de GER,MF,de Bundesliga,23-221,2002.0,14.1,3,0,0,15,31,2,51,21,20,0.0,0.0,0,68.0,13.0,13.0,50.0,,,,,,,,,,,,,,,,,,,,,,,,,,,,,,,,,,,,,,,,,,,,,,,,,,,,,,Midfielder,0.0,0.07092198581560284,0.09929078014184396,0.11347517730496455,1.9858156028368794,4.75177304964539,3.971631205673759,1.1347517730496455,2.5531914893617023,1.4893617021276595,1.2056737588652482,33.54609929078014,-1.219674617021278,6.73758865248227,-1.4,0.3060295790671217,84.4804318488529,33.7,63.18656084431781
1863,Devyne Rensch,nl NED,DF,Roma,it Serie A,22.0,2003.0,11,4,414,4.6,0,0,0,0,0,0,0,0,0.2,0.2,0.0,0.2,5.0,9.0,21.0,0.0,0.05,1863,nl NED,DF,it Serie A,22-352,2003.0,4.6,0,3,1,33.3,0.65,0.22,0.0,0.0,11.2,0.0,0,0,0.2,0.2,0.07,-0.2,-0.2,1863,nl NED,DF,it Serie A,22-352,2003.0,4.6,177.0,224.0,79.0,2789.0,899.0,0,0.0,0.2,0.0,1.0,9.0,3.0,2.0,9.0,1863,nl NED,DF,it Serie A,22-352,2003.0,4.6,224.0,188.0,34.0,5.0,0.0,2.0,5,29.0,0.0,0.0,0.0,0.0,177.0,2.0,6.0,1863,nl NED,DF,it Serie A,22-352,2003.0,4.6,4.0,0.87,3.0,0.0,0.0,1.0,0.0,0.0,0.0,0.0,1863,nl NED,DF,it Serie A,22-352,2003.0,4.6,14.0,8,5.0,7.0,2.0,11.0,63.6,4.0,6.0,2.0,4.0,3,17.0,23.0,0.0,1863,nl NED,DF,it Serie A,22-352,2003.0,4.6,285.0,14.0,93.0,121.0,73.0,7.0,285.0,3.0,1.0,33.3,1.0,33.3,123.0,433.0,233.0,5.0,6.0,1.0,4.0,3.0,161.0,21.0,2339,nl NED,DF,it Serie A,22-352,2003.0,11,414,38,25.6,4.6,4,82.0,3,7,12.0,7,2.18,3,6,-3,-0.65,-1.47,4.7,8.0,-3.3,-0.72,1863,nl NED,DF,it Serie A,22-352,2003.0,4.6,0,0,0,2,7,1,5,3,8,0.0,0.0,0,16.0,4.0,4.0,50.0,,,,,,,,,,,,,,,,,,,,,,,,,,,,,,,,,,,,,,,,,,,,,,,,,,,,,,Defender,0.0,0.0,0.04347826086956522,0.0,1.0869565217391306,1.956521739130435,4.565217391304349,0.2173913043478261,3.0434782608695654,0.6521739130434783,0.6521739130434783,26.73913043478261,-3.5503521739130397,3.0434782608695654,-0.2,0.30526315789473685,67.95096322241682,8.1,62.85935543239299
1864,Guillaume Restes,fr FRA,GK,Toulouse,fr Ligue 1,20.0,2005.0,17,17,1530,17.0,0,0,0,0,0,0,2,0,0.0,0.0,0.0,0.0,0.0,0.0,0.0,0.0,0.0,1864,fr FRA,GK,fr Ligue 1,20-300,2005.0,17.0,0,0,0,,0.0,0.0,,,,0.0,0,0,0.0,0.0,,0.0,0.0,1864,fr FRA,GK,fr Ligue 1,20-300,2005.0,17.0,342.0,489.0,69.9,9596.0,6899.0,0,0.0,0.1,0.0,1.0,7.0,0.0,0.0,0.0,1864,fr FRA,GK,fr Ligue 1,20-300,2005.0,17.0,489.0,345.0,143.0,69.0,0.0,2.0,0,0.0,0.0,0.0,0.0,0.0,342.0,1.0,0.0,1864,fr FRA,GK,fr Ligue 1,20-300,2005.0,17.0,2.0,0.12,1.0,1.0,0.0,0.0,0.0,0.0,0.0,0.0,1864,fr FRA,GK,fr Ligue 1,20-300,2005.0,17.0,0.0,0,0.0,0.0,0.0,1.0,0.0,1.0,0.0,0.0,0.0,1,1.0,11.0,4.0,1864,fr FRA,GK,fr Ligue 1,20-300,2005.0,17.0,530.0,377.0,504.0,27.0,0.0,0.0,530.0,0.0,0.0,,0.0,,296.0,1460.0,842.0,0.0,0.0,0.0,0.0,0.0,247.0,0.0,2340,fr FRA,GK,fr Ligue 1,20-300,2005.0,17,1530,90,100.0,17.0,17,90.0,17,0,,0,1.35,24,22,2,0.12,,23.8,21.2,2.6,0.15,1864,fr FRA,GK,fr Ligue 1,20-300,2005.0,17.0,2,0,0,0,7,0,0,1,0,0.0,0.0,0,25.0,0.0,0.0,50.0,108.0,fr FRA,GK,fr Ligue 1,20-300,2005.0,17.0,17.0,1530.0,17.0,22.0,1.29,55.0,33.0,67.3,6.0,5.0,6.0,6.0,35.3,4.0,4.0,0.0,0.0,108.0,fr FRA,GK,fr Ligue 1,20-300,2005.0,17.0,22.0,4.0,0.0,3.0,0.0,21.9,0.34,-0.1,0.0,80.0,212.0,37.7,414.0,53.0,39.9,34.0,243.0,17.0,7.0,16.0,0.94,13.1,Goalkeeper,0.0,0.0,0.0,0.0,0.0,0.0,0.0,0.058823529411764705,0.0,0.058823529411764705,0.0,17.41176470588235,-10.0,0.0,0.0,0.022641509433962263,99.60629921259843,45.9,68.27025305866924
1867,Gio Reyna,us USA,MF,Gladbach,de Bundesliga,23.0,2002.0,11,4,375,4.2,0,0,0,0,0,0,1,0,0.3,0.3,0.4,0.6,9.0,22.0,20.0,0.0,0.15,1867,us USA,MF,de Bundesliga,23-053,2002.0,4.2,0,5,1,20.0,1.2,0.24,0.0,0.0,24.7,1.0,0,0,0.3,0.3,0.05,-0.3,-0.3,1867,us USA,MF,de Bundesliga,23-053,2002.0,4.2,164.0,202.0,81.2,2705.0,662.0,0,0.4,1.2,-0.4,6.0,11.0,11.0,1.0,22.0,1867,us USA,MF,de Bundesliga,23-053,2002.0,4.2,202.0,185.0,15.0,6.0,0.0,1.0,6,4.0,0.0,0.0,0.0,0.0,164.0,2.0,5.0,1867,us USA,MF,de Bundesliga,23-053,2002.0,4.2,15.0,3.59,9.0,2.0,0.0,0.0,2.0,2.0,0.0,0.0,1867,us USA,MF,de Bundesliga,23-053,2002.0,4.2,8.0,5,0.0,6.0,2.0,3.0,66.7,1.0,1.0,1.0,0.0,4,12.0,7.0,0.0,1867,us USA,MF,de Bundesliga,23-053,2002.0,4.2,256.0,8.0,33.0,135.0,93.0,16.0,256.0,12.0,7.0,58.3,4.0,33.3,146.0,870.0,304.0,9.0,10.0,2.0,8.0,8.0,189.0,20.0,2343,us USA,MF,de Bundesliga,23-053,2002.0,11,375,34,27.8,4.2,4,65.0,0,7,16.0,0,1.27,5,9,-4,-0.96,-0.78,4.2,7.4,-3.2,-0.77,1867,us USA,MF,de Bundesliga,23-053,2002.0,4.2,1,0,0,5,6,0,6,4,5,0.0,0.0,0,18.0,2.0,13.0,13.3,,,,,,,,,,,,,,,,,,,,,,,,,,,,,,,,,,,,,,,,,,,,,,,,,,,,,,Midfielder,0.0,0.0,0.07142857142857142,0.09523809523809523,2.142857142857143,5.238095238095238,4.761904761904762,1.4285714285714286,1.9047619047619047,0.9523809523809523,2.619047619047619,34.76190476190476,-0.46035847619047754,7.3809523809523805,-0.3,1.40234375,87.85425101214574,25.8,69.83644754542587
1869,Samuele Ricci,it ITA,MF,Milan,it Serie A,24.0,2001.0,14,5,630,7.0,1,2,3,1,0,0,1,0,1.5,1.5,0.7,2.2,12.0,35.0,20.0,0.43,0.32,1869,it ITA,MF,it Serie A,24-137,2001.0,7.0,1,10,5,50.0,1.43,0.71,0.1,0.2,20.1,0.0,0,0,1.5,1.5,0.15,-0.5,-0.5,1869,it ITA,MF,it Serie A,24-137,2001.0,7.0,284.0,317.0,89.6,5225.0,1126.0,2,0.7,0.6,1.3,7.0,32.0,10.0,2.0,35.0,1869,it ITA,MF,it Serie A,24-137,2001.0,7.0,317.0,309.0,7.0,5.0,1.0,3.0,6,0.0,2.0,0.0,1.0,0.0,284.0,1.0,4.0,1869,it ITA,MF,it Serie A,24-137,2001.0,7.0,16.0,2.29,12.0,0.0,0.0,2.0,0.0,2.0,3.0,0.43,1869,it ITA,MF,it Serie A,24-137,2001.0,7.0,8.0,7,4.0,2.0,2.0,5.0,80.0,1.0,7.0,3.0,4.0,2,10.0,17.0,1.0,1869,it ITA,MF,it Serie A,24-137,2001.0,7.0,391.0,27.0,78.0,209.0,105.0,12.0,391.0,5.0,2.0,40.0,2.0,40.0,222.0,1124.0,497.0,12.0,9.0,3.0,10.0,4.0,269.0,20.0,2345,it ITA,MF,it Serie A,24-137,2001.0,14,630,45,41.2,7.0,5,86.0,4,9,22.0,3,2.43,11,7,4,0.57,-0.53,11.6,9.4,2.2,0.32,1869,it ITA,MF,it Serie A,24-137,2001.0,7.0,1,0,0,4,12,0,6,2,7,0.0,0.0,0,27.0,1.0,6.0,14.3,,,,,,,,,,,,,,,,,,,,,,,,,,,,,,,,,,,,,,,,,,,,,,,,,,,,,,Midfielder,0.14285714285714285,0.2857142857142857,0.21428571428571427,0.09999999999999999,1.7142857142857142,5.0,2.857142857142857,1.0,1.1428571428571428,0.2857142857142857,1.4285714285714286,31.714285714285715,-1.4827698571428574,6.714285714285714,-0.5,0.5856777493606138,82.5910931174089,32.2,62.47435182859978
1875,Clemens Riedel,de GER,DF,Espanyol,es La Liga,22.0,2003.0,8,6,518,5.8,0,1,1,0,0,0,2,0,0.1,0.1,0.0,0.2,1.0,15.0,2.0,0.17,0.03,1875,de GER,DF,es La Liga,22-170,2003.0,5.8,0,3,1,33.3,0.52,0.17,0.0,0.0,21.5,0.0,0,0,0.1,0.1,0.04,-0.1,-0.1,1875,de GER,DF,es La Liga,22-170,2003.0,5.8,259.0,286.0,90.6,5020.0,1934.0,1,0.0,0.1,1.0,1.0,14.0,3.0,1.0,15.0,1875,de GER,DF,es La Liga,22-170,2003.0,5.8,286.0,273.0,13.0,7.0,0.0,0.0,1,1.0,0.0,0.0,0.0,0.0,259.0,0.0,0.0,1875,de GER,DF,es La Liga,22-170,2003.0,5.8,4.0,0.7,4.0,0.0,0.0,0.0,0.0,0.0,1.0,0.17,1875,de GER,DF,es La Liga,22-170,2003.0,5.8,12.0,7,5.0,5.0,2.0,6.0,83.3,1.0,5.0,3.0,2.0,4,16.0,39.0,0.0,1875,de GER,DF,es La Liga,22-170,2003.0,5.8,355.0,41.0,180.0,165.0,12.0,1.0,355.0,0.0,0.0,,0.0,,200.0,795.0,428.0,1.0,2.0,0.0,2.0,2.0,216.0,2.0,2352,de GER,DF,es La Liga,22-170,2003.0,8,518,65,32.0,5.8,6,83.0,5,2,12.0,7,1.75,7,6,1,0.17,0.01,11.5,6.4,5.2,0.9,1875,de GER,DF,es La Liga,22-170,2003.0,5.8,2,0,0,4,2,1,1,4,7,0.0,0.0,0,23.0,14.0,13.0,51.9,,,,,,,,,,,,,,,,,,,,,,,,,,,,,,,,,,,,,,,,,,,,,,,,,,,,,,Defender,0.0,0.1724137931034483,0.017241379310344827,0.0,0.1724137931034483,2.586206896551724,0.3448275862068966,0.1724137931034483,2.0689655172413794,0.6896551724137931,0.5172413793103449,34.48275862068966,-3.918062068965515,2.7586206896551726,-0.1,0.19718309859154928,64.44833625218914,8.4,59.45418473449182
1877,Fabian Rieder,ch SUI,"MF,FW",Augsburg,de Bundesliga,23.0,2002.0,13,13,1050,11.7,3,2,5,2,1,1,2,0,2.6,1.8,1.8,3.7,15.0,46.0,74.0,0.34,0.38,1877,ch SUI,"MF,FW",de Bundesliga,23-323,2002.0,11.7,3,20,5,25.0,1.71,0.43,0.1,0.4,21.8,2.0,1,1,2.6,1.8,0.09,0.4,0.2,1877,ch SUI,"MF,FW",de Bundesliga,23-323,2002.0,11.7,260.0,398.0,65.3,4359.0,1395.0,2,1.8,2.0,0.2,17.0,25.0,13.0,6.0,46.0,1877,ch SUI,"MF,FW",de Bundesliga,23-323,2002.0,11.7,398.0,325.0,70.0,20.0,3.0,3.0,55,14.0,32.0,13.0,11.0,0.0,260.0,3.0,10.0,1877,ch SUI,"MF,FW",de Bundesliga,23-323,2002.0,11.7,40.0,3.43,22.0,11.0,4.0,1.0,2.0,0.0,6.0,0.51,1877,ch SUI,"MF,FW",de Bundesliga,23-323,2002.0,11.7,15.0,7,6.0,6.0,3.0,20.0,30.0,14.0,10.0,1.0,9.0,7,22.0,6.0,0.0,1877,ch SUI,"MF,FW",de Bundesliga,23-323,2002.0,11.7,532.0,5.0,49.0,213.0,277.0,26.0,531.0,34.0,14.0,41.2,16.0,47.1,263.0,1247.0,479.0,15.0,13.0,7.0,32.0,23.0,342.0,74.0,2354,ch SUI,"MF,FW",de Bundesliga,23-323,2002.0,13,1050,81,77.8,11.7,13,81.0,5,0,,0,0.85,12,23,-11,-0.94,-0.94,13.2,16.6,-3.4,-0.29,1877,ch SUI,"MF,FW",de Bundesliga,23-323,2002.0,11.7,2,0,0,20,16,1,55,7,7,0.0,0.0,0,44.0,6.0,24.0,20.0,,,,,,,,,,,,,,,,,,,,,,,,,,,,,,,,,,,,,,,,,,,,,,,,,,,,,,Forward,0.25641025641025644,0.17094017094017094,0.22222222222222224,0.15384615384615385,1.2820512820512822,3.931623931623932,6.324786324786325,1.4529914529914532,1.2820512820512822,0.5982905982905983,1.1111111111111112,22.47863247863248,-11.370991837606837,5.213675213675214,0.3999999999999999,0.6447368421052633,39.721254355400696,2.7,38.67697600331129
1878,Lasse Rieß,de GER,GK,Mainz 05,de Bundesliga,24.0,2001.0,4,3,292,3.2,0,0,0,0,0,0,0,0,0.0,0.0,0.0,0.0,0.0,1.0,0.0,0.0,0.0,1878,de GER,GK,de Bundesliga,24-162,2001.0,3.2,0,0,0,,0.0,0.0,,,,0.0,0,0,0.0,0.0,,0.0,0.0,1878,de GER,GK,de Bundesliga,24-162,2001.0,3.2,69.0,108.0,63.9,1898.0,1427.0,0,0.0,0.0,0.0,0.0,4.0,1.0,0.0,1.0,1878,de GER,GK,de Bundesliga,24-162,2001.0,3.2,108.0,73.0,34.0,13.0,0.0,0.0,0,0.0,0.0,0.0,0.0,0.0,69.0,1.0,0.0,1878,de GER,GK,de Bundesliga,24-162,2001.0,3.2,1.0,0.31,1.0,0.0,0.0,0.0,0.0,0.0,0.0,0.0,1878,de GER,GK,de Bundesliga,24-162,2001.0,3.2,0.0,0,0.0,0.0,0.0,0.0,,0.0,0.0,0.0,0.0,0,0.0,1.0,0.0,1878,de GER,GK,de Bundesliga,24-162,2001.0,3.2,117.0,88.0,115.0,2.0,0.0,0.0,117.0,1.0,1.0,100.0,0.0,0.0,65.0,331.0,188.0,0.0,0.0,0.0,0.0,0.0,48.0,0.0,2355,de GER,GK,de Bundesliga,24-162,2001.0,4,292,73,21.6,3.2,3,90.0,3,1,22.0,11,0.0,3,12,-9,-2.77,-2.43,2.5,9.8,-7.3,-2.25,1878,de GER,GK,de Bundesliga,24-162,2001.0,3.2,0,0,0,0,1,0,0,0,0,0.0,0.0,0,11.0,1.0,0.0,100.0,109.0,de GER,GK,de Bundesliga,24-162,2001.0,4.0,3.0,292.0,3.2,12.0,3.7,26.0,14.0,57.7,0.0,0.0,3.0,0.0,0.0,1.0,1.0,0.0,0.0,109.0,de GER,GK,de Bundesliga,24-162,2001.0,3.2,12.0,1.0,0.0,1.0,0.0,9.1,0.34,-2.9,-0.9,13.0,48.0,27.1,86.0,8.0,45.3,38.3,28.0,1.0,3.6,5.0,1.54,16.8,Goalkeeper,0.0,0.0,0.0,0.0,0.0,0.3125,0.0,0.0,0.0,0.0,0.3125,20.3125,-12.0,0.3125,0.0,0.26495726495726496,85.03937007874016,14.0,74.59593866556155
1879,Chris Rigg,eng ENG,"MF,FW",Sunderland,eng Premier League,18.0,2007.0,9,5,326,3.6,0,0,0,0,0,0,0,0,0.3,0.3,0.3,0.6,1.0,7.0,17.0,0.0,0.17,1879,eng ENG,"MF,FW",eng Premier League,18-201,2007.0,3.6,0,4,0,0.0,1.1,0.0,0.0,,16.8,0.0,0,0,0.3,0.3,0.08,-0.3,-0.3,1879,eng ENG,"MF,FW",eng Premier League,18-201,2007.0,3.6,56.0,82.0,68.3,877.0,244.0,0,0.3,0.3,-0.3,3.0,5.0,4.0,1.0,7.0,1879,eng ENG,"MF,FW",eng Premier League,18-201,2007.0,3.6,82.0,82.0,0.0,0.0,1.0,1.0,3,0.0,0.0,0.0,0.0,0.0,56.0,0.0,2.0,1879,eng ENG,"MF,FW",eng Premier League,18-201,2007.0,3.6,4.0,1.1,3.0,0.0,1.0,0.0,0.0,0.0,0.0,0.0,1879,eng ENG,"MF,FW",eng Premier League,18-201,2007.0,3.6,6.0,4,3.0,2.0,1.0,6.0,66.7,2.0,1.0,1.0,0.0,1,7.0,4.0,1.0,1879,eng ENG,"MF,FW",eng Premier League,18-201,2007.0,3.6,111.0,5.0,26.0,48.0,37.0,5.0,111.0,5.0,1.0,20.0,2.0,40.0,64.0,224.0,82.0,1.0,3.0,0.0,4.0,4.0,68.0,17.0,2356,eng ENG,"MF,FW",eng Premier League,18-201,2007.0,9,326,36,18.1,3.6,5,60.0,0,4,7.0,9,1.89,4,1,3,0.83,0.89,3.5,3.8,-0.3,-0.09,1879,eng ENG,"MF,FW",eng Premier League,18-201,2007.0,3.6,0,0,0,3,6,0,3,1,4,0.0,0.0,0,12.0,2.0,5.0,28.6,,,,,,,,,,,,,,,,,,,,,,,,,,,,,,,,,,,,,,,,,,,,,,,,,,,,,,Forward,0.0,0.0,0.08333333333333333,0.08333333333333333,0.2777777777777778,1.9444444444444444,4.722222222222222,0.8333333333333333,1.6666666666666665,0.2777777777777778,1.1111111111111112,17.77777777777778,-9.707002222222222,2.2222222222222223,-0.3,0.9909909909909911,54.35540069686411,10.1,49.3691196156804
1880,Hugo Rincón,es ESP,"DF,MF",Girona,es La Liga,22.0,2003.0,15,6,769,8.5,0,0,0,0,0,0,2,0,0.6,0.6,0.7,1.3,19.0,24.0,51.0,0.0,0.15,1880,es ESP,"DF,MF",es La Liga,22-343,2003.0,8.5,0,3,0,0.0,0.35,0.0,0.0,,7.8,0.0,0,0,0.6,0.6,0.19,-0.6,-0.6,1880,es ESP,"DF,MF",es La Liga,22-343,2003.0,8.5,325.0,395.0,82.3,4746.0,1445.0,0,0.7,0.4,-0.7,6.0,17.0,7.0,1.0,24.0,1880,es ESP,"DF,MF",es La Liga,22-343,2003.0,8.5,395.0,318.0,77.0,7.0,0.0,1.0,13,70.0,0.0,0.0,0.0,0.0,325.0,0.0,10.0,1880,es ESP,"DF,MF",es La Liga,22-343,2003.0,8.5,13.0,1.52,8.0,2.0,1.0,1.0,1.0,0.0,1.0,0.12,1880,es ESP,"DF,MF",es La Liga,22-343,2003.0,8.5,16.0,12,14.0,1.0,1.0,15.0,60.0,6.0,10.0,3.0,7.0,4,20.0,22.0,1.0,1880,es ESP,"DF,MF",es La Liga,22-343,2003.0,8.5,486.0,26.0,166.0,175.0,147.0,10.0,486.0,12.0,5.0,41.7,5.0,41.7,259.0,1402.0,708.0,19.0,13.0,0.0,10.0,5.0,297.0,51.0,2358,es ESP,"DF,MF",es La Liga,22-343,2003.0,15,769,51,47.5,8.5,6,82.0,3,9,31.0,3,0.73,9,17,-8,-0.94,0.02,11.9,15.6,-3.6,-0.43,1880,es ESP,"DF,MF",es La Liga,22-343,2003.0,8.5,2,0,0,12,17,1,13,4,12,0.0,1.0,0,25.0,3.0,14.0,17.6,,,,,,,,,,,,,,,,,,,,,,,,,,,,,,,,,,,,,,,,,,,,,,,,,,,,,,Midfielder,0.0,0.0,0.07058823529411765,0.08235294117647059,2.235294117647059,2.823529411764706,6.0,0.7058823529411765,1.8823529411764706,0.47058823529411764,0.8235294117647058,30.470588235294116,-2.8973235294117643,5.0588235294117645,-0.6,0.31275720164609055,69.77058029689609,13.6,61.41776434585923
1883,Robin Risser,fr FRA,GK,Lens,fr Ligue 1,21.0,2004.0,17,17,1530,17.0,0,0,0,0,0,0,2,0,0.0,0.0,0.0,0.0,0.0,0.0,0.0,0.0,0.0,1883,fr FRA,GK,fr Ligue 1,21-034,2004.0,17.0,0,0,0,,0.0,0.0,,,,0.0,0,0,0.0,0.0,,0.0,0.0,1883,fr FRA,GK,fr Ligue 1,21-034,2004.0,17.0,410.0,526.0,77.9,10743.0,6735.0,0,0.0,0.0,0.0,1.0,3.0,0.0,0.0,0.0,1883,fr FRA,GK,fr Ligue 1,21-034,2004.0,17.0,526.0,402.0,124.0,46.0,0.0,0.0,0,0.0,0.0,0.0,0.0,0.0,410.0,0.0,0.0,1883,fr FRA,GK,fr Ligue 1,21-034,2004.0,17.0,1.0,0.06,1.0,0.0,0.0,0.0,0.0,0.0,0.0,0.0,1883,fr FRA,GK,fr Ligue 1,21-034,2004.0,17.0,0.0,0,0.0,0.0,0.0,0.0,,0.0,0.0,0.0,0.0,0,0.0,5.0,0.0,1883,fr FRA,GK,fr Ligue 1,21-034,2004.0,17.0,570.0,472.0,566.0,4.0,0.0,0.0,570.0,0.0,0.0,,0.0,,321.0,1463.0,809.0,0.0,0.0,0.0,0.0,0.0,288.0,0.0,2363,fr FRA,GK,fr Ligue 1,21-034,2004.0,17,1530,90,100.0,17.0,17,90.0,17,0,,0,2.35,31,13,18,1.06,,32.1,23.3,8.8,0.52,1883,fr FRA,GK,fr Ligue 1,21-034,2004.0,17.0,2,0,0,0,4,0,0,0,0,0.0,0.0,0,21.0,2.0,0.0,100.0,110.0,fr FRA,GK,fr Ligue 1,21-034,2004.0,17.0,17.0,1530.0,17.0,13.0,0.76,61.0,46.0,82.0,13.0,1.0,3.0,6.0,35.3,5.0,2.0,2.0,1.0,110.0,fr FRA,GK,fr Ligue 1,21-034,2004.0,17.0,13.0,2.0,0.0,2.0,0.0,18.7,0.26,5.7,0.34,52.0,149.0,34.9,448.0,67.0,25.4,31.3,220.0,11.0,5.0,11.0,0.65,14.2,Goalkeeper,0.0,0.0,0.0,0.0,0.0,0.0,0.0,0.058823529411764705,0.0,0.0,0.0,18.88235294117647,-10.5,0.0,0.0,0.010526315789473684,98.03149606299213,43.1,68.50558774492812
1890,Joel Roca,es ESP,"FW,MF",Girona,es La Liga,20.0,2005.0,15,9,767,8.5,1,0,1,1,0,0,0,0,1.2,1.2,0.5,1.7,34.0,19.0,72.0,0.12,0.2,1890,es ESP,"FW,MF",es La Liga,20-212,2005.0,8.5,1,19,6,31.6,2.23,0.7,0.05,0.17,19.1,0.0,0,0,1.2,1.2,0.06,-0.2,-0.2,1890,es ESP,"FW,MF",es La Liga,20-212,2005.0,8.5,161.0,208.0,77.4,2289.0,406.0,0,0.5,0.8,-0.5,7.0,8.0,9.0,0.0,19.0,1890,es ESP,"FW,MF",es La Liga,20-212,2005.0,8.5,208.0,191.0,16.0,2.0,1.0,1.0,16,7.0,5.0,2.0,0.0,0.0,161.0,1.0,15.0,1890,es ESP,"FW,MF",es La Liga,20-212,2005.0,8.5,20.0,2.35,12.0,0.0,4.0,3.0,0.0,1.0,1.0,0.12,1890,es ESP,"FW,MF",es La Liga,20-212,2005.0,8.5,11.0,7,6.0,4.0,1.0,12.0,50.0,6.0,3.0,1.0,2.0,1,12.0,8.0,1.0,1890,es ESP,"FW,MF",es La Liga,20-212,2005.0,8.5,345.0,8.0,47.0,123.0,187.0,33.0,345.0,63.0,23.0,36.5,33.0,52.4,247.0,2212.0,1127.0,34.0,21.0,12.0,27.0,18.0,244.0,72.0,2371,es ESP,"FW,MF",es La Liga,20-212,2005.0,15,767,51,47.3,8.5,9,68.0,3,6,26.0,0,0.87,6,19,-13,-1.53,-1.1,8.4,15.0,-6.6,-0.77,1890,es ESP,"FW,MF",es La Liga,20-212,2005.0,8.5,0,0,0,8,24,1,16,1,7,0.0,0.0,0,33.0,4.0,9.0,30.8,,,,,,,,,,,,,,,,,,,,,,,,,,,,,,,,,,,,,,,,,,,,,,,,,,,,,,Forward,0.11764705882352941,0.0,0.1411764705882353,0.058823529411764705,4.0,2.235294117647059,8.470588235294118,0.8235294117647058,1.2941176470588236,0.11764705882352941,1.0588235294117647,29.058823529411764,-3.2110255294117653,6.235294117647059,-0.19999999999999996,0.6811594202898551,93.37979094076655,53.5,60.83374002655801
1896,Álvaro Rodríguez,uy URU,FW,Elche,es La Liga,21.0,2004.0,15,9,844,9.4,3,4,7,3,0,0,0,0,3.4,3.4,2.3,5.8,14.0,11.0,65.0,0.75,0.62,1896,uy URU,FW,es La Liga,21-175,2004.0,9.4,3,34,11,32.4,3.63,1.17,0.09,0.27,11.5,0.0,0,0,3.4,3.4,0.1,-0.4,-0.4,1896,uy URU,FW,es La Liga,21-175,2004.0,9.4,148.0,216.0,68.5,2018.0,384.0,4,2.3,1.4,1.7,17.0,7.0,5.0,2.0,11.0,1896,uy URU,FW,es La Liga,21-175,2004.0,9.4,216.0,210.0,4.0,0.0,0.0,2.0,6,0.0,0.0,0.0,0.0,0.0,148.0,2.0,3.0,1896,uy URU,FW,es La Liga,21-175,2004.0,9.4,32.0,3.42,20.0,0.0,6.0,4.0,2.0,0.0,4.0,0.43,1896,uy URU,FW,es La Liga,21-175,2004.0,9.4,3.0,1,1.0,1.0,1.0,5.0,20.0,4.0,6.0,0.0,6.0,1,4.0,9.0,0.0,1896,uy URU,FW,es La Liga,21-175,2004.0,9.4,346.0,9.0,24.0,139.0,192.0,52.0,346.0,34.0,19.0,55.9,15.0,44.1,197.0,1006.0,400.0,14.0,16.0,6.0,31.0,16.0,281.0,65.0,2378,uy URU,FW,es La Liga,21-175,2004.0,15,844,56,52.1,9.4,9,81.0,4,6,19.0,2,1.0,11,13,-2,-0.21,-0.56,10.2,14.1,-3.9,-0.41,1896,uy URU,FW,es La Liga,21-175,2004.0,9.4,0,0,0,13,19,6,6,1,1,0.0,0.0,0,17.0,40.0,33.0,54.8,,,,,,,,,,,,,,,,,,,,,,,,,,,,,,,,,,,,,,,,,,,,,,,,,,,,,,Forward,0.3191489361702127,0.425531914893617,0.36170212765957444,0.24468085106382975,1.4893617021276595,1.1702127659574468,6.914893617021276,1.8085106382978722,0.3191489361702127,0.10638297872340426,0.5319148936170213,20.95744680851064,-9.314965808510639,2.6595744680851063,-0.3999999999999999,0.9884393063583815,57.8397212543554,9.9,52.629409694590905
1900,Javi Rodríguez,es ESP,DF,Celta Vigo,es La Liga,22.0,2003.0,15,11,1064,11.8,0,0,0,0,0,0,3,0,0.2,0.2,0.2,0.4,9.0,63.0,17.0,0.0,0.03,1900,es ESP,DF,es La Liga,22-193,2003.0,11.8,0,4,1,25.0,0.34,0.08,0.0,0.0,16.1,0.0,0,0,0.2,0.2,0.06,-0.2,-0.2,1900,es ESP,DF,es La Liga,22-193,2003.0,11.8,745.0,811.0,91.9,12888.0,3401.0,0,0.2,0.5,-0.2,6.0,63.0,5.0,0.0,63.0,1900,es ESP,DF,es La Liga,22-193,2003.0,11.8,811.0,756.0,54.0,33.0,3.0,9.0,0,21.0,0.0,0.0,0.0,0.0,745.0,1.0,8.0,1900,es ESP,DF,es La Liga,22-193,2003.0,11.8,18.0,1.52,15.0,0.0,0.0,0.0,2.0,1.0,0.0,0.0,1900,es ESP,DF,es La Liga,22-193,2003.0,11.8,23.0,16,14.0,7.0,2.0,24.0,58.3,10.0,9.0,5.0,4.0,11,34.0,46.0,3.0,1900,es ESP,DF,es La Liga,22-193,2003.0,11.8,917.0,76.0,299.0,514.0,108.0,9.0,917.0,6.0,2.0,33.3,4.0,66.7,530.0,1974.0,1145.0,9.0,13.0,1.0,8.0,5.0,678.0,17.0,2382,es ESP,DF,es La Liga,22-193,2003.0,15,1064,71,65.7,11.8,11,85.0,7,4,33.0,2,1.27,9,13,-4,-0.34,-1.63,13.4,13.3,0.0,0.0,1900,es ESP,DF,es La Liga,22-193,2003.0,11.8,3,0,0,15,14,1,0,11,16,0.0,1.0,0,33.0,12.0,16.0,42.9,,,,,,,,,,,,,,,,,,,,,,,,,,,,,,,,,,,,,,,,,,,,,,,,,,,,,,Defender,0.0,0.0,0.01694915254237288,0.01694915254237288,0.7627118644067796,5.338983050847458,1.4406779661016949,0.5084745762711864,1.9491525423728813,0.9322033898305084,0.423728813559322,44.91525423728813,1.1655372881355976,6.101694915254237,-0.2,0.16575790621592149,93.87040280210157,37.6,68.21976947827149
1901,Jesus Rodríguez,es ESP,FW,Como,it Serie A,20.0,2005.0,14,9,874,9.7,0,4,4,0,0,0,1,1,1.8,1.8,3.1,4.9,61.0,23.0,90.0,0.41,0.5,1901,es ESP,FW,it Serie A,20-045,2005.0,9.7,0,25,6,24.0,2.57,0.62,0.0,0.0,18.4,0.0,0,0,1.8,1.8,0.07,-1.8,-1.8,1901,es ESP,FW,it Serie A,20-045,2005.0,9.7,192.0,271.0,70.8,2773.0,764.0,4,3.1,2.1,0.9,21.0,10.0,11.0,1.0,23.0,1901,es ESP,FW,it Serie A,20-045,2005.0,9.7,271.0,262.0,8.0,1.0,2.0,1.0,26,2.0,5.0,0.0,4.0,0.0,192.0,1.0,15.0,1901,es ESP,FW,it Serie A,20-045,2005.0,9.7,40.0,4.12,25.0,4.0,7.0,3.0,1.0,0.0,6.0,0.62,1901,es ESP,FW,it Serie A,20-045,2005.0,9.7,10.0,7,4.0,5.0,1.0,8.0,62.5,3.0,4.0,0.0,4.0,2,12.0,6.0,0.0,1901,es ESP,FW,it Serie A,20-045,2005.0,9.7,409.0,4.0,31.0,149.0,236.0,59.0,409.0,51.0,18.0,35.3,32.0,62.7,258.0,2211.0,1196.0,61.0,30.0,34.0,30.0,20.0,302.0,90.0,2383,es ESP,FW,it Serie A,20-045,2005.0,14,874,62,57.1,9.7,9,79.0,1,5,32.0,0,1.79,17,6,11,1.13,1.13,15.4,8.0,7.4,0.76,1901,es ESP,FW,it Serie A,20-045,2005.0,9.7,1,1,0,11,11,2,26,2,7,0.0,1.0,0,36.0,6.0,4.0,60.0,,,,,,,,,,,,,,,,,,,,,,,,,,,,,,,,,,,,,,,,,,,,,,,,,,,,,,Forward,0.0,0.4123711340206186,0.18556701030927836,0.3195876288659794,6.288659793814434,2.3711340206185567,9.278350515463918,2.1649484536082477,1.0309278350515465,0.2061855670103093,1.1340206185567012,26.5979381443299,1.2420271546391746,8.659793814432991,-1.8,1.0073349633251834,98.78048780487805,65.1,59.83070127491099
1902,Juan Rodríguez,uy URU,DF,Cagliari,it Serie A,20.0,2005.0,4,4,335,3.7,0,0,0,0,0,0,1,0,0.0,0.0,0.0,0.0,2.0,6.0,0.0,0.0,0.0,1902,uy URU,DF,it Serie A,20-220,2005.0,3.7,0,0,0,,0.0,0.0,,,,0.0,0,0,0.0,0.0,,0.0,0.0,1902,uy URU,DF,it Serie A,20-220,2005.0,3.7,132.0,155.0,85.2,2370.0,733.0,0,0.0,0.0,0.0,0.0,3.0,0.0,0.0,6.0,1902,uy URU,DF,it Serie A,20-220,2005.0,3.7,155.0,133.0,21.0,3.0,0.0,0.0,1,1.0,0.0,0.0,0.0,0.0,132.0,1.0,2.0,1902,uy URU,DF,it Serie A,20-220,2005.0,3.7,0.0,0.0,0.0,0.0,0.0,0.0,0.0,0.0,0.0,0.0,1902,uy URU,DF,it Serie A,20-220,2005.0,3.7,14.0,11,11.0,3.0,0.0,12.0,75.0,3.0,5.0,5.0,0.0,5,19.0,26.0,0.0,1902,uy URU,DF,it Serie A,20-220,2005.0,3.7,210.0,54.0,144.0,64.0,2.0,1.0,210.0,1.0,1.0,100.0,0.0,0.0,104.0,403.0,144.0,2.0,1.0,0.0,0.0,1.0,113.0,0.0,2384,uy URU,DF,it Serie A,20-220,2005.0,4,335,84,20.7,3.7,4,84.0,3,0,,9,1.0,3,4,-1,-0.27,0.08,4.1,5.2,-1.1,-0.31,1902,uy URU,DF,it Serie A,20-220,2005.0,3.7,1,0,0,5,2,0,1,5,11,0.0,0.0,0,12.0,5.0,3.0,62.5,,,,,,,,,,,,,,,,,,,,,,,,,,,,,,,,,,,,,,,,,,,,,,,,,,,,,,Defender,0.0,0.0,0.0,0.0,0.5405405405405405,1.6216216216216215,0.0,0.0,3.7837837837837838,1.3513513513513513,0.0,28.108108108108105,-3.036513513513512,2.162162162162162,0.0,0.0,73.38003502626971,13.2,64.82335249670469
1904,Rodrygo,br BRA,"FW,MF",Real Madrid,es La Liga,24.0,2001.0,17,6,634,7.0,1,3,4,1,0,0,3,0,1.8,1.8,2.2,4.0,41.0,20.0,70.0,0.57,0.56,1904,br BRA,"FW,MF",es La Liga,24-361,2001.0,7.0,1,23,9,39.1,3.26,1.28,0.04,0.11,16.9,2.0,0,0,1.8,1.8,0.08,-0.8,-0.8,1904,br BRA,"FW,MF",es La Liga,24-361,2001.0,7.0,287.0,340.0,84.4,3917.0,887.0,3,2.2,2.0,0.8,15.0,18.0,5.0,0.0,20.0,1904,br BRA,"FW,MF",es La Liga,24-361,2001.0,7.0,340.0,299.0,40.0,13.0,4.0,0.0,33,9.0,18.0,6.0,7.0,0.0,287.0,1.0,7.0,1904,br BRA,"FW,MF",es La Liga,24-361,2001.0,7.0,45.0,6.39,17.0,11.0,6.0,4.0,7.0,0.0,6.0,0.85,1904,br BRA,"FW,MF",es La Liga,24-361,2001.0,7.0,9.0,5,2.0,5.0,2.0,12.0,50.0,6.0,5.0,0.0,5.0,3,12.0,5.0,0.0,1904,br BRA,"FW,MF",es La Liga,24-361,2001.0,7.0,435.0,5.0,31.0,155.0,258.0,50.0,435.0,44.0,17.0,38.6,17.0,38.6,301.0,2228.0,1256.0,41.0,22.0,24.0,16.0,9.0,333.0,70.0,2386,br BRA,"FW,MF",es La Liga,24-361,2001.0,17,634,37,37.1,7.0,6,75.0,1,11,17.0,2,2.29,10,5,5,0.71,-0.88,12.3,7.3,5.0,0.71,1904,br BRA,"FW,MF",es La Liga,24-361,2001.0,7.0,3,0,0,5,21,0,33,3,5,1.0,0.0,0,35.0,0.0,9.0,0.0,,,,,,,,,,,,,,,,,,,,,,,,,,,,,,,,,,,,,,,,,,,,,,,,,,,,,,Forward,0.14285714285714285,0.42857142857142855,0.2571428571428572,0.31428571428571433,5.857142857142857,2.857142857142857,10.0,2.142857142857143,1.2857142857142858,0.42857142857142855,0.7142857142857143,43.0,-3.073072714285715,8.714285714285714,-0.8,1.4689655172413794,94.42508710801394,58.5,59.57418744985106
1905,Robin Roefs,nl NED,GK,Sunderland,eng Premier League,22.0,2003.0,20,20,1800,20.0,0,0,0,0,0,0,2,0,0.0,0.0,0.4,0.4,0.0,0.0,0.0,0.0,0.02,1905,nl NED,GK,eng Premier League,22-353,2003.0,20.0,0,0,0,,0.0,0.0,,,,0.0,0,0,0.0,0.0,,0.0,0.0,1905,nl NED,GK,eng Premier League,22-353,2003.0,20.0,548.0,845.0,64.9,15062.0,10062.0,0,0.4,0.1,-0.4,4.0,21.0,2.0,0.0,0.0,1905,nl NED,GK,eng Premier League,22-353,2003.0,20.0,845.0,633.0,209.0,99.0,0.0,2.0,0,0.0,0.0,0.0,0.0,0.0,548.0,3.0,0.0,1905,nl NED,GK,eng Premier League,22-353,2003.0,20.0,10.0,0.5,7.0,3.0,0.0,0.0,0.0,0.0,1.0,0.05,1905,nl NED,GK,eng Premier League,22-353,2003.0,20.0,0.0,0,0.0,0.0,0.0,1.0,0.0,1.0,0.0,0.0,0.0,0,0.0,5.0,2.0,1905,nl NED,GK,eng Premier League,22-353,2003.0,20.0,888.0,617.0,869.0,20.0,0.0,0.0,888.0,0.0,0.0,,0.0,,554.0,2896.0,1498.0,0.0,0.0,0.0,0.0,0.0,417.0,0.0,2387,nl NED,GK,eng Premier League,22-353,2003.0,20,1800,90,100.0,20.0,20,90.0,20,0,,0,1.5,21,19,2,0.1,,16.7,27.5,-10.8,-0.54,1905,nl NED,GK,eng Premier League,22-353,2003.0,20.0,2,0,0,0,8,0,0,0,0,0.0,0.0,0,40.0,11.0,0.0,100.0,111.0,nl NED,GK,eng Premier League,22-353,2003.0,20.0,20.0,1800.0,20.0,19.0,0.95,87.0,68.0,78.2,7.0,9.0,4.0,7.0,35.0,1.0,0.0,1.0,0.0,111.0,nl NED,GK,eng Premier League,22-353,2003.0,20.0,19.0,0.0,0.0,3.0,1.0,21.9,0.26,3.9,0.19,92.0,370.0,24.9,732.0,81.0,37.6,35.5,354.0,34.0,9.6,22.0,1.1,12.4,Goalkeeper,0.0,0.0,0.0,0.02,0.0,0.0,0.0,0.2,0.0,0.0,0.1,27.7,-11.0,0.0,0.0,0.05630630630630631,95.66929133858267,43.4,66.71498698645931
1906,Morgan Rogers,eng ENG,"FW,MF",Aston Villa,eng Premier League,23.0,2002.0,20,20,1777,19.7,7,4,11,7,0,0,4,0,3.2,3.2,2.9,6.1,46.0,60.0,118.0,0.56,0.31,1906,eng ENG,"FW,MF",eng Premier League,23-163,2002.0,19.7,7,37,15,40.5,1.87,0.76,0.19,0.47,19.0,2.0,0,0,3.2,3.2,0.09,3.8,3.8,1906,eng ENG,"FW,MF",eng Premier League,23-163,2002.0,19.7,393.0,546.0,72.0,5636.0,1937.0,4,2.9,2.3,1.1,21.0,31.0,26.0,1.0,60.0,1906,eng ENG,"FW,MF",eng Premier League,23-163,2002.0,19.7,546.0,523.0,23.0,4.0,14.0,4.0,19,4.0,1.0,0.0,0.0,0.0,393.0,0.0,23.0,1906,eng ENG,"FW,MF",eng Premier League,23-163,2002.0,19.7,44.0,2.23,33.0,1.0,3.0,2.0,4.0,1.0,8.0,0.41,1906,eng ENG,"FW,MF",eng Premier League,23-163,2002.0,19.7,19.0,11,5.0,9.0,5.0,21.0,42.9,12.0,13.0,1.0,12.0,9,28.0,16.0,1.0,1906,eng ENG,"FW,MF",eng Premier League,23-163,2002.0,19.7,789.0,29.0,127.0,324.0,349.0,78.0,789.0,72.0,23.0,31.9,42.0,58.3,525.0,2877.0,1580.0,46.0,21.0,16.0,68.0,42.0,596.0,118.0,2390,eng ENG,"FW,MF",eng Premier League,23-163,2002.0,20,1777,89,98.7,19.7,20,89.0,17,0,,0,2.1,32,24,8,0.41,-3.51,20.6,28.0,-7.4,-0.38,1906,eng ENG,"FW,MF",eng Premier League,23-163,2002.0,19.7,4,0,0,24,27,2,19,9,11,0.0,1.0,0,70.0,13.0,32.0,28.9,,,,,,,,,,,,,,,,,,,,,,,,,,,,,,,,,,,,,,,,,,,,,,,,,,,,,,Forward,0.3553299492385787,0.20304568527918782,0.16243654822335027,0.14720812182741116,2.33502538071066,3.0456852791878175,5.989847715736041,1.0659898477157361,0.9644670050761421,0.4568527918781726,1.3197969543147208,26.649746192893403,-8.522871852791878,5.380710659898478,3.8,0.28263624841571605,65.33101045296166,24.9,52.306653685317585
1912,Miguel Román,es ESP,MF,Celta Vigo,es La Liga,23.0,2002.0,10,7,641,7.1,1,0,1,1,0,0,3,0,0.9,0.9,0.9,1.8,5.0,26.0,11.0,0.14,0.26,1912,es ESP,MF,es La Liga,23-010,2002.0,7.1,1,7,1,14.3,0.98,0.14,0.14,1.0,17.0,0.0,0,0,0.9,0.9,0.13,0.1,0.1,1912,es ESP,MF,es La Liga,23-010,2002.0,7.1,291.0,337.0,86.4,5391.0,1527.0,0,0.9,0.5,-0.9,9.0,31.0,0.0,0.0,26.0,1912,es ESP,MF,es La Liga,23-010,2002.0,7.1,337.0,320.0,14.0,6.0,5.0,7.0,4,1.0,5.0,2.0,2.0,0.0,291.0,3.0,3.0,1912,es ESP,MF,es La Liga,23-010,2002.0,7.1,16.0,2.25,13.0,2.0,0.0,1.0,0.0,0.0,0.0,0.0,1912,es ESP,MF,es La Liga,23-010,2002.0,7.1,17.0,11,6.0,11.0,0.0,12.0,50.0,6.0,13.0,6.0,7.0,7,24.0,10.0,0.0,1912,es ESP,MF,es La Liga,23-010,2002.0,7.1,408.0,16.0,89.0,266.0,56.0,5.0,408.0,9.0,2.0,22.2,6.0,66.7,221.0,854.0,403.0,5.0,3.0,1.0,6.0,1.0,272.0,11.0,2396,es ESP,MF,es La Liga,23-010,2002.0,10,641,64,39.6,7.1,7,85.0,4,3,14.0,7,1.7,9,5,4,0.56,0.56,7.8,11.4,-3.6,-0.5,1912,es ESP,MF,es La Liga,23-010,2002.0,7.1,3,0,0,17,7,0,4,7,11,0.0,0.0,0,35.0,5.0,7.0,41.7,,,,,,,,,,,,,,,,,,,,,,,,,,,,,,,,,,,,,,,,,,,,,,,,,,,,,,Midfielder,0.14084507042253522,0.0,0.1267605633802817,0.1267605633802817,0.7042253521126761,3.6619718309859155,1.5492957746478875,1.267605633802817,2.3943661971830985,0.9859154929577465,0.0,31.126760563380284,-3.3335760563380283,4.366197183098592,0.09999999999999998,0.5514705882352942,66.12685560053981,11.9,59.09459839190332
1913,Carlos Romero,es ESP,DF,Espanyol,es La Liga,24.0,2001.0,17,17,1497,16.6,3,2,5,3,0,0,1,0,1.5,1.5,2.0,3.5,43.0,36.0,62.0,0.3,0.21,1913,es ESP,DF,es La Liga,24-068,2001.0,16.6,3,15,5,33.3,0.9,0.3,0.2,0.6,19.3,0.0,0,0,1.5,1.5,0.1,1.5,1.5,1913,es ESP,DF,es La Liga,24-068,2001.0,16.6,478.0,640.0,74.7,8258.0,3329.0,2,2.0,2.0,0.0,13.0,35.0,14.0,8.0,36.0,1913,es ESP,DF,es La Liga,24-068,2001.0,16.6,640.0,483.0,154.0,7.0,0.0,3.0,42,147.0,0.0,0.0,0.0,0.0,478.0,3.0,18.0,1913,es ESP,DF,es La Liga,24-068,2001.0,16.6,35.0,2.1,26.0,2.0,3.0,3.0,1.0,0.0,4.0,0.24,1913,es ESP,DF,es La Liga,24-068,2001.0,16.6,50.0,31,24.0,16.0,10.0,46.0,67.4,15.0,17.0,8.0,9.0,23,73.0,38.0,2.0,1913,es ESP,DF,es La Liga,24-068,2001.0,16.6,839.0,50.0,260.0,341.0,255.0,19.0,839.0,41.0,18.0,43.9,20.0,48.8,387.0,2514.0,1364.0,43.0,31.0,8.0,29.0,11.0,376.0,62.0,2398,es ESP,DF,es La Liga,24-068,2001.0,17,1497,88,92.4,16.6,17,88.0,14,0,,0,1.94,21,17,4,0.24,0.97,24.1,18.6,5.5,0.33,1913,es ESP,DF,es La Liga,24-068,2001.0,16.6,1,0,0,22,7,0,42,23,31,0.0,0.0,0,88.0,6.0,10.0,37.5,,,,,,,,,,,,,,,,,,,,,,,,,,,,,,,,,,,,,,,,,,,,,,,,,,,,,,Defender,0.18072289156626503,0.12048192771084336,0.09036144578313252,0.12048192771084336,2.5903614457831323,2.1686746987951806,3.7349397590361444,0.7831325301204819,3.012048192771084,1.3855421686746987,0.8433734939759036,23.31325301204819,-5.0008939759036135,4.759036144578313,1.5,0.25029797377830754,53.239929947460595,5.7,50.36890250469309
1916,Iván Romero,es ESP,FW,Levante,es La Liga,24.0,2001.0,14,13,1051,11.7,4,1,5,4,0,0,2,0,4.4,4.4,1.2,5.6,15.0,19.0,52.0,0.43,0.48,1916,es ESP,FW,es La Liga,24-270,2001.0,11.7,4,26,8,30.8,2.23,0.69,0.15,0.5,14.5,0.0,0,0,4.4,4.4,0.17,-0.4,-0.4,1916,es ESP,FW,es La Liga,24-270,2001.0,11.7,173.0,252.0,68.7,2463.0,466.0,1,1.2,0.9,-0.2,10.0,9.0,5.0,1.0,19.0,1916,es ESP,FW,es La Liga,24-270,2001.0,11.7,252.0,211.0,41.0,1.0,2.0,3.0,8,21.0,0.0,0.0,0.0,0.0,173.0,0.0,10.0,1916,es ESP,FW,es La Liga,24-270,2001.0,11.7,25.0,2.14,17.0,1.0,3.0,2.0,2.0,0.0,5.0,0.43,1916,es ESP,FW,es La Liga,24-270,2001.0,11.7,9.0,5,1.0,5.0,3.0,9.0,22.2,7.0,6.0,2.0,4.0,3,12.0,8.0,0.0,1916,es ESP,FW,es La Liga,24-270,2001.0,11.7,407.0,11.0,36.0,164.0,212.0,49.0,407.0,34.0,15.0,44.1,15.0,44.1,248.0,1201.0,368.0,15.0,7.0,10.0,46.0,32.0,284.0,52.0,2402,es ESP,FW,es La Liga,24-270,2001.0,14,1051,75,68.7,11.7,13,77.0,1,1,45.0,2,0.86,14,17,-3,-0.26,0.87,14.4,15.6,-1.2,-0.1,1916,es ESP,FW,es La Liga,24-270,2001.0,11.7,2,0,0,18,37,4,8,3,5,0.0,0.0,0,33.0,18.0,22.0,45.0,,,,,,,,,,,,,,,,,,,,,,,,,,,,,,,,,,,,,,,,,,,,,,,,,,,,,,Forward,0.3418803418803419,0.08547008547008547,0.3760683760683761,0.10256410256410256,1.2820512820512822,1.623931623931624,4.444444444444445,0.8547008547008548,0.7692307692307693,0.25641025641025644,0.4273504273504274,21.1965811965812,-11.101430555555554,2.9059829059829063,-0.40000000000000036,0.5257985257985258,41.98606271777003,3.2,40.684169300164754
1917,Rômulo,br BRA,FW,RB Leipzig,de Bundesliga,23.0,2002.0,11,10,874,9.7,4,3,7,4,0,0,0,0,4.7,4.7,1.4,6.1,8.0,24.0,40.0,0.72,0.63,1917,br BRA,FW,de Bundesliga,23-331,2002.0,9.7,4,20,9,45.0,2.06,0.93,0.2,0.44,9.8,0.0,0,0,4.7,4.7,0.23,-0.7,-0.7,1917,br BRA,FW,de Bundesliga,23-331,2002.0,9.7,162.0,234.0,69.2,2137.0,594.0,3,1.4,0.7,1.6,11.0,10.0,7.0,0.0,24.0,1917,br BRA,FW,de Bundesliga,23-331,2002.0,9.7,234.0,225.0,7.0,0.0,1.0,0.0,0,1.0,0.0,0.0,0.0,0.0,162.0,2.0,9.0,1917,br BRA,FW,de Bundesliga,23-331,2002.0,9.7,30.0,3.09,23.0,0.0,0.0,1.0,3.0,3.0,4.0,0.41,1917,br BRA,FW,de Bundesliga,23-331,2002.0,9.7,11.0,7,1.0,8.0,2.0,7.0,0.0,7.0,7.0,2.0,5.0,4,15.0,15.0,1.0,1917,br BRA,FW,de Bundesliga,23-331,2002.0,9.7,335.0,14.0,43.0,168.0,127.0,42.0,335.0,7.0,3.0,42.9,3.0,42.9,192.0,753.0,261.0,8.0,7.0,6.0,25.0,14.0,253.0,40.0,2403,br BRA,FW,de Bundesliga,23-331,2002.0,11,874,79,64.7,9.7,10,83.0,2,1,45.0,0,2.0,20,12,8,0.82,0.26,17.9,15.0,3.0,0.3,1917,br BRA,FW,de Bundesliga,23-331,2002.0,9.7,0,0,0,7,13,4,0,4,7,0.0,0.0,0,28.0,22.0,34.0,39.3,,,,,,,,,,,,,,,,,,,,,,,,,,,,,,,,,,,,,,,,,,,,,,,,,,,,,,Forward,0.4123711340206186,0.30927835051546393,0.48453608247422686,0.1443298969072165,0.8247422680412372,2.4742268041237114,4.123711340206186,1.1340206185567012,1.1340206185567012,0.4123711340206186,0.7216494845360826,19.79381443298969,-11.7174223814433,3.2989690721649487,-0.7000000000000002,0.9223880597014925,34.84320557491289,1.4,34.3621356754565
1925,Tom Rothe,de GER,DF,Union Berlin,de Bundesliga,21.0,2004.0,12,5,544,6.0,1,0,1,1,0,0,1,1,0.8,0.8,0.2,1.0,7.0,22.0,20.0,0.17,0.17,1925,de GER,DF,de Bundesliga,21-068,2004.0,6.0,1,10,3,30.0,1.65,0.5,0.1,0.33,11.3,0.0,0,0,0.8,0.8,0.08,0.2,0.2,1925,de GER,DF,de Bundesliga,21-068,2004.0,6.0,177.0,261.0,67.8,2851.0,1007.0,0,0.2,0.4,-0.2,4.0,14.0,2.0,0.0,22.0,1925,de GER,DF,de Bundesliga,21-068,2004.0,6.0,261.0,219.0,41.0,3.0,0.0,0.0,14,38.0,0.0,0.0,0.0,0.0,177.0,1.0,10.0,1925,de GER,DF,de Bundesliga,21-068,2004.0,6.0,8.0,1.32,7.0,0.0,0.0,1.0,0.0,0.0,0.0,0.0,1925,de GER,DF,de Bundesliga,21-068,2004.0,6.0,11.0,7,8.0,1.0,2.0,16.0,37.5,10.0,9.0,0.0,9.0,13,24.0,26.0,1.0,1925,de GER,DF,de Bundesliga,21-068,2004.0,6.0,365.0,22.0,116.0,145.0,107.0,24.0,365.0,8.0,3.0,37.5,4.0,50.0,153.0,719.0,319.0,7.0,9.0,0.0,13.0,9.0,176.0,20.0,2412,de GER,DF,de Bundesliga,21-068,2004.0,12,544,45,40.3,6.0,5,82.0,2,7,19.0,1,1.0,7,11,-4,-0.66,-0.77,6.5,9.1,-2.6,-0.42,1925,de GER,DF,de Bundesliga,21-068,2004.0,6.0,1,1,0,9,3,2,14,13,7,0.0,1.0,0,22.0,18.0,12.0,60.0,,,,,,,,,,,,,,,,,,,,,,,,,,,,,,,,,,,,,,,,,,,,,,,,,,,,,,Defender,0.16666666666666666,0.0,0.13333333333333333,0.03333333333333333,1.1666666666666667,3.6666666666666665,3.3333333333333335,0.6666666666666666,1.8333333333333333,2.1666666666666665,0.3333333333333333,25.5,-3.4159999999999995,4.833333333333333,0.19999999999999996,0.36164383561643837,69.87740805604203,13.8,61.403697764536055
1926,Anthony Rouault,fr FRA,DF,Rennes,fr Ligue 1,24.0,2001.0,11,9,855,9.5,1,0,1,1,0,0,2,0,0.7,0.7,0.1,0.8,5.0,54.0,0.0,0.11,0.08,1926,fr FRA,DF,fr Ligue 1,24-221,2001.0,9.5,1,5,1,20.0,0.53,0.11,0.2,1.0,8.6,0.0,0,0,0.7,0.7,0.14,0.3,0.3,1926,fr FRA,DF,fr Ligue 1,24-221,2001.0,9.5,509.0,576.0,88.4,9256.0,3797.0,0,0.1,0.2,-0.1,3.0,56.0,1.0,0.0,54.0,1926,fr FRA,DF,fr Ligue 1,24-221,2001.0,9.5,576.0,548.0,26.0,15.0,1.0,0.0,0,7.0,0.0,0.0,0.0,0.0,509.0,2.0,4.0,1926,fr FRA,DF,fr Ligue 1,24-221,2001.0,9.5,7.0,0.74,5.0,0.0,0.0,2.0,0.0,0.0,0.0,0.0,1926,fr FRA,DF,fr Ligue 1,24-221,2001.0,9.5,15.0,7,12.0,2.0,1.0,18.0,55.6,8.0,14.0,9.0,5.0,12,27.0,49.0,1.0,1926,fr FRA,DF,fr Ligue 1,24-221,2001.0,9.5,689.0,85.0,340.0,322.0,30.0,5.0,689.0,1.0,0.0,0.0,0.0,0.0,335.0,1769.0,1021.0,5.0,4.0,1.0,3.0,3.0,465.0,0.0,2414,fr FRA,DF,fr Ligue 1,24-221,2001.0,11,855,78,55.9,9.5,9,90.0,9,2,23.0,5,1.73,13,13,0,0.0,-0.67,13.3,15.6,-2.3,-0.24,1926,fr FRA,DF,fr Ligue 1,24-221,2001.0,9.5,2,0,0,12,5,0,0,12,7,0.0,1.0,0,26.0,22.0,13.0,62.9,,,,,,,,,,,,,,,,,,,,,,,,,,,,,,,,,,,,,,,,,,,,,,,,,,,,,,Defender,0.10526315789473684,0.0,0.07368421052631578,0.010526315789473684,0.5263157894736842,5.684210526315789,0.0,0.3157894736842105,1.5789473684210527,1.263157894736842,0.10526315789473684,35.26315789473684,-0.1967052631578916,6.2105263157894735,0.30000000000000004,0.1074020319303338,90.19264448336253,25.3,71.98136032191742
1928,Jonathan Rowe,eng ENG,FW,Bologna,it Serie A,22.0,2003.0,9,5,467,5.2,0,0,0,0,0,0,2,0,1.6,1.6,0.7,2.3,13.0,17.0,38.0,0.0,0.44,1928,eng ENG,FW,it Serie A,22-250,2003.0,5.2,0,13,4,30.8,2.51,0.77,0.0,0.0,21.7,0.0,0,0,1.6,1.6,0.12,-1.6,-1.6,1928,eng ENG,FW,it Serie A,22-250,2003.0,5.2,117.0,146.0,80.1,1903.0,407.0,0,0.7,0.5,-0.7,5.0,13.0,10.0,3.0,17.0,1928,eng ENG,FW,it Serie A,22-250,2003.0,5.2,146.0,142.0,3.0,0.0,1.0,2.0,16,3.0,0.0,0.0,0.0,0.0,117.0,1.0,3.0,1928,eng ENG,FW,it Serie A,22-250,2003.0,5.2,18.0,3.47,12.0,0.0,1.0,1.0,2.0,2.0,1.0,0.19,1928,eng ENG,FW,it Serie A,22-250,2003.0,5.2,10.0,6,1.0,5.0,4.0,4.0,75.0,1.0,1.0,0.0,1.0,3,13.0,1.0,0.0,1928,eng ENG,FW,it Serie A,22-250,2003.0,5.2,206.0,1.0,17.0,92.0,105.0,12.0,206.0,30.0,12.0,40.0,13.0,43.3,143.0,1116.0,513.0,13.0,11.0,3.0,7.0,11.0,149.0,38.0,2419,eng ENG,FW,it Serie A,22-250,2003.0,9,467,52,30.5,5.2,5,73.0,1,4,25.0,6,1.44,5,7,-2,-0.39,-1.23,7.8,7.9,-0.1,-0.02,1928,eng ENG,FW,it Serie A,22-250,2003.0,5.2,2,0,0,9,16,1,16,3,6,0.0,0.0,0,26.0,3.0,8.0,27.3,,,,,,,,,,,,,,,,,,,,,,,,,,,,,,,,,,,,,,,,,,,,,,,,,,,,,,Forward,0.0,0.0,0.3076923076923077,0.1346153846153846,2.5,3.269230769230769,7.3076923076923075,0.9615384615384615,1.923076923076923,0.5769230769230769,1.923076923076923,27.5,-7.797055,5.769230769230769,-1.6,1.6844660194174756,71.95121951219512,13.7,63.28163545487698
1931,Rubén,es ESP,"DF,MF",Espanyol,es La Liga,24.0,2001.0,10,3,328,3.6,0,0,0,0,0,0,0,0,0.0,0.0,0.1,0.1,19.0,25.0,16.0,0.0,0.02,1931,es ESP,"DF,MF",es La Liga,24-335,2001.0,3.6,0,1,0,0.0,0.27,0.0,0.0,,39.0,0.0,0,0,0.0,0.0,0.01,0.0,0.0,1931,es ESP,"DF,MF",es La Liga,24-335,2001.0,3.6,147.0,201.0,73.1,2626.0,1086.0,0,0.1,0.2,-0.1,2.0,21.0,5.0,2.0,25.0,1931,es ESP,"DF,MF",es La Liga,24-335,2001.0,3.6,201.0,159.0,42.0,4.0,1.0,0.0,18,38.0,0.0,0.0,0.0,0.0,147.0,0.0,4.0,1931,es ESP,"DF,MF",es La Liga,24-335,2001.0,3.6,11.0,3.02,8.0,3.0,0.0,0.0,0.0,0.0,0.0,0.0,1931,es ESP,"DF,MF",es La Liga,24-335,2001.0,3.6,5.0,5,3.0,2.0,0.0,9.0,22.2,7.0,5.0,4.0,1.0,6,11.0,9.0,1.0,1931,es ESP,"DF,MF",es La Liga,24-335,2001.0,3.6,246.0,11.0,60.0,133.0,58.0,1.0,246.0,13.0,10.0,76.9,2.0,15.4,125.0,945.0,624.0,19.0,8.0,1.0,5.0,1.0,126.0,16.0,2424,es ESP,"DF,MF",es La Liga,24-335,2001.0,10,328,33,20.2,3.6,3,79.0,1,7,13.0,8,1.9,5,2,3,0.82,0.82,8.4,3.6,4.8,1.31,1931,es ESP,"DF,MF",es La Liga,24-335,2001.0,3.6,0,0,0,2,6,0,18,6,5,0.0,0.0,0,23.0,6.0,8.0,42.9,,,,,,,,,,,,,,,,,,,,,,,,,,,,,,,,,,,,,,,,,,,,,,,,,,,,,,Midfielder,0.0,0.0,0.0,0.02777777777777778,5.277777777777778,6.944444444444445,4.444444444444445,0.5555555555555556,1.3888888888888888,1.6666666666666665,1.3888888888888888,34.72222222222222,3.389879333333335,12.222222222222221,0.0,1.2276422764227641,98.38056680161942,36.6,72.02091273910646
1933,Javier Rueda Garcia,es ESP,"MF,DF",Celta Vigo,es La Liga,23.0,2002.0,12,7,681,7.6,1,3,4,1,0,0,3,0,0.6,0.6,1.2,1.9,11.0,16.0,57.0,0.53,0.25,1933,es ESP,"MF,DF",es La Liga,23-242,2002.0,7.6,1,6,2,33.3,0.79,0.26,0.17,0.5,19.4,0.0,0,0,0.6,0.6,0.1,0.4,0.4,1933,es ESP,"MF,DF",es La Liga,23-242,2002.0,7.6,244.0,344.0,70.9,4330.0,1398.0,3,1.2,1.6,1.8,4.0,12.0,2.0,0.0,16.0,1933,es ESP,"MF,DF",es La Liga,23-242,2002.0,7.6,344.0,287.0,57.0,1.0,1.0,2.0,11,56.0,0.0,0.0,0.0,0.0,244.0,0.0,20.0,1933,es ESP,"MF,DF",es La Liga,23-242,2002.0,7.6,10.0,1.32,7.0,1.0,1.0,0.0,1.0,0.0,4.0,0.53,1933,es ESP,"MF,DF",es La Liga,23-242,2002.0,7.6,9.0,6,3.0,5.0,1.0,10.0,60.0,4.0,13.0,3.0,10.0,12,21.0,23.0,0.0,1933,es ESP,"MF,DF",es La Liga,23-242,2002.0,7.6,438.0,17.0,130.0,171.0,143.0,21.0,438.0,19.0,9.0,47.4,9.0,47.4,209.0,830.0,406.0,11.0,6.0,7.0,10.0,3.0,261.0,57.0,2427,es ESP,"MF,DF",es La Liga,23-242,2002.0,12,681,57,42.0,7.6,7,75.0,3,5,32.0,3,1.33,9,4,5,0.66,0.76,9.1,7.6,1.5,0.19,1933,es ESP,"MF,DF",es La Liga,23-242,2002.0,7.6,3,0,0,15,9,2,11,12,6,1.0,0.0,0,29.0,3.0,8.0,27.3,,,,,,,,,,,,,,,,,,,,,,,,,,,,,,,,,,,,,,,,,,,,,,,,,,,,,,Midfielder,0.13157894736842105,0.39473684210526316,0.07894736842105263,0.15789473684210525,1.4473684210526316,2.1052631578947367,7.5,0.5263157894736842,1.1842105263157896,1.5789473684210527,0.2631578947368421,27.5,-4.881618263157895,3.5526315789473686,0.4,0.3013698630136986,51.686909581646425,5.0,49.22562817299659
1935,Matteo Ruggeri,it ITA,DF,Atlético Madrid,es La Liga,23.0,2002.0,13,9,774,8.6,0,0,0,0,0,0,2,0,0.1,0.1,0.7,0.7,16.0,37.0,50.0,0.0,0.09,1935,it ITA,DF,es La Liga,23-178,2002.0,8.6,0,3,2,66.7,0.35,0.23,0.0,0.0,14.6,0.0,0,0,0.1,0.1,0.03,-0.1,-0.1,1935,it ITA,DF,es La Liga,23-178,2002.0,8.6,416.0,497.0,83.7,6696.0,1803.0,0,0.7,1.2,-0.7,8.0,28.0,13.0,10.0,37.0,1935,it ITA,DF,es La Liga,23-178,2002.0,8.6,497.0,420.0,77.0,5.0,0.0,2.0,36,71.0,1.0,0.0,0.0,0.0,416.0,0.0,12.0,1935,it ITA,DF,es La Liga,23-178,2002.0,8.6,18.0,2.09,17.0,0.0,0.0,1.0,0.0,0.0,2.0,0.23,1935,it ITA,DF,es La Liga,23-178,2002.0,8.6,23.0,17,11.0,6.0,6.0,19.0,63.2,7.0,10.0,1.0,9.0,8,31.0,35.0,0.0,1935,it ITA,DF,es La Liga,23-178,2002.0,8.6,596.0,20.0,169.0,228.0,204.0,17.0,596.0,12.0,2.0,16.7,10.0,83.3,285.0,1244.0,688.0,16.0,15.0,0.0,5.0,2.0,350.0,50.0,2429,it ITA,DF,es La Liga,23-178,2002.0,13,774,60,45.3,8.6,9,78.0,4,4,19.0,6,1.92,17,7,10,1.16,0.49,14.3,7.6,6.7,0.78,1935,it ITA,DF,es La Liga,23-178,2002.0,8.6,2,0,0,14,1,0,36,8,17,0.0,0.0,0,37.0,12.0,8.0,60.0,,,,,,,,,,,,,,,,,,,,,,,,,,,,,,,,,,,,,,,,,,,,,,,,,,,,,,Defender,0.0,0.0,0.011627906976744188,0.0813953488372093,1.8604651162790697,4.302325581395349,5.813953488372094,0.9302325581395349,2.674418604651163,0.9302325581395349,1.5116279069767442,33.139534883720934,-0.204579069767437,6.162790697674419,-0.1,0.3506711409395973,90.01751313485113,28.7,69.94367764945699
1940,Georginio Rutter,fr FRA,"MF,FW",Brighton,eng Premier League,23.0,2002.0,18,15,1261,14.0,2,2,4,2,0,0,2,0,1.9,1.9,2.5,4.4,26.0,65.0,66.0,0.29,0.31,1940,fr FRA,"MF,FW",eng Premier League,23-260,2002.0,14.0,2,29,11,37.9,2.07,0.79,0.07,0.18,16.6,0.0,0,0,1.9,1.9,0.07,0.1,0.1,1940,fr FRA,"MF,FW",eng Premier League,23-260,2002.0,14.0,216.0,305.0,70.8,3461.0,1275.0,2,2.5,1.9,-0.5,17.0,40.0,17.0,2.0,65.0,1940,fr FRA,"MF,FW",eng Premier League,23-260,2002.0,14.0,305.0,286.0,18.0,1.0,4.0,0.0,12,0.0,0.0,0.0,0.0,0.0,216.0,1.0,17.0,1940,fr FRA,"MF,FW",eng Premier League,23-260,2002.0,14.0,43.0,3.07,30.0,0.0,3.0,5.0,5.0,0.0,7.0,0.5,1940,fr FRA,"MF,FW",eng Premier League,23-260,2002.0,14.0,16.0,11,5.0,6.0,5.0,18.0,50.0,9.0,10.0,1.0,9.0,5,21.0,25.0,0.0,1940,fr FRA,"MF,FW",eng Premier League,23-260,2002.0,14.0,542.0,30.0,65.0,246.0,240.0,59.0,542.0,56.0,23.0,41.1,24.0,42.9,320.0,1857.0,808.0,26.0,15.0,16.0,65.0,42.0,387.0,66.0,2434,fr FRA,"MF,FW",eng Premier League,23-260,2002.0,18,1261,70,70.1,14.0,15,78.0,3,3,31.0,0,1.56,20,13,7,0.5,1.17,21.2,16.1,5.1,0.37,1940,fr FRA,"MF,FW",eng Premier League,23-260,2002.0,14.0,2,0,0,22,25,7,12,5,11,1.0,0.0,1,38.0,13.0,15.0,46.4,,,,,,,,,,,,,,,,,,,,,,,,,,,,,,,,,,,,,,,,,,,,,,,,,,,,,,Forward,0.14285714285714285,0.14285714285714285,0.1357142857142857,0.17857142857142858,1.8571428571428572,4.642857142857143,4.714285714285714,1.2142857142857142,1.1428571428571428,0.35714285714285715,1.2142857142857142,22.857142857142858,-10.024960285714286,6.5,0.10000000000000009,0.566420664206642,50.87108013937283,8.1,47.05927857481298
1944,Alexander Røssing-Lelesiit,no NOR,"FW,MF",Hamburger SV,de Bundesliga,18.0,2007.0,8,4,284,3.2,0,1,1,0,0,0,2,1,0.0,0.0,0.5,0.5,7.0,8.0,21.0,0.32,0.17,1944,no NOR,"FW,MF",de Bundesliga,18-350,2007.0,3.2,0,1,1,100.0,0.32,0.32,0.0,0.0,22.2,0.0,0,0,0.0,0.0,0.04,0.0,0.0,1944,no NOR,"FW,MF",de Bundesliga,18-350,2007.0,3.2,51.0,62.0,82.3,800.0,209.0,1,0.5,0.4,0.5,4.0,3.0,2.0,1.0,8.0,1944,no NOR,"FW,MF",de Bundesliga,18-350,2007.0,3.2,62.0,55.0,7.0,0.0,2.0,1.0,4,0.0,6.0,3.0,0.0,0.0,51.0,0.0,1.0,1944,no NOR,"FW,MF",de Bundesliga,18-350,2007.0,3.2,7.0,2.22,5.0,0.0,2.0,0.0,0.0,0.0,2.0,0.63,1944,no NOR,"FW,MF",de Bundesliga,18-350,2007.0,3.2,9.0,2,8.0,0.0,1.0,6.0,50.0,3.0,3.0,1.0,2.0,0,9.0,3.0,0.0,1944,no NOR,"FW,MF",de Bundesliga,18-350,2007.0,3.2,110.0,2.0,28.0,43.0,42.0,6.0,110.0,17.0,6.0,35.3,9.0,52.9,66.0,539.0,237.0,7.0,7.0,2.0,10.0,9.0,67.0,21.0,2438,no NOR,"FW,MF",de Bundesliga,18-350,2007.0,8,284,36,21.0,3.2,4,63.0,0,4,8.0,4,1.25,1,9,-8,-2.54,-2.45,2.1,7.2,-5.1,-1.62,1944,no NOR,"FW,MF",de Bundesliga,18-350,2007.0,3.2,2,1,1,9,5,1,4,0,2,0.0,0.0,0,12.0,1.0,4.0,20.0,,,,,,,,,,,,,,,,,,,,,,,,,,,,,,,,,,,,,,,,,,,,,,,,,,,,,,Forward,0.0,0.3125,0.0,0.15625,2.1875,2.5,6.5625,1.25,2.8125,0.0,0.625,20.625,-6.4553727499999995,4.6875,0.0,2.018181818181818,80.66202090592334,32.2,61.01514440690117
1950,Noah Sadiki,cd COD,MF,Sunderland,eng Premier League,21.0,2004.0,16,16,1412,15.7,0,0,0,0,0,0,4,0,0.3,0.3,0.4,0.6,30.0,47.0,39.0,0.0,0.04,1950,cd COD,MF,eng Premier League,21-019,2004.0,15.7,0,5,0,0.0,0.32,0.0,0.0,,19.2,0.0,0,0,0.3,0.3,0.05,-0.3,-0.3,1950,cd COD,MF,eng Premier League,21-019,2004.0,15.7,454.0,546.0,83.2,7264.0,1707.0,0,0.4,0.7,-0.4,8.0,33.0,13.0,3.0,47.0,1950,cd COD,MF,eng Premier League,21-019,2004.0,15.7,546.0,525.0,19.0,3.0,2.0,1.0,13,5.0,0.0,0.0,0.0,0.0,454.0,2.0,11.0,1950,cd COD,MF,eng Premier League,21-019,2004.0,15.7,23.0,1.47,16.0,0.0,2.0,2.0,3.0,0.0,0.0,0.0,1950,cd COD,MF,eng Premier League,21-019,2004.0,15.7,20.0,10,7.0,10.0,3.0,16.0,62.5,6.0,23.0,4.0,19.0,20,40.0,28.0,0.0,1950,cd COD,MF,eng Premier League,21-019,2004.0,15.7,695.0,28.0,165.0,375.0,163.0,9.0,695.0,27.0,15.0,55.6,10.0,37.0,424.0,2299.0,1052.0,30.0,18.0,3.0,24.0,9.0,451.0,39.0,2445,cd COD,MF,eng Premier League,21-019,2004.0,16,1412,88,78.4,15.7,16,88.0,12,0,,0,1.63,19,17,2,0.13,0.13,13.3,19.8,-6.5,-0.42,1950,cd COD,MF,eng Premier League,21-019,2004.0,15.7,4,0,0,13,20,0,13,20,10,0.0,0.0,0,49.0,3.0,9.0,25.0,,,,,,,,,,,,,,,,,,,,,,,,,,,,,,,,,,,,,,,,,,,,,,,,,,,,,,Midfielder,0.0,0.0,0.01910828025477707,0.025477707006369428,1.910828025477707,2.993630573248408,2.484076433121019,0.5095541401273885,1.2738853503184715,1.2738853503184715,0.8280254777070064,27.006369426751593,-2.645552280254777,4.904458598726115,-0.3,0.21151079136690645,72.06477732793523,28.3,56.16896128443899
1955,Osame Sahraoui,ma MAR,"FW,MF",Lille,fr Ligue 1,24.0,2001.0,15,4,449,5.0,1,2,3,1,0,0,0,0,0.8,0.8,0.5,1.3,22.0,40.0,69.0,0.6,0.27,1955,ma MAR,"FW,MF",fr Ligue 1,24-208,2001.0,5.0,1,11,4,36.4,2.2,0.8,0.09,0.25,13.4,0.0,0,0,0.8,0.8,0.07,0.2,0.2,1955,ma MAR,"FW,MF",fr Ligue 1,24-208,2001.0,5.0,187.0,237.0,78.9,2605.0,764.0,2,0.5,1.3,1.5,8.0,18.0,15.0,0.0,40.0,1955,ma MAR,"FW,MF",fr Ligue 1,24-208,2001.0,5.0,237.0,226.0,8.0,3.0,4.0,0.0,2,3.0,2.0,0.0,0.0,0.0,187.0,3.0,7.0,1955,ma MAR,"FW,MF",fr Ligue 1,24-208,2001.0,5.0,20.0,4.02,16.0,1.0,0.0,1.0,2.0,0.0,4.0,0.8,1955,ma MAR,"FW,MF",fr Ligue 1,24-208,2001.0,5.0,5.0,3,1.0,3.0,1.0,6.0,50.0,3.0,5.0,1.0,4.0,3,8.0,2.0,2.0,1955,ma MAR,"FW,MF",fr Ligue 1,24-208,2001.0,5.0,313.0,2.0,20.0,120.0,175.0,24.0,313.0,32.0,14.0,43.8,15.0,46.9,232.0,1234.0,566.0,22.0,15.0,7.0,11.0,15.0,263.0,69.0,2450,ma MAR,"FW,MF",fr Ligue 1,24-208,2001.0,15,449,30,29.3,5.0,4,64.0,0,11,17.0,0,1.87,12,4,8,1.6,1.35,6.7,6.7,0.0,0.0,1955,ma MAR,"FW,MF",fr Ligue 1,24-208,2001.0,5.0,0,0,0,3,24,0,2,3,3,0.0,0.0,0,17.0,0.0,2.0,0.0,,,,,,,,,,,,,,,,,,,,,,,,,,,,,,,,,,,,,,,,,,,,,,,,,,,,,,Forward,0.2,0.4,0.16,0.1,4.4,8.0,13.8,1.6,1.0,0.6,3.0,46.4,-5.723251999999999,12.4,0.19999999999999996,1.2843450479233225,85.19163763066202,23.0,69.26149400866831
1957,Bukayo Saka,eng ENG,FW,Arsenal,eng Premier League,24.0,2001.0,18,15,1345,14.9,4,3,7,3,1,1,1,0,5.2,4.4,4.9,9.3,76.0,38.0,193.0,0.4,0.67,1957,eng ENG,FW,eng Premier League,24-122,2001.0,14.9,4,43,15,34.9,2.88,1.0,0.07,0.2,17.2,2.0,1,1,5.2,4.4,0.1,-1.2,-1.4,1957,eng ENG,FW,eng Premier League,24-122,2001.0,14.9,408.0,557.0,73.2,6352.0,1637.0,3,4.9,4.3,-1.9,37.0,10.0,32.0,9.0,38.0,1957,eng ENG,FW,eng Premier League,24-122,2001.0,14.9,557.0,505.0,51.0,2.0,2.0,0.0,77,11.0,38.0,32.0,0.0,0.0,408.0,1.0,17.0,1957,eng ENG,FW,eng Premier League,24-122,2001.0,14.9,78.0,5.22,53.0,6.0,6.0,7.0,4.0,2.0,7.0,0.47,1957,eng ENG,FW,eng Premier League,24-122,2001.0,14.9,25.0,11,6.0,8.0,11.0,20.0,55.0,9.0,15.0,0.0,15.0,4,29.0,6.0,1.0,1957,eng ENG,FW,eng Premier League,24-122,2001.0,14.9,754.0,7.0,55.0,205.0,505.0,98.0,753.0,71.0,32.0,45.1,28.0,39.4,453.0,3507.0,2128.0,76.0,38.0,35.0,34.0,15.0,529.0,193.0,2453,eng ENG,FW,eng Premier League,24-122,2001.0,18,1345,75,74.7,14.9,15,83.0,10,3,33.0,0,2.5,30,9,21,1.41,0.42,28.5,8.5,20.0,1.34,1957,eng ENG,FW,eng Premier League,24-122,2001.0,14.9,1,0,0,18,34,11,77,4,11,0.0,0.0,0,73.0,14.0,14.0,50.0,,,,,,,,,,,,,,,,,,,,,,,,,,,,,,,,,,,,,,,,,,,,,,,,,,,,,,Forward,0.2684563758389262,0.20134228187919462,0.348993288590604,0.3288590604026846,5.100671140939597,2.5503355704697985,12.953020134228188,2.483221476510067,1.6778523489932886,0.2684563758389262,2.1476510067114094,30.40268456375839,-3.744133604026846,7.651006711409396,-1.2000000000000002,0.6923076923076923,91.98606271777004,80.1,51.074993180327624
1963,Kike Salas,es ESP,DF,Sevilla,es La Liga,23.0,2002.0,7,5,502,5.6,0,0,0,0,0,0,0,0,0.1,0.1,0.0,0.2,2.0,29.0,5.0,0.0,0.03,1963,es ESP,DF,es La Liga,23-257,2002.0,5.6,0,3,1,33.3,0.54,0.18,0.0,0.0,10.8,0.0,0,0,0.1,0.1,0.04,-0.1,-0.1,1963,es ESP,DF,es La Liga,23-257,2002.0,5.6,353.0,425.0,83.1,7539.0,2575.0,0,0.0,0.1,0.0,1.0,32.0,1.0,0.0,29.0,1963,es ESP,DF,es La Liga,23-257,2002.0,5.6,425.0,411.0,11.0,10.0,0.0,5.0,3,1.0,0.0,0.0,0.0,0.0,353.0,3.0,5.0,1963,es ESP,DF,es La Liga,23-257,2002.0,5.6,6.0,1.08,5.0,0.0,0.0,0.0,1.0,0.0,0.0,0.0,1963,es ESP,DF,es La Liga,23-257,2002.0,5.6,16.0,11,12.0,4.0,0.0,15.0,73.3,4.0,12.0,6.0,6.0,12,28.0,48.0,1.0,1963,es ESP,DF,es La Liga,23-257,2002.0,5.6,520.0,54.0,273.0,224.0,26.0,4.0,520.0,1.0,0.0,0.0,1.0,100.0,288.0,1367.0,884.0,2.0,2.0,0.0,2.0,2.0,348.0,5.0,2461,es ESP,DF,es La Liga,23-257,2002.0,7,502,72,31.0,5.6,5,90.0,5,2,26.0,8,0.43,6,13,-7,-1.25,-1.42,6.2,10.1,-3.9,-0.71,1963,es ESP,DF,es La Liga,23-257,2002.0,5.6,0,0,0,6,5,0,3,12,11,1.0,0.0,0,26.0,24.0,8.0,75.0,,,,,,,,,,,,,,,,,,,,,,,,,,,,,,,,,,,,,,,,,,,,,,,,,,,,,,Defender,0.0,0.0,0.01785714285714286,0.0,0.35714285714285715,5.178571428571429,0.8928571428571429,0.17857142857142858,2.857142857142857,2.142857142857143,0.17857142857142858,51.42857142857143,0.08107500000000378,5.5357142857142865,-0.1,0.20769230769230768,91.06830122591944,29.9,70.10646745644299
1965,William Saliba,fr FRA,DF,Arsenal,eng Premier League,24.0,2001.0,16,15,1264,14.0,0,0,0,0,0,0,0,0,0.3,0.3,0.1,0.3,4.0,54.0,4.0,0.0,0.02,1965,fr FRA,DF,eng Premier League,24-287,2001.0,14.0,0,2,0,0.0,0.14,0.0,0.0,,10.4,0.0,0,0,0.3,0.3,0.13,-0.3,-0.3,1965,fr FRA,DF,eng Premier League,24-287,2001.0,14.0,1021.0,1096.0,93.2,17854.0,5130.0,0,0.1,0.5,-0.1,1.0,59.0,1.0,0.0,54.0,1965,fr FRA,DF,eng Premier League,24-287,2001.0,14.0,1096.0,1077.0,17.0,13.0,1.0,5.0,2,3.0,0.0,0.0,0.0,0.0,1021.0,2.0,4.0,1965,fr FRA,DF,eng Premier League,24-287,2001.0,14.0,13.0,0.93,13.0,0.0,0.0,0.0,0.0,0.0,1.0,0.07,1965,fr FRA,DF,eng Premier League,24-287,2001.0,14.0,18.0,8,10.0,8.0,0.0,13.0,69.2,4.0,4.0,4.0,0.0,7,25.0,58.0,0.0,1965,fr FRA,DF,eng Premier League,24-287,2001.0,14.0,1200.0,83.0,481.0,669.0,52.0,9.0,1200.0,4.0,3.0,75.0,1.0,25.0,728.0,3001.0,1675.0,4.0,6.0,0.0,6.0,3.0,921.0,4.0,2465,fr FRA,DF,eng Premier League,24-287,2001.0,16,1264,79,70.2,14.0,15,81.0,13,1,45.0,0,2.56,33,9,24,1.71,1.37,26.6,9.7,16.9,1.2,1965,fr FRA,DF,eng Premier League,24-287,2001.0,14.0,0,0,0,7,9,1,2,7,8,0.0,0.0,0,56.0,38.0,28.0,57.6,,,,,,,,,,,,,,,,,,,,,,,,,,,,,,,,,,,,,,,,,,,,,,,,,,,,,,Defender,0.0,0.0,0.02142857142857143,0.0071428571428571435,0.2857142857142857,3.857142857142857,0.2857142857142857,0.07142857142857142,1.2857142857142858,0.5,0.07142857142857142,52.0,-3.333878571428569,4.142857142857143,-0.3,0.07750000000000001,71.2784588441331,23.6,57.66865602276141
1968,Lazar Samardzic,rs SRB,MF,Atalanta,it Serie A,23.0,2002.0,14,5,555,6.2,1,1,2,1,0,0,1,0,1.2,1.2,1.3,2.5,20.0,53.0,53.0,0.32,0.41,1968,rs SRB,MF,it Serie A,23-315,2002.0,6.2,1,10,3,30.0,1.62,0.49,0.1,0.33,19.5,0.0,0,0,1.2,1.2,0.12,-0.2,-0.2,1968,rs SRB,MF,it Serie A,23-315,2002.0,6.2,245.0,325.0,75.4,4608.0,1381.0,1,1.3,1.4,-0.3,14.0,37.0,13.0,4.0,53.0,1968,rs SRB,MF,it Serie A,23-315,2002.0,6.2,325.0,287.0,35.0,8.0,0.0,9.0,39,3.0,23.0,17.0,6.0,0.0,245.0,3.0,9.0,1968,rs SRB,MF,it Serie A,23-315,2002.0,6.2,35.0,5.68,26.0,5.0,1.0,3.0,0.0,0.0,3.0,0.49,1968,rs SRB,MF,it Serie A,23-315,2002.0,6.2,5.0,3,2.0,2.0,1.0,7.0,28.6,5.0,6.0,0.0,6.0,3,8.0,6.0,0.0,1968,rs SRB,MF,it Serie A,23-315,2002.0,6.2,399.0,8.0,32.0,188.0,182.0,24.0,399.0,19.0,8.0,42.1,10.0,52.6,250.0,1272.0,609.0,20.0,12.0,5.0,17.0,11.0,289.0,53.0,2469,rs SRB,MF,it Serie A,23-315,2002.0,14,555,40,34.3,6.2,5,78.0,2,9,18.0,4,1.21,9,8,1,0.16,0.08,8.7,7.2,1.5,0.25,1968,rs SRB,MF,it Serie A,23-315,2002.0,6.2,1,0,0,10,1,0,39,3,3,0.0,0.0,0,27.0,4.0,15.0,21.1,,,,,,,,,,,,,,,,,,,,,,,,,,,,,,,,,,,,,,,,,,,,,,,,,,,,,,Midfielder,0.16129032258064516,0.16129032258064516,0.1935483870967742,0.20967741935483872,3.225806451612903,8.548387096774194,8.548387096774194,2.258064516129032,0.8064516129032258,0.48387096774193544,2.096774193548387,40.32258064516129,4.35353409677419,11.774193548387096,-0.19999999999999996,1.4235588972431077,99.05533063427801,49.0,66.48008767401208
1977,Juanlu Sánchez,es ESP,"DF,FW",Sevilla,es La Liga,22.0,2003.0,14,11,993,11.0,0,1,1,0,0,0,0,0,0.6,0.6,1.3,1.9,28.0,28.0,69.0,0.09,0.17,1977,es ESP,"DF,FW",es La Liga,22-143,2003.0,11.0,0,7,1,14.3,0.63,0.09,0.0,0.0,14.6,0.0,0,0,0.6,0.6,0.08,-0.6,-0.6,1977,es ESP,"DF,FW",es La Liga,22-143,2003.0,11.0,369.0,472.0,78.2,5790.0,1691.0,1,1.3,1.7,-0.3,12.0,20.0,14.0,7.0,28.0,1977,es ESP,"DF,FW",es La Liga,22-143,2003.0,11.0,472.0,432.0,37.0,3.0,0.0,4.0,29,34.0,0.0,0.0,0.0,0.0,369.0,3.0,21.0,1977,es ESP,"DF,FW",es La Liga,22-143,2003.0,11.0,25.0,2.27,20.0,1.0,1.0,0.0,2.0,1.0,4.0,0.36,1977,es ESP,"DF,FW",es La Liga,22-143,2003.0,11.0,29.0,21,14.0,11.0,4.0,36.0,50.0,18.0,14.0,0.0,14.0,5,34.0,20.0,0.0,1977,es ESP,"DF,FW",es La Liga,22-143,2003.0,11.0,596.0,31.0,136.0,250.0,218.0,27.0,596.0,24.0,11.0,45.8,12.0,50.0,326.0,1705.0,912.0,28.0,10.0,9.0,17.0,11.0,384.0,69.0,2481,es ESP,"DF,FW",es La Liga,22-143,2003.0,14,993,71,61.3,11.0,11,80.0,4,3,39.0,3,0.71,10,17,-7,-0.63,-0.92,10.3,16.5,-6.2,-0.56,1977,es ESP,"DF,FW",es La Liga,22-143,2003.0,11.0,0,0,0,12,25,2,29,5,21,1.0,2.0,0,53.0,13.0,14.0,48.1,,,,,,,,,,,,,,,,,,,,,,,,,,,,,,,,,,,,,,,,,,,,,,,,,,,,,,Forward,0.0,0.09090909090909091,0.05454545454545454,0.11818181818181818,2.5454545454545454,2.5454545454545454,6.2727272727272725,1.0909090909090908,2.6363636363636362,0.45454545454545453,1.2727272727272727,29.636363636363637,-7.721009272727273,5.090909090909091,-0.6,0.38087248322147654,72.99651567944251,21.6,60.0300293416468
1986,Ibou Sané,sn SEN,"FW,MF",Metz,fr Ligue 1,20.0,2005.0,14,4,458,5.1,1,1,2,1,0,0,2,0,0.3,0.3,1.1,1.4,9.0,17.0,39.0,0.39,0.28,1986,sn SEN,"FW,MF",fr Ligue 1,20-283,2005.0,5.1,1,5,3,60.0,0.98,0.59,0.2,0.33,16.3,0.0,0,0,0.3,0.3,0.06,0.7,0.7,1986,sn SEN,"FW,MF",fr Ligue 1,20-283,2005.0,5.1,93.0,125.0,74.4,1456.0,319.0,1,1.1,0.6,-0.1,4.0,6.0,3.0,1.0,17.0,1986,sn SEN,"FW,MF",fr Ligue 1,20-283,2005.0,5.1,125.0,119.0,4.0,0.0,0.0,0.0,13,1.0,2.0,0.0,2.0,0.0,93.0,2.0,2.0,1986,sn SEN,"FW,MF",fr Ligue 1,20-283,2005.0,5.1,11.0,2.16,9.0,0.0,0.0,0.0,2.0,0.0,2.0,0.39,1986,sn SEN,"FW,MF",fr Ligue 1,20-283,2005.0,5.1,7.0,3,4.0,3.0,0.0,4.0,75.0,1.0,6.0,0.0,6.0,1,8.0,3.0,0.0,1986,sn SEN,"FW,MF",fr Ligue 1,20-283,2005.0,5.1,177.0,6.0,26.0,90.0,65.0,10.0,177.0,10.0,1.0,10.0,8.0,80.0,120.0,789.0,358.0,9.0,5.0,2.0,13.0,6.0,132.0,39.0,2490,sn SEN,"FW,MF",fr Ligue 1,20-283,2005.0,14,458,33,29.9,5.1,4,76.0,0,10,16.0,3,0.86,7,9,-2,-0.39,1.12,6.7,7.8,-1.1,-0.22,1986,sn SEN,"FW,MF",fr Ligue 1,20-283,2005.0,5.1,2,0,0,7,12,2,13,1,3,2.0,0.0,0,15.0,3.0,2.0,60.0,,,,,,,,,,,,,,,,,,,,,,,,,,,,,,,,,,,,,,,,,,,,,,,,,,,,,,Forward,0.19607843137254904,0.19607843137254904,0.058823529411764705,0.21568627450980396,1.7647058823529413,3.3333333333333335,7.647058823529412,0.7843137254901962,1.3725490196078431,0.19607843137254904,0.5882352941176471,23.529411764705884,-8.102885039215687,5.098039215686275,0.7,1.2203389830508475,69.51219512195121,14.0,60.97560975609755
1987,Sadibou Sané,sn SEN,DF,Metz,fr Ligue 1,21.0,2004.0,8,7,590,6.6,2,0,2,2,0,0,1,2,0.2,0.2,0.0,0.2,1.0,11.0,0.0,0.31,0.03,1987,sn SEN,DF,fr Ligue 1,21-209,2004.0,6.6,2,3,2,66.7,0.46,0.31,0.67,1.0,10.1,0.0,0,0,0.2,0.2,0.06,1.8,1.8,1987,sn SEN,DF,fr Ligue 1,21-209,2004.0,6.6,468.0,517.0,90.5,8838.0,2995.0,0,0.0,0.0,0.0,0.0,16.0,0.0,0.0,11.0,1987,sn SEN,DF,fr Ligue 1,21-209,2004.0,6.6,517.0,478.0,39.0,10.0,0.0,2.0,0,4.0,0.0,0.0,0.0,0.0,468.0,0.0,3.0,1987,sn SEN,DF,fr Ligue 1,21-209,2004.0,6.6,0.0,0.0,0.0,0.0,0.0,0.0,0.0,0.0,0.0,0.0,1987,sn SEN,DF,fr Ligue 1,21-209,2004.0,6.6,14.0,10,8.0,6.0,0.0,16.0,56.3,7.0,10.0,5.0,5.0,8,22.0,35.0,0.0,1987,sn SEN,DF,fr Ligue 1,21-209,2004.0,6.6,594.0,110.0,344.0,242.0,9.0,4.0,594.0,0.0,0.0,,0.0,,387.0,1995.0,926.0,1.0,1.0,0.0,5.0,0.0,440.0,0.0,2491,sn SEN,DF,fr Ligue 1,21-209,2004.0,8,590,74,38.6,6.6,7,82.0,5,1,17.0,3,0.13,5,16,-11,-1.68,-0.82,3.9,13.1,-9.2,-1.4,1987,sn SEN,DF,fr Ligue 1,21-209,2004.0,6.6,1,2,0,9,5,0,0,8,10,0.0,2.0,0,27.0,8.0,5.0,61.5,,,,,,,,,,,,,,,,,,,,,,,,,,,,,,,,,,,,,,,,,,,,,,,,,,,,,,Defender,0.30303030303030304,0.0,0.030303030303030307,0.0,0.15151515151515152,1.6666666666666667,0.0,0.0,2.121212121212121,1.2121212121212122,0.0,58.63636363636364,-5.850630303030303,1.8181818181818183,1.8,0.0,45.008756567425564,2.9,43.74028820935429
1988,Arouna Sangante,sn SEN,DF,Le Havre,fr Ligue 1,23.0,2002.0,15,15,1314,14.6,1,0,1,1,0,0,3,0,0.2,0.2,0.1,0.4,13.0,60.0,4.0,0.07,0.02,1988,sn SEN,DF,fr Ligue 1,23-268,2002.0,14.6,1,4,3,75.0,0.27,0.21,0.25,0.33,10.4,0.0,0,0,0.2,0.2,0.06,0.8,0.8,1988,sn SEN,DF,fr Ligue 1,23-268,2002.0,14.6,751.0,854.0,87.9,14790.0,5144.0,0,0.1,0.5,-0.1,3.0,49.0,2.0,0.0,60.0,1988,sn SEN,DF,fr Ligue 1,23-268,2002.0,14.6,854.0,810.0,41.0,35.0,0.0,1.0,1,5.0,0.0,0.0,0.0,0.0,751.0,3.0,6.0,1988,sn SEN,DF,fr Ligue 1,23-268,2002.0,14.6,9.0,0.62,9.0,0.0,0.0,0.0,0.0,0.0,0.0,0.0,1988,sn SEN,DF,fr Ligue 1,23-268,2002.0,14.6,15.0,7,9.0,6.0,0.0,18.0,55.6,8.0,16.0,9.0,7.0,17,32.0,73.0,3.0,1988,sn SEN,DF,fr Ligue 1,23-268,2002.0,14.6,1003.0,120.0,447.0,537.0,21.0,11.0,1003.0,4.0,3.0,75.0,1.0,25.0,649.0,4265.0,2360.0,13.0,3.0,0.0,5.0,3.0,697.0,4.0,2492,sn SEN,DF,fr Ligue 1,23-268,2002.0,15,1314,88,85.9,14.6,15,88.0,10,0,,0,0.93,13,22,-9,-0.62,-1.03,19.3,21.6,-2.3,-0.16,1988,sn SEN,DF,fr Ligue 1,23-268,2002.0,14.6,3,0,0,21,23,0,1,17,7,0.0,1.0,0,49.0,30.0,20.0,60.0,,,,,,,,,,,,,,,,,,,,,,,,,,,,,,,,,,,,,,,,,,,,,,,,,,,,,,Defender,0.0684931506849315,0.0,0.013698630136986302,0.006849315068493151,0.8904109589041096,4.109589041095891,0.273972602739726,0.20547945205479454,1.0273972602739727,1.1643835616438356,0.136986301369863,44.45205479452055,-3.5064575342465734,5.0,0.8,0.06181455633100698,68.30122591943957,12.0,60.98323742807105
1990,Mamadou Sangare,ml MLI,MF,Lens,fr Ligue 1,23.0,2002.0,15,14,1227,13.6,1,1,2,1,0,0,2,0,1.6,1.6,0.9,2.5,12.0,71.0,30.0,0.15,0.19,1990,ml MLI,MF,fr Ligue 1,23-193,2002.0,13.6,1,20,6,30.0,1.47,0.44,0.05,0.17,22.8,1.0,0,0,1.6,1.6,0.08,-0.6,-0.6,1990,ml MLI,MF,fr Ligue 1,23-193,2002.0,13.6,605.0,703.0,86.1,10446.0,2758.0,1,0.9,0.8,0.1,11.0,51.0,7.0,0.0,71.0,1990,ml MLI,MF,fr Ligue 1,23-193,2002.0,13.6,703.0,680.0,21.0,20.0,1.0,9.0,2,1.0,0.0,0.0,0.0,0.0,605.0,2.0,9.0,1990,ml MLI,MF,fr Ligue 1,23-193,2002.0,13.6,35.0,2.57,25.0,0.0,3.0,4.0,2.0,1.0,4.0,0.29,1990,ml MLI,MF,fr Ligue 1,23-193,2002.0,13.6,50.0,31,19.0,19.0,12.0,56.0,53.6,26.0,21.0,3.0,18.0,16,66.0,17.0,1.0,1990,ml MLI,MF,fr Ligue 1,23-193,2002.0,13.6,891.0,19.0,204.0,509.0,189.0,17.0,891.0,35.0,18.0,51.4,13.0,37.1,416.0,1797.0,823.0,12.0,16.0,3.0,30.0,17.0,576.0,30.0,2495,ml MLI,MF,fr Ligue 1,23-193,2002.0,15,1227,82,80.2,13.6,14,85.0,11,1,32.0,0,2.47,24,11,13,0.95,-0.53,25.8,17.2,8.6,0.63,1990,ml MLI,MF,fr Ligue 1,23-193,2002.0,13.6,2,0,0,17,25,3,2,16,31,0.0,1.0,0,106.0,16.0,13.0,55.2,,,,,,,,,,,,,,,,,,,,,,,,,,,,,,,,,,,,,,,,,,,,,,,,,,,,,,Midfielder,0.07352941176470588,0.07352941176470588,0.11764705882352942,0.0661764705882353,0.8823529411764706,5.220588235294118,2.2058823529411766,0.8088235294117647,3.6764705882352944,1.1764705882352942,0.5147058823529412,30.58823529411765,-1.799909235294118,6.102941176470589,-0.6000000000000001,0.28843995510662174,80.43184885290148,26.0,63.834800676905935
1991,Nhoa Sangui,fr FRA,DF,Paris FC,fr Ligue 1,19.0,2006.0,10,4,463,5.1,0,0,0,0,0,0,0,0,0.1,0.1,0.7,0.8,11.0,17.0,23.0,0.0,0.15,1991,fr FRA,DF,fr Ligue 1,19-312,2006.0,5.1,0,1,0,0.0,0.19,0.0,0.0,,11.5,0.0,0,0,0.1,0.1,0.12,-0.1,-0.1,1991,fr FRA,DF,fr Ligue 1,19-312,2006.0,5.1,236.0,273.0,86.4,3622.0,919.0,0,0.7,0.4,-0.7,6.0,10.0,6.0,3.0,17.0,1991,fr FRA,DF,fr Ligue 1,19-312,2006.0,5.1,273.0,230.0,43.0,4.0,0.0,0.0,9,39.0,0.0,0.0,0.0,0.0,236.0,0.0,2.0,1991,fr FRA,DF,fr Ligue 1,19-312,2006.0,5.1,13.0,2.52,12.0,0.0,0.0,0.0,0.0,1.0,1.0,0.19,1991,fr FRA,DF,fr Ligue 1,19-312,2006.0,5.1,9.0,5,4.0,4.0,1.0,4.0,75.0,1.0,2.0,1.0,1.0,3,12.0,14.0,1.0,1991,fr FRA,DF,fr Ligue 1,19-312,2006.0,5.1,317.0,14.0,95.0,149.0,73.0,2.0,317.0,7.0,1.0,14.3,5.0,71.4,131.0,696.0,437.0,11.0,5.0,0.0,7.0,1.0,196.0,23.0,2496,fr FRA,DF,fr Ligue 1,19-312,2006.0,10,463,46,30.3,5.1,4,87.0,2,6,19.0,0,1.0,4,12,-8,-1.56,-1.47,5.6,7.7,-2.2,-0.42,1991,fr FRA,DF,fr Ligue 1,19-312,2006.0,5.1,0,0,0,1,5,0,9,3,5,0.0,0.0,0,23.0,2.0,1.0,66.7,,,,,,,,,,,,,,,,,,,,,,,,,,,,,,,,,,,,,,,,,,,,,,,,,,,,,,Defender,0.0,0.0,0.019607843137254905,0.13725490196078433,2.1568627450980395,3.3333333333333335,4.509803921568627,1.1764705882352942,1.7647058823529413,0.5882352941176471,1.1764705882352942,25.686274509803923,-0.9843607843137239,5.490196078431373,-0.1,0.7949526813880127,87.04028021015762,26.1,69.02480587641367
1998,Andrey Santos,br BRA,MF,Chelsea,eng Premier League,21.0,2004.0,14,4,493,5.5,0,0,0,0,0,0,3,0,0.9,0.9,0.2,1.1,6.0,27.0,14.0,0.0,0.2,1998,br BRA,MF,eng Premier League,21-247,2004.0,5.5,0,7,1,14.3,1.28,0.18,0.0,0.0,17.5,0.0,0,0,0.9,0.9,0.12,-0.9,-0.9,1998,br BRA,MF,eng Premier League,21-247,2004.0,5.5,239.0,280.0,85.4,3396.0,1034.0,0,0.2,0.4,-0.2,6.0,25.0,1.0,0.0,27.0,1998,br BRA,MF,eng Premier League,21-247,2004.0,5.5,280.0,269.0,8.0,7.0,1.0,0.0,1,0.0,0.0,0.0,0.0,0.0,239.0,3.0,3.0,1998,br BRA,MF,eng Premier League,21-247,2004.0,5.5,15.0,2.74,15.0,0.0,0.0,0.0,0.0,0.0,0.0,0.0,1998,br BRA,MF,eng Premier League,21-247,2004.0,5.5,16.0,7,5.0,8.0,3.0,13.0,69.2,4.0,12.0,3.0,9.0,8,24.0,9.0,0.0,1998,br BRA,MF,eng Premier League,21-247,2004.0,5.5,346.0,16.0,92.0,205.0,52.0,13.0,346.0,5.0,2.0,40.0,3.0,60.0,185.0,713.0,348.0,6.0,3.0,0.0,5.0,2.0,212.0,14.0,2503,br BRA,MF,eng Premier League,21-247,2004.0,14,493,35,27.4,5.5,4,66.0,1,10,23.0,5,1.57,6,5,1,0.18,-0.51,8.1,7.0,1.1,0.2,1998,br BRA,MF,eng Premier League,21-247,2004.0,5.5,3,0,0,10,7,0,1,8,7,0.0,0.0,0,24.0,8.0,5.0,61.5,,,,,,,,,,,,,,,,,,,,,,,,,,,,,,,,,,,,,,,,,,,,,,,,,,,,,,Midfielder,0.0,0.0,0.16363636363636364,0.03636363636363637,1.0909090909090908,4.909090909090909,2.5454545454545454,1.0909090909090908,2.909090909090909,1.4545454545454546,0.18181818181818182,33.63636363636363,-1.0383389090909088,6.0,-0.9,0.7919075144508672,85.69500674763833,44.9,59.14079140623763
1999,Kauã Santos,br BRA,GK,Eint Frankfurt,de Bundesliga,22.0,2003.0,4,4,360,4.0,0,0,0,0,0,0,0,0,0.0,0.0,0.0,0.0,0.0,1.0,0.0,0.0,0.0,1999,br BRA,GK,de Bundesliga,22-269,2003.0,4.0,0,0,0,,0.0,0.0,,,,0.0,0,0,0.0,0.0,,0.0,0.0,1999,br BRA,GK,de Bundesliga,22-269,2003.0,4.0,113.0,163.0,69.3,2497.0,1604.0,0,0.0,0.0,0.0,0.0,0.0,0.0,0.0,1.0,1999,br BRA,GK,de Bundesliga,22-269,2003.0,4.0,163.0,134.0,28.0,8.0,0.0,0.0,0,0.0,0.0,0.0,0.0,0.0,113.0,1.0,0.0,1999,br BRA,GK,de Bundesliga,22-269,2003.0,4.0,2.0,0.5,2.0,0.0,0.0,0.0,0.0,0.0,0.0,0.0,1999,br BRA,GK,de Bundesliga,22-269,2003.0,4.0,1.0,0,1.0,0.0,0.0,1.0,100.0,0.0,0.0,0.0,0.0,0,1.0,5.0,2.0,1999,br BRA,GK,de Bundesliga,22-269,2003.0,4.0,174.0,153.0,171.0,3.0,0.0,0.0,174.0,0.0,0.0,,0.0,,109.0,428.0,225.0,0.0,0.0,0.0,0.0,0.0,104.0,0.0,2504,br BRA,GK,de Bundesliga,22-269,2003.0,4,360,90,26.7,4.0,4,90.0,4,0,,9,1.0,11,13,-2,-0.5,-0.68,5.8,6.1,-0.4,-0.09,1999,br BRA,GK,de Bundesliga,22-269,2003.0,4.0,0,0,0,0,0,0,0,0,0,0.0,0.0,0,9.0,2.0,0.0,100.0,120.0,br BRA,GK,de Bundesliga,22-269,2003.0,4.0,4.0,360.0,4.0,13.0,3.25,21.0,8.0,38.1,1.0,1.0,2.0,0.0,0.0,0.0,0.0,0.0,0.0,120.0,br BRA,GK,de Bundesliga,22-269,2003.0,4.0,13.0,0.0,1.0,2.0,0.0,9.2,0.45,-3.8,-0.94,7.0,53.0,13.2,142.0,19.0,31.0,31.9,38.0,3.0,7.9,5.0,1.25,15.3,Goalkeeper,0.0,0.0,0.0,0.0,0.0,0.25,0.0,0.0,0.25,0.0,0.0,27.25,-11.0,0.25,0.0,0.28735632183908044,95.66929133858267,20.8,79.19643322730353
2003,Amin Sarr,se SWE,FW,Hellas Verona,it Serie A,24.0,2001.0,17,2,449,5.0,0,0,0,0,0,0,0,0,0.5,0.5,0.5,1.0,11.0,10.0,27.0,0.0,0.2,2003,se SWE,FW,it Serie A,24-300,2001.0,5.0,0,7,2,28.6,1.4,0.4,0.0,0.0,17.8,0.0,0,0,0.5,0.5,0.07,-0.5,-0.5,2003,se SWE,FW,it Serie A,24-300,2001.0,5.0,93.0,128.0,72.7,1182.0,266.0,0,0.5,0.5,-0.5,7.0,7.0,3.0,1.0,10.0,2003,se SWE,FW,it Serie A,24-300,2001.0,5.0,128.0,119.0,9.0,0.0,0.0,0.0,3,0.0,0.0,0.0,0.0,0.0,93.0,0.0,4.0,2003,se SWE,FW,it Serie A,24-300,2001.0,5.0,19.0,3.81,14.0,0.0,3.0,1.0,1.0,0.0,0.0,0.0,2003,se SWE,FW,it Serie A,24-300,2001.0,5.0,8.0,4,4.0,3.0,1.0,2.0,50.0,1.0,4.0,0.0,4.0,2,10.0,5.0,0.0,2003,se SWE,FW,it Serie A,24-300,2001.0,5.0,201.0,5.0,21.0,86.0,96.0,14.0,201.0,17.0,5.0,29.4,10.0,58.8,102.0,589.0,249.0,11.0,7.0,3.0,14.0,12.0,130.0,27.0,2512,se SWE,FW,it Serie A,24-300,2001.0,17,449,26,29.3,5.0,2,71.0,0,15,20.0,0,0.71,2,15,-13,-2.61,-2.44,5.0,9.7,-4.8,-0.95,2003,se SWE,FW,it Serie A,24-300,2001.0,5.0,0,0,0,9,10,3,3,2,4,0.0,0.0,0,21.0,17.0,29.0,37.0,,,,,,,,,,,,,,,,,,,,,,,,,,,,,,,,,,,,,,,,,,,,,,,,,,,,,,Forward,0.0,0.0,0.1,0.1,2.2,2.0,5.4,1.4,1.6,0.4,0.6,20.4,-10.035058,4.2,-0.5,1.8955223880597016,50.696864111498265,4.1,48.70015764793301
2006,Mamadou Sarr,sn SEN,DF,Strasbourg,fr Ligue 1,20.0,2005.0,13,13,1125,12.5,0,0,0,0,0,0,3,0,0.1,0.1,0.1,0.1,7.0,27.0,2.0,0.0,0.01,2006,sn SEN,DF,fr Ligue 1,20-129,2005.0,12.5,0,1,0,0.0,0.08,0.0,0.0,,10.5,0.0,0,0,0.1,0.1,0.07,-0.1,-0.1,2006,sn SEN,DF,fr Ligue 1,20-129,2005.0,12.5,839.0,884.0,94.9,15037.0,4921.0,0,0.1,0.1,-0.1,1.0,29.0,0.0,0.0,27.0,2006,sn SEN,DF,fr Ligue 1,20-129,2005.0,12.5,884.0,826.0,57.0,31.0,0.0,1.0,0,8.0,0.0,0.0,0.0,0.0,839.0,1.0,1.0,2006,sn SEN,DF,fr Ligue 1,20-129,2005.0,12.5,9.0,0.72,8.0,0.0,0.0,0.0,0.0,1.0,1.0,0.08,2006,sn SEN,DF,fr Ligue 1,20-129,2005.0,12.5,15.0,12,6.0,8.0,1.0,11.0,54.5,5.0,7.0,1.0,6.0,6,21.0,60.0,0.0,2006,sn SEN,DF,fr Ligue 1,20-129,2005.0,12.5,996.0,106.0,492.0,492.0,19.0,3.0,996.0,6.0,4.0,66.7,2.0,33.3,679.0,2856.0,1381.0,7.0,3.0,0.0,8.0,4.0,731.0,2.0,2515,sn SEN,DF,fr Ligue 1,20-129,2005.0,13,1125,87,73.5,12.5,13,87.0,12,0,,0,1.46,16,13,3,0.24,-0.2,15.7,13.1,2.6,0.2,2006,sn SEN,DF,fr Ligue 1,20-129,2005.0,12.5,3,0,0,14,10,0,0,6,12,0.0,0.0,0,61.0,20.0,15.0,57.1,,,,,,,,,,,,,,,,,,,,,,,,,,,,,,,,,,,,,,,,,,,,,,,,,,,,,,Defender,0.0,0.0,0.008,0.008,0.56,2.16,0.16,0.08,1.2,0.48,0.0,54.32,-4.744031999999998,2.72,-0.1,0.07228915662650602,56.3922942206655,7.2,52.60475207151632
2007,Martin Satriano,uy URU,FW,Lyon,fr Ligue 1,24.0,2001.0,11,8,692,7.7,2,1,3,2,0,0,1,0,1.8,1.8,1.1,2.8,7.0,14.0,32.0,0.39,0.37,2007,uy URU,FW,fr Ligue 1,24-319,2001.0,7.7,2,16,7,43.8,2.08,0.91,0.13,0.29,13.1,0.0,0,0,1.8,1.8,0.11,0.2,0.2,2007,uy URU,FW,fr Ligue 1,24-319,2001.0,7.7,135.0,166.0,81.3,1901.0,348.0,1,1.1,0.7,-0.1,9.0,6.0,4.0,1.0,14.0,2007,uy URU,FW,fr Ligue 1,24-319,2001.0,7.7,166.0,149.0,15.0,0.0,0.0,0.0,5,2.0,0.0,0.0,0.0,0.0,135.0,2.0,4.0,2007,uy URU,FW,fr Ligue 1,24-319,2001.0,7.7,17.0,2.21,11.0,0.0,1.0,2.0,1.0,2.0,2.0,0.26,2007,uy URU,FW,fr Ligue 1,24-319,2001.0,7.7,5.0,3,1.0,2.0,2.0,5.0,60.0,2.0,3.0,0.0,3.0,6,11.0,3.0,0.0,2007,uy URU,FW,fr Ligue 1,24-319,2001.0,7.7,231.0,3.0,19.0,103.0,112.0,34.0,231.0,15.0,5.0,33.3,10.0,66.7,111.0,618.0,215.0,7.0,3.0,1.0,12.0,6.0,155.0,32.0,2517,uy URU,FW,fr Ligue 1,24-319,2001.0,11,692,63,45.2,7.7,8,84.0,4,3,7.0,2,1.5,11,9,2,0.26,-0.38,12.3,9.9,2.3,0.3,2007,uy URU,FW,fr Ligue 1,24-319,2001.0,7.7,1,0,0,11,13,3,5,6,3,0.0,0.0,0,17.0,12.0,21.0,36.4,,,,,,,,,,,,,,,,,,,,,,,,,,,,,,,,,,,,,,,,,,,,,,,,,,,,,,Forward,0.2597402597402597,0.12987012987012986,0.23376623376623376,0.14285714285714288,0.9090909090909091,1.8181818181818181,4.1558441558441555,1.1688311688311688,0.6493506493506493,0.7792207792207793,0.5194805194805194,14.415584415584416,-12.010001402597402,2.727272727272727,0.19999999999999996,0.9567099567099567,31.70731707317073,1.0,31.3933832407631
2008,Mario Sauer,sk SVK,MF,Toulouse,fr Ligue 1,21.0,2004.0,13,6,498,5.5,0,0,0,0,0,0,2,0,0.3,0.3,0.1,0.3,7.0,20.0,12.0,0.0,0.06,2008,sk SVK,MF,fr Ligue 1,21-235,2004.0,5.5,0,8,1,12.5,1.45,0.18,0.0,0.0,25.7,0.0,0,0,0.3,0.3,0.03,-0.3,-0.3,2008,sk SVK,MF,fr Ligue 1,21-235,2004.0,5.5,137.0,175.0,78.3,2343.0,635.0,0,0.1,0.3,-0.1,2.0,14.0,1.0,0.0,20.0,2008,sk SVK,MF,fr Ligue 1,21-235,2004.0,5.5,175.0,163.0,12.0,3.0,0.0,0.0,5,0.0,3.0,1.0,1.0,0.0,137.0,0.0,4.0,2008,sk SVK,MF,fr Ligue 1,21-235,2004.0,5.5,14.0,2.53,8.0,1.0,1.0,2.0,1.0,1.0,3.0,0.54,2008,sk SVK,MF,fr Ligue 1,21-235,2004.0,5.5,9.0,6,4.0,2.0,3.0,9.0,44.4,5.0,8.0,1.0,7.0,8,17.0,9.0,0.0,2008,sk SVK,MF,fr Ligue 1,21-235,2004.0,5.5,229.0,8.0,36.0,131.0,65.0,9.0,229.0,3.0,2.0,66.7,1.0,33.3,101.0,513.0,302.0,7.0,5.0,1.0,9.0,1.0,122.0,12.0,2518,sk SVK,MF,fr Ligue 1,21-235,2004.0,13,498,38,32.5,5.5,6,64.0,1,7,17.0,1,1.23,7,12,-5,-0.9,-1.51,8.3,8.3,-0.1,-0.01,2008,sk SVK,MF,fr Ligue 1,21-235,2004.0,5.5,2,0,0,6,3,0,5,8,6,0.0,0.0,0,36.0,6.0,3.0,66.7,,,,,,,,,,,,,,,,,,,,,,,,,,,,,,,,,,,,,,,,,,,,,,,,,,,,,,Midfielder,0.0,0.0,0.05454545454545454,0.018181818181818184,1.2727272727272727,3.6363636363636362,2.1818181818181817,0.36363636363636365,1.6363636363636365,1.4545454545454546,0.18181818181818182,18.363636363636363,-2.857701636363636,4.909090909090909,-0.3,1.1048034934497817,70.04048582995951,12.5,62.25820962663067
2009,Razvan Sava,ro ROU,GK,Udinese,it Serie A,23.0,2002.0,7,6,620,6.9,0,0,0,0,0,0,1,0,0.0,0.0,0.0,0.0,0.0,0.0,0.0,0.0,0.0,2009,ro ROU,GK,it Serie A,23-198,2002.0,6.9,0,0,0,,0.0,0.0,,,,0.0,0,0,0.0,0.0,,0.0,0.0,2009,ro ROU,GK,it Serie A,23-198,2002.0,6.9,154.0,197.0,78.2,3817.0,2888.0,0,0.0,0.0,0.0,0.0,1.0,0.0,0.0,0.0,2009,ro ROU,GK,it Serie A,23-198,2002.0,6.9,197.0,141.0,56.0,17.0,0.0,0.0,0,1.0,0.0,0.0,0.0,0.0,154.0,0.0,0.0,2009,ro ROU,GK,it Serie A,23-198,2002.0,6.9,3.0,0.44,3.0,0.0,0.0,0.0,0.0,0.0,0.0,0.0,2009,ro ROU,GK,it Serie A,23-198,2002.0,6.9,0.0,0,0.0,0.0,0.0,1.0,0.0,1.0,0.0,0.0,0.0,0,0.0,4.0,1.0,2009,ro ROU,GK,it Serie A,23-198,2002.0,6.9,207.0,163.0,206.0,1.0,0.0,0.0,207.0,0.0,0.0,,0.0,,106.0,496.0,315.0,0.0,0.0,0.0,1.0,0.0,94.0,0.0,2519,ro ROU,GK,it Serie A,23-198,2002.0,7,620,89,38.3,6.9,6,90.0,6,1,80.0,11,1.14,7,14,-7,-1.02,-0.66,7.9,9.5,-1.6,-0.23,2009,ro ROU,GK,it Serie A,23-198,2002.0,6.9,1,0,0,0,0,0,0,0,0,0.0,0.0,0,8.0,0.0,0.0,50.0,121.0,ro ROU,GK,it Serie A,23-198,2002.0,7.0,6.0,620.0,6.9,14.0,2.03,26.0,12.0,46.2,2.0,2.0,2.0,1.0,16.7,0.0,0.0,0.0,0.0,121.0,ro ROU,GK,it Serie A,23-198,2002.0,6.9,14.0,0.0,1.0,1.0,0.0,10.1,0.39,-3.9,-0.57,18.0,57.0,31.6,159.0,24.0,23.9,29.0,83.0,2.0,2.4,6.0,0.87,17.7,Goalkeeper,0.0,0.0,0.0,0.0,0.0,0.0,0.0,0.0,0.0,0.0,0.0,15.362318840579709,-11.5,0.0,0.0,0.21256038647342995,91.33858267716536,23.5,73.95836654021487
2010,Sávio,br BRA,"MF,FW",Manchester City,eng Premier League,21.0,2004.0,15,5,541,6.0,0,1,1,0,0,0,1,0,1.0,1.0,0.7,1.7,50.0,11.0,60.0,0.17,0.29,2010,br BRA,"MF,FW",eng Premier League,21-270,2004.0,6.0,0,12,6,50.0,2.0,1.0,0.0,0.0,13.1,0.0,0,0,1.0,1.0,0.09,-1.0,-1.0,2010,br BRA,"MF,FW",eng Premier League,21-270,2004.0,6.0,227.0,286.0,79.4,3123.0,548.0,1,0.7,1.2,0.3,6.0,3.0,10.0,4.0,11.0,2010,br BRA,"MF,FW",eng Premier League,21-270,2004.0,6.0,286.0,279.0,7.0,0.0,3.0,0.0,24,6.0,1.0,1.0,0.0,0.0,227.0,0.0,15.0,2010,br BRA,"MF,FW",eng Premier League,21-270,2004.0,6.0,23.0,3.83,13.0,1.0,5.0,3.0,1.0,0.0,3.0,0.5,2010,br BRA,"MF,FW",eng Premier League,21-270,2004.0,6.0,5.0,2,1.0,3.0,1.0,4.0,50.0,2.0,6.0,0.0,6.0,5,10.0,5.0,0.0,2010,br BRA,"MF,FW",eng Premier League,21-270,2004.0,6.0,373.0,5.0,39.0,108.0,235.0,43.0,373.0,36.0,8.0,22.2,18.0,50.0,248.0,2015.0,1118.0,50.0,22.0,21.0,16.0,6.0,281.0,60.0,2520,br BRA,"MF,FW",eng Premier League,21-270,2004.0,15,541,36,30.1,6.0,5,74.0,1,10,17.0,1,2.33,9,5,4,0.67,-0.91,8.6,6.5,2.1,0.35,2010,br BRA,"MF,FW",eng Premier League,21-270,2004.0,6.0,1,0,0,7,10,4,24,5,2,1.0,0.0,0,30.0,0.0,3.0,0.0,,,,,,,,,,,,,,,,,,,,,,,,,,,,,,,,,,,,,,,,,,,,,,,,,,,,,,Forward,0.0,0.16666666666666666,0.16666666666666666,0.11666666666666665,8.333333333333334,1.8333333333333333,10.0,1.0,0.8333333333333334,0.8333333333333334,1.6666666666666667,41.333333333333336,5.008336,10.166666666666666,-1.0,1.0268096514745308,99.82578397212544,83.8,54.312178439676515
2011,Nicolò Savona,it ITA,DF,Nott'ham Forest,eng Premier League,22.0,2003.0,14,11,1028,11.4,2,0,2,2,0,0,2,0,1.3,1.3,0.4,1.8,11.0,30.0,37.0,0.18,0.16,2011,it ITA,DF,eng Premier League,22-292,2003.0,11.4,2,5,3,60.0,0.44,0.26,0.4,0.67,10.3,0.0,0,0,1.3,1.3,0.27,0.7,0.7,2011,it ITA,DF,eng Premier League,22-292,2003.0,11.4,398.0,531.0,75.0,6408.0,2157.0,0,0.4,0.4,-0.4,7.0,30.0,9.0,7.0,30.0,2011,it ITA,DF,eng Premier League,22-292,2003.0,11.4,531.0,417.0,113.0,9.0,0.0,1.0,27,104.0,0.0,0.0,0.0,0.0,398.0,1.0,10.0,2011,it ITA,DF,eng Premier League,22-292,2003.0,11.4,12.0,1.05,10.0,1.0,0.0,1.0,0.0,0.0,1.0,0.09,2011,it ITA,DF,eng Premier League,22-292,2003.0,11.4,20.0,12,10.0,3.0,7.0,31.0,51.6,15.0,12.0,3.0,9.0,4,24.0,31.0,0.0,2011,it ITA,DF,eng Premier League,22-292,2003.0,11.4,623.0,46.0,231.0,245.0,151.0,15.0,623.0,6.0,2.0,33.3,3.0,50.0,317.0,1087.0,393.0,11.0,8.0,2.0,8.0,2.0,345.0,37.0,2521,it ITA,DF,eng Premier League,22-292,2003.0,14,1028,73,57.1,11.4,11,85.0,9,3,31.0,1,0.93,13,18,-5,-0.44,0.61,12.5,15.5,-2.9,-0.26,2011,it ITA,DF,eng Premier League,22-292,2003.0,11.4,2,0,0,12,5,1,27,4,12,0.0,0.0,0,27.0,7.0,4.0,63.6,,,,,,,,,,,,,,,,,,,,,,,,,,,,,,,,,,,,,,,,,,,,,,,,,,,,,,Defender,0.17543859649122806,0.0,0.11403508771929824,0.03508771929824561,0.9649122807017544,2.631578947368421,3.245614035087719,0.6140350877192983,1.7543859649122806,0.3508771929824561,0.7894736842105263,27.807017543859647,-3.7762087719298227,3.5964912280701755,0.7,0.16853932584269662,65.8493870402802,13.6,57.96600971855652
2012,Joe Scally,us USA,DF,Gladbach,de Bundesliga,23.0,2002.0,13,12,1076,12.0,0,2,2,0,0,0,5,0,0.4,0.4,0.8,1.2,17.0,38.0,48.0,0.17,0.1,2012,us USA,DF,de Bundesliga,23-005,2002.0,12.0,0,8,4,50.0,0.67,0.33,0.0,0.0,15.6,0.0,0,0,0.4,0.4,0.05,-0.4,-0.4,2012,us USA,DF,de Bundesliga,23-005,2002.0,12.0,423.0,520.0,81.3,7000.0,2211.0,2,0.8,1.0,1.2,6.0,34.0,5.0,2.0,38.0,2012,us USA,DF,de Bundesliga,23-005,2002.0,12.0,520.0,427.0,90.0,10.0,0.0,0.0,20,80.0,0.0,0.0,0.0,0.0,423.0,3.0,11.0,2012,us USA,DF,de Bundesliga,23-005,2002.0,12.0,20.0,1.67,15.0,0.0,1.0,1.0,2.0,1.0,2.0,0.17,2012,us USA,DF,de Bundesliga,23-005,2002.0,12.0,21.0,11,13.0,7.0,1.0,18.0,72.2,5.0,15.0,2.0,13.0,7,28.0,50.0,1.0,2012,us USA,DF,de Bundesliga,23-005,2002.0,12.0,658.0,43.0,226.0,311.0,127.0,16.0,658.0,16.0,7.0,43.8,9.0,56.3,313.0,1463.0,617.0,17.0,17.0,3.0,17.0,10.0,382.0,48.0,2524,us USA,DF,de Bundesliga,23-005,2002.0,13,1076,83,79.7,12.0,12,88.0,10,1,15.0,1,1.23,16,15,1,0.08,2.38,15.8,14.8,1.0,0.08,2012,us USA,DF,de Bundesliga,23-005,2002.0,12.0,5,0,0,15,25,0,20,7,11,0.0,0.0,0,46.0,17.0,21.0,44.7,,,,,,,,,,,,,,,,,,,,,,,,,,,,,,,,,,,,,,,,,,,,,,,,,,,,,,Defender,0.0,0.16666666666666666,0.03333333333333333,0.06666666666666667,1.4166666666666667,3.1666666666666665,4.0,0.5,1.75,0.5833333333333334,0.4166666666666667,26.083333333333332,-3.4814333333333316,4.583333333333333,-0.4,0.25379939209726443,68.47635726795096,13.2,60.49148168546904
2013,Giorgio Scalvini,it ITA,DF,Atalanta,it Serie A,22.0,2003.0,5,4,346,3.8,2,0,2,2,0,0,0,0,0.9,0.9,0.2,1.1,4.0,24.0,9.0,0.52,0.28,2013,it ITA,DF,it Serie A,22-025,2003.0,3.8,2,4,2,50.0,1.04,0.52,0.5,1.0,10.9,0.0,0,0,0.9,0.9,0.22,1.1,1.1,2013,it ITA,DF,it Serie A,22-025,2003.0,3.8,212.0,248.0,85.5,3188.0,1129.0,0,0.2,0.3,-0.2,3.0,13.0,2.0,0.0,24.0,2013,it ITA,DF,it Serie A,22-025,2003.0,3.8,248.0,227.0,17.0,3.0,0.0,1.0,0,11.0,0.0,0.0,0.0,0.0,212.0,4.0,3.0,2013,it ITA,DF,it Serie A,22-025,2003.0,3.8,12.0,3.12,12.0,0.0,0.0,0.0,0.0,0.0,2.0,0.52,2013,it ITA,DF,it Serie A,22-025,2003.0,3.8,8.0,4,5.0,2.0,1.0,8.0,50.0,4.0,3.0,1.0,2.0,6,14.0,17.0,0.0,2013,it ITA,DF,it Serie A,22-025,2003.0,3.8,300.0,28.0,125.0,129.0,48.0,12.0,300.0,7.0,3.0,42.9,4.0,57.1,171.0,652.0,404.0,4.0,5.0,1.0,4.0,1.0,198.0,9.0,2525,it ITA,DF,it Serie A,22-025,2003.0,5,346,69,21.4,3.8,4,81.0,1,1,24.0,5,1.8,7,3,4,1.04,1.18,6.7,2.2,4.4,1.16,2013,it ITA,DF,it Serie A,22-025,2003.0,3.8,0,0,0,8,1,0,0,6,4,0.0,0.0,0,12.0,7.0,7.0,50.0,,,,,,,,,,,,,,,,,,,,,,,,,,,,,,,,,,,,,,,,,,,,,,,,,,,,,,Defender,0.5263157894736842,0.0,0.2368421052631579,0.052631578947368425,1.0526315789473684,6.315789473684211,2.368421052631579,0.7894736842105263,2.1052631578947367,1.5789473684210527,0.5263157894736842,45.0,2.547273684210527,7.36842105263158,1.1,1.04,97.02276707530648,30.4,74.40396248106325
2015,Oliver Scarles,eng ENG,DF,West Ham,eng Premier League,20.0,2005.0,6,6,402,4.5,0,0,0,0,0,0,0,0,0.2,0.2,0.3,0.5,4.0,12.0,20.0,0.0,0.12,2015,eng ENG,DF,eng Premier League,20-024,2005.0,4.5,0,3,0,0.0,0.67,0.0,0.0,,14.7,0.0,0,0,0.2,0.2,0.07,-0.2,-0.2,2015,eng ENG,DF,eng Premier League,20-024,2005.0,4.5,173.0,234.0,73.9,2661.0,1111.0,0,0.3,0.3,-0.3,2.0,17.0,1.0,1.0,12.0,2015,eng ENG,DF,eng Premier League,20-024,2005.0,4.5,234.0,182.0,50.0,5.0,1.0,0.0,21,33.0,12.0,12.0,0.0,0.0,173.0,2.0,4.0,2015,eng ENG,DF,eng Premier League,20-024,2005.0,4.5,9.0,2.01,5.0,1.0,1.0,1.0,0.0,1.0,0.0,0.0,2015,eng ENG,DF,eng Premier League,20-024,2005.0,4.5,17.0,13,11.0,4.0,2.0,20.0,70.0,6.0,6.0,0.0,6.0,4,21.0,19.0,1.0,2015,eng ENG,DF,eng Premier League,20-024,2005.0,4.5,301.0,21.0,111.0,116.0,75.0,5.0,301.0,7.0,2.0,28.6,5.0,71.4,133.0,491.0,246.0,4.0,3.0,1.0,12.0,0.0,160.0,20.0,2527,eng ENG,DF,eng Premier League,20-024,2005.0,6,402,67,22.3,4.5,6,67.0,3,0,,7,0.17,2,11,-9,-2.01,-1.31,4.1,9.4,-5.3,-1.19,2015,eng ENG,DF,eng Premier League,20-024,2005.0,4.5,0,0,0,5,3,1,21,4,13,0.0,0.0,0,24.0,4.0,4.0,50.0,,,,,,,,,,,,,,,,,,,,,,,,,,,,,,,,,,,,,,,,,,,,,,,,,,,,,,Defender,0.0,0.0,0.044444444444444446,0.06666666666666667,0.8888888888888888,2.6666666666666665,4.444444444444445,0.4444444444444444,3.7777777777777777,0.8888888888888888,0.2222222222222222,29.555555555555557,-0.30822222222221995,3.5555555555555554,-0.2,0.6677740863787375,89.84238178633976,33.6,67.24729175624233
2017,Kevin Schade,de GER,FW,Brentford,eng Premier League,24.0,2001.0,19,18,1555,17.3,6,2,8,6,0,1,5,0,6.9,6.1,2.1,8.1,30.0,26.0,72.0,0.46,0.52,2017,de GER,FW,eng Premier League,24-039,2001.0,17.3,6,30,15,50.0,1.74,0.87,0.2,0.4,11.8,0.0,0,1,6.9,6.1,0.21,-0.9,-0.1,2017,de GER,FW,eng Premier League,24-039,2001.0,17.3,196.0,301.0,65.1,2788.0,928.0,2,2.1,1.0,-0.1,17.0,14.0,10.0,2.0,26.0,2017,de GER,FW,eng Premier League,24-039,2001.0,17.3,301.0,285.0,15.0,0.0,3.0,1.0,10,10.0,1.0,1.0,0.0,0.0,196.0,1.0,12.0,2017,de GER,FW,eng Premier League,24-039,2001.0,17.3,28.0,1.62,19.0,1.0,3.0,2.0,3.0,0.0,3.0,0.17,2017,de GER,FW,eng Premier League,24-039,2001.0,17.3,26.0,14,7.0,12.0,7.0,14.0,50.0,7.0,13.0,3.0,10.0,14,40.0,20.0,0.0,2017,de GER,FW,eng Premier League,24-039,2001.0,17.3,547.0,36.0,110.0,219.0,229.0,73.0,546.0,51.0,12.0,23.5,32.0,62.7,252.0,1864.0,764.0,30.0,16.0,19.0,51.0,28.0,337.0,72.0,2529,de GER,FW,eng Premier League,24-039,2001.0,19,1555,82,86.4,17.3,18,84.0,11,1,45.0,0,1.53,27,18,9,0.52,2.36,27.4,20.0,7.4,0.43,2017,de GER,FW,eng Premier League,24-039,2001.0,17.3,5,0,0,28,26,8,10,14,14,1.0,0.0,0,58.0,52.0,41.0,55.9,,,,,,,,,,,,,,,,,,,,,,,,,,,,,,,,,,,,,,,,,,,,,,,,,,,,,,Forward,0.3468208092485549,0.11560693641618497,0.3988439306358382,0.12138728323699421,1.7341040462427746,1.5028901734104045,4.161849710982659,0.9826589595375722,1.5028901734104045,0.8092485549132947,0.5780346820809248,14.566473988439306,-9.5991717283237,3.236994219653179,-0.9000000000000004,0.2961608775137112,55.57491289198606,11.7,49.75372685047991
2020,Derry Scherhant,de GER,"FW,MF",Freiburg,de Bundesliga,23.0,2002.0,13,3,437,4.9,3,0,3,3,0,0,0,0,1.1,1.1,0.5,1.6,13.0,7.0,43.0,0.62,0.33,2020,de GER,"FW,MF",de Bundesliga,23-056,2002.0,4.9,3,19,7,36.8,3.91,1.44,0.16,0.43,18.6,3.0,0,0,1.1,1.1,0.06,1.9,1.9,2020,de GER,"FW,MF",de Bundesliga,23-056,2002.0,4.9,81.0,123.0,65.9,1169.0,339.0,0,0.5,0.9,-0.5,7.0,0.0,2.0,1.0,7.0,2020,de GER,"FW,MF",de Bundesliga,23-056,2002.0,4.9,123.0,101.0,22.0,11.0,0.0,0.0,31,0.0,11.0,10.0,1.0,0.0,81.0,0.0,6.0,2020,de GER,"FW,MF",de Bundesliga,23-056,2002.0,4.9,21.0,4.32,8.0,5.0,1.0,3.0,4.0,0.0,1.0,0.21,2020,de GER,"FW,MF",de Bundesliga,23-056,2002.0,4.9,6.0,3,3.0,3.0,0.0,9.0,55.6,4.0,4.0,0.0,4.0,2,8.0,7.0,0.0,2020,de GER,"FW,MF",de Bundesliga,23-056,2002.0,4.9,205.0,5.0,31.0,56.0,123.0,22.0,205.0,25.0,8.0,32.0,15.0,60.0,107.0,835.0,427.0,13.0,14.0,5.0,14.0,7.0,127.0,43.0,2533,de GER,"FW,MF",de Bundesliga,23-056,2002.0,13,437,34,32.4,4.9,3,71.0,0,10,22.0,2,1.46,10,11,-1,-0.21,-0.21,6.9,7.0,-0.2,-0.03,2020,de GER,"FW,MF",de Bundesliga,23-056,2002.0,4.9,0,0,0,7,19,1,31,2,3,0.0,0.0,0,16.0,2.0,4.0,33.3,,,,,,,,,,,,,,,,,,,,,,,,,,,,,,,,,,,,,,,,,,,,,,,,,,,,,,Forward,0.6122448979591836,0.0,0.22448979591836735,0.1020408163265306,2.6530612244897958,1.4285714285714284,8.775510204081632,1.4285714285714284,1.2244897959183672,0.4081632653061224,0.4081632653061224,21.83673469387755,-8.638856591836737,4.081632653061225,1.9,2.107317073170732,63.937282229965156,10.4,57.91420491844669
2032,Alex Scott,eng ENG,MF,Bournemouth,eng Premier League,22.0,2003.0,20,17,1320,14.7,1,0,1,1,0,0,2,0,1.2,1.2,1.3,2.5,28.0,49.0,28.0,0.07,0.17,2032,eng ENG,MF,eng Premier League,22-137,2003.0,14.7,1,19,5,26.3,1.3,0.34,0.05,0.2,21.3,0.0,0,0,1.2,1.2,0.06,-0.2,-0.2,2032,eng ENG,MF,eng Premier League,22-137,2003.0,14.7,519.0,665.0,78.0,8260.0,1766.0,0,1.3,0.6,-1.3,10.0,41.0,7.0,2.0,49.0,2032,eng ENG,MF,eng Premier League,22-137,2003.0,14.7,665.0,606.0,58.0,23.0,2.0,4.0,43,2.0,29.0,25.0,1.0,0.0,519.0,1.0,9.0,2032,eng ENG,MF,eng Premier League,22-137,2003.0,14.7,38.0,2.59,18.0,4.0,2.0,5.0,5.0,4.0,3.0,0.2,2032,eng ENG,MF,eng Premier League,22-137,2003.0,14.7,29.0,21,8.0,15.0,6.0,22.0,50.0,11.0,16.0,5.0,11.0,18,47.0,43.0,0.0,2032,eng ENG,MF,eng Premier League,22-137,2003.0,14.7,844.0,56.0,189.0,448.0,218.0,21.0,844.0,32.0,15.0,46.9,12.0,37.5,431.0,2445.0,1091.0,28.0,22.0,8.0,20.0,12.0,510.0,28.0,2550,eng ENG,MF,eng Premier League,22-137,2003.0,20,1320,66,73.3,14.7,17,71.0,3,3,39.0,0,1.15,24,26,-2,-0.14,0.8,22.2,22.5,-0.2,-0.02,2032,eng ENG,MF,eng Premier League,22-137,2003.0,14.7,2,0,0,20,28,0,43,18,21,0.0,1.0,0,75.0,17.0,14.0,54.8,,,,,,,,,,,,,,,,,,,,,,,,,,,,,,,,,,,,,,,,,,,,,,,,,,,,,,Midfielder,0.06802721088435375,0.0,0.0816326530612245,0.08843537414965986,1.9047619047619049,3.3333333333333335,1.9047619047619049,0.6802721088435374,1.9727891156462587,1.2244897959183674,0.4761904761904762,29.319727891156464,-2.835898068027211,5.238095238095238,-0.19999999999999996,0.3068720379146919,70.44534412955466,21.0,58.21929266905344
2036,Jenson Seelt,nl NED,DF,Wolfsburg,de Bundesliga,22.0,2003.0,9,8,681,7.6,0,0,0,0,0,0,0,0,0.2,0.2,0.0,0.2,3.0,22.0,0.0,0.0,0.03,2036,nl NED,DF,de Bundesliga,22-227,2003.0,7.6,0,2,0,0.0,0.26,0.0,0.0,,8.3,0.0,0,0,0.2,0.2,0.1,-0.2,-0.2,2036,nl NED,DF,de Bundesliga,22-227,2003.0,7.6,326.0,379.0,86.0,6165.0,2461.0,0,0.0,0.1,0.0,0.0,11.0,0.0,0.0,22.0,2036,nl NED,DF,de Bundesliga,22-227,2003.0,7.6,379.0,373.0,6.0,4.0,0.0,1.0,0,0.0,0.0,0.0,0.0,0.0,326.0,0.0,0.0,2036,nl NED,DF,de Bundesliga,22-227,2003.0,7.6,2.0,0.26,2.0,0.0,0.0,0.0,0.0,0.0,0.0,0.0,2036,nl NED,DF,de Bundesliga,22-227,2003.0,7.6,13.0,9,9.0,4.0,0.0,7.0,85.7,1.0,9.0,5.0,4.0,5,18.0,77.0,1.0,2036,nl NED,DF,de Bundesliga,22-227,2003.0,7.6,502.0,107.0,283.0,212.0,11.0,6.0,502.0,4.0,2.0,50.0,1.0,25.0,276.0,1121.0,446.0,3.0,1.0,0.0,5.0,2.0,306.0,0.0,2554,nl NED,DF,de Bundesliga,22-227,2003.0,9,681,76,50.4,7.6,8,84.0,7,1,6.0,2,1.22,15,17,-2,-0.26,0.14,9.7,13.9,-4.2,-0.56,2036,nl NED,DF,de Bundesliga,22-227,2003.0,7.6,0,0,0,5,6,0,0,5,9,0.0,1.0,1,28.0,23.0,17.0,57.5,,,,,,,,,,,,,,,,,,,,,,,,,,,,,,,,,,,,,,,,,,,,,,,,,,,,,,Defender,0.0,0.0,0.026315789473684213,0.0,0.39473684210526316,2.8947368421052633,0.0,0.0,1.7105263157894737,0.6578947368421053,0.0,36.31578947368421,-3.7787263157894717,3.2894736842105265,-0.2,0.05179282868525896,65.67425569176882,9.0,60.251610726393416
2038,Nicolas Seiwald,at AUT,MF,RB Leipzig,de Bundesliga,24.0,2001.0,15,14,1243,13.8,0,1,1,0,0,0,0,0,0.4,0.4,1.0,1.3,5.0,39.0,9.0,0.07,0.1,2038,at AUT,MF,de Bundesliga,24-246,2001.0,13.8,0,5,0,0.0,0.36,0.0,0.0,,16.9,0.0,0,0,0.4,0.4,0.07,-0.4,-0.4,2038,at AUT,MF,de Bundesliga,24-246,2001.0,13.8,566.0,644.0,87.9,10465.0,3267.0,1,1.0,0.8,0.0,7.0,32.0,5.0,1.0,39.0,2038,at AUT,MF,de Bundesliga,24-246,2001.0,13.8,644.0,636.0,8.0,8.0,2.0,2.0,3,0.0,0.0,0.0,0.0,0.0,566.0,0.0,7.0,2038,at AUT,MF,de Bundesliga,24-246,2001.0,13.8,21.0,1.52,20.0,0.0,0.0,0.0,1.0,0.0,3.0,0.22,2038,at AUT,MF,de Bundesliga,24-246,2001.0,13.8,32.0,18,19.0,10.0,3.0,22.0,54.5,10.0,17.0,5.0,12.0,32,64.0,32.0,0.0,2038,at AUT,MF,de Bundesliga,24-246,2001.0,13.8,793.0,53.0,256.0,461.0,81.0,16.0,793.0,8.0,6.0,75.0,1.0,12.5,435.0,1725.0,736.0,5.0,5.0,2.0,13.0,3.0,513.0,9.0,2557,at AUT,MF,de Bundesliga,24-246,2001.0,15,1243,83,92.1,13.8,14,87.0,9,1,24.0,0,1.93,29,16,13,0.94,2.62,26.0,18.1,7.8,0.57,2038,at AUT,MF,de Bundesliga,24-246,2001.0,13.8,0,0,0,9,5,0,3,32,18,0.0,0.0,0,51.0,12.0,12.0,50.0,,,,,,,,,,,,,,,,,,,,,,,,,,,,,,,,,,,,,,,,,,,,,,,,,,,,,,Midfielder,0.0,0.07246376811594203,0.028985507246376812,0.07246376811594203,0.36231884057971014,2.826086956521739,0.6521739130434783,0.5072463768115941,2.318840579710145,2.318840579710145,0.36231884057971014,31.52173913043478,-5.315982173913044,3.1884057971014492,-0.4,0.19167717528373265,47.77327935222672,4.4,45.75984612282253
2043,Marvin Senaya,tg TOG,DF,Auxerre,fr Ligue 1,24.0,2001.0,13,13,1127,12.5,0,0,0,0,0,0,3,0,0.7,0.7,0.2,0.9,17.0,32.0,23.0,0.0,0.07,2043,tg TOG,DF,fr Ligue 1,24-342,2001.0,12.5,0,11,3,27.3,0.88,0.24,0.0,0.0,17.8,0.0,0,0,0.7,0.7,0.07,-0.7,-0.7,2043,tg TOG,DF,fr Ligue 1,24-342,2001.0,12.5,402.0,544.0,73.9,7763.0,3199.0,0,0.2,0.3,-0.2,4.0,36.0,7.0,4.0,32.0,2043,tg TOG,DF,fr Ligue 1,24-342,2001.0,12.5,544.0,445.0,98.0,28.0,0.0,7.0,29,68.0,2.0,0.0,2.0,0.0,402.0,1.0,11.0,2043,tg TOG,DF,fr Ligue 1,24-342,2001.0,12.5,14.0,1.12,10.0,2.0,0.0,2.0,0.0,0.0,1.0,0.08,2043,tg TOG,DF,fr Ligue 1,24-342,2001.0,12.5,35.0,18,14.0,17.0,4.0,22.0,68.2,7.0,10.0,4.0,6.0,19,54.0,49.0,0.0,2043,tg TOG,DF,fr Ligue 1,24-342,2001.0,12.5,697.0,43.0,272.0,304.0,130.0,11.0,697.0,14.0,2.0,14.3,11.0,78.6,357.0,1615.0,765.0,17.0,9.0,2.0,12.0,3.0,390.0,23.0,2563,tg TOG,DF,fr Ligue 1,24-342,2001.0,13,1127,87,73.7,12.5,13,87.0,9,0,,1,0.54,7,19,-12,-0.96,-0.73,11.8,18.0,-6.1,-0.49,2043,tg TOG,DF,fr Ligue 1,24-342,2001.0,12.5,3,0,0,14,23,0,29,19,18,0.0,0.0,0,39.0,23.0,16.0,59.0,,,,,,,,,,,,,,,,,,,,,,,,,,,,,,,,,,,,,,,,,,,,,,,,,,,,,,Defender,0.0,0.0,0.055999999999999994,0.016,1.36,2.56,1.84,0.32,2.8,1.52,0.56,28.56,-4.848495999999999,3.92,-0.7,0.16068866571018653,54.991243432574436,5.4,52.17385524912186
2047,Benjamin Šeško,si SVN,FW,Manchester Utd,eng Premier League,22.0,2003.0,16,10,954,10.6,2,1,3,2,0,0,1,0,3.9,3.9,0.4,4.2,7.0,13.0,48.0,0.28,0.4,2047,si SVN,FW,eng Premier League,22-219,2003.0,10.6,2,30,12,40.0,2.83,1.13,0.07,0.17,13.0,0.0,0,0,3.9,3.9,0.14,-1.9,-1.9,2047,si SVN,FW,eng Premier League,22-219,2003.0,10.6,129.0,193.0,66.8,1602.0,316.0,1,0.4,0.2,0.6,8.0,11.0,2.0,0.0,13.0,2047,si SVN,FW,eng Premier League,22-219,2003.0,10.6,193.0,189.0,1.0,0.0,2.0,0.0,2,0.0,0.0,0.0,0.0,0.0,129.0,3.0,1.0,2047,si SVN,FW,eng Premier League,22-219,2003.0,10.6,18.0,1.7,12.0,0.0,1.0,4.0,0.0,1.0,3.0,0.28,2047,si SVN,FW,eng Premier League,22-219,2003.0,10.6,5.0,3,1.0,4.0,0.0,3.0,66.7,1.0,8.0,2.0,6.0,3,8.0,12.0,0.0,2047,si SVN,FW,eng Premier League,22-219,2003.0,10.6,311.0,14.0,31.0,165.0,119.0,43.0,311.0,18.0,4.0,22.2,14.0,77.8,139.0,539.0,180.0,7.0,6.0,5.0,17.0,19.0,224.0,48.0,2571,si SVN,FW,eng Premier League,22-219,2003.0,16,954,60,53.0,10.6,10,79.0,5,6,28.0,0,1.5,19,17,2,0.19,-0.02,16.0,14.6,1.4,0.14,2047,si SVN,FW,eng Premier League,22-219,2003.0,10.6,1,0,0,11,3,5,2,3,3,0.0,0.0,0,21.0,36.0,38.0,48.6,,,,,,,,,,,,,,,,,,,,,,,,,,,,,,,,,,,,,,,,,,,,,,,,,,,,,,Forward,0.18867924528301888,0.09433962264150944,0.3679245283018868,0.03773584905660378,0.6603773584905661,1.2264150943396226,4.528301886792453,0.7547169811320755,0.4716981132075472,0.2830188679245283,0.18867924528301888,13.113207547169813,-11.179078188679245,1.8867924528301887,-1.9,0.5466237942122186,41.11498257839721,3.6,39.68627662007453
2053,Armindo Sieb,de GER,"FW,MF",Mainz 05,de Bundesliga,22.0,2003.0,12,2,339,3.8,2,0,2,2,0,0,1,0,1.6,1.6,0.4,2.0,11.0,2.0,28.0,0.53,0.53,2053,de GER,"FW,MF",de Bundesliga,22-322,2003.0,3.8,2,12,4,33.3,3.19,1.06,0.17,0.5,13.0,0.0,0,0,1.6,1.6,0.14,0.4,0.4,2053,de GER,"FW,MF",de Bundesliga,22-322,2003.0,3.8,58.0,91.0,63.7,823.0,174.0,0,0.4,0.4,-0.4,7.0,6.0,2.0,2.0,2.0,2053,de GER,"FW,MF",de Bundesliga,22-322,2003.0,3.8,91.0,86.0,4.0,0.0,0.0,0.0,8,1.0,1.0,0.0,0.0,0.0,58.0,1.0,6.0,2053,de GER,"FW,MF",de Bundesliga,22-322,2003.0,3.8,9.0,2.39,6.0,1.0,0.0,2.0,0.0,0.0,1.0,0.27,2053,de GER,"FW,MF",de Bundesliga,22-322,2003.0,3.8,1.0,0,0.0,1.0,0.0,4.0,0.0,4.0,4.0,0.0,4.0,0,1.0,2.0,1.0,2053,de GER,"FW,MF",de Bundesliga,22-322,2003.0,3.8,145.0,1.0,9.0,48.0,91.0,26.0,145.0,11.0,5.0,45.5,5.0,45.5,81.0,521.0,247.0,11.0,11.0,7.0,16.0,12.0,97.0,28.0,2580,de GER,"FW,MF",de Bundesliga,22-322,2003.0,12,339,28,25.1,3.8,2,80.0,0,10,18.0,2,0.5,6,7,-1,-0.27,0.8,5.7,6.2,-0.4,-0.11,2053,de GER,"FW,MF",de Bundesliga,22-322,2003.0,3.8,1,0,0,11,2,2,8,0,0,0.0,0.0,0,18.0,7.0,15.0,31.8,,,,,,,,,,,,,,,,,,,,,,,,,,,,,,,,,,,,,,,,,,,,,,,,,,,,,,Forward,0.5263157894736842,0.0,0.4210526315789474,0.10526315789473685,2.8947368421052633,0.5263157894736842,7.36842105263158,1.842105263157895,0.2631578947368421,0.0,0.5263157894736842,21.315789473684212,-6.3319205789473685,3.4210526315789473,0.3999999999999999,1.6482758620689657,81.18466898954703,20.9,67.15026384577918
2065,Giuliano Simeone,ar ARG,"MF,FW",Atlético Madrid,es La Liga,23.0,2002.0,18,15,1360,15.1,2,5,7,2,0,0,1,0,3.2,3.2,3.5,6.7,44.0,36.0,138.0,0.46,0.44,2065,ar ARG,"MF,FW",es La Liga,23-018,2002.0,15.1,2,23,7,30.4,1.52,0.46,0.09,0.29,13.5,0.0,0,0,3.2,3.2,0.14,-1.2,-1.2,2065,ar ARG,"MF,FW",es La Liga,23-018,2002.0,15.1,493.0,621.0,79.4,6269.0,1501.0,5,3.5,3.2,1.5,16.0,22.0,15.0,4.0,36.0,2065,ar ARG,"MF,FW",es La Liga,23-018,2002.0,15.1,621.0,604.0,15.0,2.0,3.0,1.0,26,13.0,0.0,0.0,0.0,0.0,493.0,2.0,24.0,2065,ar ARG,"MF,FW",es La Liga,23-018,2002.0,15.1,49.0,3.24,35.0,0.0,8.0,2.0,2.0,2.0,12.0,0.79,2065,ar ARG,"MF,FW",es La Liga,23-018,2002.0,15.1,31.0,19,18.0,8.0,5.0,43.0,37.2,27.0,12.0,1.0,11.0,13,44.0,13.0,1.0,2065,ar ARG,"MF,FW",es La Liga,23-018,2002.0,15.1,812.0,19.0,147.0,304.0,368.0,83.0,812.0,51.0,21.0,41.2,23.0,45.1,491.0,2562.0,1272.0,44.0,24.0,22.0,37.0,17.0,585.0,138.0,2596,ar ARG,"MF,FW",es La Liga,23-018,2002.0,18,1360,76,79.5,15.1,15,82.0,6,3,43.0,0,1.94,26,13,13,0.86,-0.17,21.7,17.2,4.5,0.3,2065,ar ARG,"MF,FW",es La Liga,23-018,2002.0,15.1,1,0,0,14,33,6,26,13,19,0.0,0.0,0,78.0,18.0,16.0,52.9,,,,,,,,,,,,,,,,,,,,,,,,,,,,,,,,,,,,,,,,,,,,,,,,,,,,,,Forward,0.13245033112582782,0.33112582781456956,0.21192052980132453,0.2317880794701987,2.913907284768212,2.384105960264901,9.139072847682119,1.0596026490066226,2.052980132450331,0.8609271523178809,0.9933774834437087,32.51655629139073,-7.737252721854305,5.298013245033113,-1.2000000000000002,0.39901477832512317,72.82229965156795,22.8,59.3015469475309
2068,Xavi Simons,nl NED,"MF,FW",Tottenham,eng Premier League,22.0,2003.0,14,9,834,9.3,1,2,3,1,0,0,2,1,0.8,0.8,1.5,2.4,32.0,59.0,45.0,0.32,0.25,2068,nl NED,"MF,FW",eng Premier League,22-259,2003.0,9.3,1,14,4,28.6,1.51,0.43,0.07,0.25,21.7,0.0,0,0,0.8,0.8,0.06,0.2,0.2,2068,nl NED,"MF,FW",eng Premier League,22-259,2003.0,9.3,310.0,396.0,78.3,5218.0,1135.0,2,1.5,1.4,0.5,9.0,24.0,12.0,2.0,59.0,2068,nl NED,"MF,FW",eng Premier League,22-259,2003.0,9.3,396.0,353.0,41.0,6.0,1.0,4.0,26,4.0,14.0,14.0,0.0,0.0,310.0,2.0,9.0,2068,nl NED,"MF,FW",eng Premier League,22-259,2003.0,9.3,23.0,2.48,17.0,1.0,0.0,2.0,3.0,0.0,3.0,0.32,2068,nl NED,"MF,FW",eng Premier League,22-259,2003.0,9.3,21.0,13,12.0,6.0,3.0,24.0,54.2,11.0,13.0,0.0,13.0,6,27.0,8.0,0.0,2068,nl NED,"MF,FW",eng Premier League,22-259,2003.0,9.3,540.0,9.0,74.0,254.0,225.0,15.0,540.0,35.0,11.0,31.4,16.0,45.7,292.0,1962.0,968.0,32.0,28.0,6.0,32.0,16.0,348.0,45.0,2600,nl NED,"MF,FW",eng Premier League,22-259,2003.0,14,834,60,46.3,9.3,9,72.0,2,5,37.0,0,1.14,14,12,2,0.22,0.03,8.7,12.4,-3.7,-0.4,2068,nl NED,"MF,FW",eng Premier League,22-259,2003.0,9.3,2,1,0,9,17,0,26,6,13,0.0,0.0,0,47.0,9.0,13.0,40.9,,,,,,,,,,,,,,,,,,,,,,,,,,,,,,,,,,,,,,,,,,,,,,,,,,,,,,Forward,0.1075268817204301,0.2150537634408602,0.08602150537634408,0.16129032258064516,3.440860215053763,6.344086021505376,4.838709677419354,0.9677419354838709,2.258064516129032,0.6451612903225806,1.2903225806451613,31.39784946236559,-5.6739889032258075,9.784946236559138,0.19999999999999996,0.45925925925925926,85.71428571428571,39.6,61.39991813344248
2084,Simon Sohm,ch SUI,MF,Fiorentina,it Serie A,24.0,2001.0,14,9,688,7.6,0,1,1,0,0,0,2,0,0.2,0.2,1.8,2.0,17.0,27.0,24.0,0.13,0.27,2084,ch SUI,MF,it Serie A,24-269,2001.0,7.6,0,5,0,0.0,0.65,0.0,0.0,,18.5,0.0,0,0,0.2,0.2,0.05,-0.2,-0.2,2084,ch SUI,MF,it Serie A,24-269,2001.0,7.6,267.0,307.0,87.0,4316.0,1024.0,1,1.8,1.3,-0.8,9.0,19.0,5.0,1.0,27.0,2084,ch SUI,MF,it Serie A,24-269,2001.0,7.6,307.0,300.0,5.0,2.0,6.0,0.0,5,3.0,0.0,0.0,0.0,0.0,267.0,2.0,3.0,2084,ch SUI,MF,it Serie A,24-269,2001.0,7.6,17.0,2.22,17.0,0.0,0.0,0.0,0.0,0.0,1.0,0.13,2084,ch SUI,MF,it Serie A,24-269,2001.0,7.6,10.0,7,5.0,4.0,1.0,5.0,80.0,1.0,6.0,3.0,3.0,4,14.0,6.0,0.0,2084,ch SUI,MF,it Serie A,24-269,2001.0,7.6,367.0,10.0,66.0,235.0,70.0,10.0,367.0,13.0,7.0,53.8,4.0,30.8,210.0,1010.0,595.0,17.0,7.0,1.0,9.0,4.0,265.0,24.0,2626,ch SUI,MF,it Serie A,24-269,2001.0,14,688,49,42.5,7.6,9,65.0,1,5,21.0,3,0.36,5,14,-9,-1.18,-1.08,9.6,12.4,-2.7,-0.36,2084,ch SUI,MF,it Serie A,24-269,2001.0,7.6,2,0,0,15,11,0,5,4,7,0.0,0.0,0,24.0,7.0,28.0,20.0,,,,,,,,,,,,,,,,,,,,,,,,,,,,,,,,,,,,,,,,,,,,,,,,,,,,,,Midfielder,0.0,0.13157894736842105,0.026315789473684213,0.2368421052631579,2.236842105263158,3.5526315789473686,3.1578947368421053,1.1842105263157896,1.3157894736842106,0.5263157894736842,0.6578947368421053,27.63157894736842,-2.6017335263157886,5.7894736842105265,-0.2,0.6049046321525886,72.46963562753037,15.7,62.63581298835814
2090,Jhon Solis,co COL,MF,Girona,es La Liga,21.0,2004.0,12,3,380,4.2,0,0,0,0,0,0,0,0,0.2,0.2,0.0,0.2,5.0,12.0,4.0,0.0,0.05,2090,co COL,MF,es La Liga,21-094,2004.0,4.2,0,3,2,66.7,0.71,0.47,0.0,0.0,12.6,0.0,0,0,0.2,0.2,0.06,-0.2,-0.2,2090,co COL,MF,es La Liga,21-094,2004.0,4.2,146.0,167.0,87.4,2247.0,509.0,0,0.0,0.1,0.0,1.0,14.0,1.0,0.0,12.0,2090,co COL,MF,es La Liga,21-094,2004.0,4.2,167.0,161.0,4.0,2.0,0.0,1.0,0,1.0,0.0,0.0,0.0,0.0,146.0,2.0,1.0,2090,co COL,MF,es La Liga,21-094,2004.0,4.2,5.0,1.18,5.0,0.0,0.0,0.0,0.0,0.0,0.0,0.0,2090,co COL,MF,es La Liga,21-094,2004.0,4.2,3.0,3,2.0,0.0,1.0,7.0,0.0,7.0,2.0,1.0,1.0,4,7.0,8.0,1.0,2090,co COL,MF,es La Liga,21-094,2004.0,4.2,213.0,8.0,56.0,115.0,44.0,3.0,213.0,12.0,3.0,25.0,8.0,66.7,138.0,903.0,357.0,5.0,4.0,0.0,5.0,3.0,147.0,4.0,2632,co COL,MF,es La Liga,21-094,2004.0,12,380,32,23.5,4.2,3,78.0,1,9,16.0,5,0.75,2,14,-12,-2.84,-2.48,4.4,12.0,-7.6,-1.8,2090,co COL,MF,es La Liga,21-094,2004.0,4.2,0,0,0,2,7,0,0,4,3,0.0,0.0,0,20.0,2.0,7.0,22.2,,,,,,,,,,,,,,,,,,,,,,,,,,,,,,,,,,,,,,,,,,,,,,,,,,,,,,Midfielder,0.0,0.0,0.047619047619047616,0.0,1.1904761904761905,2.857142857142857,0.9523809523809523,0.23809523809523808,0.7142857142857143,0.9523809523809523,0.23809523809523808,32.857142857142854,-3.4682550476190466,4.0476190476190474,-0.2,0.5539906103286385,64.23751686909581,10.1,58.34470197011428
2099,Hugo Sotelo,es ESP,MF,Celta Vigo,es La Liga,22.0,2003.0,12,9,771,8.6,0,1,1,0,0,0,1,0,0.1,0.1,1.2,1.2,12.0,56.0,7.0,0.12,0.15,2099,es ESP,MF,es La Liga,22-017,2003.0,8.6,0,2,1,50.0,0.23,0.12,0.0,0.0,28.5,1.0,0,0,0.1,0.1,0.05,-0.1,-0.1,2099,es ESP,MF,es La Liga,22-017,2003.0,8.6,519.0,593.0,87.5,9087.0,3140.0,1,1.2,1.3,-0.2,16.0,63.0,5.0,1.0,56.0,2099,es ESP,MF,es La Liga,22-017,2003.0,8.6,593.0,535.0,55.0,30.0,3.0,5.0,28,1.0,23.0,6.0,14.0,0.0,519.0,3.0,3.0,2099,es ESP,MF,es La Liga,22-017,2003.0,8.6,28.0,3.27,19.0,8.0,0.0,0.0,0.0,1.0,3.0,0.35,2099,es ESP,MF,es La Liga,22-017,2003.0,8.6,17.0,8,6.0,8.0,3.0,18.0,61.1,7.0,13.0,5.0,8.0,12,29.0,12.0,1.0,2099,es ESP,MF,es La Liga,22-017,2003.0,8.6,658.0,27.0,147.0,395.0,121.0,2.0,658.0,2.0,0.0,0.0,2.0,100.0,358.0,1747.0,861.0,12.0,8.0,1.0,6.0,5.0,460.0,7.0,2643,es ESP,MF,es La Liga,22-017,2003.0,12,771,64,47.6,8.6,9,76.0,4,3,29.0,4,1.25,14,11,3,0.35,0.24,11.3,12.4,-1.1,-0.13,2099,es ESP,MF,es La Liga,22-017,2003.0,8.6,1,0,0,16,7,0,28,12,8,0.0,0.0,0,51.0,1.0,1.0,50.0,,,,,,,,,,,,,,,,,,,,,,,,,,,,,,,,,,,,,,,,,,,,,,,,,,,,,,Midfielder,0.0,0.11627906976744186,0.011627906976744188,0.13953488372093023,1.3953488372093024,6.511627906976744,0.813953488372093,1.8604651162790697,1.9767441860465118,1.3953488372093024,0.5813953488372093,41.627906976744185,1.0727340232558138,7.906976744186047,-0.1,0.4969604863221884,94.87179487179486,39.7,67.91109153313877
2103,Matìas Soulé,ar ARG,"MF,FW",Roma,it Serie A,22.0,2003.0,18,17,1247,13.9,5,3,8,5,0,0,1,0,2.4,2.4,1.9,4.3,55.0,65.0,111.0,0.58,0.31,2103,ar ARG,"MF,FW",it Serie A,22-265,2003.0,13.9,5,32,13,40.6,2.31,0.94,0.16,0.38,19.8,3.0,0,0,2.4,2.4,0.08,2.6,2.6,2103,ar ARG,"MF,FW",it Serie A,22-265,2003.0,13.9,448.0,576.0,77.8,7081.0,1796.0,3,1.9,2.3,1.1,28.0,45.0,15.0,3.0,65.0,2103,ar ARG,"MF,FW",it Serie A,22-265,2003.0,13.9,576.0,534.0,40.0,11.0,1.0,8.0,48,9.0,19.0,17.0,1.0,0.0,448.0,2.0,16.0,2103,ar ARG,"MF,FW",it Serie A,22-265,2003.0,13.9,63.0,4.55,42.0,9.0,2.0,6.0,4.0,0.0,6.0,0.43,2103,ar ARG,"MF,FW",it Serie A,22-265,2003.0,13.9,8.0,7,2.0,5.0,1.0,14.0,28.6,10.0,17.0,2.0,15.0,6,14.0,7.0,0.0,2103,ar ARG,"MF,FW",it Serie A,22-265,2003.0,13.9,759.0,13.0,57.0,333.0,384.0,56.0,759.0,66.0,19.0,28.8,36.0,54.5,489.0,3209.0,1512.0,55.0,44.0,21.0,38.0,32.0,577.0,111.0,2647,ar ARG,"MF,FW",it Serie A,22-265,2003.0,18,1247,69,77.0,13.9,17,72.0,1,1,25.0,0,1.83,17,7,10,0.72,1.2,17.2,15.0,2.2,0.16,2103,ar ARG,"MF,FW",it Serie A,22-265,2003.0,13.9,1,0,0,5,26,1,48,6,7,0.0,0.0,0,79.0,6.0,11.0,35.3,,,,,,,,,,,,,,,,,,,,,,,,,,,,,,,,,,,,,,,,,,,,,,,,,,,,,,Forward,0.3597122302158273,0.2158273381294964,0.1726618705035971,0.13669064748201437,3.9568345323741005,4.676258992805756,7.985611510791367,2.014388489208633,0.5755395683453237,0.4316546762589928,1.079136690647482,35.17985611510791,-5.478701633093526,8.633093525179856,2.6,0.5994729907773386,86.41114982578398,42.2,60.76733461728832
2122,Angelo Stiller,de GER,MF,Stuttgart,de Bundesliga,24.0,2001.0,15,12,1170,13.0,1,3,4,1,0,1,1,0,1.7,0.9,2.2,3.1,22.0,106.0,28.0,0.31,0.3,2122,de GER,MF,de Bundesliga,24-276,2001.0,13.0,1,4,2,50.0,0.31,0.15,0.25,0.5,17.6,1.0,0,1,1.7,0.9,0.22,-0.7,0.1,2122,de GER,MF,de Bundesliga,24-276,2001.0,13.0,889.0,1054.0,84.3,14466.0,4881.0,3,2.2,3.7,0.8,26.0,95.0,27.0,7.0,106.0,2122,de GER,MF,de Bundesliga,24-276,2001.0,13.0,1054.0,933.0,113.0,46.0,5.0,0.0,55,5.0,47.0,23.0,5.0,2.0,889.0,8.0,11.0,2122,de GER,MF,de Bundesliga,24-276,2001.0,13.0,65.0,5.0,48.0,15.0,1.0,1.0,0.0,0.0,8.0,0.62,2122,de GER,MF,de Bundesliga,24-276,2001.0,13.0,16.0,8,5.0,8.0,3.0,13.0,30.8,9.0,15.0,2.0,13.0,13,29.0,17.0,0.0,2122,de GER,MF,de Bundesliga,24-276,2001.0,13.0,1143.0,32.0,197.0,684.0,271.0,26.0,1142.0,15.0,9.0,60.0,5.0,33.3,567.0,2620.0,1297.0,22.0,14.0,2.0,7.0,4.0,789.0,28.0,2675,de GER,MF,de Bundesliga,24-276,2001.0,15,1170,78,86.7,13.0,12,89.0,10,3,32.0,0,1.73,23,20,3,0.23,0.23,19.7,18.3,1.4,0.11,2122,de GER,MF,de Bundesliga,24-276,2001.0,13.0,1,0,0,8,18,0,55,13,8,0.0,0.0,0,77.0,11.0,17.0,39.3,,,,,,,,,,,,,,,,,,,,,,,,,,,,,,,,,,,,,,,,,,,,,,,,,,,,,,Midfielder,0.07692307692307693,0.23076923076923078,0.13076923076923078,0.16923076923076924,1.6923076923076923,8.153846153846153,2.1538461538461537,2.0,1.2307692307692308,1.0,2.076923076923077,43.61538461538461,2.2152155384615373,9.846153846153847,-0.7,0.4374453193350831,97.0310391363023,52.3,63.71046561805797
2128,Nikola Štulić,rs SRB,FW,Lecce,it Serie A,24.0,2001.0,16,11,963,10.7,1,0,1,1,0,0,1,0,1.7,1.7,0.8,2.5,3.0,11.0,44.0,0.09,0.23,2128,rs SRB,FW,it Serie A,24-119,2001.0,10.7,1,16,4,25.0,1.5,0.37,0.06,0.25,16.6,0.0,0,0,1.7,1.7,0.11,-0.7,-0.7,2128,rs SRB,FW,it Serie A,24-119,2001.0,10.7,107.0,169.0,63.3,1477.0,195.0,0,0.8,0.7,-0.8,10.0,5.0,1.0,0.0,11.0,2128,rs SRB,FW,it Serie A,24-119,2001.0,10.7,169.0,163.0,6.0,0.0,0.0,0.0,0,0.0,0.0,0.0,0.0,0.0,107.0,0.0,3.0,2128,rs SRB,FW,it Serie A,24-119,2001.0,10.7,20.0,1.87,15.0,0.0,2.0,0.0,3.0,0.0,1.0,0.09,2128,rs SRB,FW,it Serie A,24-119,2001.0,10.7,10.0,6,2.0,7.0,1.0,4.0,50.0,2.0,8.0,2.0,6.0,0,10.0,7.0,0.0,2128,rs SRB,FW,it Serie A,24-119,2001.0,10.7,275.0,9.0,22.0,118.0,138.0,35.0,275.0,9.0,3.0,33.3,3.0,33.3,118.0,374.0,128.0,3.0,7.0,0.0,27.0,12.0,190.0,44.0,2681,rs SRB,FW,it Serie A,24-119,2001.0,16,963,60,62.9,10.7,11,73.0,1,5,32.0,0,1.0,8,15,-7,-0.65,-0.02,8.7,14.5,-5.7,-0.54,2128,rs SRB,FW,it Serie A,24-119,2001.0,10.7,1,0,0,19,17,6,0,0,6,0.0,0.0,0,20.0,33.0,48.0,40.7,,,,,,,,,,,,,,,,,,,,,,,,,,,,,,,,,,,,,,,,,,,,,,,,,,,,,,Forward,0.09345794392523366,0.0,0.15887850467289721,0.07476635514018692,0.28037383177570097,1.0280373831775702,4.112149532710281,0.9345794392523366,0.9345794392523366,0.0,0.09345794392523366,11.02803738317757,-13.380784158878503,1.3084112149532712,-0.7,0.68,20.905923344947734,1.0,20.698934004898746
2132,Petar Sucic,hr CRO,MF,Inter,it Serie A,22.0,2003.0,15,9,776,8.6,1,2,3,1,0,0,3,0,0.6,0.6,1.1,1.7,22.0,67.0,54.0,0.35,0.19,2132,hr CRO,MF,it Serie A,22-072,2003.0,8.6,1,9,3,33.3,1.04,0.35,0.11,0.33,20.4,0.0,0,0,0.6,0.6,0.06,0.4,0.4,2132,hr CRO,MF,it Serie A,22-072,2003.0,8.6,366.0,433.0,84.5,6213.0,1491.0,2,1.1,0.8,0.9,14.0,39.0,16.0,3.0,67.0,2132,hr CRO,MF,it Serie A,22-072,2003.0,8.6,433.0,420.0,9.0,5.0,1.0,3.0,11,1.0,2.0,1.0,1.0,0.0,366.0,4.0,8.0,2132,hr CRO,MF,it Serie A,22-072,2003.0,8.6,29.0,3.36,25.0,0.0,3.0,0.0,1.0,0.0,3.0,0.35,2132,hr CRO,MF,it Serie A,22-072,2003.0,8.6,18.0,9,5.0,8.0,5.0,17.0,41.2,10.0,14.0,1.0,13.0,3,21.0,10.0,0.0,2132,hr CRO,MF,it Serie A,22-072,2003.0,8.6,522.0,12.0,86.0,255.0,187.0,21.0,522.0,16.0,9.0,56.3,7.0,43.8,319.0,1758.0,947.0,22.0,15.0,3.0,15.0,9.0,408.0,54.0,2686,hr CRO,MF,it Serie A,22-072,2003.0,15,776,52,50.7,8.6,9,76.0,4,6,16.0,2,2.2,17,10,7,0.81,-1.1,14.1,8.3,5.8,0.67,2132,hr CRO,MF,it Serie A,22-072,2003.0,8.6,3,0,0,16,10,0,11,3,9,0.0,0.0,0,33.0,5.0,6.0,45.5,,,,,,,,,,,,,,,,,,,,,,,,,,,,,,,,,,,,,,,,,,,,,,,,,,,,,,Midfielder,0.11627906976744186,0.23255813953488372,0.06976744186046512,0.12790697674418605,2.558139534883721,7.790697674418605,6.279069767441861,1.627906976744186,2.0930232558139537,0.3488372093023256,1.8604651162790697,37.093023255813954,3.3810241627906983,10.348837209302326,0.4,0.6436781609195402,98.24561403508771,58.4,62.023746234272544
2137,Kamaldeen Sulemana,gh GHA,MF,Atalanta,it Serie A,23.0,2002.0,13,6,555,6.2,2,1,3,2,0,0,3,0,0.9,0.9,0.9,1.8,23.0,26.0,56.0,0.49,0.29,2137,gh GHA,MF,it Serie A,23-324,2002.0,6.2,2,8,3,37.5,1.3,0.49,0.25,0.67,15.0,0.0,0,0,0.9,0.9,0.11,1.1,1.1,2137,gh GHA,MF,it Serie A,23-324,2002.0,6.2,147.0,181.0,81.2,2382.0,574.0,1,0.9,1.3,0.1,4.0,13.0,9.0,1.0,26.0,2137,gh GHA,MF,it Serie A,23-324,2002.0,6.2,181.0,178.0,2.0,1.0,1.0,1.0,6,1.0,0.0,0.0,0.0,0.0,147.0,1.0,7.0,2137,gh GHA,MF,it Serie A,23-324,2002.0,6.2,14.0,2.27,11.0,0.0,1.0,1.0,1.0,0.0,2.0,0.32,2137,gh GHA,MF,it Serie A,23-324,2002.0,6.2,5.0,3,2.0,3.0,0.0,7.0,42.9,4.0,3.0,0.0,3.0,0,5.0,4.0,0.0,2137,gh GHA,MF,it Serie A,23-324,2002.0,6.2,252.0,4.0,27.0,107.0,129.0,31.0,252.0,38.0,13.0,34.2,21.0,55.3,176.0,1377.0,661.0,23.0,18.0,9.0,16.0,9.0,195.0,56.0,2692,gh GHA,MF,it Serie A,23-324,2002.0,13,555,43,34.3,6.2,6,70.0,0,7,20.0,3,1.38,12,4,8,1.3,1.8,9.3,5.5,3.9,0.63,2137,gh GHA,MF,it Serie A,23-324,2002.0,6.2,3,0,0,8,8,2,6,0,3,0.0,0.0,0,27.0,6.0,6.0,50.0,,,,,,,,,,,,,,,,,,,,,,,,,,,,,,,,,,,,,,,,,,,,,,,,,,,,,,Midfielder,0.3225806451612903,0.16129032258064516,0.14516129032258066,0.14516129032258066,3.7096774193548385,4.193548387096774,9.032258064516128,0.6451612903225806,0.8064516129032258,0.0,1.4516129032258065,28.387096774193548,-0.623724516129033,7.903225806451613,1.1,0.9007936507936508,87.04453441295547,33.7,65.10436380924119
2138,Crysencio Summerville,nl NED,"FW,MF",West Ham,eng Premier League,24.0,2001.0,15,13,1049,11.7,0,1,1,0,0,0,3,0,2.0,2.0,0.5,2.4,25.0,34.0,75.0,0.09,0.21,2138,nl NED,"FW,MF",eng Premier League,24-067,2001.0,11.7,0,21,5,23.8,1.8,0.43,0.0,0.0,16.2,0.0,0,0,2.0,2.0,0.09,-2.0,-2.0,2138,nl NED,"FW,MF",eng Premier League,24-067,2001.0,11.7,249.0,305.0,81.6,3407.0,755.0,1,0.5,0.7,0.5,7.0,14.0,7.0,2.0,34.0,2138,nl NED,"FW,MF",eng Premier League,24-067,2001.0,11.7,305.0,289.0,13.0,5.0,3.0,0.0,14,2.0,3.0,1.0,0.0,0.0,249.0,3.0,9.0,2138,nl NED,"FW,MF",eng Premier League,24-067,2001.0,11.7,32.0,2.75,19.0,1.0,6.0,2.0,3.0,1.0,5.0,0.43,2138,nl NED,"FW,MF",eng Premier League,24-067,2001.0,11.7,15.0,8,4.0,7.0,4.0,10.0,50.0,5.0,7.0,2.0,5.0,6,21.0,17.0,0.0,2138,nl NED,"FW,MF",eng Premier League,24-067,2001.0,11.7,460.0,14.0,59.0,178.0,233.0,49.0,460.0,51.0,20.0,39.2,21.0,41.2,287.0,2147.0,902.0,25.0,25.0,19.0,29.0,19.0,336.0,75.0,2693,nl NED,"FW,MF",eng Premier League,24-067,2001.0,15,1049,70,58.3,11.7,13,78.0,3,2,19.0,0,0.8,11,22,-11,-0.94,0.13,11.5,16.7,-5.2,-0.44,2138,nl NED,"FW,MF",eng Premier League,24-067,2001.0,11.7,3,0,0,24,31,4,14,6,8,1.0,0.0,0,44.0,2.0,6.0,25.0,,,,,,,,,,,,,,,,,,,,,,,,,,,,,,,,,,,,,,,,,,,,,,,,,,,,,,Forward,0.0,0.08547008547008547,0.17094017094017094,0.042735042735042736,2.1367521367521367,2.9059829059829063,6.410256410256411,0.5982905982905983,1.2820512820512822,0.5128205128205129,0.5982905982905983,24.52991452991453,-9.964801717948717,5.0427350427350435,-2.0,0.5978260869565217,51.393728222996515,8.0,47.58678539166344
2139,Yuito Suzuki,jp JPN,"MF,FW",Freiburg,de Bundesliga,24.0,2001.0,10,7,626,7.0,2,1,3,2,0,0,0,0,2.5,2.5,0.6,3.1,15.0,17.0,28.0,0.43,0.45,2139,jp JPN,"MF,FW",de Bundesliga,24-072,2001.0,7.0,2,18,6,33.3,2.59,0.86,0.11,0.33,17.5,0.0,0,0,2.5,2.5,0.14,-0.5,-0.5,2139,jp JPN,"MF,FW",de Bundesliga,24-072,2001.0,7.0,135.0,186.0,72.6,2039.0,501.0,1,0.6,0.7,0.4,9.0,9.0,7.0,2.0,17.0,2139,jp JPN,"MF,FW",de Bundesliga,24-072,2001.0,7.0,186.0,179.0,6.0,1.0,0.0,2.0,8,0.0,4.0,2.0,0.0,0.0,135.0,1.0,13.0,2139,jp JPN,"MF,FW",de Bundesliga,24-072,2001.0,7.0,23.0,3.31,17.0,1.0,1.0,2.0,2.0,0.0,3.0,0.43,2139,jp JPN,"MF,FW",de Bundesliga,24-072,2001.0,7.0,7.0,6,1.0,4.0,2.0,7.0,42.9,4.0,4.0,0.0,4.0,4,11.0,5.0,0.0,2139,jp JPN,"MF,FW",de Bundesliga,24-072,2001.0,7.0,254.0,4.0,42.0,107.0,112.0,20.0,254.0,15.0,5.0,33.3,8.0,53.3,138.0,881.0,416.0,15.0,14.0,4.0,11.0,16.0,174.0,28.0,2695,jp JPN,"MF,FW",de Bundesliga,24-072,2001.0,10,626,63,46.4,7.0,7,76.0,1,3,32.0,3,1.1,14,17,-3,-0.43,-0.68,12.2,9.5,2.7,0.38,2139,jp JPN,"MF,FW",de Bundesliga,24-072,2001.0,7.0,0,0,0,8,3,1,8,4,6,0.0,0.0,0,26.0,5.0,9.0,35.7,,,,,,,,,,,,,,,,,,,,,,,,,,,,,,,,,,,,,,,,,,,,,,,,,,,,,,Forward,0.2857142857142857,0.14285714285714285,0.35714285714285715,0.08571428571428572,2.142857142857143,2.4285714285714284,4.0,1.2857142857142858,1.0,0.5714285714285714,1.0,19.714285714285715,-9.810889571428572,4.571428571428571,-0.5,1.3031496062992125,52.613240418118465,5.8,49.72896069765451
2140,Zion Suzuki,jp JPN,GK,Parma,it Serie A,23.0,2002.0,11,11,990,11.0,0,0,0,0,0,0,1,0,0.0,0.0,0.0,0.0,0.0,0.0,0.0,0.0,0.0,2140,jp JPN,GK,it Serie A,23-137,2002.0,11.0,0,0,0,,0.0,0.0,,,,0.0,0,0,0.0,0.0,,0.0,0.0,2140,jp JPN,GK,it Serie A,23-137,2002.0,11.0,290.0,447.0,64.9,10435.0,7978.0,0,0.0,0.1,0.0,0.0,15.0,0.0,0.0,0.0,2140,jp JPN,GK,it Serie A,23-137,2002.0,11.0,447.0,283.0,163.0,72.0,0.0,3.0,0,0.0,0.0,0.0,0.0,0.0,290.0,1.0,0.0,2140,jp JPN,GK,it Serie A,23-137,2002.0,11.0,5.0,0.45,3.0,2.0,0.0,0.0,0.0,0.0,0.0,0.0,2140,jp JPN,GK,it Serie A,23-137,2002.0,11.0,0.0,0,0.0,0.0,0.0,1.0,0.0,1.0,0.0,0.0,0.0,0,0.0,7.0,0.0,2140,jp JPN,GK,it Serie A,23-137,2002.0,11.0,476.0,333.0,453.0,23.0,0.0,0.0,476.0,0.0,0.0,,0.0,,235.0,1284.0,858.0,0.0,0.0,0.0,0.0,0.0,189.0,0.0,2696,jp JPN,GK,it Serie A,23-137,2002.0,11,990,90,64.7,11.0,11,90.0,11,0,,0,0.73,7,14,-7,-0.64,-0.64,9.9,13.9,-4.1,-0.37,2140,jp JPN,GK,it Serie A,23-137,2002.0,11.0,1,0,0,0,2,0,0,0,0,0.0,0.0,0,18.0,3.0,0.0,100.0,133.0,jp JPN,GK,it Serie A,23-137,2002.0,11.0,11.0,990.0,11.0,14.0,1.27,50.0,35.0,74.0,1.0,5.0,5.0,3.0,27.3,2.0,1.0,1.0,0.0,133.0,jp JPN,GK,it Serie A,23-137,2002.0,11.0,14.0,1.0,0.0,3.0,0.0,12.6,0.22,-1.4,-0.13,98.0,249.0,39.4,355.0,43.0,48.7,41.9,168.0,11.0,6.5,19.0,1.73,17.0,Goalkeeper,0.0,0.0,0.0,0.0,0.0,0.0,0.0,0.0,0.0,0.0,0.0,21.363636363636363,-11.5,0.0,0.0,0.09453781512605042,91.33858267716536,28.2,71.24694436596363
2142,Daniel Svensson,se SWE,"DF,MF",Dortmund,de Bundesliga,23.0,2002.0,15,12,1134,12.6,1,1,2,1,0,0,0,0,0.8,0.8,1.1,1.9,23.0,37.0,85.0,0.16,0.15,2142,se SWE,"DF,MF",de Bundesliga,23-327,2002.0,12.6,1,5,2,40.0,0.4,0.16,0.2,0.5,9.3,0.0,0,0,0.8,0.8,0.15,0.2,0.2,2142,se SWE,"DF,MF",de Bundesliga,23-327,2002.0,12.6,437.0,557.0,78.5,7137.0,1853.0,1,1.1,2.6,-0.1,13.0,19.0,12.0,5.0,37.0,2142,se SWE,"DF,MF",de Bundesliga,23-327,2002.0,12.6,557.0,446.0,109.0,11.0,0.0,0.0,56,75.0,23.0,21.0,0.0,0.0,437.0,2.0,13.0,2142,se SWE,"DF,MF",de Bundesliga,23-327,2002.0,12.6,23.0,1.83,17.0,4.0,0.0,0.0,0.0,2.0,2.0,0.16,2142,se SWE,"DF,MF",de Bundesliga,23-327,2002.0,12.6,18.0,11,8.0,4.0,6.0,14.0,71.4,4.0,17.0,4.0,13.0,7,25.0,43.0,1.0,2142,se SWE,"DF,MF",de Bundesliga,23-327,2002.0,12.6,681.0,34.0,150.0,259.0,274.0,26.0,681.0,11.0,3.0,27.3,6.0,54.5,313.0,1455.0,746.0,23.0,11.0,4.0,7.0,7.0,372.0,85.0,2698,se SWE,"DF,MF",de Bundesliga,23-327,2002.0,15,1134,76,84.0,12.6,12,90.0,11,3,20.0,0,2.13,21,9,12,0.95,0.12,19.0,12.1,6.9,0.55,2142,se SWE,"DF,MF",de Bundesliga,23-327,2002.0,12.6,0,0,0,16,10,1,56,7,11,0.0,0.0,0,35.0,9.0,11.0,45.0,,,,,,,,,,,,,,,,,,,,,,,,,,,,,,,,,,,,,,,,,,,,,,,,,,,,,,Midfielder,0.07936507936507936,0.07936507936507936,0.0634920634920635,0.08730158730158731,1.8253968253968254,2.9365079365079367,6.746031746031746,1.0317460317460319,1.4285714285714286,0.5555555555555556,0.9523809523809524,24.841269841269842,-3.322515428571429,4.761904761904762,0.19999999999999996,0.26872246696035246,66.26180836707152,14.4,57.92116116002755
2144,Williot Swedberg,se SWE,"FW,MF",Celta Vigo,es La Liga,21.0,2004.0,11,6,471,5.2,3,0,3,3,0,0,1,0,2.2,2.2,0.1,2.3,9.0,10.0,31.0,0.57,0.44,2144,se SWE,"FW,MF",es La Liga,21-338,2004.0,5.2,3,8,4,50.0,1.53,0.76,0.38,0.75,11.1,0.0,0,0,2.2,2.2,0.28,0.8,0.8,2144,se SWE,"FW,MF",es La Liga,21-338,2004.0,5.2,72.0,97.0,74.2,1077.0,210.0,0,0.1,0.2,-0.1,1.0,5.0,4.0,0.0,10.0,2144,se SWE,"FW,MF",es La Liga,21-338,2004.0,5.2,97.0,95.0,2.0,0.0,2.0,0.0,4,2.0,0.0,0.0,0.0,0.0,72.0,0.0,4.0,2144,se SWE,"FW,MF",es La Liga,21-338,2004.0,5.2,5.0,0.96,2.0,0.0,2.0,0.0,1.0,0.0,1.0,0.19,2144,se SWE,"FW,MF",es La Liga,21-338,2004.0,5.2,11.0,10,2.0,4.0,5.0,11.0,36.4,7.0,3.0,1.0,2.0,1,12.0,4.0,0.0,2144,se SWE,"FW,MF",es La Liga,21-338,2004.0,5.2,151.0,6.0,22.0,57.0,73.0,21.0,151.0,12.0,4.0,33.3,6.0,50.0,90.0,510.0,251.0,9.0,3.0,6.0,11.0,8.0,112.0,31.0,2701,se SWE,"FW,MF",es La Liga,21-338,2004.0,11,471,43,29.1,5.2,6,57.0,0,5,26.0,1,1.27,5,6,-1,-0.19,-0.58,6.2,6.2,0.0,0.0,2144,se SWE,"FW,MF",es La Liga,21-338,2004.0,5.2,1,0,0,14,14,5,4,1,10,0.0,0.0,0,9.0,0.0,6.0,0.0,,,,,,,,,,,,,,,,,,,,,,,,,,,,,,,,,,,,,,,,,,,,,,,,,,,,,,Forward,0.5769230769230769,0.0,0.4230769230769231,0.019230769230769232,1.7307692307692306,1.923076923076923,5.961538461538462,0.1923076923076923,2.1153846153846154,0.1923076923076923,0.7692307692307692,17.307692307692307,-7.777764692307692,3.6538461538461537,0.7999999999999998,0.6357615894039735,72.12543554006969,17.2,61.54047401029836
2145,Lamine Sy,mr MTN,DF,Auxerre,fr Ligue 1,23.0,2002.0,9,5,491,5.5,0,0,0,0,0,0,0,0,0.1,0.1,1.1,1.1,19.0,28.0,35.0,0.0,0.21,2145,mr MTN,DF,fr Ligue 1,23-148,2002.0,5.5,0,2,0,0.0,0.37,0.0,0.0,,15.8,0.0,0,0,0.1,0.1,0.04,-0.1,-0.1,2145,mr MTN,DF,fr Ligue 1,23-148,2002.0,5.5,190.0,242.0,78.5,3068.0,932.0,0,1.1,0.5,-1.1,7.0,12.0,5.0,2.0,28.0,2145,mr MTN,DF,fr Ligue 1,23-148,2002.0,5.5,242.0,202.0,40.0,2.0,0.0,0.0,15,38.0,0.0,0.0,0.0,0.0,190.0,0.0,10.0,2145,mr MTN,DF,fr Ligue 1,23-148,2002.0,5.5,17.0,3.12,12.0,1.0,2.0,0.0,2.0,0.0,1.0,0.18,2145,mr MTN,DF,fr Ligue 1,23-148,2002.0,5.5,16.0,9,12.0,3.0,1.0,12.0,66.7,4.0,10.0,6.0,4.0,9,25.0,15.0,0.0,2145,mr MTN,DF,fr Ligue 1,23-148,2002.0,5.5,308.0,10.0,105.0,109.0,99.0,7.0,308.0,11.0,6.0,54.5,5.0,45.5,154.0,1073.0,627.0,19.0,20.0,4.0,11.0,3.0,168.0,35.0,2704,mr MTN,DF,fr Ligue 1,23-148,2002.0,9,491,55,32.1,5.5,5,90.0,5,4,10.0,8,0.56,7,11,-4,-0.73,0.05,9.1,8.0,1.2,0.22,2145,mr MTN,DF,fr Ligue 1,23-148,2002.0,5.5,0,0,0,5,7,1,15,9,9,1.0,0.0,0,23.0,3.0,1.0,75.0,,,,,,,,,,,,,,,,,,,,,,,,,,,,,,,,,,,,,,,,,,,,,,,,,,,,,,Defender,0.0,0.0,0.018181818181818184,0.2,3.4545454545454546,5.090909090909091,6.363636363636363,1.2727272727272727,2.909090909090909,1.6363636363636365,0.9090909090909091,28.0,0.9836545454545487,8.545454545454545,-0.1,1.0129870129870129,93.52014010507881,24.0,75.41946782667645
2155,Chemsdine Talbi,ma MAR,"FW,MF",Sunderland,eng Premier League,20.0,2005.0,16,9,886,9.8,2,1,3,2,0,0,0,0,1.2,1.2,0.3,1.5,24.0,10.0,55.0,0.3,0.15,2155,ma MAR,"FW,MF",eng Premier League,20-241,2005.0,9.8,2,13,4,30.8,1.32,0.41,0.15,0.5,17.1,0.0,0,0,1.2,1.2,0.09,0.8,0.8,2155,ma MAR,"FW,MF",eng Premier League,20-241,2005.0,9.8,197.0,262.0,75.2,2997.0,491.0,1,0.3,0.5,0.7,7.0,6.0,5.0,2.0,10.0,2155,ma MAR,"FW,MF",eng Premier League,20-241,2005.0,9.8,262.0,254.0,7.0,0.0,0.0,2.0,30,6.0,1.0,0.0,1.0,0.0,197.0,1.0,10.0,2155,ma MAR,"FW,MF",eng Premier League,20-241,2005.0,9.8,16.0,1.63,12.0,1.0,0.0,3.0,0.0,0.0,2.0,0.2,2155,ma MAR,"FW,MF",eng Premier League,20-241,2005.0,9.8,7.0,3,4.0,0.0,3.0,12.0,25.0,9.0,5.0,0.0,5.0,1,8.0,11.0,2.0,2155,ma MAR,"FW,MF",eng Premier League,20-241,2005.0,9.8,334.0,12.0,58.0,116.0,170.0,27.0,334.0,14.0,9.0,64.3,5.0,35.7,216.0,1294.0,713.0,24.0,13.0,6.0,19.0,4.0,235.0,55.0,2716,ma MAR,"FW,MF",eng Premier League,20-241,2005.0,16,886,55,49.2,9.8,9,78.0,1,7,26.0,0,1.63,12,8,4,0.41,0.6,6.5,13.4,-6.9,-0.7,2155,ma MAR,"FW,MF",eng Premier League,20-241,2005.0,9.8,0,0,0,2,0,0,30,1,3,0.0,0.0,0,35.0,0.0,8.0,0.0,,,,,,,,,,,,,,,,,,,,,,,,,,,,,,,,,,,,,,,,,,,,,,,,,,,,,,Forward,0.2040816326530612,0.1020408163265306,0.12244897959183672,0.03061224489795918,2.4489795918367343,1.0204081632653061,5.612244897959183,0.7142857142857142,0.7142857142857142,0.1020408163265306,0.5102040816326531,22.04081632653061,-6.447055224489798,3.4693877551020407,0.8,0.4880239520958084,80.8362369337979,40.3,57.61670487084668
2162,César Tárrega,es ESP,DF,Valencia,es La Liga,23.0,2002.0,17,16,1465,16.3,0,0,0,0,0,0,5,0,0.2,0.2,0.1,0.3,7.0,34.0,1.0,0.0,0.02,2162,es ESP,DF,es La Liga,23-313,2002.0,16.3,0,5,1,20.0,0.31,0.06,0.0,0.0,13.6,0.0,0,0,0.2,0.2,0.04,-0.2,-0.2,2162,es ESP,DF,es La Liga,23-313,2002.0,16.3,747.0,865.0,86.4,13914.0,4723.0,0,0.1,0.1,-0.1,2.0,31.0,1.0,0.0,34.0,2162,es ESP,DF,es La Liga,23-313,2002.0,16.3,865.0,805.0,56.0,29.0,0.0,3.0,0,2.0,0.0,0.0,0.0,0.0,747.0,4.0,5.0,2162,es ESP,DF,es La Liga,23-313,2002.0,16.3,9.0,0.55,5.0,0.0,1.0,2.0,0.0,1.0,0.0,0.0,2162,es ESP,DF,es La Liga,23-313,2002.0,16.3,25.0,13,15.0,7.0,3.0,16.0,81.3,3.0,22.0,15.0,7.0,17,42.0,107.0,1.0,2162,es ESP,DF,es La Liga,23-313,2002.0,16.3,1073.0,176.0,606.0,443.0,28.0,7.0,1073.0,9.0,6.0,66.7,1.0,11.1,547.0,2773.0,1534.0,7.0,4.0,0.0,8.0,2.0,673.0,1.0,2724,es ESP,DF,es La Liga,23-313,2002.0,17,1465,86,90.4,16.3,16,90.0,16,1,25.0,0,0.94,16,26,-10,-0.61,1.13,17.5,21.9,-4.4,-0.27,2162,es ESP,DF,es La Liga,23-313,2002.0,16.3,5,0,0,21,5,0,0,17,13,0.0,1.0,1,55.0,28.0,26.0,51.9,,,,,,,,,,,,,,,,,,,,,,,,,,,,,,,,,,,,,,,,,,,,,,,,,,,,,,Defender,0.0,0.0,0.012269938650306749,0.006134969325153374,0.42944785276073616,2.085889570552147,0.06134969325153374,0.12269938650306748,1.5337423312883436,1.0429447852760736,0.06134969325153374,33.558282208588956,-6.68508834355828,2.515337423312883,-0.2,0.051258154706430574,35.72679509632224,1.4,35.23352573601799
2163,Tylel Tati,fr FRA,DF,Nantes,fr Ligue 1,17.0,2008.0,16,16,1413,15.7,0,0,0,0,0,0,4,0,0.1,0.1,0.0,0.1,10.0,27.0,0.0,0.0,0.01,2163,fr FRA,DF,fr Ligue 1,17-351,2008.0,15.7,0,2,0,0.0,0.13,0.0,0.0,,22.8,0.0,0,0,0.1,0.1,0.04,-0.1,-0.1,2163,fr FRA,DF,fr Ligue 1,17-351,2008.0,15.7,673.0,765.0,88.0,13021.0,3004.0,0,0.0,0.1,0.0,1.0,18.0,1.0,0.0,27.0,2163,fr FRA,DF,fr Ligue 1,17-351,2008.0,15.7,765.0,727.0,38.0,29.0,0.0,1.0,1,0.0,0.0,0.0,0.0,0.0,673.0,0.0,7.0,2163,fr FRA,DF,fr Ligue 1,17-351,2008.0,15.7,11.0,0.7,10.0,0.0,0.0,0.0,0.0,1.0,0.0,0.0,2163,fr FRA,DF,fr Ligue 1,17-351,2008.0,15.7,15.0,8,14.0,1.0,0.0,12.0,75.0,3.0,20.0,14.0,6.0,15,30.0,71.0,3.0,2163,fr FRA,DF,fr Ligue 1,17-351,2008.0,15.7,912.0,163.0,544.0,359.0,14.0,4.0,912.0,7.0,5.0,71.4,2.0,28.6,624.0,3078.0,1772.0,10.0,3.0,0.0,5.0,2.0,650.0,0.0,2725,fr FRA,DF,fr Ligue 1,17-351,2008.0,16,1413,88,92.4,15.7,16,88.0,14,0,,0,0.81,15,28,-13,-0.83,-1.6,15.3,26.5,-11.2,-0.71,2163,fr FRA,DF,fr Ligue 1,17-351,2008.0,15.7,4,0,0,18,11,0,1,15,8,0.0,2.0,0,44.0,9.0,12.0,42.9,,,,,,,,,,,,,,,,,,,,,,,,,,,,,,,,,,,,,,,,,,,,,,,,,,,,,,Defender,0.0,0.0,0.006369426751592357,0.0,0.6369426751592357,1.7197452229299364,0.0,0.06369426751592357,0.9554140127388535,0.9554140127388535,0.06369426751592357,39.745222929936304,-5.061664968152865,2.356687898089172,-0.1,0.07675438596491228,52.53940455341506,7.2,49.010638575946885
2166,Loum Tchaouna,fr FRA,"MF,FW",Burnley,eng Premier League,22.0,2003.0,16,9,759,8.4,1,0,1,1,0,0,1,0,0.8,0.8,0.3,1.1,13.0,18.0,31.0,0.12,0.13,2166,fr FRA,"MF,FW",eng Premier League,22-119,2003.0,8.4,1,15,5,33.3,1.78,0.59,0.07,0.2,21.5,2.0,0,0,0.8,0.8,0.05,0.2,0.2,2166,fr FRA,"MF,FW",eng Premier League,22-119,2003.0,8.4,146.0,212.0,68.9,2077.0,580.0,0,0.3,0.4,-0.3,3.0,11.0,10.0,2.0,18.0,2166,fr FRA,"MF,FW",eng Premier League,22-119,2003.0,8.4,212.0,208.0,4.0,0.0,1.0,2.0,12,0.0,1.0,0.0,0.0,0.0,146.0,0.0,7.0,2166,fr FRA,"MF,FW",eng Premier League,22-119,2003.0,8.4,14.0,1.66,9.0,0.0,0.0,4.0,1.0,0.0,3.0,0.36,2166,fr FRA,"MF,FW",eng Premier League,22-119,2003.0,8.4,13.0,7,3.0,8.0,2.0,14.0,35.7,9.0,9.0,1.0,8.0,2,15.0,9.0,2.0,2166,fr FRA,"MF,FW",eng Premier League,22-119,2003.0,8.4,302.0,9.0,40.0,125.0,139.0,18.0,302.0,15.0,3.0,20.0,10.0,66.7,143.0,761.0,317.0,13.0,12.0,5.0,17.0,8.0,184.0,31.0,2728,fr FRA,"MF,FW",eng Premier League,22-119,2003.0,16,759,47,42.2,8.4,9,66.0,0,7,24.0,4,0.5,8,11,-3,-0.36,1.03,5.1,13.6,-8.5,-1.01,2166,fr FRA,"MF,FW",eng Premier League,22-119,2003.0,8.4,1,0,0,4,10,1,12,2,7,0.0,0.0,0,19.0,12.0,15.0,44.4,,,,,,,,,,,,,,,,,,,,,,,,,,,,,,,,,,,,,,,,,,,,,,,,,,,,,,Forward,0.11904761904761904,0.0,0.09523809523809523,0.03571428571428571,1.5476190476190474,2.142857142857143,3.6904761904761902,0.35714285714285715,1.5476190476190474,0.23809523809523808,1.1904761904761905,17.023809523809522,-9.728493047619047,3.6904761904761902,0.19999999999999996,0.5496688741721854,54.181184668989545,7.9,50.21425826597733
2167,Jackson Tchatchoua,cm CMR,"DF,MF",Wolves,eng Premier League,24.0,2001.0,19,9,1020,11.3,0,0,0,0,0,0,2,0,0.3,0.3,1.3,1.6,19.0,15.0,61.0,0.0,0.14,2167,cm CMR,"DF,MF",eng Premier League,24-113,2001.0,11.3,0,1,0,0.0,0.09,0.0,0.0,,18.1,0.0,0,0,0.3,0.3,0.26,-0.3,-0.3,2167,cm CMR,"DF,MF",eng Premier League,24-113,2001.0,11.3,304.0,429.0,70.9,5045.0,1549.0,0,1.3,1.0,-1.3,12.0,14.0,14.0,12.0,15.0,2167,cm CMR,"DF,MF",eng Premier League,24-113,2001.0,11.3,429.0,362.0,67.0,0.0,0.0,0.0,50,67.0,0.0,0.0,0.0,0.0,304.0,0.0,13.0,2167,cm CMR,"DF,MF",eng Premier League,24-113,2001.0,11.3,16.0,1.41,15.0,0.0,1.0,0.0,0.0,0.0,0.0,0.0,2167,cm CMR,"DF,MF",eng Premier League,24-113,2001.0,11.3,19.0,7,13.0,5.0,1.0,22.0,63.6,8.0,13.0,6.0,7.0,9,28.0,38.0,2.0,2167,cm CMR,"DF,MF",eng Premier League,24-113,2001.0,11.3,550.0,47.0,150.0,236.0,167.0,13.0,550.0,10.0,3.0,30.0,7.0,70.0,235.0,1209.0,562.0,19.0,17.0,3.0,21.0,4.0,300.0,61.0,2729,cm CMR,"DF,MF",eng Premier League,24-113,2001.0,19,1020,54,56.7,11.3,9,86.0,7,10,25.0,0,0.32,9,22,-13,-1.15,0.35,11.5,13.5,-2.0,-0.18,2167,cm CMR,"DF,MF",eng Premier League,24-113,2001.0,11.3,2,0,0,4,3,1,50,9,7,0.0,0.0,0,40.0,18.0,14.0,56.3,,,,,,,,,,,,,,,,,,,,,,,,,,,,,,,,,,,,,,,,,,,,,,,,,,,,,,Midfielder,0.0,0.0,0.026548672566371678,0.11504424778761062,1.6814159292035398,1.327433628318584,5.398230088495575,1.0619469026548671,1.6814159292035398,0.7964601769911503,1.238938053097345,20.79646017699115,-5.592308991150443,3.0088495575221237,-0.3,0.25636363636363635,45.883940620782724,4.8,43.78238608853314
2169,Mathys Tel,fr FRA,FW,Tottenham,eng Premier League,20.0,2005.0,13,4,380,4.2,2,0,2,2,0,0,0,0,0.5,0.5,0.0,0.6,11.0,5.0,23.0,0.47,0.14,2169,fr FRA,FW,eng Premier League,20-253,2005.0,4.2,2,8,3,37.5,1.89,0.71,0.25,0.67,18.9,0.0,0,0,0.5,0.5,0.07,1.5,1.5,2169,fr FRA,FW,eng Premier League,20-253,2005.0,4.2,65.0,95.0,68.4,1195.0,379.0,0,0.0,0.4,0.0,1.0,6.0,1.0,1.0,5.0,2169,fr FRA,FW,eng Premier League,20-253,2005.0,4.2,95.0,86.0,9.0,0.0,0.0,1.0,13,2.0,7.0,6.0,1.0,0.0,65.0,0.0,4.0,2169,fr FRA,FW,eng Premier League,20-253,2005.0,4.2,7.0,1.66,5.0,2.0,0.0,0.0,0.0,0.0,2.0,0.47,2169,fr FRA,FW,eng Premier League,20-253,2005.0,4.2,6.0,2,3.0,2.0,1.0,6.0,50.0,3.0,2.0,0.0,2.0,0,6.0,5.0,0.0,2169,fr FRA,FW,eng Premier League,20-253,2005.0,4.2,138.0,3.0,18.0,54.0,68.0,14.0,138.0,9.0,4.0,44.4,5.0,55.6,82.0,600.0,234.0,11.0,4.0,7.0,12.0,4.0,91.0,23.0,2732,fr FRA,FW,eng Premier League,20-253,2005.0,13,380,29,21.1,4.2,4,74.0,0,9,9.0,7,1.31,12,5,7,1.66,1.85,4.2,3.7,0.5,0.11,2169,fr FRA,FW,eng Premier League,20-253,2005.0,4.2,0,0,0,5,3,2,13,0,2,0.0,0.0,0,20.0,5.0,15.0,25.0,,,,,,,,,,,,,,,,,,,,,,,,,,,,,,,,,,,,,,,,,,,,,,,,,,,,,,Forward,0.47619047619047616,0.0,0.11904761904761904,0.0,2.619047619047619,1.1904761904761905,5.476190476190476,0.23809523809523808,1.4285714285714286,0.0,0.23809523809523808,19.523809523809522,-6.338283571428573,3.8095238095238093,1.5,1.2028985507246377,81.01045296167247,35.1,59.96332565630827
2172,Arnau Tenas,es ESP,GK,Villarreal,es La Liga,24.0,2001.0,3,3,270,3.0,0,0,0,0,0,0,0,0,0.0,0.0,0.0,0.0,0.0,0.0,0.0,0.0,0.0,2172,es ESP,GK,es La Liga,24-220,2001.0,3.0,0,0,0,,0.0,0.0,,,,0.0,0,0,0.0,0.0,,0.0,0.0,2172,es ESP,GK,es La Liga,24-220,2001.0,3.0,47.0,90.0,52.2,1319.0,979.0,0,0.0,0.0,0.0,0.0,2.0,0.0,0.0,0.0,2172,es ESP,GK,es La Liga,24-220,2001.0,3.0,90.0,59.0,31.0,5.0,0.0,0.0,0,0.0,0.0,0.0,0.0,0.0,47.0,0.0,0.0,2172,es ESP,GK,es La Liga,24-220,2001.0,3.0,0.0,0.0,0.0,0.0,0.0,0.0,0.0,0.0,0.0,0.0,2172,es ESP,GK,es La Liga,24-220,2001.0,3.0,1.0,1,1.0,0.0,0.0,1.0,100.0,0.0,0.0,0.0,0.0,0,1.0,2.0,0.0,2172,es ESP,GK,es La Liga,24-220,2001.0,3.0,100.0,78.0,100.0,0.0,0.0,0.0,100.0,0.0,0.0,,0.0,,46.0,217.0,150.0,0.0,0.0,0.0,0.0,0.0,42.0,0.0,2735,es ESP,GK,es La Liga,24-220,2001.0,3,270,90,17.6,3.0,3,90.0,3,0,,12,1.33,5,6,-1,-0.33,-1.69,3.6,5.6,-2.0,-0.66,2172,es ESP,GK,es La Liga,24-220,2001.0,3.0,0,0,0,0,0,0,0,0,1,0.0,0.0,0,3.0,0.0,0.0,50.0,136.0,es ESP,GK,es La Liga,24-220,2001.0,3.0,3.0,270.0,3.0,6.0,2.0,12.0,6.0,58.3,1.0,1.0,1.0,0.0,0.0,1.0,1.0,0.0,0.0,136.0,es ESP,GK,es La Liga,24-220,2001.0,3.0,6.0,1.0,0.0,0.0,0.0,4.3,0.29,-1.7,-0.58,10.0,50.0,20.0,64.0,6.0,46.9,37.8,52.0,3.0,5.8,4.0,1.33,12.3,Goalkeeper,0.0,0.0,0.0,0.0,0.0,0.0,0.0,0.0,0.3333333333333333,0.0,0.0,15.333333333333334,-12.0,0.0,0.0,0.0,85.03937007874016,14.0,74.59593866556155
2173,Filippo Terracciano,it ITA,DF,Cremonese,it Serie A,22.0,2003.0,17,17,1519,16.9,2,0,2,2,0,0,3,0,2.0,2.0,0.2,2.1,9.0,51.0,11.0,0.12,0.13,2173,it ITA,DF,it Serie A,22-331,2003.0,16.9,2,13,4,30.8,0.77,0.24,0.15,0.5,13.4,0.0,0,0,2.0,2.0,0.15,0.0,0.0,2173,it ITA,DF,it Serie A,22-331,2003.0,16.9,798.0,958.0,83.3,14497.0,5179.0,0,0.2,0.3,-0.2,5.0,53.0,1.0,0.0,51.0,2173,it ITA,DF,it Serie A,22-331,2003.0,16.9,958.0,811.0,143.0,42.0,1.0,11.0,15,101.0,0.0,0.0,0.0,0.0,798.0,4.0,10.0,2173,it ITA,DF,it Serie A,22-331,2003.0,16.9,14.0,0.83,10.0,1.0,0.0,3.0,0.0,0.0,0.0,0.0,2173,it ITA,DF,it Serie A,22-331,2003.0,16.9,11.0,8,8.0,3.0,0.0,13.0,46.2,7.0,24.0,14.0,10.0,30,41.0,68.0,4.0,2173,it ITA,DF,it Serie A,22-331,2003.0,16.9,1127.0,121.0,484.0,542.0,109.0,12.0,1127.0,6.0,4.0,66.7,2.0,33.3,555.0,2191.0,978.0,9.0,5.0,1.0,11.0,1.0,626.0,11.0,2737,it ITA,DF,it Serie A,22-331,2003.0,17,1519,89,93.8,16.9,17,89.0,15,0,,0,1.24,16,17,-1,-0.06,1.72,15.9,24.1,-8.2,-0.48,2173,it ITA,DF,it Serie A,22-331,2003.0,16.9,3,0,0,6,14,0,15,30,8,0.0,0.0,0,75.0,26.0,13.0,66.7,,,,,,,,,,,,,,,,,,,,,,,,,,,,,,,,,,,,,,,,,,,,,,,,,,,,,,Defender,0.1183431952662722,0.0,0.1183431952662722,0.01183431952662722,0.5325443786982249,3.017751479289941,0.6508875739644971,0.2958579881656805,0.6508875739644971,1.775147928994083,0.0591715976331361,32.84023668639053,-6.588336094674553,3.550295857988166,0.0,0.07364685004436557,37.828371278458846,1.7,37.19603862188677
2177,Tanner Tessmann,us USA,"MF,DF",Lyon,fr Ligue 1,24.0,2001.0,15,12,1063,11.8,1,0,1,1,0,0,0,0,1.0,1.0,1.5,2.5,8.0,61.0,18.0,0.08,0.21,2177,us USA,"MF,DF",fr Ligue 1,24-103,2001.0,11.8,1,16,5,31.3,1.35,0.42,0.06,0.2,19.9,0.0,0,0,1.0,1.0,0.06,0.0,0.0,2177,us USA,"MF,DF",fr Ligue 1,24-103,2001.0,11.8,555.0,647.0,85.8,10115.0,2817.0,0,1.5,0.8,-1.5,9.0,64.0,4.0,2.0,61.0,2177,us USA,"MF,DF",fr Ligue 1,24-103,2001.0,11.8,647.0,629.0,17.0,10.0,2.0,11.0,7,7.0,0.0,0.0,0.0,0.0,555.0,1.0,8.0,2177,us USA,"MF,DF",fr Ligue 1,24-103,2001.0,11.8,21.0,1.78,18.0,0.0,1.0,2.0,0.0,0.0,3.0,0.25,2177,us USA,"MF,DF",fr Ligue 1,24-103,2001.0,11.8,17.0,12,5.0,8.0,4.0,14.0,42.9,8.0,17.0,8.0,9.0,11,28.0,32.0,1.0,2177,us USA,"MF,DF",fr Ligue 1,24-103,2001.0,11.8,784.0,53.0,215.0,448.0,130.0,27.0,784.0,11.0,4.0,36.4,6.0,54.5,465.0,2385.0,1115.0,8.0,11.0,1.0,15.0,8.0,559.0,18.0,2741,us USA,"MF,DF",fr Ligue 1,24-103,2001.0,15,1063,71,69.5,11.8,12,83.0,8,3,21.0,0,1.8,18,10,8,0.68,0.68,18.4,13.3,5.1,0.43,2177,us USA,"MF,DF",fr Ligue 1,24-103,2001.0,11.8,0,0,0,10,11,2,7,11,12,0.0,0.0,0,62.0,9.0,11.0,45.0,,,,,,,,,,,,,,,,,,,,,,,,,,,,,,,,,,,,,,,,,,,,,,,,,,,,,,Midfielder,0.0847457627118644,0.0,0.0847457627118644,0.1271186440677966,0.6779661016949152,5.169491525423728,1.5254237288135593,0.7627118644067796,1.4406779661016949,0.9322033898305084,0.3389830508474576,39.40677966101695,-2.1296369322033906,5.847457627118644,0.0,0.22704081632653061,77.59784075573549,21.9,63.65696534514806
2182,Thiago,br BRA,FW,Brentford,eng Premier League,24.0,2001.0,20,19,1671,18.6,14,1,15,9,5,6,3,0,11.1,6.3,2.3,8.7,13.0,20.0,72.0,0.54,0.72,2182,br BRA,FW,eng Premier League,24-193,2001.0,18.6,14,38,20,52.6,2.05,1.08,0.24,0.45,14.3,0.0,5,6,11.1,6.3,0.17,2.9,2.7,2182,br BRA,FW,eng Premier League,24-193,2001.0,18.6,231.0,329.0,70.2,3206.0,668.0,1,2.3,0.7,-1.3,9.0,18.0,8.0,2.0,20.0,2182,br BRA,FW,eng Premier League,24-193,2001.0,18.6,329.0,317.0,12.0,0.0,2.0,0.0,6,0.0,0.0,0.0,0.0,0.0,231.0,0.0,5.0,2182,br BRA,FW,eng Premier League,24-193,2001.0,18.6,32.0,1.72,24.0,0.0,3.0,5.0,0.0,0.0,6.0,0.32,2182,br BRA,FW,eng Premier League,24-193,2001.0,18.6,18.0,9,2.0,11.0,5.0,13.0,53.8,6.0,13.0,2.0,11.0,4,22.0,35.0,1.0,2182,br BRA,FW,eng Premier League,24-193,2001.0,18.6,566.0,38.0,79.0,269.0,224.0,71.0,560.0,30.0,15.0,50.0,14.0,46.7,251.0,1170.0,383.0,13.0,10.0,11.0,51.0,24.0,360.0,72.0,2746,br BRA,FW,eng Premier League,24-193,2001.0,20,1671,84,92.8,18.6,19,86.0,13,1,31.0,0,1.5,29,26,3,0.16,-0.54,28.8,25.0,3.7,0.2,2182,br BRA,FW,eng Premier League,24-193,2001.0,18.6,3,0,0,33,12,14,6,4,9,0.0,0.0,0,36.0,52.0,82.0,38.8,,,,,,,,,,,,,,,,,,,,,,,,,,,,,,,,,,,,,,,,,,,,,,,,,,,,,,Forward,0.7526881720430108,0.05376344086021505,0.596774193548387,0.12365591397849461,0.6989247311827956,1.075268817204301,3.8709677419354835,0.48387096774193544,0.9677419354838709,0.2150537634408602,0.4301075268817204,13.494623655913978,-11.695614021505376,1.7741935483870965,2.9000000000000004,0.303886925795053,35.01742160278746,2.5,34.163338149060934
2183,Malick Thiaw,de GER,DF,Newcastle Utd,eng Premier League,24.0,2001.0,17,16,1443,16.0,3,0,3,3,0,0,2,0,1.8,1.8,0.3,2.1,15.0,68.0,15.0,0.19,0.13,2183,de GER,DF,eng Premier League,24-150,2001.0,16.0,3,14,5,35.7,0.87,0.31,0.21,0.6,10.1,0.0,0,0,1.8,1.8,0.13,1.2,1.2,2183,de GER,DF,eng Premier League,24-150,2001.0,16.0,747.0,846.0,88.3,14645.0,5219.0,0,0.3,0.4,-0.3,2.0,57.0,3.0,0.0,68.0,2183,de GER,DF,eng Premier League,24-150,2001.0,16.0,846.0,829.0,15.0,13.0,0.0,4.0,7,2.0,0.0,0.0,0.0,0.0,747.0,2.0,5.0,2183,de GER,DF,eng Premier League,24-150,2001.0,16.0,9.0,0.56,7.0,0.0,0.0,2.0,0.0,0.0,1.0,0.06,2183,de GER,DF,eng Premier League,24-150,2001.0,16.0,22.0,16,12.0,8.0,2.0,10.0,70.0,3.0,18.0,14.0,4.0,18,40.0,109.0,1.0,2183,de GER,DF,eng Premier League,24-150,2001.0,16.0,1036.0,129.0,452.0,520.0,68.0,22.0,1036.0,3.0,2.0,66.7,0.0,0.0,611.0,3024.0,1858.0,15.0,11.0,0.0,4.0,2.0,674.0,15.0,2748,de GER,DF,eng Premier League,24-150,2001.0,17,1443,85,80.2,16.0,16,90.0,15,1,10.0,3,1.41,26,22,4,0.25,0.25,24.4,19.6,4.9,0.3,2183,de GER,DF,eng Premier League,24-150,2001.0,16.0,2,0,0,9,2,0,7,18,16,0.0,0.0,0,67.0,61.0,24.0,71.8,,,,,,,,,,,,,,,,,,,,,,,,,,,,,,,,,,,,,,,,,,,,,,,,,,,,,,Defender,0.1875,0.0,0.1125,0.01875,0.9375,4.25,0.9375,0.125,1.375,1.125,0.1875,38.1875,-3.156543749999999,5.1875,1.2,0.05405405405405406,72.67950963222417,21.0,60.06571043985468
2184,Jan Thielmann,de GER,"MF,FW",Köln,de Bundesliga,23.0,2002.0,12,12,844,9.4,2,1,3,2,0,0,2,0,1.6,1.6,0.6,2.2,12.0,19.0,31.0,0.32,0.23,2184,de GER,"MF,FW",de Bundesliga,23-224,2002.0,9.4,2,18,8,44.4,1.92,0.85,0.11,0.25,15.2,0.0,0,0,1.6,1.6,0.09,0.4,0.4,2184,de GER,"MF,FW",de Bundesliga,23-224,2002.0,9.4,175.0,233.0,75.1,3238.0,800.0,1,0.6,0.5,0.4,7.0,15.0,6.0,4.0,19.0,2184,de GER,"MF,FW",de Bundesliga,23-224,2002.0,9.4,233.0,207.0,25.0,4.0,0.0,4.0,17,18.0,0.0,0.0,0.0,0.0,175.0,1.0,11.0,2184,de GER,"MF,FW",de Bundesliga,23-224,2002.0,9.4,22.0,2.35,16.0,1.0,0.0,2.0,3.0,0.0,4.0,0.43,2184,de GER,"MF,FW",de Bundesliga,23-224,2002.0,9.4,11.0,9,8.0,2.0,1.0,11.0,45.5,6.0,9.0,2.0,7.0,8,19.0,18.0,0.0,2184,de GER,"MF,FW",de Bundesliga,23-224,2002.0,9.4,321.0,24.0,78.0,147.0,100.0,24.0,321.0,8.0,2.0,25.0,6.0,75.0,193.0,1069.0,452.0,12.0,15.0,4.0,9.0,11.0,202.0,31.0,2749,de GER,"MF,FW",de Bundesliga,23-224,2002.0,12,844,70,62.5,9.4,12,70.0,3,0,,0,1.08,10,14,-4,-0.43,-0.78,10.1,13.6,-3.5,-0.38,2184,de GER,"MF,FW",de Bundesliga,23-224,2002.0,9.4,2,0,0,7,18,4,17,8,9,0.0,0.0,0,29.0,10.0,12.0,45.5,,,,,,,,,,,,,,,,,,,,,,,,,,,,,,,,,,,,,,,,,,,,,,,,,,,,,,Forward,0.2127659574468085,0.10638297872340426,0.1702127659574468,0.06382978723404255,1.276595744680851,2.021276595744681,3.2978723404255317,0.7446808510638298,1.1702127659574468,0.851063829787234,0.6382978723404255,20.53191489361702,-11.080092574468086,3.2978723404255317,0.3999999999999999,0.7320872274143303,42.1602787456446,2.8,41.01194430510175
2188,Khéphren Thuram,fr FRA,MF,Juventus,it Serie A,24.0,2001.0,17,15,1241,13.8,1,1,2,1,0,0,0,0,1.3,1.3,0.4,1.7,43.0,74.0,22.0,0.15,0.13,2188,fr FRA,MF,it Serie A,24-285,2001.0,13.8,1,24,8,33.3,1.74,0.58,0.04,0.13,18.6,0.0,0,0,1.3,1.3,0.05,-0.3,-0.3,2188,fr FRA,MF,it Serie A,24-285,2001.0,13.8,666.0,769.0,86.6,10855.0,2498.0,1,0.4,1.2,0.6,9.0,65.0,16.0,2.0,74.0,2188,fr FRA,MF,it Serie A,24-285,2001.0,13.8,769.0,749.0,18.0,12.0,7.0,1.0,8,4.0,0.0,0.0,0.0,0.0,666.0,2.0,17.0,2188,fr FRA,MF,it Serie A,24-285,2001.0,13.8,30.0,2.18,26.0,0.0,0.0,3.0,1.0,0.0,2.0,0.15,2188,fr FRA,MF,it Serie A,24-285,2001.0,13.8,32.0,13,9.0,14.0,9.0,22.0,72.7,6.0,11.0,3.0,8.0,7,39.0,16.0,0.0,2188,fr FRA,MF,it Serie A,24-285,2001.0,13.8,918.0,24.0,168.0,529.0,238.0,29.0,918.0,18.0,11.0,61.1,6.0,33.3,568.0,3324.0,1954.0,43.0,45.0,4.0,17.0,7.0,683.0,22.0,2753,fr FRA,MF,it Serie A,24-285,2001.0,17,1241,73,76.6,13.8,15,80.0,8,2,24.0,0,1.76,20,13,7,0.51,0.27,19.9,12.2,7.7,0.56,2188,fr FRA,MF,it Serie A,24-285,2001.0,13.8,0,0,0,23,9,0,8,7,13,0.0,0.0,0,65.0,19.0,20.0,48.7,,,,,,,,,,,,,,,,,,,,,,,,,,,,,,,,,,,,,,,,,,,,,,,,,,,,,,Midfielder,0.07246376811594203,0.07246376811594203,0.09420289855072464,0.028985507246376812,3.115942028985507,5.36231884057971,1.5942028985507246,0.6521739130434783,2.318840579710145,0.5072463768115941,1.1594202898550725,41.15942028985507,-0.08944404347826129,8.478260869565217,-0.30000000000000004,0.23747276688453162,90.2834008097166,52.8,59.085995294317144
2193,Malik Tillman,us USA,MF,Leverkusen,de Bundesliga,23.0,2002.0,11,10,811,9.0,3,1,4,3,0,0,1,0,2.3,2.3,1.7,4.0,19.0,31.0,40.0,0.44,0.44,2193,us USA,MF,de Bundesliga,23-222,2002.0,9.0,3,18,4,22.2,2.0,0.44,0.17,0.75,16.6,0.0,0,0,2.3,2.3,0.13,0.7,0.7,2193,us USA,MF,de Bundesliga,23-222,2002.0,9.0,368.0,433.0,85.0,5066.0,661.0,1,1.7,1.2,-0.7,14.0,23.0,10.0,0.0,31.0,2193,us USA,MF,de Bundesliga,23-222,2002.0,9.0,433.0,405.0,25.0,6.0,6.0,0.0,7,10.0,3.0,0.0,0.0,0.0,368.0,3.0,14.0,2193,us USA,MF,de Bundesliga,23-222,2002.0,9.0,31.0,3.44,22.0,2.0,1.0,1.0,3.0,2.0,1.0,0.11,2193,us USA,MF,de Bundesliga,23-222,2002.0,9.0,20.0,17,7.0,7.0,6.0,8.0,37.5,5.0,16.0,4.0,12.0,9,29.0,10.0,0.0,2193,us USA,MF,de Bundesliga,23-222,2002.0,9.0,540.0,15.0,88.0,240.0,218.0,32.0,540.0,15.0,6.0,40.0,7.0,46.7,300.0,1226.0,586.0,19.0,13.0,9.0,18.0,11.0,395.0,40.0,2759,us USA,MF,de Bundesliga,23-222,2002.0,11,811,74,60.1,9.0,10,77.0,3,1,45.0,0,2.09,18,10,8,0.89,0.05,16.9,10.2,6.7,0.75,2193,us USA,MF,de Bundesliga,23-222,2002.0,9.0,1,0,0,9,14,1,7,9,17,0.0,0.0,0,34.0,12.0,5.0,70.6,,,,,,,,,,,,,,,,,,,,,,,,,,,,,,,,,,,,,,,,,,,,,,,,,,,,,,Midfielder,0.3333333333333333,0.1111111111111111,0.25555555555555554,0.18888888888888888,2.111111111111111,3.4444444444444446,4.444444444444445,1.5555555555555556,2.2222222222222223,1.0,1.1111111111111112,33.333333333333336,-2.5554843333333332,5.555555555555555,0.7000000000000002,0.637037037037037,73.95411605937922,22.9,60.174219739120595
2194,Jurriën Timber,nl NED,DF,Arsenal,eng Premier League,24.0,2001.0,19,17,1551,17.2,2,3,5,2,0,0,2,0,4.0,4.0,1.1,5.0,30.0,100.0,88.0,0.29,0.29,2194,nl NED,DF,eng Premier League,24-202,2001.0,17.2,2,21,5,23.8,1.22,0.29,0.1,0.4,9.5,0.0,0,0,4.0,4.0,0.19,-2.0,-2.0,2194,nl NED,DF,eng Premier League,24-202,2001.0,17.2,715.0,851.0,84.0,11388.0,3411.0,3,1.1,0.9,1.9,18.0,86.0,16.0,1.0,100.0,2194,nl NED,DF,eng Premier League,24-202,2001.0,17.2,851.0,741.0,108.0,14.0,8.0,1.0,29,93.0,1.0,0.0,0.0,0.0,715.0,2.0,12.0,2194,nl NED,DF,eng Premier League,24-202,2001.0,17.2,44.0,2.55,32.0,1.0,1.0,6.0,3.0,1.0,5.0,0.29,2194,nl NED,DF,eng Premier League,24-202,2001.0,17.2,46.0,28,26.0,13.0,7.0,23.0,69.6,7.0,15.0,5.0,10.0,15,61.0,38.0,0.0,2194,nl NED,DF,eng Premier League,24-202,2001.0,17.2,1045.0,41.0,253.0,471.0,334.0,66.0,1045.0,25.0,9.0,36.0,14.0,56.0,552.0,2464.0,1325.0,30.0,23.0,5.0,23.0,18.0,643.0,88.0,2760,nl NED,DF,eng Premier League,24-202,2001.0,19,1551,82,86.2,17.2,17,87.0,14,2,34.0,0,2.37,34,12,22,1.28,-0.17,29.3,10.4,18.8,1.09,2194,nl NED,DF,eng Premier League,24-202,2001.0,17.2,2,0,0,22,20,0,29,15,28,1.0,0.0,0,63.0,25.0,15.0,62.5,,,,,,,,,,,,,,,,,,,,,,,,,,,,,,,,,,,,,,,,,,,,,,,,,,,,,,Defender,0.11627906976744186,0.1744186046511628,0.23255813953488372,0.06395348837209303,1.744186046511628,5.813953488372094,5.116279069767442,1.0465116279069768,2.674418604651163,0.872093023255814,0.9302325581395349,32.093023255813954,2.3725127906976784,7.558139534883721,-2.0,0.24401913875598086,96.32224168126095,75.3,54.94708595622416
2199,Tiago Tomás,pt POR,"FW,MF",Stuttgart,de Bundesliga,23.0,2002.0,14,6,628,7.0,3,0,3,3,0,0,2,0,3.9,3.9,0.8,4.7,11.0,19.0,55.0,0.43,0.68,2199,pt POR,"FW,MF",de Bundesliga,23-203,2002.0,7.0,3,26,8,30.8,3.73,1.15,0.12,0.38,15.0,0.0,0,0,3.9,3.9,0.15,-0.9,-0.9,2199,pt POR,"FW,MF",de Bundesliga,23-203,2002.0,7.0,152.0,196.0,77.6,2092.0,483.0,0,0.8,0.6,-0.8,8.0,6.0,2.0,0.0,19.0,2199,pt POR,"FW,MF",de Bundesliga,23-203,2002.0,7.0,196.0,189.0,6.0,1.0,1.0,0.0,9,0.0,1.0,1.0,0.0,0.0,152.0,1.0,1.0,2199,pt POR,"FW,MF",de Bundesliga,23-203,2002.0,7.0,20.0,2.87,15.0,1.0,1.0,0.0,3.0,0.0,0.0,0.0,2199,pt POR,"FW,MF",de Bundesliga,23-203,2002.0,7.0,8.0,4,3.0,4.0,1.0,5.0,80.0,1.0,7.0,2.0,5.0,3,11.0,6.0,0.0,2199,pt POR,"FW,MF",de Bundesliga,23-203,2002.0,7.0,308.0,8.0,37.0,128.0,148.0,34.0,308.0,29.0,8.0,27.6,17.0,58.6,167.0,790.0,389.0,11.0,9.0,6.0,22.0,12.0,224.0,55.0,2765,pt POR,"FW,MF",de Bundesliga,23-203,2002.0,14,628,45,46.5,7.0,6,72.0,0,8,24.0,0,1.86,14,10,4,0.57,0.7,11.9,11.2,0.7,0.1,2199,pt POR,"FW,MF",de Bundesliga,23-203,2002.0,7.0,2,0,0,8,19,1,9,3,4,1.0,0.0,0,21.0,6.0,7.0,46.2,,,,,,,,,,,,,,,,,,,,,,,,,,,,,,,,,,,,,,,,,,,,,,,,,,,,,,Forward,0.42857142857142855,0.0,0.5571428571428572,0.1142857142857143,1.5714285714285714,2.7142857142857144,7.857142857142857,1.1428571428571428,1.1428571428571428,0.42857142857142855,0.2857142857142857,23.857142857142858,-9.605248857142858,4.285714285714286,-0.8999999999999999,0.9318181818181819,55.22648083623694,7.2,51.517239586041924
2202,Keke Topp,de GER,FW,Werder Bremen,de Bundesliga,21.0,2004.0,11,4,393,4.4,0,1,1,0,0,0,3,0,0.5,0.5,1.1,1.6,6.0,10.0,33.0,0.23,0.37,2202,de GER,FW,de Bundesliga,21-286,2004.0,4.4,0,7,1,14.3,1.6,0.23,0.0,0.0,17.2,0.0,0,0,0.5,0.5,0.08,-0.5,-0.5,2202,de GER,FW,de Bundesliga,21-286,2004.0,4.4,88.0,121.0,72.7,1227.0,252.0,1,1.1,0.3,-0.1,4.0,4.0,4.0,1.0,10.0,2202,de GER,FW,de Bundesliga,21-286,2004.0,4.4,121.0,119.0,2.0,0.0,0.0,1.0,3,0.0,0.0,0.0,0.0,0.0,88.0,0.0,3.0,2202,de GER,FW,de Bundesliga,21-286,2004.0,4.4,11.0,2.52,9.0,0.0,1.0,0.0,1.0,0.0,3.0,0.69,2202,de GER,FW,de Bundesliga,21-286,2004.0,4.4,4.0,3,0.0,4.0,0.0,6.0,16.7,5.0,3.0,0.0,3.0,0,4.0,6.0,0.0,2202,de GER,FW,de Bundesliga,21-286,2004.0,4.4,178.0,4.0,14.0,90.0,77.0,19.0,178.0,5.0,3.0,60.0,2.0,40.0,106.0,512.0,220.0,6.0,4.0,2.0,28.0,6.0,131.0,33.0,2770,de GER,FW,de Bundesliga,21-286,2004.0,11,393,36,29.1,4.4,4,69.0,0,7,17.0,4,0.91,5,6,-1,-0.23,0.62,4.9,6.2,-1.3,-0.29,2202,de GER,FW,de Bundesliga,21-286,2004.0,4.4,3,0,0,12,4,1,3,0,3,0.0,0.0,0,21.0,10.0,15.0,40.0,,,,,,,,,,,,,,,,,,,,,,,,,,,,,,,,,,,,,,,,,,,,,,,,,,,,,,Forward,0.0,0.22727272727272727,0.11363636363636363,0.25,1.3636363636363635,2.2727272727272725,7.499999999999999,0.9090909090909091,0.9090909090909091,0.0,0.9090909090909091,24.09090909090909,-9.771831363636363,3.6363636363636362,-0.5,1.4157303370786518,53.31010452961672,6.0,50.29255144303465
2203,Pablo Torre,es ESP,"MF,FW",Mallorca,es La Liga,22.0,2003.0,16,7,652,7.2,0,2,2,0,0,0,1,0,0.5,0.5,1.1,1.6,10.0,40.0,26.0,0.28,0.22,2203,es ESP,"MF,FW",es La Liga,22-277,2003.0,7.2,0,6,3,50.0,0.83,0.41,0.0,0.0,22.8,0.0,0,0,0.5,0.5,0.08,-0.5,-0.5,2203,es ESP,"MF,FW",es La Liga,22-277,2003.0,7.2,275.0,357.0,77.0,4947.0,1586.0,2,1.1,1.3,0.9,14.0,48.0,8.0,2.0,40.0,2203,es ESP,"MF,FW",es La Liga,22-277,2003.0,7.2,357.0,309.0,46.0,16.0,0.0,2.0,34,3.0,21.0,8.0,11.0,0.0,275.0,2.0,6.0,2203,es ESP,"MF,FW",es La Liga,22-277,2003.0,7.2,34.0,4.69,20.0,10.0,1.0,1.0,1.0,1.0,5.0,0.69,2203,es ESP,"MF,FW",es La Liga,22-277,2003.0,7.2,5.0,5,2.0,1.0,2.0,10.0,20.0,8.0,10.0,2.0,8.0,3,8.0,9.0,0.0,2203,es ESP,"MF,FW",es La Liga,22-277,2003.0,7.2,422.0,13.0,60.0,224.0,141.0,5.0,422.0,12.0,3.0,25.0,5.0,41.7,256.0,1240.0,564.0,10.0,16.0,1.0,10.0,9.0,285.0,26.0,2771,es ESP,"MF,FW",es La Liga,22-277,2003.0,16,652,41,40.2,7.2,7,69.0,1,9,19.0,2,0.88,8,13,-5,-0.69,-0.6,7.4,14.1,-6.8,-0.93,2203,es ESP,"MF,FW",es La Liga,22-277,2003.0,7.2,1,0,0,16,17,0,34,3,5,0.0,0.0,0,26.0,3.0,12.0,20.0,,,,,,,,,,,,,,,,,,,,,,,,,,,,,,,,,,,,,,,,,,,,,,,,,,,,,,Forward,0.0,0.2777777777777778,0.06944444444444445,0.1527777777777778,1.3888888888888888,5.555555555555555,3.611111111111111,1.9444444444444444,0.6944444444444444,0.41666666666666663,1.1111111111111112,35.55555555555556,-11.557636,6.944444444444445,-0.5,1.1113744075829384,36.933797909407666,1.7,36.31641878997804
2210,Alpha Touré,sn SEN,"MF,DF",Metz,fr Ligue 1,19.0,2006.0,17,7,790,8.8,0,0,0,0,0,0,3,0,0.3,0.3,0.3,0.6,11.0,19.0,15.0,0.0,0.07,2210,sn SEN,"MF,DF",fr Ligue 1,19-345,2006.0,8.8,0,5,1,20.0,0.57,0.11,0.0,0.0,25.6,0.0,0,0,0.3,0.3,0.05,-0.3,-0.3,2210,sn SEN,"MF,DF",fr Ligue 1,19-345,2006.0,8.8,362.0,415.0,87.2,5734.0,1032.0,0,0.3,0.2,-0.3,5.0,12.0,3.0,0.0,19.0,2210,sn SEN,"MF,DF",fr Ligue 1,19-345,2006.0,8.8,415.0,387.0,27.0,11.0,1.0,1.0,9,16.0,0.0,0.0,0.0,0.0,362.0,1.0,8.0,2210,sn SEN,"MF,DF",fr Ligue 1,19-345,2006.0,8.8,9.0,1.03,8.0,0.0,0.0,0.0,0.0,1.0,0.0,0.0,2210,sn SEN,"MF,DF",fr Ligue 1,19-345,2006.0,8.8,24.0,15,11.0,9.0,4.0,20.0,55.0,9.0,14.0,2.0,12.0,6,30.0,14.0,2.0,2210,sn SEN,"MF,DF",fr Ligue 1,19-345,2006.0,8.8,507.0,27.0,153.0,274.0,88.0,4.0,507.0,11.0,7.0,63.6,4.0,36.4,304.0,1744.0,666.0,11.0,10.0,1.0,10.0,7.0,330.0,15.0,2780,sn SEN,"MF,DF",fr Ligue 1,19-345,2006.0,17,790,46,51.6,8.8,7,85.0,4,10,19.0,0,0.71,9,19,-10,-1.14,0.08,10.1,16.6,-6.5,-0.74,2210,sn SEN,"MF,DF",fr Ligue 1,19-345,2006.0,8.8,3,0,0,16,12,0,9,6,15,0.0,1.0,0,38.0,11.0,11.0,50.0,,,,,,,,,,,,,,,,,,,,,,,,,,,,,,,,,,,,,,,,,,,,,,,,,,,,,,Midfielder,0.0,0.0,0.03409090909090909,0.03409090909090909,1.25,2.1590909090909087,1.7045454545454544,0.5681818181818181,2.727272727272727,0.6818181818181818,0.3409090909090909,34.54545454545454,-3.3819082727272733,3.4090909090909087,-0.3,0.2031558185404339,65.31713900134952,14.6,56.99575829088091
2211,Bazoumana Touré,ci CIV,"FW,MF",Hoffenheim,de Bundesliga,19.0,2006.0,14,14,1083,12.0,2,4,6,2,0,0,1,0,2.0,2.0,2.4,4.4,55.0,34.0,117.0,0.5,0.37,2211,ci CIV,"FW,MF",de Bundesliga,19-309,2006.0,12.0,2,19,7,36.8,1.58,0.58,0.11,0.29,15.2,0.0,0,0,2.0,2.0,0.1,0.0,0.0,2211,ci CIV,"FW,MF",de Bundesliga,19-309,2006.0,12.0,260.0,367.0,70.8,4120.0,953.0,4,2.4,1.9,1.6,19.0,16.0,21.0,9.0,34.0,2211,ci CIV,"FW,MF",de Bundesliga,19-309,2006.0,12.0,367.0,360.0,7.0,0.0,3.0,2.0,46,5.0,2.0,0.0,0.0,0.0,260.0,0.0,19.0,2211,ci CIV,"FW,MF",de Bundesliga,19-309,2006.0,12.0,39.0,3.24,27.0,1.0,3.0,1.0,7.0,0.0,6.0,0.5,2211,ci CIV,"FW,MF",de Bundesliga,19-309,2006.0,12.0,17.0,10,5.0,9.0,3.0,12.0,58.3,5.0,16.0,1.0,15.0,4,21.0,9.0,0.0,2211,ci CIV,"FW,MF",de Bundesliga,19-309,2006.0,12.0,552.0,5.0,65.0,208.0,302.0,49.0,552.0,61.0,24.0,39.3,34.0,55.7,334.0,2715.0,1205.0,55.0,30.0,15.0,39.0,17.0,377.0,117.0,2781,ci CIV,"FW,MF",de Bundesliga,19-309,2006.0,14,1083,77,80.2,12.0,14,77.0,5,0,,0,1.86,25,18,7,0.58,-0.09,18.8,17.4,1.4,0.11,2211,ci CIV,"FW,MF",de Bundesliga,19-309,2006.0,12.0,1,0,0,23,17,4,46,4,10,1.0,0.0,0,64.0,23.0,17.0,57.5,,,,,,,,,,,,,,,,,,,,,,,,,,,,,,,,,,,,,,,,,,,,,,,,,,,,,,Forward,0.16666666666666666,0.3333333333333333,0.16666666666666666,0.19999999999999998,4.583333333333333,2.8333333333333335,9.75,1.5833333333333333,1.4166666666666667,0.3333333333333333,1.75,27.833333333333332,-1.7318903333333342,7.416666666666667,0.0,0.5869565217391305,95.99303135888502,83.7,52.25532463738978
2215,James Trafford,eng ENG,GK,Manchester City,eng Premier League,23.0,2002.0,3,3,270,3.0,0,0,0,0,0,0,0,0,0.0,0.0,0.0,0.0,0.0,0.0,0.0,0.0,0.0,2215,eng ENG,GK,eng Premier League,23-087,2002.0,3.0,0,0,0,,0.0,0.0,,,,0.0,0,0,0.0,0.0,,0.0,0.0,2215,eng ENG,GK,eng Premier League,23-087,2002.0,3.0,88.0,118.0,74.6,1948.0,1257.0,0,0.0,0.0,0.0,0.0,0.0,0.0,0.0,0.0,2215,eng ENG,GK,eng Premier League,23-087,2002.0,3.0,118.0,100.0,18.0,3.0,0.0,0.0,0,0.0,0.0,0.0,0.0,0.0,88.0,0.0,1.0,2215,eng ENG,GK,eng Premier League,23-087,2002.0,3.0,0.0,0.0,0.0,0.0,0.0,0.0,0.0,0.0,0.0,0.0,2215,eng ENG,GK,eng Premier League,23-087,2002.0,3.0,2.0,1,2.0,0.0,0.0,2.0,100.0,0.0,0.0,0.0,0.0,0,2.0,5.0,1.0,2215,eng ENG,GK,eng Premier League,23-087,2002.0,3.0,132.0,114.0,132.0,0.0,0.0,0.0,132.0,1.0,1.0,100.0,0.0,0.0,84.0,343.0,127.0,0.0,0.0,0.0,0.0,0.0,72.0,0.0,2787,eng ENG,GK,eng Premier League,23-087,2002.0,3,270,90,15.0,3.0,3,90.0,3,0,,17,1.0,5,4,1,0.33,-1.14,5.8,3.9,1.9,0.62,2215,eng ENG,GK,eng Premier League,23-087,2002.0,3.0,0,0,0,0,1,0,0,0,1,0.0,0.0,0,7.0,1.0,0.0,100.0,138.0,eng ENG,GK,eng Premier League,23-087,2002.0,3.0,3.0,270.0,3.0,4.0,1.33,15.0,11.0,80.0,1.0,0.0,2.0,1.0,33.3,1.0,1.0,0.0,0.0,138.0,eng ENG,GK,eng Premier League,23-087,2002.0,3.0,4.0,1.0,0.0,0.0,0.0,5.9,0.34,1.9,0.62,10.0,36.0,27.8,103.0,11.0,27.2,29.6,26.0,2.0,7.7,14.0,4.67,18.1,Goalkeeper,0.0,0.0,0.0,0.0,0.0,0.0,0.0,0.0,0.6666666666666666,0.0,0.0,28.0,-11.5,0.0,0.0,0.0,91.33858267716536,23.5,73.95836654021487
2219,Boubacar Traoré,ml MLI,MF,Metz,fr Ligue 1,24.0,2001.0,14,11,989,11.0,1,0,1,1,0,0,2,0,0.8,0.8,0.1,0.9,4.0,27.0,8.0,0.09,0.08,2219,ml MLI,MF,fr Ligue 1,24-138,2001.0,11.0,1,12,3,25.0,1.09,0.27,0.08,0.33,18.6,0.0,0,0,0.8,0.8,0.06,0.2,0.2,2219,ml MLI,MF,fr Ligue 1,24-138,2001.0,11.0,393.0,456.0,86.2,6862.0,1482.0,0,0.1,0.2,-0.1,2.0,23.0,1.0,0.0,27.0,2219,ml MLI,MF,fr Ligue 1,24-138,2001.0,11.0,456.0,446.0,10.0,10.0,0.0,4.0,2,0.0,0.0,0.0,0.0,0.0,393.0,0.0,7.0,2219,ml MLI,MF,fr Ligue 1,24-138,2001.0,11.0,14.0,1.27,8.0,0.0,1.0,2.0,2.0,1.0,3.0,0.27,2219,ml MLI,MF,fr Ligue 1,24-138,2001.0,11.0,31.0,17,20.0,9.0,2.0,20.0,55.0,9.0,9.0,1.0,8.0,6,37.0,14.0,3.0,2219,ml MLI,MF,fr Ligue 1,24-138,2001.0,11.0,572.0,24.0,195.0,318.0,69.0,10.0,572.0,17.0,11.0,64.7,5.0,29.4,319.0,1384.0,565.0,4.0,6.0,1.0,19.0,9.0,397.0,8.0,2791,ml MLI,MF,fr Ligue 1,24-138,2001.0,14,989,71,64.6,11.0,11,85.0,4,3,17.0,0,0.64,11,20,-9,-0.82,1.01,8.5,21.1,-12.5,-1.14,2219,ml MLI,MF,fr Ligue 1,24-138,2001.0,11.0,2,0,0,19,4,0,2,6,17,0.0,1.0,0,50.0,15.0,10.0,60.0,,,,,,,,,,,,,,,,,,,,,,,,,,,,,,,,,,,,,,,,,,,,,,,,,,,,,,Midfielder,0.09090909090909091,0.0,0.07272727272727274,0.009090909090909092,0.36363636363636365,2.4545454545454546,0.7272727272727273,0.18181818181818182,2.8181818181818183,0.5454545454545454,0.09090909090909091,29.0,-5.933522272727272,2.8181818181818183,0.19999999999999996,0.22202797202797203,43.859649122807014,3.0,42.582183614375744
2230,Adrien Truffert,fr FRA,DF,Bournemouth,eng Premier League,24.0,2001.0,20,20,1759,19.5,0,1,1,0,0,0,3,0,0.3,0.3,1.2,1.6,40.0,80.0,110.0,0.05,0.08,2230,fr FRA,DF,eng Premier League,24-046,2001.0,19.5,0,9,1,11.1,0.46,0.05,0.0,0.0,20.8,0.0,0,0,0.3,0.3,0.04,-0.3,-0.3,2230,fr FRA,DF,eng Premier League,24-046,2001.0,19.5,810.0,1036.0,78.2,11827.0,3815.0,1,1.2,1.1,-0.2,16.0,63.0,20.0,17.0,80.0,2230,fr FRA,DF,eng Premier League,24-046,2001.0,19.5,1036.0,878.0,157.0,15.0,0.0,1.0,91,141.0,1.0,0.0,0.0,0.0,810.0,1.0,32.0,2230,fr FRA,DF,eng Premier League,24-046,2001.0,19.5,34.0,1.74,27.0,0.0,1.0,0.0,4.0,2.0,2.0,0.1,2230,fr FRA,DF,eng Premier League,24-046,2001.0,19.5,50.0,32,29.0,12.0,9.0,50.0,66.0,17.0,25.0,6.0,19.0,20,70.0,90.0,2.0,2230,fr FRA,DF,eng Premier League,24-046,2001.0,19.5,1307.0,101.0,412.0,526.0,381.0,25.0,1307.0,49.0,22.0,44.9,21.0,42.9,653.0,3371.0,1881.0,40.0,47.0,5.0,18.0,13.0,694.0,110.0,2806,fr FRA,DF,eng Premier League,24-046,2001.0,20,1759,88,97.7,19.5,20,88.0,18,0,,0,1.15,31,35,-4,-0.2,6.38,29.6,27.7,1.9,0.1,2230,fr FRA,DF,eng Premier League,24-046,2001.0,19.5,3,0,0,20,18,0,91,20,32,0.0,0.0,0,98.0,28.0,30.0,48.3,,,,,,,,,,,,,,,,,,,,,,,,,,,,,,,,,,,,,,,,,,,,,,,,,,,,,,Defender,0.0,0.05128205128205128,0.015384615384615384,0.061538461538461535,2.051282051282051,4.102564102564102,5.641025641025641,0.8205128205128205,2.5641025641025643,1.0256410256410255,1.0256410256410255,33.48717948717949,-1.3932717948717936,6.153846153846154,-0.3,0.1331293037490436,83.71278458844134,35.4,61.82628108452092
2237,Beñat Turrientes,es ESP,MF,Real Sociedad,es La Liga,23.0,2002.0,9,4,352,3.9,0,0,0,0,0,0,2,0,0.3,0.3,0.1,0.4,1.0,17.0,6.0,0.0,0.09,2237,es ESP,MF,es La Liga,23-339,2002.0,3.9,0,8,2,25.0,2.05,0.51,0.0,0.0,23.8,0.0,0,0,0.3,0.3,0.04,-0.3,-0.3,2237,es ESP,MF,es La Liga,23-339,2002.0,3.9,135.0,157.0,86.0,2338.0,550.0,0,0.1,0.1,-0.1,2.0,11.0,1.0,1.0,17.0,2237,es ESP,MF,es La Liga,23-339,2002.0,3.9,157.0,151.0,6.0,5.0,0.0,1.0,2,0.0,0.0,0.0,0.0,0.0,135.0,0.0,1.0,2237,es ESP,MF,es La Liga,23-339,2002.0,3.9,13.0,3.31,7.0,0.0,2.0,1.0,2.0,1.0,1.0,0.25,2237,es ESP,MF,es La Liga,23-339,2002.0,3.9,16.0,9,6.0,7.0,3.0,10.0,70.0,3.0,4.0,2.0,2.0,2,18.0,8.0,0.0,2237,es ESP,MF,es La Liga,23-339,2002.0,3.9,209.0,9.0,46.0,124.0,42.0,3.0,209.0,11.0,7.0,63.6,3.0,27.3,104.0,500.0,191.0,1.0,6.0,1.0,10.0,3.0,126.0,6.0,2813,es ESP,MF,es La Liga,23-339,2002.0,9,352,39,21.7,3.9,4,68.0,0,5,16.0,9,1.0,4,8,-4,-1.02,-1.02,4.5,7.1,-2.5,-0.65,2237,es ESP,MF,es La Liga,23-339,2002.0,3.9,2,0,0,11,7,0,2,2,9,0.0,0.0,0,22.0,6.0,3.0,66.7,,,,,,,,,,,,,,,,,,,,,,,,,,,,,,,,,,,,,,,,,,,,,,,,,,,,,,Midfielder,0.0,0.0,0.07692307692307693,0.025641025641025644,0.25641025641025644,4.3589743589743595,1.5384615384615385,0.5128205128205129,4.102564102564103,0.5128205128205129,0.25641025641025644,26.666666666666668,-3.696295974358975,4.615384615384616,-0.3,1.583732057416268,63.022941970310384,8.1,58.30059386707713
2240,Christantus Uche,ng NGA,FW,Getafe,es La Liga,22.0,2003.0,3,3,270,3.0,1,1,2,1,0,0,1,0,1.4,1.4,0.4,1.8,4.0,4.0,15.0,0.67,0.61,2240,ng NGA,FW,es La Liga,22-231,2003.0,3.0,1,6,1,16.7,2.0,0.33,0.17,1.0,14.4,0.0,0,0,1.4,1.4,0.24,-0.4,-0.4,2240,ng NGA,FW,es La Liga,22-231,2003.0,3.0,29.0,46.0,63.0,358.0,89.0,1,0.4,0.5,0.6,4.0,0.0,1.0,0.0,4.0,2240,ng NGA,FW,es La Liga,22-231,2003.0,3.0,46.0,44.0,1.0,0.0,0.0,1.0,1,1.0,0.0,0.0,0.0,0.0,29.0,1.0,1.0,2240,ng NGA,FW,es La Liga,22-231,2003.0,3.0,8.0,2.67,5.0,0.0,1.0,0.0,2.0,0.0,2.0,0.67,2240,ng NGA,FW,es La Liga,22-231,2003.0,3.0,2.0,2,2.0,0.0,0.0,1.0,100.0,0.0,4.0,0.0,4.0,0,2.0,2.0,0.0,2240,ng NGA,FW,es La Liga,22-231,2003.0,3.0,102.0,2.0,9.0,26.0,69.0,15.0,102.0,16.0,6.0,37.5,9.0,56.3,52.0,247.0,83.0,4.0,2.0,1.0,21.0,8.0,68.0,15.0,2818,ng NGA,FW,es La Liga,22-231,2003.0,3,270,90,16.7,3.0,3,90.0,3,0,,0,2.0,4,4,0,0.0,0.6,2.9,2.3,0.5,0.18,2240,ng NGA,FW,es La Liga,22-231,2003.0,3.0,1,0,0,10,8,1,1,0,2,0.0,0.0,0,7.0,8.0,7.0,53.3,,,,,,,,,,,,,,,,,,,,,,,,,,,,,,,,,,,,,,,,,,,,,,,,,,,,,,Forward,0.3333333333333333,0.3333333333333333,0.4666666666666666,0.13333333333333333,1.3333333333333333,1.3333333333333333,5.0,1.3333333333333333,0.6666666666666666,0.0,0.3333333333333333,17.333333333333332,-10.067439666666667,2.6666666666666665,-0.3999999999999999,2.6176470588235294,50.174216027874564,3.9,48.29087201912855
2241,Destiny Udogie,it ITA,DF,Tottenham,eng Premier League,23.0,2002.0,10,6,609,6.8,0,1,1,0,0,0,1,0,0.1,0.1,0.4,0.5,21.0,37.0,45.0,0.15,0.08,2241,it ITA,DF,eng Premier League,23-038,2002.0,6.8,0,2,0,0.0,0.3,0.0,0.0,,11.0,0.0,0,0,0.1,0.1,0.05,-0.1,-0.1,2241,it ITA,DF,eng Premier League,23-038,2002.0,6.8,312.0,370.0,84.3,4809.0,1864.0,1,0.4,0.3,0.6,7.0,37.0,7.0,1.0,37.0,2241,it ITA,DF,eng Premier League,23-038,2002.0,6.8,370.0,314.0,56.0,8.0,0.0,1.0,8,48.0,0.0,0.0,0.0,0.0,312.0,0.0,17.0,2241,it ITA,DF,eng Premier League,23-038,2002.0,6.8,14.0,2.07,12.0,0.0,0.0,1.0,1.0,0.0,1.0,0.15,2241,it ITA,DF,eng Premier League,23-038,2002.0,6.8,12.0,9,5.0,5.0,2.0,13.0,53.8,6.0,14.0,4.0,10.0,3,15.0,12.0,0.0,2241,it ITA,DF,eng Premier League,23-038,2002.0,6.8,452.0,19.0,106.0,230.0,124.0,22.0,452.0,16.0,3.0,18.8,8.0,50.0,240.0,1446.0,842.0,21.0,11.0,6.0,13.0,6.0,268.0,45.0,2819,it ITA,DF,eng Premier League,23-038,2002.0,10,609,61,33.8,6.8,6,88.0,4,4,21.0,0,1.0,10,13,-3,-0.44,-0.97,5.1,10.3,-5.1,-0.76,2241,it ITA,DF,eng Premier League,23-038,2002.0,6.8,1,0,0,7,10,3,8,3,9,0.0,0.0,0,38.0,4.0,7.0,36.4,,,,,,,,,,,,,,,,,,,,,,,,,,,,,,,,,,,,,,,,,,,,,,,,,,,,,,Defender,0.0,0.14705882352941177,0.014705882352941178,0.05882352941176471,3.088235294117647,5.4411764705882355,6.61764705882353,1.0294117647058825,1.7647058823529411,0.4411764705882353,1.0294117647058825,35.294117647058826,1.4684794117647098,8.529411764705882,-0.1,0.45796460176991144,94.7460595446585,42.9,66.30235097596815
2243,Manuel Ugarte,uy URU,MF,Manchester Utd,eng Premier League,24.0,2001.0,14,6,644,7.2,0,0,0,0,0,0,1,0,0.2,0.2,0.2,0.4,7.0,35.0,6.0,0.0,0.05,2243,uy URU,MF,eng Premier League,24-269,2001.0,7.2,0,6,1,16.7,0.84,0.14,0.0,0.0,27.0,0.0,0,0,0.2,0.2,0.03,-0.2,-0.2,2243,uy URU,MF,eng Premier League,24-269,2001.0,7.2,279.0,336.0,83.0,4444.0,1097.0,0,0.2,0.1,-0.2,2.0,31.0,1.0,0.0,35.0,2243,uy URU,MF,eng Premier League,24-269,2001.0,7.2,336.0,329.0,5.0,4.0,1.0,2.0,0,1.0,0.0,0.0,0.0,0.0,279.0,2.0,10.0,2243,uy URU,MF,eng Premier League,24-269,2001.0,7.2,11.0,1.54,8.0,0.0,1.0,0.0,0.0,2.0,0.0,0.0,2243,uy URU,MF,eng Premier League,24-269,2001.0,7.2,34.0,20,20.0,9.0,5.0,26.0,53.8,12.0,8.0,1.0,7.0,12,46.0,16.0,1.0,2243,uy URU,MF,eng Premier League,24-269,2001.0,7.2,439.0,30.0,112.0,256.0,76.0,2.0,439.0,7.0,5.0,71.4,1.0,14.3,211.0,991.0,445.0,7.0,12.0,0.0,7.0,8.0,239.0,6.0,2821,uy URU,MF,eng Premier League,24-269,2001.0,14,644,46,35.8,7.2,6,78.0,2,8,22.0,6,1.43,8,16,-8,-1.12,-2.05,8.7,12.7,-4.0,-0.56,2243,uy URU,MF,eng Premier League,24-269,2001.0,7.2,1,0,0,19,11,0,0,12,20,0.0,0.0,0,40.0,9.0,10.0,47.4,,,,,,,,,,,,,,,,,,,,,,,,,,,,,,,,,,,,,,,,,,,,,,,,,,,,,,Midfielder,0.0,0.0,0.02777777777777778,0.02777777777777778,0.9722222222222222,4.861111111111111,0.8333333333333333,0.2777777777777778,4.722222222222222,1.6666666666666665,0.1388888888888889,29.305555555555554,-2.599435777777778,5.833333333333333,-0.2,0.3507972665148064,72.60458839406208,19.7,60.655462317512175
2244,Lesley Ugochukwu,fr FRA,MF,Burnley,eng Premier League,21.0,2004.0,19,14,1196,13.3,3,0,3,3,0,0,2,1,2.1,2.1,0.3,2.4,17.0,39.0,30.0,0.23,0.18,2244,fr FRA,MF,eng Premier League,21-285,2004.0,13.3,3,17,6,35.3,1.28,0.45,0.18,0.5,16.6,0.0,0,0,2.1,2.1,0.12,0.9,0.9,2244,fr FRA,MF,eng Premier League,21-285,2004.0,13.3,332.0,411.0,80.8,4882.0,1505.0,0,0.3,0.2,-0.3,6.0,39.0,3.0,0.0,39.0,2244,fr FRA,MF,eng Premier League,21-285,2004.0,13.3,411.0,411.0,0.0,0.0,0.0,0.0,4,0.0,0.0,0.0,0.0,0.0,332.0,0.0,11.0,2244,fr FRA,MF,eng Premier League,21-285,2004.0,13.3,26.0,1.96,15.0,0.0,1.0,5.0,4.0,1.0,0.0,0.0,2244,fr FRA,MF,eng Premier League,21-285,2004.0,13.3,31.0,15,11.0,17.0,3.0,18.0,50.0,9.0,21.0,9.0,12.0,10,41.0,11.0,1.0,2244,fr FRA,MF,eng Premier League,21-285,2004.0,13.3,567.0,26.0,113.0,322.0,138.0,29.0,567.0,20.0,4.0,20.0,10.0,50.0,313.0,1541.0,697.0,17.0,13.0,5.0,15.0,21.0,373.0,30.0,2822,fr FRA,MF,eng Premier League,21-285,2004.0,19,1196,63,66.4,13.3,14,77.0,2,5,23.0,0,0.58,13,24,-11,-0.83,0.36,11.7,26.1,-14.4,-1.09,2244,fr FRA,MF,eng Premier League,21-285,2004.0,13.3,2,1,1,15,22,1,4,10,15,0.0,1.0,0,49.0,17.0,18.0,48.6,,,,,,,,,,,,,,,,,,,,,,,,,,,,,,,,,,,,,,,,,,,,,,,,,,,,,,Midfielder,0.22556390977443608,0.0,0.15789473684210525,0.022556390977443608,1.2781954887218046,2.932330827067669,2.255639097744361,0.45112781954887216,2.3308270676691727,0.7518796992481203,0.22556390977443608,23.533834586466163,-3.4301153082706763,4.2105263157894735,0.8999999999999999,0.345679012345679,64.50742240215924,19.2,54.11696510248258
2246,Lukas Ullrich,de GER,DF,Gladbach,de Bundesliga,21.0,2004.0,11,7,644,7.2,0,0,0,0,0,0,1,0,0.2,0.2,0.6,0.7,12.0,19.0,32.0,0.0,0.1,2246,de GER,DF,de Bundesliga,21-295,2004.0,7.2,0,3,0,0.0,0.42,0.0,0.0,,21.9,0.0,0,0,0.2,0.2,0.05,-0.2,-0.2,2246,de GER,DF,de Bundesliga,21-295,2004.0,7.2,231.0,300.0,77.0,3773.0,1327.0,0,0.6,1.0,-0.6,10.0,17.0,15.0,6.0,19.0,2246,de GER,DF,de Bundesliga,21-295,2004.0,7.2,300.0,265.0,35.0,5.0,0.0,0.0,17,30.0,0.0,0.0,0.0,0.0,231.0,0.0,9.0,2246,de GER,DF,de Bundesliga,21-295,2004.0,7.2,19.0,2.66,17.0,0.0,1.0,0.0,0.0,1.0,1.0,0.14,2246,de GER,DF,de Bundesliga,21-295,2004.0,7.2,18.0,8,7.0,10.0,1.0,10.0,50.0,5.0,7.0,2.0,5.0,10,28.0,22.0,0.0,2246,de GER,DF,de Bundesliga,21-295,2004.0,7.2,379.0,20.0,125.0,171.0,88.0,11.0,379.0,9.0,5.0,55.6,4.0,44.4,192.0,897.0,458.0,12.0,11.0,2.0,13.0,5.0,227.0,32.0,2824,de GER,DF,de Bundesliga,21-295,2004.0,11,644,59,47.7,7.2,7,81.0,3,4,19.0,4,0.82,10,13,-3,-0.42,-0.04,11.1,10.1,1.0,0.13,2246,de GER,DF,de Bundesliga,21-295,2004.0,7.2,1,0,0,9,4,0,17,10,8,0.0,1.0,0,26.0,4.0,5.0,44.4,,,,,,,,,,,,,,,,,,,,,,,,,,,,,,,,,,,,,,,,,,,,,,,,,,,,,,Defender,0.0,0.0,0.02777777777777778,0.08333333333333333,1.6666666666666665,2.638888888888889,4.444444444444445,1.3888888888888888,2.5,1.3888888888888888,2.0833333333333335,26.666666666666664,-3.39183611111111,4.305555555555555,-0.2,0.7018469656992086,70.57793345008757,14.3,61.747973272167606
2251,Jonas Urbig,de GER,GK,Bayern Munich,de Bundesliga,22.0,2003.0,3,3,270,3.0,0,0,0,0,0,0,0,0,0.0,0.0,0.0,0.0,0.0,4.0,0.0,0.0,0.0,2251,de GER,GK,de Bundesliga,22-150,2003.0,3.0,0,0,0,,0.0,0.0,,,,0.0,0,0,0.0,0.0,,0.0,0.0,2251,de GER,GK,de Bundesliga,22-150,2003.0,3.0,112.0,130.0,86.2,2768.0,1924.0,0,0.0,0.0,0.0,0.0,4.0,0.0,0.0,4.0,2251,de GER,GK,de Bundesliga,22-150,2003.0,3.0,130.0,115.0,15.0,3.0,1.0,0.0,0,1.0,0.0,0.0,0.0,0.0,112.0,0.0,0.0,2251,de GER,GK,de Bundesliga,22-150,2003.0,3.0,1.0,0.33,1.0,0.0,0.0,0.0,0.0,0.0,0.0,0.0,2251,de GER,GK,de Bundesliga,22-150,2003.0,3.0,0.0,0,0.0,0.0,0.0,0.0,,0.0,0.0,0.0,0.0,0,0.0,1.0,0.0,2251,de GER,GK,de Bundesliga,22-150,2003.0,3.0,133.0,81.0,124.0,10.0,0.0,0.0,133.0,0.0,0.0,,0.0,,90.0,366.0,207.0,0.0,0.0,0.0,0.0,0.0,85.0,0.0,2830,de GER,GK,de Bundesliga,22-150,2003.0,3,270,90,20.0,3.0,3,90.0,3,0,,10,3.0,12,0,12,4.0,1.33,11.5,2.8,8.6,2.88,2251,de GER,GK,de Bundesliga,22-150,2003.0,3.0,0,0,0,0,0,0,0,0,0,0.0,0.0,0,12.0,0.0,0.0,50.0,141.0,de GER,GK,de Bundesliga,22-150,2003.0,3.0,3.0,270.0,3.0,0.0,0.0,2.0,2.0,100.0,3.0,0.0,0.0,3.0,100.0,1.0,0.0,0.0,1.0,141.0,de GER,GK,de Bundesliga,22-150,2003.0,3.0,0.0,0.0,0.0,0.0,0.0,0.3,0.15,0.3,0.1,16.0,31.0,51.6,119.0,16.0,21.8,27.8,23.0,3.0,13.0,12.0,4.0,22.0,Goalkeeper,0.0,0.0,0.0,0.0,0.0,1.3333333333333333,0.0,0.0,0.0,0.0,0.0,30.0,-11.0,1.3333333333333333,0.0,0.2481203007518797,95.66929133858267,27.1,75.27088224908157
2252,Can Uzun,tr TUR,MF,Eint Frankfurt,de Bundesliga,20.0,2005.0,11,9,651,7.2,5,3,8,5,0,0,2,0,1.7,1.7,2.0,3.7,12.0,45.0,46.0,1.11,0.51,2252,tr TUR,MF,de Bundesliga,20-055,2005.0,7.2,5,23,8,34.8,3.18,1.11,0.22,0.63,21.0,0.0,0,0,1.7,1.7,0.08,3.3,3.3,2252,tr TUR,MF,de Bundesliga,20-055,2005.0,7.2,273.0,335.0,81.5,4313.0,1080.0,3,2.0,2.1,1.0,11.0,29.0,12.0,1.0,45.0,2252,tr TUR,MF,de Bundesliga,20-055,2005.0,7.2,335.0,310.0,25.0,7.0,4.0,2.0,13,1.0,4.0,3.0,0.0,0.0,273.0,0.0,7.0,2252,tr TUR,MF,de Bundesliga,20-055,2005.0,7.2,25.0,3.46,19.0,2.0,2.0,0.0,2.0,0.0,5.0,0.69,2252,tr TUR,MF,de Bundesliga,20-055,2005.0,7.2,9.0,5,2.0,5.0,2.0,12.0,58.3,5.0,5.0,1.0,4.0,0,9.0,3.0,0.0,2252,tr TUR,MF,de Bundesliga,20-055,2005.0,7.2,429.0,6.0,24.0,218.0,189.0,28.0,429.0,19.0,6.0,31.6,11.0,57.9,266.0,1381.0,514.0,12.0,17.0,4.0,20.0,13.0,312.0,46.0,2831,tr TUR,MF,de Bundesliga,20-055,2005.0,11,651,59,48.2,7.2,9,65.0,1,2,33.0,1,1.64,22,10,12,1.66,3.2,13.2,7.5,5.7,0.78,2252,tr TUR,MF,de Bundesliga,20-055,2005.0,7.2,2,0,0,10,15,0,13,0,5,0.0,0.0,0,25.0,4.0,4.0,50.0,,,,,,,,,,,,,,,,,,,,,,,,,,,,,,,,,,,,,,,,,,,,,,,,,,,,,,Midfielder,0.6944444444444444,0.41666666666666663,0.2361111111111111,0.2777777777777778,1.6666666666666665,6.25,6.388888888888888,1.5277777777777777,1.25,0.0,1.6666666666666665,36.94444444444444,1.4319504444444435,7.916666666666666,3.3,0.8065268065268065,95.95141700404858,59.5,60.15762821570444
2257,Nicolás Valentini,ar ARG,DF,Hellas Verona,it Serie A,24.0,2001.0,8,5,470,5.2,0,0,0,0,0,0,1,0,0.1,0.1,0.8,0.9,5.0,16.0,4.0,0.0,0.18,2257,ar ARG,DF,it Serie A,24-274,2001.0,5.2,0,5,2,40.0,0.96,0.38,0.0,0.0,19.3,0.0,0,0,0.1,0.1,0.03,-0.1,-0.1,2257,ar ARG,DF,it Serie A,24-274,2001.0,5.2,89.0,136.0,65.4,1671.0,712.0,0,0.8,0.5,-0.8,3.0,13.0,3.0,3.0,16.0,2257,ar ARG,DF,it Serie A,24-274,2001.0,5.2,136.0,127.0,8.0,5.0,0.0,1.0,6,3.0,0.0,0.0,0.0,0.0,89.0,1.0,4.0,2257,ar ARG,DF,it Serie A,24-274,2001.0,5.2,4.0,0.77,3.0,1.0,0.0,0.0,0.0,0.0,1.0,0.19,2257,ar ARG,DF,it Serie A,24-274,2001.0,5.2,11.0,5,10.0,1.0,0.0,9.0,66.7,3.0,9.0,3.0,6.0,0,11.0,27.0,0.0,2257,ar ARG,DF,it Serie A,24-274,2001.0,5.2,194.0,22.0,94.0,79.0,22.0,6.0,194.0,0.0,0.0,,0.0,,70.0,334.0,194.0,5.0,0.0,0.0,3.0,0.0,84.0,4.0,2837,ar ARG,DF,it Serie A,24-274,2001.0,8,470,59,30.7,5.2,5,85.0,4,3,14.0,4,1.13,5,6,-1,-0.19,1.0,7.7,4.5,3.2,0.62,2257,ar ARG,DF,it Serie A,24-274,2001.0,5.2,1,0,0,7,2,0,6,0,5,0.0,0.0,0,13.0,10.0,7.0,58.8,,,,,,,,,,,,,,,,,,,,,,,,,,,,,,,,,,,,,,,,,,,,,,,,,,,,,,Defender,0.0,0.0,0.019230769230769232,0.15384615384615385,0.9615384615384615,3.0769230769230766,0.7692307692307692,0.5769230769230769,2.1153846153846154,0.0,0.5769230769230769,13.461538461538462,-2.909573076923076,4.038461538461538,-0.1,0.3969072164948454,74.78108581436076,11.5,67.06823839852984
2258,Germán Valera,es ESP,"DF,MF",Elche,es La Liga,23.0,2002.0,17,15,1265,14.1,3,2,5,3,0,0,2,0,1.6,1.6,1.7,3.3,47.0,54.0,129.0,0.36,0.23,2258,es ESP,"DF,MF",es La Liga,23-295,2002.0,14.1,3,14,5,35.7,1.0,0.36,0.21,0.6,16.1,0.0,0,0,1.6,1.6,0.11,1.4,1.4,2258,es ESP,"DF,MF",es La Liga,23-295,2002.0,14.1,568.0,683.0,83.2,7822.0,2319.0,2,1.7,2.1,0.3,20.0,27.0,17.0,6.0,54.0,2258,es ESP,"DF,MF",es La Liga,23-295,2002.0,14.1,683.0,613.0,68.0,11.0,1.0,2.0,46,40.0,17.0,0.0,3.0,0.0,568.0,2.0,23.0,2258,es ESP,"DF,MF",es La Liga,23-295,2002.0,14.1,47.0,3.34,35.0,6.0,2.0,0.0,3.0,1.0,5.0,0.36,2258,es ESP,"DF,MF",es La Liga,23-295,2002.0,14.1,31.0,24,12.0,12.0,7.0,17.0,70.6,5.0,10.0,3.0,7.0,7,38.0,20.0,1.0,2258,es ESP,"DF,MF",es La Liga,23-295,2002.0,14.1,845.0,18.0,146.0,300.0,410.0,47.0,845.0,44.0,18.0,40.9,20.0,45.5,491.0,3195.0,1461.0,47.0,18.0,19.0,30.0,15.0,613.0,129.0,2838,es ESP,"DF,MF",es La Liga,23-295,2002.0,17,1265,74,78.1,14.1,15,82.0,6,2,20.0,0,1.24,20,19,1,0.07,0.07,17.0,20.9,-3.9,-0.28,2258,es ESP,"DF,MF",es La Liga,23-295,2002.0,14.1,2,0,0,20,38,3,46,7,24,0.0,0.0,0,62.0,3.0,9.0,25.0,,,,,,,,,,,,,,,,,,,,,,,,,,,,,,,,,,,,,,,,,,,,,,,,,,,,,,Midfielder,0.2127659574468085,0.14184397163120568,0.11347517730496455,0.12056737588652482,3.3333333333333335,3.8297872340425534,9.148936170212766,1.4184397163120568,2.198581560283688,0.49645390070921985,1.2056737588652482,34.822695035460995,-1.2119006808510644,7.163120567375887,1.4,0.3952662721893491,84.75033738191632,36.8,61.952001010172744
2261,Álex Valle,es ESP,DF,Como,it Serie A,21.0,2004.0,14,11,1038,11.5,0,1,1,0,0,0,1,0,0.6,0.6,0.3,0.9,12.0,45.0,31.0,0.09,0.08,2261,es ESP,DF,it Serie A,21-255,2004.0,11.5,0,6,0,0.0,0.52,0.0,0.0,,15.9,0.0,0,0,0.6,0.6,0.11,-0.6,-0.6,2261,es ESP,DF,it Serie A,21-255,2004.0,11.5,561.0,677.0,82.9,8064.0,2618.0,1,0.3,0.4,0.7,4.0,48.0,5.0,1.0,45.0,2261,es ESP,DF,it Serie A,21-255,2004.0,11.5,677.0,553.0,123.0,16.0,1.0,1.0,21,107.0,0.0,0.0,0.0,0.0,561.0,1.0,15.0,2261,es ESP,DF,it Serie A,21-255,2004.0,11.5,19.0,1.65,16.0,1.0,0.0,0.0,1.0,1.0,3.0,0.26,2261,es ESP,DF,it Serie A,21-255,2004.0,11.5,26.0,17,12.0,12.0,2.0,27.0,48.1,14.0,14.0,4.0,10.0,15,41.0,28.0,0.0,2261,es ESP,DF,it Serie A,21-255,2004.0,11.5,804.0,25.0,241.0,414.0,154.0,14.0,804.0,12.0,3.0,25.0,9.0,75.0,345.0,1731.0,785.0,12.0,10.0,1.0,15.0,3.0,467.0,31.0,2841,es ESP,DF,it Serie A,21-255,2004.0,14,1038,74,67.8,11.5,11,89.0,10,3,19.0,3,1.64,14,11,3,0.26,-1.2,14.3,11.9,2.4,0.2,2261,es ESP,DF,it Serie A,21-255,2004.0,11.5,1,0,0,23,12,0,21,15,17,0.0,0.0,0,32.0,9.0,8.0,52.9,,,,,,,,,,,,,,,,,,,,,,,,,,,,,,,,,,,,,,,,,,,,,,,,,,,,,,Defender,0.0,0.08695652173913043,0.05217391304347826,0.02608695652173913,1.0434782608695652,3.9130434782608696,2.6956521739130435,0.34782608695652173,2.260869565217391,1.3043478260869565,0.43478260869565216,30.0,-1.1584260869565224,4.956521739130435,-0.6,0.2052238805970149,85.63922942206655,33.9,63.95760225695784
2266,Vladyslav Vanat,ua UKR,FW,Girona,es La Liga,24.0,2002.0,15,15,1085,12.1,4,0,4,3,1,1,1,0,4.2,3.4,1.1,4.5,8.0,10.0,35.0,0.25,0.44,2266,ua UKR,FW,es La Liga,24-001,2002.0,12.1,4,14,9,64.3,1.16,0.75,0.21,0.33,14.2,0.0,1,1,4.2,3.4,0.24,-0.2,-0.4,2266,ua UKR,FW,es La Liga,24-001,2002.0,12.1,131.0,177.0,74.0,1905.0,287.0,0,1.1,0.6,-1.1,7.0,6.0,5.0,1.0,10.0,2266,ua UKR,FW,es La Liga,24-001,2002.0,12.1,177.0,145.0,30.0,0.0,2.0,0.0,3,0.0,0.0,0.0,0.0,0.0,131.0,2.0,11.0,2266,ua UKR,FW,es La Liga,24-001,2002.0,12.1,14.0,1.16,10.0,0.0,2.0,1.0,1.0,0.0,2.0,0.17,2266,ua UKR,FW,es La Liga,24-001,2002.0,12.1,3.0,3,0.0,3.0,0.0,3.0,0.0,3.0,7.0,0.0,7.0,2,5.0,11.0,2.0,2266,ua UKR,FW,es La Liga,24-001,2002.0,12.1,266.0,11.0,26.0,134.0,108.0,40.0,265.0,12.0,6.0,50.0,5.0,41.7,144.0,591.0,257.0,8.0,5.0,6.0,24.0,10.0,175.0,35.0,2849,ua UKR,FW,es La Liga,24-001,2002.0,15,1085,72,67.0,12.1,15,72.0,3,0,,0,1.2,11,19,-8,-0.66,0.85,12.9,17.6,-4.7,-0.39,2266,ua UKR,FW,es La Liga,24-001,2002.0,12.1,1,0,0,17,11,6,3,2,3,1.0,0.0,0,18.0,12.0,25.0,32.4,,,,,,,,,,,,,,,,,,,,,,,,,,,,,,,,,,,,,,,,,,,,,,,,,,,,,,Forward,0.3305785123966942,0.0,0.34710743801652894,0.09090909090909093,0.6611570247933884,0.8264462809917356,2.8925619834710745,0.578512396694215,0.24793388429752067,0.1652892561983471,0.4132231404958678,11.900826446280993,-11.904635743801652,1.4876033057851241,-0.20000000000000018,0.43609022556390975,32.40418118466899,1.3,31.98833285752122
2268,Vanderson,br BRA,DF,Monaco,fr Ligue 1,24.0,2001.0,8,5,437,4.9,0,2,2,0,0,0,3,0,0.1,0.1,1.8,1.9,11.0,24.0,32.0,0.41,0.39,2268,br BRA,DF,fr Ligue 1,24-198,2001.0,4.9,0,3,0,0.0,0.62,0.0,0.0,,20.8,0.0,0,0,0.1,0.1,0.04,-0.1,-0.1,2268,br BRA,DF,fr Ligue 1,24-198,2001.0,4.9,225.0,293.0,76.8,4055.0,1591.0,2,1.8,1.4,0.2,9.0,22.0,13.0,7.0,24.0,2268,br BRA,DF,fr Ligue 1,24-198,2001.0,4.9,293.0,251.0,42.0,4.0,2.0,6.0,20,38.0,0.0,0.0,0.0,0.0,225.0,0.0,9.0,2268,br BRA,DF,fr Ligue 1,24-198,2001.0,4.9,15.0,3.09,15.0,0.0,0.0,0.0,0.0,0.0,3.0,0.62,2268,br BRA,DF,fr Ligue 1,24-198,2001.0,4.9,13.0,8,4.0,7.0,2.0,11.0,63.6,4.0,4.0,0.0,4.0,15,28.0,23.0,1.0,2268,br BRA,DF,fr Ligue 1,24-198,2001.0,4.9,366.0,15.0,87.0,169.0,115.0,7.0,366.0,11.0,4.0,36.4,7.0,63.6,172.0,845.0,443.0,11.0,7.0,2.0,2.0,5.0,212.0,32.0,2851,br BRA,DF,fr Ligue 1,24-198,2001.0,8,437,55,28.6,4.9,5,74.0,2,3,22.0,0,1.13,4,8,-4,-0.82,-0.91,6.7,9.0,-2.3,-0.47,2268,br BRA,DF,fr Ligue 1,24-198,2001.0,4.9,3,0,0,11,2,0,20,15,8,0.0,0.0,0,21.0,7.0,1.0,87.5,,,,,,,,,,,,,,,,,,,,,,,,,,,,,,,,,,,,,,,,,,,,,,,,,,,,,,Defender,0.0,0.4081632653061224,0.02040816326530612,0.36734693877551017,2.2448979591836733,4.897959183673469,6.530612244897958,1.8367346938775508,2.6530612244897958,3.061224489795918,2.6530612244897958,35.10204081632653,-2.303134693877551,7.142857142857142,-0.1,0.8442622950819672,79.15936952714536,12.8,70.17674603470334
2276,Robinio Vaz,fr FRA,FW,Marseille,fr Ligue 1,18.0,2007.0,14,3,379,4.2,4,2,6,4,0,0,2,0,2.3,2.3,0.8,3.1,5.0,4.0,36.0,1.42,0.74,2276,fr FRA,FW,fr Ligue 1,18-322,2007.0,4.2,4,8,6,75.0,1.9,1.42,0.5,0.67,9.6,0.0,0,0,2.3,2.3,0.29,1.7,1.7,2276,fr FRA,FW,fr Ligue 1,18-322,2007.0,4.2,54.0,74.0,73.0,720.0,61.0,2,0.8,0.4,1.2,6.0,2.0,1.0,0.0,4.0,2276,fr FRA,FW,fr Ligue 1,18-322,2007.0,4.2,74.0,72.0,2.0,0.0,0.0,0.0,4,0.0,0.0,0.0,0.0,0.0,54.0,0.0,3.0,2276,fr FRA,FW,fr Ligue 1,18-322,2007.0,4.2,16.0,3.8,9.0,0.0,1.0,1.0,5.0,0.0,5.0,1.19,2276,fr FRA,FW,fr Ligue 1,18-322,2007.0,4.2,5.0,4,0.0,2.0,3.0,6.0,16.7,5.0,5.0,0.0,5.0,2,7.0,3.0,0.0,2276,fr FRA,FW,fr Ligue 1,18-322,2007.0,4.2,128.0,2.0,10.0,44.0,74.0,24.0,128.0,3.0,1.0,33.3,2.0,66.7,83.0,326.0,139.0,5.0,2.0,4.0,18.0,6.0,96.0,36.0,2861,fr FRA,FW,fr Ligue 1,18-322,2007.0,14,379,27,24.8,4.2,3,59.0,0,11,18.0,2,1.86,16,6,10,2.37,1.67,10.6,5.3,5.3,1.25,2276,fr FRA,FW,fr Ligue 1,18-322,2007.0,4.2,2,0,0,8,9,3,4,2,4,1.0,0.0,0,8.0,5.0,9.0,35.7,,,,,,,,,,,,,,,,,,,,,,,,,,,,,,,,,,,,,,,,,,,,,,,,,,,,,,Forward,0.9523809523809523,0.47619047619047616,0.5476190476190476,0.19047619047619047,1.1904761904761905,0.9523809523809523,8.571428571428571,1.4285714285714286,1.1904761904761905,0.47619047619047616,0.23809523809523808,19.761904761904763,-8.78521519047619,2.142857142857143,1.7000000000000002,2.96875,62.54355400696864,13.1,55.29934041288121
2278,Jesus Vazquez,es ESP,DF,Valencia,es La Liga,23.0,2003.0,12,4,556,6.2,0,0,0,0,0,0,0,0,0.2,0.2,0.3,0.6,23.0,22.0,45.0,0.0,0.09,2278,es ESP,DF,es La Liga,23-003,2003.0,6.2,0,6,2,33.3,0.97,0.32,0.0,0.0,21.9,0.0,0,0,0.2,0.2,0.04,-0.2,-0.2,2278,es ESP,DF,es La Liga,23-003,2003.0,6.2,245.0,294.0,83.3,3746.0,989.0,0,0.3,0.3,-0.3,6.0,17.0,3.0,0.0,22.0,2278,es ESP,DF,es La Liga,23-003,2003.0,6.2,294.0,233.0,60.0,4.0,0.0,1.0,16,56.0,0.0,0.0,0.0,0.0,245.0,1.0,4.0,2278,es ESP,DF,es La Liga,23-003,2003.0,6.2,15.0,2.42,13.0,0.0,1.0,0.0,1.0,0.0,0.0,0.0,2278,es ESP,DF,es La Liga,23-003,2003.0,6.2,13.0,4,9.0,2.0,2.0,11.0,45.5,6.0,3.0,2.0,1.0,1,14.0,16.0,0.0,2278,es ESP,DF,es La Liga,23-003,2003.0,6.2,367.0,19.0,108.0,145.0,121.0,8.0,367.0,24.0,15.0,62.5,8.0,33.3,199.0,1166.0,691.0,23.0,14.0,4.0,11.0,10.0,219.0,45.0,2863,es ESP,DF,es La Liga,23-003,2003.0,12,556,46,34.3,6.2,4,88.0,3,8,26.0,6,0.83,10,10,0,0.0,1.1,8.5,7.9,0.6,0.09,2278,es ESP,DF,es La Liga,23-003,2003.0,6.2,0,0,0,10,6,1,16,1,4,0.0,0.0,0,31.0,6.0,5.0,54.5,,,,,,,,,,,,,,,,,,,,,,,,,,,,,,,,,,,,,,,,,,,,,,,,,,,,,,Defender,0.0,0.0,0.03225806451612903,0.04838709677419355,3.7096774193548385,3.5483870967741935,7.258064516129032,0.9677419354838709,2.096774193548387,0.16129032258064516,0.48387096774193544,32.096774193548384,-1.3876709677419328,7.258064516129032,-0.2,0.659400544959128,84.0630472854641,21.3,69.30177022709324
2281,Danilo Veiga,pt POR,DF,Lecce,it Serie A,23.0,2002.0,16,13,1271,14.1,0,1,1,0,0,0,4,0,0.1,0.1,0.3,0.4,23.0,62.0,52.0,0.07,0.03,2281,pt POR,DF,it Serie A,23-102,2002.0,14.1,0,2,1,50.0,0.14,0.07,0.0,0.0,9.6,0.0,0,0,0.1,0.1,0.05,-0.1,-0.1,2281,pt POR,DF,it Serie A,23-102,2002.0,14.1,472.0,634.0,74.4,8094.0,3009.0,1,0.3,0.8,0.7,9.0,46.0,18.0,6.0,62.0,2281,pt POR,DF,it Serie A,23-102,2002.0,14.1,634.0,474.0,159.0,16.0,0.0,0.0,33,142.0,1.0,0.0,1.0,0.0,472.0,1.0,20.0,2281,pt POR,DF,it Serie A,23-102,2002.0,14.1,22.0,1.56,15.0,0.0,3.0,0.0,3.0,1.0,2.0,0.14,2281,pt POR,DF,it Serie A,23-102,2002.0,14.1,46.0,21,32.0,14.0,0.0,36.0,72.2,10.0,14.0,3.0,11.0,13,59.0,63.0,4.0,2281,pt POR,DF,it Serie A,23-102,2002.0,14.1,820.0,61.0,226.0,413.0,192.0,5.0,820.0,32.0,8.0,25.0,23.0,71.9,339.0,1595.0,771.0,23.0,18.0,3.0,19.0,11.0,405.0,52.0,2866,pt POR,DF,it Serie A,23-102,2002.0,16,1271,79,83.1,14.1,13,88.0,12,3,41.0,1,1.06,10,17,-7,-0.5,0.89,11.6,17.2,-5.6,-0.39,2281,pt POR,DF,it Serie A,23-102,2002.0,14.1,4,0,0,15,16,0,33,13,21,0.0,0.0,0,38.0,16.0,20.0,44.4,,,,,,,,,,,,,,,,,,,,,,,,,,,,,,,,,,,,,,,,,,,,,,,,,,,,,,Defender,0.0,0.07092198581560284,0.007092198581560284,0.02127659574468085,1.6312056737588654,4.397163120567376,3.6879432624113475,0.6382978723404256,3.2624113475177308,0.9219858156028369,1.2765957446808511,24.04255319148936,0.8652212765957454,6.028368794326242,-0.1,0.19024390243902442,93.16987740805604,38.8,67.12527190782136
2282,Renato Veiga,pt POR,DF,Villarreal,es La Liga,22.0,2003.0,14,11,1013,11.3,0,0,0,0,0,0,1,1,0.2,0.2,0.0,0.2,9.0,39.0,2.0,0.0,0.02,2282,pt POR,DF,es La Liga,22-160,2003.0,11.3,0,7,2,28.6,0.62,0.18,0.0,0.0,19.4,0.0,0,0,0.2,0.2,0.02,-0.2,-0.2,2282,pt POR,DF,es La Liga,22-160,2003.0,11.3,551.0,624.0,88.3,10406.0,3845.0,0,0.0,0.2,0.0,1.0,42.0,2.0,0.0,39.0,2282,pt POR,DF,es La Liga,22-160,2003.0,11.3,624.0,577.0,40.0,21.0,1.0,8.0,2,3.0,0.0,0.0,0.0,0.0,551.0,7.0,1.0,2282,pt POR,DF,es La Liga,22-160,2003.0,11.3,6.0,0.53,6.0,0.0,0.0,0.0,0.0,0.0,0.0,0.0,2282,pt POR,DF,es La Liga,22-160,2003.0,11.3,4.0,1,3.0,0.0,1.0,6.0,66.7,2.0,17.0,12.0,5.0,7,11.0,61.0,0.0,2282,pt POR,DF,es La Liga,22-160,2003.0,11.3,737.0,127.0,385.0,313.0,43.0,7.0,737.0,0.0,0.0,,0.0,,461.0,2139.0,1319.0,9.0,17.0,1.0,8.0,0.0,507.0,2.0,2867,pt POR,DF,es La Liga,22-160,2003.0,14,1013,72,66.2,11.3,11,85.0,10,3,25.0,1,2.07,21,11,10,0.89,-0.5,18.2,13.6,4.6,0.41,2282,pt POR,DF,es La Liga,22-160,2003.0,11.3,1,1,0,7,4,1,2,7,1,0.0,0.0,0,33.0,16.0,16.0,50.0,,,,,,,,,,,,,,,,,,,,,,,,,,,,,,,,,,,,,,,,,,,,,,,,,,,,,,Defender,0.0,0.0,0.017699115044247787,0.0,0.7964601769911503,3.451327433628318,0.17699115044247787,0.08849557522123894,0.35398230088495575,0.6194690265486725,0.17699115044247787,40.79646017699115,-4.631173451327431,4.2477876106194685,-0.2,0.07191316146540028,57.09281961471103,6.6,53.55799213387527
2284,Micky van de Ven,nl NED,DF,Tottenham,eng Premier League,24.0,2001.0,19,19,1699,18.9,3,1,4,3,0,0,4,0,1.8,1.8,0.6,2.5,11.0,45.0,2.0,0.21,0.13,2284,nl NED,DF,eng Premier League,24-261,2001.0,18.9,3,11,3,27.3,0.58,0.16,0.27,1.0,10.3,0.0,0,0,1.8,1.8,0.17,1.2,1.2,2284,nl NED,DF,eng Premier League,24-261,2001.0,18.9,910.0,1013.0,89.8,18383.0,5598.0,1,0.6,0.3,0.4,5.0,49.0,1.0,0.0,45.0,2284,nl NED,DF,eng Premier League,24-261,2001.0,18.9,1013.0,931.0,81.0,18.0,0.0,3.0,1,5.0,0.0,0.0,0.0,0.0,910.0,1.0,1.0,2284,nl NED,DF,eng Premier League,24-261,2001.0,18.9,12.0,0.64,10.0,0.0,0.0,1.0,0.0,1.0,1.0,0.05,2284,nl NED,DF,eng Premier League,24-261,2001.0,18.9,22.0,12,14.0,6.0,2.0,14.0,64.3,5.0,16.0,7.0,9.0,18,40.0,81.0,2.0,2284,nl NED,DF,eng Premier League,24-261,2001.0,18.9,1189.0,188.0,651.0,489.0,57.0,19.0,1189.0,9.0,4.0,44.4,4.0,44.4,663.0,3111.0,1579.0,11.0,10.0,0.0,9.0,3.0,784.0,2.0,2869,nl NED,DF,eng Premier League,24-261,2001.0,19,1699,89,94.4,18.9,19,89.0,18,0,,1,1.37,26,22,4,0.21,0.21,17.8,23.5,-5.7,-0.3,2284,nl NED,DF,eng Premier League,24-261,2001.0,18.9,4,0,0,15,8,0,1,18,12,0.0,0.0,0,71.0,23.0,33.0,41.1,,,,,,,,,,,,,,,,,,,,,,,,,,,,,,,,,,,,,,,,,,,,,,,,,,,,,,Defender,0.15873015873015875,0.052910052910052914,0.09523809523809525,0.031746031746031744,0.5820105820105821,2.380952380952381,0.10582010582010583,0.2645502645502646,1.1640211640211642,0.9523809523809524,0.052910052910052914,35.07936507936508,-7.0372359788359775,2.9629629629629632,1.2,0.05382674516400337,32.22416812609457,1.4,31.779258506996612
2287,Nikolas Veratschnig,at AUT,DF,Mainz 05,de Bundesliga,22.0,2003.0,11,2,271,3.0,0,0,0,0,0,0,2,0,0.0,0.0,0.0,0.1,6.0,9.0,20.0,0.0,0.02,2287,at AUT,DF,de Bundesliga,22-346,2003.0,3.0,0,1,0,0.0,0.33,0.0,0.0,,9.5,0.0,0,0,0.0,0.0,0.04,0.0,0.0,2287,at AUT,DF,de Bundesliga,22-346,2003.0,3.0,89.0,140.0,63.6,1406.0,373.0,0,0.0,0.3,0.0,1.0,5.0,2.0,0.0,9.0,2287,at AUT,DF,de Bundesliga,22-346,2003.0,3.0,140.0,108.0,32.0,1.0,1.0,0.0,8,31.0,0.0,0.0,0.0,0.0,89.0,0.0,8.0,2287,at AUT,DF,de Bundesliga,22-346,2003.0,3.0,6.0,1.99,3.0,0.0,1.0,0.0,2.0,0.0,0.0,0.0,2287,at AUT,DF,de Bundesliga,22-346,2003.0,3.0,5.0,2,5.0,0.0,0.0,6.0,66.7,2.0,5.0,2.0,3.0,7,12.0,9.0,0.0,2287,at AUT,DF,de Bundesliga,22-346,2003.0,3.0,169.0,10.0,43.0,57.0,70.0,7.0,169.0,7.0,5.0,71.4,2.0,28.6,72.0,375.0,167.0,6.0,4.0,3.0,1.0,3.0,82.0,20.0,2874,at AUT,DF,de Bundesliga,22-346,2003.0,11,271,25,20.1,3.0,2,77.0,1,9,13.0,3,0.64,4,6,-2,-0.66,0.25,3.0,7.8,-4.8,-1.59,2287,at AUT,DF,de Bundesliga,22-346,2003.0,3.0,2,0,0,8,6,0,8,7,2,0.0,1.0,0,11.0,3.0,5.0,37.5,,,,,,,,,,,,,,,,,,,,,,,,,,,,,,,,,,,,,,,,,,,,,,,,,,,,,,Defender,0.0,0.0,0.0,0.0,2.0,3.0,6.666666666666667,0.3333333333333333,1.6666666666666667,2.3333333333333335,0.6666666666666666,24.0,-5.649533333333331,5.0,0.0,1.1775147928994083,46.93520140105078,2.2,45.924854599853994
2288,Bart Verbruggen,nl NED,GK,Brighton,eng Premier League,23.0,2002.0,20,20,1800,20.0,0,0,0,0,0,0,3,0,0.0,0.0,0.1,0.1,0.0,0.0,0.0,0.0,0.01,2288,nl NED,GK,eng Premier League,23-140,2002.0,20.0,0,0,0,,0.0,0.0,,,,0.0,0,0,0.0,0.0,,0.0,0.0,2288,nl NED,GK,eng Premier League,23-140,2002.0,20.0,711.0,875.0,81.3,15769.0,9784.0,0,0.1,0.0,-0.1,1.0,14.0,1.0,0.0,0.0,2288,nl NED,GK,eng Premier League,23-140,2002.0,20.0,875.0,801.0,74.0,23.0,0.0,0.0,0,0.0,0.0,0.0,0.0,0.0,711.0,0.0,1.0,2288,nl NED,GK,eng Premier League,23-140,2002.0,20.0,4.0,0.2,4.0,0.0,0.0,0.0,0.0,0.0,0.0,0.0,2288,nl NED,GK,eng Premier League,23-140,2002.0,20.0,1.0,1,1.0,0.0,0.0,1.0,100.0,0.0,0.0,0.0,0.0,0,1.0,8.0,1.0,2288,nl NED,GK,eng Premier League,23-140,2002.0,20.0,923.0,661.0,902.0,22.0,0.0,0.0,923.0,1.0,1.0,100.0,0.0,0.0,680.0,2569.0,1323.0,0.0,0.0,0.0,0.0,0.0,625.0,0.0,2875,nl NED,GK,eng Premier League,23-140,2002.0,20,1800,90,100.0,20.0,20,90.0,20,0,,0,1.4,30,27,3,0.15,,31.7,27.4,4.3,0.21,2288,nl NED,GK,eng Premier League,23-140,2002.0,20.0,3,0,0,1,2,0,0,0,1,0.0,0.0,1,51.0,5.0,0.0,100.0,144.0,nl NED,GK,eng Premier League,23-140,2002.0,20.0,20.0,1800.0,20.0,27.0,1.35,81.0,56.0,70.4,7.0,7.0,6.0,5.0,25.0,4.0,3.0,1.0,0.0,144.0,nl NED,GK,eng Premier League,23-140,2002.0,20.0,27.0,3.0,0.0,3.0,3.0,27.4,0.31,3.4,0.17,52.0,201.0,25.9,824.0,87.0,21.1,28.1,255.0,11.0,4.3,24.0,1.2,14.4,Goalkeeper,0.0,0.0,0.0,0.005,0.0,0.0,0.0,0.05,0.05,0.0,0.05,34.0,-11.5,0.0,0.0,0.021668472372697724,91.33858267716536,39.1,65.66397029271414
2291,Arthur Vermeeren,be BEL,MF,Marseille,fr Ligue 1,20.0,2005.0,10,7,557,6.2,0,1,1,0,0,0,1,1,0.1,0.1,0.2,0.2,7.0,33.0,10.0,0.16,0.04,2291,be BEL,MF,fr Ligue 1,20-332,2005.0,6.2,0,2,0,0.0,0.32,0.0,0.0,,27.3,0.0,0,0,0.1,0.1,0.03,-0.1,-0.1,2291,be BEL,MF,fr Ligue 1,20-332,2005.0,6.2,405.0,459.0,88.2,5972.0,1346.0,1,0.2,0.3,0.8,5.0,42.0,1.0,0.0,33.0,2291,be BEL,MF,fr Ligue 1,20-332,2005.0,6.2,459.0,450.0,9.0,6.0,1.0,0.0,3,2.0,1.0,0.0,0.0,0.0,405.0,0.0,6.0,2291,be BEL,MF,fr Ligue 1,20-332,2005.0,6.2,12.0,1.94,10.0,0.0,0.0,0.0,0.0,2.0,1.0,0.16,2291,be BEL,MF,fr Ligue 1,20-332,2005.0,6.2,17.0,8,6.0,6.0,5.0,18.0,55.6,8.0,10.0,1.0,9.0,5,22.0,7.0,1.0,2291,be BEL,MF,fr Ligue 1,20-332,2005.0,6.2,525.0,16.0,99.0,322.0,105.0,2.0,525.0,6.0,4.0,66.7,2.0,33.3,337.0,1103.0,483.0,7.0,6.0,1.0,10.0,3.0,405.0,10.0,2878,be BEL,MF,fr Ligue 1,20-332,2005.0,10,557,56,36.4,6.2,7,73.0,4,3,16.0,4,1.9,10,5,5,0.81,-0.49,10.3,7.9,2.4,0.38,2291,be BEL,MF,fr Ligue 1,20-332,2005.0,6.2,1,1,0,12,1,0,3,5,8,0.0,0.0,0,39.0,3.0,4.0,42.9,,,,,,,,,,,,,,,,,,,,,,,,,,,,,,,,,,,,,,,,,,,,,,,,,,,,,,Midfielder,0.0,0.16129032258064516,0.016129032258064516,0.03225806451612903,1.129032258064516,5.32258064516129,1.6129032258064515,0.8064516129032258,2.7419354838709675,0.8064516129032258,0.16129032258064516,54.354838709677416,-0.16549987096774288,6.451612903225806,-0.1,0.36952380952380953,89.74358974358975,37.5,65.26806526806527
2300,Jan Virgili,es ESP,"FW,MF",Mallorca,es La Liga,19.0,2006.0,13,10,842,9.4,0,4,4,0,0,0,0,0,1.4,1.4,2.4,3.8,41.0,17.0,79.0,0.43,0.4,2300,es ESP,"FW,MF",es La Liga,19-163,2006.0,9.4,0,16,6,37.5,1.71,0.64,0.0,0.0,20.3,1.0,0,0,1.4,1.4,0.08,-1.4,-1.4,2300,es ESP,"FW,MF",es La Liga,19-163,2006.0,9.4,178.0,243.0,73.3,2539.0,415.0,4,2.4,1.0,1.6,19.0,5.0,6.0,2.0,17.0,2300,es ESP,"FW,MF",es La Liga,19-163,2006.0,9.4,243.0,234.0,8.0,0.0,1.0,1.0,17,5.0,3.0,2.0,0.0,0.0,178.0,1.0,6.0,2300,es ESP,"FW,MF",es La Liga,19-163,2006.0,9.4,32.0,3.42,20.0,1.0,8.0,1.0,2.0,0.0,8.0,0.86,2300,es ESP,"FW,MF",es La Liga,19-163,2006.0,9.4,5.0,2,2.0,1.0,2.0,12.0,16.7,10.0,7.0,1.0,6.0,3,8.0,8.0,0.0,2300,es ESP,"FW,MF",es La Liga,19-163,2006.0,9.4,377.0,8.0,54.0,127.0,214.0,29.0,377.0,71.0,30.0,42.3,36.0,50.7,265.0,2234.0,1113.0,41.0,26.0,15.0,25.0,15.0,269.0,79.0,2895,es ESP,"FW,MF",es La Liga,19-163,2006.0,13,842,65,52.0,9.4,10,78.0,2,3,19.0,0,1.08,14,11,3,0.32,1.36,11.1,12.3,-1.1,-0.12,2300,es ESP,"FW,MF",es La Liga,19-163,2006.0,9.4,0,0,0,7,12,0,17,3,2,1.0,0.0,0,40.0,7.0,11.0,38.9,,,,,,,,,,,,,,,,,,,,,,,,,,,,,,,,,,,,,,,,,,,,,,,,,,,,,,Forward,0.0,0.425531914893617,0.14893617021276595,0.2553191489361702,4.361702127659575,1.8085106382978722,8.404255319148936,2.021276595744681,0.5319148936170213,0.3191489361702127,0.6382978723404255,28.191489361702125,-2.485458170212766,6.170212765957446,-1.4,0.9071618037135277,95.47038327526133,68.4,56.692626648017416
2302,Martin Vitík,cz CZE,DF,Bologna,it Serie A,22.0,2003.0,7,5,495,5.5,0,0,0,0,0,0,2,0,0.2,0.2,0.2,0.4,3.0,27.0,2.0,0.0,0.07,2302,cz CZE,DF,it Serie A,22-349,2003.0,5.5,0,3,0,0.0,0.55,0.0,0.0,,8.7,0.0,0,0,0.2,0.2,0.05,-0.2,-0.2,2302,cz CZE,DF,it Serie A,22-349,2003.0,5.5,240.0,282.0,85.1,4783.0,1554.0,0,0.2,0.1,-0.2,3.0,30.0,1.0,0.0,27.0,2302,cz CZE,DF,it Serie A,22-349,2003.0,5.5,282.0,271.0,11.0,11.0,0.0,0.0,2,0.0,0.0,0.0,0.0,0.0,240.0,0.0,2.0,2302,cz CZE,DF,it Serie A,22-349,2003.0,5.5,7.0,1.27,5.0,0.0,0.0,1.0,0.0,1.0,0.0,0.0,2302,cz CZE,DF,it Serie A,22-349,2003.0,5.5,10.0,7,4.0,5.0,1.0,5.0,100.0,0.0,2.0,0.0,2.0,5,15.0,26.0,1.0,2302,cz CZE,DF,it Serie A,22-349,2003.0,5.5,343.0,19.0,128.0,202.0,15.0,6.0,343.0,2.0,1.0,50.0,1.0,50.0,190.0,841.0,463.0,3.0,3.0,0.0,3.0,0.0,212.0,2.0,2897,cz CZE,DF,it Serie A,22-349,2003.0,7,495,71,32.4,5.5,5,81.0,4,2,45.0,7,1.57,6,5,1,0.18,-0.43,5.9,6.6,-0.7,-0.12,2302,cz CZE,DF,it Serie A,22-349,2003.0,5.5,2,0,0,10,2,0,2,5,7,0.0,0.0,0,14.0,21.0,10.0,67.7,,,,,,,,,,,,,,,,,,,,,,,,,,,,,,,,,,,,,,,,,,,,,,,,,,,,,,Defender,0.0,0.0,0.03636363636363637,0.03636363636363637,0.5454545454545454,4.909090909090909,0.36363636363636365,0.5454545454545454,1.8181818181818181,0.9090909090909091,0.18181818181818182,34.54545454545455,0.11118181818182116,5.454545454545454,-0.2,0.37026239067055394,91.24343257443083,22.7,74.36302573303246
2310,Cristian Volpato,it ITA,"FW,MF",Sassuolo,it Serie A,22.0,2003.0,12,6,621,6.9,1,4,5,1,0,0,2,0,0.9,0.9,1.7,2.6,26.0,23.0,37.0,0.72,0.37,2310,it ITA,"FW,MF",it Serie A,22-051,2003.0,6.9,1,10,3,30.0,1.45,0.43,0.1,0.33,18.1,0.0,0,0,0.9,0.9,0.09,0.1,0.1,2310,it ITA,"FW,MF",it Serie A,22-051,2003.0,6.9,185.0,250.0,74.0,3234.0,921.0,4,1.7,1.1,2.3,11.0,17.0,6.0,3.0,23.0,2310,it ITA,"FW,MF",it Serie A,22-051,2003.0,6.9,250.0,217.0,33.0,12.0,2.0,2.0,34,4.0,17.0,7.0,8.0,0.0,185.0,0.0,4.0,2310,it ITA,"FW,MF",it Serie A,22-051,2003.0,6.9,28.0,4.05,21.0,4.0,3.0,0.0,0.0,0.0,5.0,0.72,2310,it ITA,"FW,MF",it Serie A,22-051,2003.0,6.9,6.0,5,1.0,5.0,0.0,7.0,42.9,4.0,6.0,1.0,5.0,2,8.0,6.0,0.0,2310,it ITA,"FW,MF",it Serie A,22-051,2003.0,6.9,329.0,4.0,44.0,163.0,127.0,15.0,329.0,33.0,14.0,42.4,18.0,54.5,192.0,1341.0,675.0,26.0,15.0,6.0,17.0,13.0,229.0,37.0,2905,it ITA,"FW,MF",it Serie A,22-051,2003.0,12,621,52,38.3,6.9,6,75.0,0,6,28.0,3,1.25,13,9,4,0.58,0.85,8.3,10.0,-1.7,-0.24,2310,it ITA,"FW,MF",it Serie A,22-051,2003.0,6.9,2,0,0,11,5,0,34,2,5,0.0,0.0,0,30.0,4.0,7.0,36.4,,,,,,,,,,,,,,,,,,,,,,,,,,,,,,,,,,,,,,,,,,,,,,,,,,,,,,Forward,0.14492753623188406,0.5797101449275363,0.13043478260869565,0.24637681159420288,3.7681159420289854,3.333333333333333,5.36231884057971,1.5942028985507246,0.8695652173913043,0.2898550724637681,0.8695652173913043,27.82608695652174,-5.730132434782609,7.101449275362318,0.09999999999999998,1.2310030395136777,84.8432055749129,30.5,65.01395063211717
2311,Alexis Vossah,fr FRA,MF,Toulouse,fr Ligue 1,17.0,2008.0,13,5,552,6.1,1,1,2,1,0,0,1,1,0.5,0.5,0.3,0.8,1.0,10.0,9.0,0.33,0.13,2311,fr FRA,MF,fr Ligue 1,17-300,2008.0,6.1,1,7,2,28.6,1.14,0.33,0.14,0.5,19.3,0.0,0,0,0.5,0.5,0.08,0.5,0.5,2311,fr FRA,MF,fr Ligue 1,17-300,2008.0,6.1,137.0,188.0,72.9,1924.0,538.0,1,0.3,0.3,0.7,3.0,13.0,1.0,0.0,10.0,2311,fr FRA,MF,fr Ligue 1,17-300,2008.0,6.1,188.0,178.0,9.0,0.0,0.0,0.0,6,3.0,3.0,3.0,0.0,0.0,137.0,1.0,5.0,2311,fr FRA,MF,fr Ligue 1,17-300,2008.0,6.1,5.0,0.82,4.0,1.0,0.0,0.0,0.0,0.0,1.0,0.16,2311,fr FRA,MF,fr Ligue 1,17-300,2008.0,6.1,7.0,3,0.0,5.0,2.0,8.0,50.0,4.0,6.0,1.0,5.0,4,11.0,11.0,1.0,2311,fr FRA,MF,fr Ligue 1,17-300,2008.0,6.1,238.0,15.0,50.0,131.0,57.0,8.0,238.0,5.0,3.0,60.0,2.0,40.0,102.0,336.0,121.0,1.0,3.0,3.0,8.0,6.0,132.0,9.0,2906,fr FRA,MF,fr Ligue 1,17-300,2008.0,13,552,42,36.1,6.1,5,78.0,2,8,21.0,2,1.23,11,5,6,0.98,1.35,8.8,6.5,2.3,0.38,2311,fr FRA,MF,fr Ligue 1,17-300,2008.0,6.1,1,1,0,8,4,0,6,4,3,0.0,0.0,0,13.0,9.0,4.0,69.2,,,,,,,,,,,,,,,,,,,,,,,,,,,,,,,,,,,,,,,,,,,,,,,,,,,,,,Midfielder,0.1639344262295082,0.1639344262295082,0.0819672131147541,0.04918032786885246,0.1639344262295082,1.639344262295082,1.4754098360655739,0.49180327868852464,1.1475409836065575,0.6557377049180328,0.1639344262295082,16.721311475409838,-4.113247737704917,1.8032786885245902,0.5,0.3445378151260504,58.83940620782726,10.9,53.05627250480366
2312,Aster Vranckx,be BEL,MF,Sassuolo,it Serie A,23.0,2002.0,10,7,507,5.6,0,0,0,0,0,0,1,0,0.0,0.0,0.1,0.1,3.0,10.0,9.0,0.0,0.03,2312,be BEL,MF,it Serie A,23-093,2002.0,5.6,0,2,0,0.0,0.36,0.0,0.0,,27.0,0.0,0,0,0.0,0.0,0.02,0.0,0.0,2312,be BEL,MF,it Serie A,23-093,2002.0,5.6,145.0,181.0,80.1,2212.0,425.0,0,0.1,0.1,-0.1,2.0,4.0,1.0,1.0,10.0,2312,be BEL,MF,it Serie A,23-093,2002.0,5.6,181.0,177.0,3.0,0.0,0.0,2.0,4,0.0,1.0,0.0,0.0,0.0,145.0,1.0,4.0,2312,be BEL,MF,it Serie A,23-093,2002.0,5.6,5.0,0.89,4.0,0.0,0.0,0.0,1.0,0.0,0.0,0.0,2312,be BEL,MF,it Serie A,23-093,2002.0,5.6,9.0,4,0.0,8.0,1.0,8.0,37.5,5.0,6.0,0.0,6.0,0,9.0,8.0,0.0,2312,be BEL,MF,it Serie A,23-093,2002.0,5.6,237.0,5.0,55.0,122.0,61.0,4.0,237.0,8.0,3.0,37.5,3.0,37.5,137.0,526.0,184.0,3.0,6.0,0.0,13.0,5.0,167.0,9.0,2907,be BEL,MF,it Serie A,23-093,2002.0,10,507,51,31.3,5.6,7,62.0,0,3,25.0,4,1.3,3,5,-2,-0.36,-0.6,2.5,7.6,-5.1,-0.9,2312,be BEL,MF,it Serie A,23-093,2002.0,5.6,1,0,0,11,16,1,4,0,4,0.0,0.0,0,13.0,5.0,2.0,71.4,,,,,,,,,,,,,,,,,,,,,,,,,,,,,,,,,,,,,,,,,,,,,,,,,,,,,,Midfielder,0.0,0.0,0.0,0.01785714285714286,0.5357142857142857,1.7857142857142858,1.6071428571428572,0.35714285714285715,1.6071428571428572,0.0,0.17857142857142858,24.464285714285715,-5.918770857142858,2.3214285714285716,0.0,0.3755274261603376,44.12955465587044,2.9,42.88586458296447
2314,İsak Vural,tr TUR,MF,Pisa,it Serie A,19.0,2006.0,9,5,434,4.8,0,0,0,0,0,0,3,0,0.2,0.2,0.0,0.2,6.0,5.0,9.0,0.0,0.04,2314,tr TUR,MF,it Serie A,19-222,2006.0,4.8,0,3,0,0.0,0.62,0.0,0.0,,15.9,0.0,0,0,0.2,0.2,0.05,-0.2,-0.2,2314,tr TUR,MF,it Serie A,19-222,2006.0,4.8,102.0,127.0,80.3,1811.0,477.0,0,0.0,0.1,0.0,2.0,10.0,0.0,0.0,5.0,2314,tr TUR,MF,it Serie A,19-222,2006.0,4.8,127.0,114.0,13.0,9.0,0.0,1.0,5,0.0,1.0,0.0,1.0,0.0,102.0,0.0,0.0,2314,tr TUR,MF,it Serie A,19-222,2006.0,4.8,10.0,2.07,4.0,1.0,0.0,0.0,5.0,0.0,1.0,0.21,2314,tr TUR,MF,it Serie A,19-222,2006.0,4.8,5.0,3,3.0,2.0,0.0,6.0,50.0,3.0,5.0,3.0,2.0,2,7.0,7.0,1.0,2314,tr TUR,MF,it Serie A,19-222,2006.0,4.8,180.0,11.0,38.0,115.0,30.0,3.0,180.0,15.0,5.0,33.3,6.0,40.0,98.0,490.0,249.0,6.0,5.0,0.0,7.0,2.0,105.0,9.0,2910,tr TUR,MF,it Serie A,19-222,2006.0,9,434,48,26.8,4.8,5,73.0,1,4,18.0,5,0.89,4,9,-5,-1.04,-0.51,3.7,7.3,-3.6,-0.74,2314,tr TUR,MF,it Serie A,19-222,2006.0,4.8,3,0,0,9,21,0,5,2,3,1.0,0.0,0,19.0,4.0,5.0,44.4,,,,,,,,,,,,,,,,,,,,,,,,,,,,,,,,,,,,,,,,,,,,,,,,,,,,,,Midfielder,0.0,0.0,0.04166666666666667,0.0,1.25,1.0416666666666667,1.875,0.4166666666666667,1.0416666666666667,0.4166666666666667,0.0,20.416666666666668,-5.007015333333333,2.291666666666667,-0.2,1.15,50.472334682860996,5.2,47.97750445138878
2315,Luka Vušković,hr CRO,DF,Hamburger SV,de Bundesliga,18.0,2007.0,13,13,1170,13.0,2,0,2,2,0,0,3,0,1.2,1.2,0.3,1.5,8.0,34.0,6.0,0.15,0.11,2315,hr CRO,DF,de Bundesliga,18-315,2007.0,13.0,2,11,2,18.2,0.85,0.15,0.18,1.0,10.6,0.0,0,0,1.2,1.2,0.11,0.8,0.8,2315,hr CRO,DF,de Bundesliga,18-315,2007.0,13.0,657.0,775.0,84.8,13036.0,4233.0,0,0.3,0.3,-0.3,8.0,27.0,0.0,0.0,34.0,2315,hr CRO,DF,de Bundesliga,18-315,2007.0,13.0,775.0,718.0,55.0,37.0,0.0,11.0,2,4.0,0.0,0.0,0.0,0.0,657.0,2.0,5.0,2315,hr CRO,DF,de Bundesliga,18-315,2007.0,13.0,13.0,1.0,11.0,0.0,0.0,1.0,1.0,0.0,0.0,0.0,2315,hr CRO,DF,de Bundesliga,18-315,2007.0,13.0,10.0,7,8.0,2.0,0.0,6.0,33.3,4.0,22.0,14.0,8.0,13,23.0,112.0,2.0,2315,hr CRO,DF,de Bundesliga,18-315,2007.0,13.0,978.0,160.0,499.0,444.0,40.0,20.0,978.0,4.0,3.0,75.0,0.0,0.0,557.0,2951.0,1517.0,8.0,2.0,0.0,10.0,10.0,592.0,6.0,2912,hr CRO,DF,de Bundesliga,18-315,2007.0,13,1170,90,86.7,13.0,13,90.0,13,0,,1,1.15,16,23,-7,-0.54,0.46,17.3,19.7,-2.3,-0.18,2315,hr CRO,DF,de Bundesliga,18-315,2007.0,13.0,3,0,0,14,19,0,2,13,7,0.0,0.0,0,53.0,66.0,14.0,82.5,,,,,,,,,,,,,,,,,,,,,,,,,,,,,,,,,,,,,,,,,,,,,,,,,,,,,,Defender,0.15384615384615385,0.0,0.0923076923076923,0.023076923076923075,0.6153846153846154,2.6153846153846154,0.46153846153846156,0.6153846153846154,0.7692307692307693,1.0,0.0,42.84615384615385,-4.126438461538461,3.230769230769231,0.8,0.10224948875255625,61.471103327495626,13.4,54.20732215828538
2318,Elye Wahi,fr FRA,FW,Eint Frankfurt,de Bundesliga,23.0,2003.0,10,3,324,3.6,0,1,1,0,0,0,1,0,0.8,0.8,0.3,1.1,6.0,10.0,21.0,0.28,0.31,2318,fr FRA,FW,de Bundesliga,23-003,2003.0,3.6,0,7,3,42.9,1.94,0.83,0.0,0.0,12.7,0.0,0,0,0.8,0.8,0.11,-0.8,-0.8,2318,fr FRA,FW,de Bundesliga,23-003,2003.0,3.6,66.0,85.0,77.6,909.0,189.0,1,0.3,0.1,0.7,4.0,7.0,3.0,0.0,10.0,2318,fr FRA,FW,de Bundesliga,23-003,2003.0,3.6,85.0,75.0,10.0,0.0,0.0,0.0,6,0.0,0.0,0.0,0.0,0.0,66.0,0.0,1.0,2318,fr FRA,FW,de Bundesliga,23-003,2003.0,3.6,8.0,2.22,7.0,0.0,0.0,0.0,1.0,0.0,2.0,0.56,2318,fr FRA,FW,de Bundesliga,23-003,2003.0,3.6,2.0,1,0.0,1.0,1.0,0.0,,0.0,3.0,1.0,2.0,0,2.0,0.0,0.0,2318,fr FRA,FW,de Bundesliga,23-003,2003.0,3.6,123.0,1.0,5.0,60.0,58.0,16.0,123.0,7.0,1.0,14.3,6.0,85.7,70.0,268.0,102.0,6.0,2.0,3.0,14.0,6.0,93.0,21.0,2915,fr FRA,FW,de Bundesliga,23-003,2003.0,10,324,32,24.0,3.6,3,75.0,0,7,14.0,2,1.9,7,13,-6,-1.67,-2.19,4.4,5.7,-1.4,-0.38,2318,fr FRA,FW,de Bundesliga,23-003,2003.0,3.6,1,0,0,2,4,4,6,0,1,0.0,0.0,0,5.0,6.0,8.0,42.9,,,,,,,,,,,,,,,,,,,,,,,,,,,,,,,,,,,,,,,,,,,,,,,,,,,,,,Forward,0.0,0.2777777777777778,0.22222222222222224,0.08333333333333333,1.6666666666666665,2.7777777777777777,5.833333333333333,1.1111111111111112,0.5555555555555556,0.0,0.8333333333333333,19.444444444444443,-10.120187555555557,4.444444444444445,-0.8,1.804878048780488,49.47735191637631,3.7,47.71200763392122
2330,Nelson Weiper,de GER,FW,Mainz 05,de Bundesliga,20.0,2005.0,13,3,437,4.9,0,0,0,0,0,0,0,0,1.3,1.3,0.3,1.5,5.0,9.0,32.0,0.0,0.31,2330,de GER,FW,de Bundesliga,20-294,2005.0,4.9,0,7,3,42.9,1.44,0.62,0.0,0.0,11.5,0.0,0,0,1.3,1.3,0.18,-1.3,-1.3,2330,de GER,FW,de Bundesliga,20-294,2005.0,4.9,66.0,105.0,62.9,896.0,173.0,0,0.3,0.2,-0.3,4.0,4.0,2.0,0.0,9.0,2330,de GER,FW,de Bundesliga,20-294,2005.0,4.9,105.0,97.0,8.0,0.0,0.0,0.0,4,0.0,0.0,0.0,0.0,0.0,66.0,0.0,3.0,2330,de GER,FW,de Bundesliga,20-294,2005.0,4.9,6.0,1.24,5.0,0.0,0.0,1.0,0.0,0.0,0.0,0.0,2330,de GER,FW,de Bundesliga,20-294,2005.0,4.9,1.0,0,0.0,1.0,0.0,2.0,0.0,2.0,1.0,0.0,1.0,1,2.0,3.0,0.0,2330,de GER,FW,de Bundesliga,20-294,2005.0,4.9,157.0,2.0,15.0,65.0,79.0,21.0,157.0,8.0,2.0,25.0,6.0,75.0,67.0,358.0,65.0,5.0,2.0,4.0,18.0,9.0,118.0,32.0,2928,de GER,FW,de Bundesliga,20-294,2005.0,13,437,34,32.4,4.9,3,83.0,2,10,19.0,0,0.62,1,8,-7,-1.44,-0.85,5.5,9.1,-3.6,-0.75,2330,de GER,FW,de Bundesliga,20-294,2005.0,4.9,0,0,0,5,2,5,4,1,0,0.0,0.0,0,12.0,26.0,35.0,42.6,,,,,,,,,,,,,,,,,,,,,,,,,,,,,,,,,,,,,,,,,,,,,,,,,,,,,,Forward,0.0,0.0,0.2653061224489796,0.06122448979591836,1.0204081632653061,1.8367346938775508,6.530612244897958,0.8163265306122448,0.2040816326530612,0.2040816326530612,0.4081632653061224,13.673469387755102,-8.979613224489796,2.8571428571428568,-1.3,0.7898089171974522,61.14982578397212,9.7,55.742776466702026
2333,Wesley,br BRA,DF,Roma,it Serie A,22.0,2003.0,16,15,1317,14.6,3,0,3,3,0,0,4,0,1.2,1.2,2.9,4.1,44.0,52.0,128.0,0.21,0.28,2333,br BRA,DF,it Serie A,22-121,2003.0,14.6,3,16,8,50.0,1.09,0.55,0.19,0.38,17.6,0.0,0,0,1.2,1.2,0.08,1.8,1.8,2333,br BRA,DF,it Serie A,22-121,2003.0,14.6,573.0,743.0,77.1,8329.0,2700.0,0,2.9,2.7,-2.9,20.0,31.0,20.0,9.0,52.0,2333,br BRA,DF,it Serie A,22-121,2003.0,14.6,743.0,612.0,129.0,6.0,1.0,2.0,56,123.0,0.0,0.0,0.0,0.0,573.0,2.0,16.0,2333,br BRA,DF,it Serie A,22-121,2003.0,14.6,40.0,2.73,34.0,1.0,0.0,2.0,1.0,2.0,1.0,0.07,2333,br BRA,DF,it Serie A,22-121,2003.0,14.6,33.0,22,19.0,10.0,4.0,38.0,52.6,18.0,20.0,5.0,15.0,9,42.0,33.0,0.0,2333,br BRA,DF,it Serie A,22-121,2003.0,14.6,941.0,33.0,184.0,398.0,367.0,40.0,941.0,40.0,9.0,22.5,28.0,70.0,496.0,2584.0,1481.0,44.0,25.0,16.0,28.0,15.0,568.0,128.0,2933,br BRA,DF,it Serie A,22-121,2003.0,16,1317,82,81.3,14.6,15,85.0,7,1,45.0,0,1.88,18,7,11,0.75,1.64,18.6,16.3,2.4,0.16,2333,br BRA,DF,it Serie A,22-121,2003.0,14.6,4,0,0,18,31,1,56,9,22,0.0,0.0,0,62.0,11.0,17.0,39.3,,,,,,,,,,,,,,,,,,,,,,,,,,,,,,,,,,,,,,,,,,,,,,,,,,,,,,Defender,0.20547945205479454,0.0,0.0821917808219178,0.19863013698630136,3.0136986301369864,3.5616438356164384,8.767123287671232,1.36986301369863,2.26027397260274,0.6164383561643836,1.36986301369863,33.97260273972603,-1.2666589041095868,6.575342465753425,1.8,0.29011689691817216,85.28896672504378,29.0,66.11547808142929
2334,Adam Wharton,eng ENG,MF,Crystal Palace,eng Premier League,21.0,2004.0,18,18,1472,16.4,0,2,2,0,0,0,2,0,0.9,0.9,3.7,4.6,21.0,95.0,15.0,0.12,0.28,2334,eng ENG,MF,eng Premier League,21-333,2004.0,16.4,0,16,3,18.8,0.98,0.18,0.0,0.0,22.9,0.0,0,0,0.9,0.9,0.05,-0.9,-0.9,2334,eng ENG,MF,eng Premier League,21-333,2004.0,16.4,558.0,747.0,74.7,10590.0,4242.0,2,3.7,4.0,-1.7,24.0,76.0,22.0,2.0,95.0,2334,eng ENG,MF,eng Premier League,21-333,2004.0,16.4,747.0,686.0,52.0,24.0,10.0,4.0,52,0.0,28.0,27.0,0.0,0.0,558.0,9.0,9.0,2334,eng ENG,MF,eng Premier League,21-333,2004.0,16.4,60.0,3.67,38.0,13.0,2.0,1.0,1.0,5.0,6.0,0.37,2334,eng ENG,MF,eng Premier League,21-333,2004.0,16.4,40.0,27,18.0,19.0,3.0,38.0,47.4,20.0,12.0,2.0,10.0,18,58.0,25.0,0.0,2334,eng ENG,MF,eng Premier League,21-333,2004.0,16.4,905.0,31.0,206.0,512.0,204.0,15.0,905.0,21.0,9.0,42.9,9.0,42.9,455.0,2039.0,1112.0,21.0,19.0,2.0,16.0,12.0,519.0,15.0,2934,eng ENG,MF,eng Premier League,21-333,2004.0,18,1472,82,81.8,16.4,18,82.0,8,0,,0,1.28,17,22,-5,-0.31,-1.4,26.8,21.4,5.4,0.33,2334,eng ENG,MF,eng Premier League,21-333,2004.0,16.4,2,0,0,13,19,0,52,18,27,0.0,0.0,0,94.0,15.0,17.0,46.9,,,,,,,,,,,,,,,,,,,,,,,,,,,,,,,,,,,,,,,,,,,,,,,,,,,,,,Midfielder,0.0,0.12195121951219513,0.05487804878048781,0.225609756097561,1.2804878048780488,5.7926829268292686,0.9146341463414634,1.4634146341463417,2.439024390243903,1.0975609756097562,1.3414634146341464,27.743902439024392,0.13053646341463399,7.073170731707318,-0.9,0.40552486187845305,91.63292847503374,65.6,55.33389400666289
2339,Neco Williams,wls WAL,DF,Nott'ham Forest,eng Premier League,24.0,2001.0,20,20,1800,20.0,1,1,2,1,0,0,4,0,1.2,1.2,2.1,3.2,36.0,85.0,91.0,0.1,0.16,2339,wls WAL,DF,eng Premier League,24-267,2001.0,20.0,1,21,10,47.6,1.05,0.5,0.05,0.1,21.3,1.0,0,0,1.2,1.2,0.06,-0.2,-0.2,2339,wls WAL,DF,eng Premier League,24-267,2001.0,20.0,798.0,1027.0,77.7,12395.0,4022.0,1,2.1,1.9,-1.1,19.0,54.0,19.0,12.0,85.0,2339,wls WAL,DF,eng Premier League,24-267,2001.0,20.0,1027.0,837.0,184.0,13.0,0.0,5.0,77,168.0,3.0,3.0,0.0,0.0,798.0,6.0,28.0,2339,wls WAL,DF,eng Premier League,24-267,2001.0,20.0,43.0,2.15,29.0,2.0,4.0,4.0,3.0,1.0,2.0,0.1,2339,wls WAL,DF,eng Premier League,24-267,2001.0,20.0,62.0,41,36.0,17.0,9.0,64.0,59.4,26.0,29.0,10.0,19.0,21,83.0,47.0,1.0,2339,wls WAL,DF,eng Premier League,24-267,2001.0,20.0,1282.0,61.0,399.0,526.0,368.0,31.0,1282.0,45.0,20.0,44.4,18.0,40.0,656.0,3273.0,1794.0,36.0,33.0,4.0,25.0,19.0,719.0,91.0,2940,wls WAL,DF,eng Premier League,24-267,2001.0,20,1800,90,100.0,20.0,20,90.0,20,0,,0,0.9,19,33,-14,-0.7,,23.2,28.6,-5.4,-0.27,2339,wls WAL,DF,eng Premier League,24-267,2001.0,20.0,4,0,0,17,33,1,77,21,41,0.0,0.0,0,90.0,19.0,19.0,50.0,,,,,,,,,,,,,,,,,,,,,,,,,,,,,,,,,,,,,,,,,,,,,,,,,,,,,,Defender,0.05,0.05,0.06,0.10500000000000001,1.8,4.25,4.55,0.95,3.1,1.05,0.95,32.8,-0.34223999999999677,6.05,-0.19999999999999996,0.16770670826833073,89.66725043782837,45.1,61.79686453330694
2340,Nico Williams,es ESP,FW,Athletic Club,es La Liga,23.0,2002.0,15,12,1057,11.7,3,2,5,2,1,2,1,0,4.1,2.5,3.5,6.1,73.0,33.0,122.0,0.34,0.65,2340,es ESP,FW,es La Liga,23-177,2002.0,11.7,3,25,8,32.0,2.13,0.68,0.08,0.25,16.8,0.0,1,2,4.1,2.5,0.1,-1.1,-0.5,2340,es ESP,FW,es La Liga,23-177,2002.0,11.7,282.0,396.0,71.2,3992.0,924.0,2,3.5,4.1,-1.5,23.0,11.0,23.0,5.0,33.0,2340,es ESP,FW,es La Liga,23-177,2002.0,11.7,396.0,377.0,18.0,4.0,2.0,3.0,41,3.0,11.0,3.0,5.0,0.0,282.0,1.0,20.0,2340,es ESP,FW,es La Liga,23-177,2002.0,11.7,51.0,4.35,38.0,1.0,10.0,0.0,2.0,0.0,7.0,0.6,2340,es ESP,FW,es La Liga,23-177,2002.0,11.7,10.0,6,2.0,4.0,4.0,19.0,21.1,15.0,18.0,0.0,18.0,5,15.0,7.0,0.0,2340,es ESP,FW,es La Liga,23-177,2002.0,11.7,601.0,9.0,43.0,229.0,346.0,76.0,599.0,98.0,39.0,39.8,51.0,52.0,395.0,3014.0,1718.0,73.0,42.0,31.0,49.0,18.0,428.0,122.0,2941,es ESP,FW,es La Liga,23-177,2002.0,15,1057,70,61.8,11.7,12,78.0,2,3,40.0,0,1.53,13,16,-3,-0.26,0.43,16.9,11.9,5.0,0.43,2340,es ESP,FW,es La Liga,23-177,2002.0,11.7,1,0,0,14,17,4,41,5,6,1.0,0.0,0,60.0,3.0,7.0,30.0,,,,,,,,,,,,,,,,,,,,,,,,,,,,,,,,,,,,,,,,,,,,,,,,,,,,,,Forward,0.25641025641025644,0.17094017094017094,0.3504273504273504,0.29914529914529914,6.239316239316239,2.8205128205128207,10.427350427350428,1.965811965811966,0.8547008547008548,0.4273504273504274,1.965811965811966,33.76068376068376,-0.39931820512820515,9.05982905982906,-1.0999999999999996,0.7237936772046588,97.73519163763066,63.8,59.667394162167675
2341,Estêvão Willian,br BRA,FW,Chelsea,eng Premier League,18.0,2007.0,17,8,610,6.8,1,1,2,1,0,0,3,0,2.3,2.3,2.0,4.4,31.0,17.0,73.0,0.3,0.64,2341,br BRA,FW,eng Premier League,18-256,2007.0,6.8,1,20,5,25.0,2.95,0.74,0.05,0.2,15.1,0.0,0,0,2.3,2.3,0.12,-1.3,-1.3,2341,br BRA,FW,eng Premier League,18-256,2007.0,6.8,176.0,222.0,79.3,2703.0,636.0,1,2.0,2.1,-1.0,13.0,9.0,9.0,3.0,17.0,2341,br BRA,FW,eng Premier League,18-256,2007.0,6.8,222.0,208.0,14.0,1.0,1.0,0.0,12,1.0,11.0,6.0,0.0,0.0,176.0,0.0,7.0,2341,br BRA,FW,eng Premier League,18-256,2007.0,6.8,32.0,4.72,21.0,0.0,7.0,3.0,1.0,0.0,5.0,0.74,2341,br BRA,FW,eng Premier League,18-256,2007.0,6.8,9.0,5,5.0,3.0,1.0,13.0,30.8,9.0,5.0,0.0,5.0,2,11.0,3.0,0.0,2341,br BRA,FW,eng Premier League,18-256,2007.0,6.8,331.0,4.0,29.0,130.0,181.0,49.0,331.0,55.0,23.0,41.8,31.0,56.4,227.0,1543.0,878.0,31.0,15.0,22.0,19.0,12.0,241.0,73.0,2942,br BRA,FW,eng Premier League,18-256,2007.0,17,610,36,33.9,6.8,8,54.0,0,9,19.0,1,1.53,14,8,6,0.89,0.51,14.6,7.3,7.3,1.07,2341,br BRA,FW,eng Premier League,18-256,2007.0,6.8,3,0,0,10,6,3,12,2,5,1.0,0.0,0,28.0,2.0,8.0,20.0,,,,,,,,,,,,,,,,,,,,,,,,,,,,,,,,,,,,,,,,,,,,,,,,,,,,,,Forward,0.14705882352941177,0.14705882352941177,0.338235294117647,0.29411764705882354,4.5588235294117645,2.5,10.73529411764706,1.911764705882353,1.3235294117647058,0.29411764705882354,1.3235294117647058,33.38235294117647,-1.613315882352941,7.0588235294117645,-1.2999999999999998,1.4259818731117824,96.16724738675958,120.9,43.534290351634034
2345,Patrick Wimmer,at AUT,FW,Wolfsburg,de Bundesliga,24.0,2001.0,12,10,785,8.7,3,3,6,3,0,0,3,0,1.9,1.9,0.8,2.6,14.0,26.0,47.0,0.69,0.3,2345,at AUT,FW,de Bundesliga,24-220,2001.0,8.7,3,13,6,46.2,1.49,0.69,0.23,0.5,17.2,0.0,0,0,1.9,1.9,0.15,1.1,1.1,2345,at AUT,FW,de Bundesliga,24-220,2001.0,8.7,161.0,244.0,66.0,2465.0,812.0,3,0.8,0.6,2.2,5.0,19.0,7.0,0.0,26.0,2345,at AUT,FW,de Bundesliga,24-220,2001.0,8.7,244.0,224.0,19.0,4.0,1.0,1.0,15,4.0,11.0,7.0,3.0,0.0,161.0,1.0,8.0,2345,at AUT,FW,de Bundesliga,24-220,2001.0,8.7,16.0,1.83,11.0,2.0,0.0,0.0,2.0,1.0,4.0,0.46,2345,at AUT,FW,de Bundesliga,24-220,2001.0,8.7,20.0,11,7.0,9.0,4.0,21.0,38.1,13.0,19.0,0.0,19.0,11,31.0,10.0,0.0,2345,at AUT,FW,de Bundesliga,24-220,2001.0,8.7,378.0,10.0,68.0,170.0,150.0,20.0,378.0,29.0,13.0,44.8,14.0,48.3,210.0,1305.0,579.0,14.0,14.0,7.0,26.0,18.0,230.0,47.0,2946,at AUT,FW,de Bundesliga,24-220,2001.0,12,785,65,58.1,8.7,10,73.0,2,2,30.0,0,1.25,17,15,2,0.23,1.34,12.8,12.4,0.4,0.04,2345,at AUT,FW,de Bundesliga,24-220,2001.0,8.7,3,0,0,17,18,0,15,11,11,0.0,0.0,0,31.0,11.0,31.0,26.2,,,,,,,,,,,,,,,,,,,,,,,,,,,,,,,,,,,,,,,,,,,,,,,,,,,,,,Forward,0.3448275862068966,0.3448275862068966,0.21839080459770116,0.09195402298850576,1.6091954022988506,2.988505747126437,5.402298850574713,0.574712643678161,2.298850574712644,1.264367816091954,0.8045977011494253,24.13793103448276,-10.545718390804597,4.597701149425288,1.1,0.4841269841269842,46.51567944250871,4.1,44.6836498006808
2348,Florian Wirtz,de GER,"MF,FW",Liverpool,eng Premier League,22.0,2003.0,19,15,1315,14.6,2,1,3,2,0,0,1,0,4.1,4.1,2.3,6.4,32.0,98.0,154.0,0.21,0.44,2348,de GER,"MF,FW",eng Premier League,22-247,2003.0,14.6,2,28,9,32.1,1.92,0.62,0.07,0.22,16.1,1.0,0,0,4.1,4.1,0.15,-2.1,-2.1,2348,de GER,"MF,FW",eng Premier League,22-247,2003.0,14.6,680.0,831.0,81.8,9518.0,2403.0,1,2.3,2.8,-1.3,33.0,56.0,27.0,0.0,98.0,2348,de GER,"MF,FW",eng Premier League,22-247,2003.0,14.6,831.0,781.0,44.0,6.0,3.0,2.0,23,15.0,17.0,7.0,5.0,0.0,680.0,6.0,14.0,2348,de GER,"MF,FW",eng Premier League,22-247,2003.0,14.6,63.0,4.31,55.0,3.0,3.0,1.0,1.0,0.0,3.0,0.21,2348,de GER,"MF,FW",eng Premier League,22-247,2003.0,14.6,23.0,19,7.0,10.0,6.0,25.0,52.0,12.0,21.0,0.0,21.0,6,29.0,8.0,1.0,2348,de GER,"MF,FW",eng Premier League,22-247,2003.0,14.6,991.0,7.0,86.0,411.0,504.0,77.0,991.0,46.0,25.0,54.3,18.0,39.1,602.0,2911.0,1380.0,32.0,31.0,17.0,24.0,19.0,722.0,154.0,2949,de GER,"MF,FW",eng Premier League,22-247,2003.0,19,1315,69,73.1,14.6,15,80.0,1,4,30.0,0,1.79,19,16,3,0.21,0.02,21.6,16.6,5.0,0.34,2348,de GER,"MF,FW",eng Premier League,22-247,2003.0,14.6,1,0,0,10,13,2,23,6,19,0.0,0.0,0,65.0,5.0,27.0,15.6,,,,,,,,,,,,,,,,,,,,,,,,,,,,,,,,,,,,,,,,,,,,,,,,,,,,,,Forward,0.136986301369863,0.0684931506849315,0.28082191780821913,0.15753424657534246,2.191780821917808,6.712328767123288,10.547945205479452,2.26027397260274,1.5753424657534247,0.4109589041095891,1.8493150684931507,41.23287671232877,-8.89081187671233,8.904109589041097,-2.0999999999999996,0.43491422805247215,61.49825783972126,19.3,51.54925217076384
2352,Nick Woltemade,de GER,FW,Newcastle Utd,eng Premier League,23.0,2002.0,17,15,1185,13.2,7,1,8,6,1,1,0,0,5.9,5.1,0.9,6.0,5.0,16.0,58.0,0.53,0.52,2352,de GER,FW,eng Premier League,23-325,2002.0,13.2,7,25,8,32.0,1.9,0.61,0.24,0.75,10.5,0.0,1,1,5.9,5.1,0.21,1.1,0.9,2352,de GER,FW,eng Premier League,23-325,2002.0,13.2,149.0,208.0,71.6,1937.0,387.0,1,0.9,0.5,0.1,9.0,9.0,3.0,0.0,16.0,2352,de GER,FW,eng Premier League,23-325,2002.0,13.2,208.0,205.0,1.0,1.0,1.0,0.0,2,0.0,0.0,0.0,0.0,0.0,149.0,2.0,10.0,2352,de GER,FW,eng Premier League,23-325,2002.0,13.2,20.0,1.52,13.0,0.0,3.0,4.0,0.0,0.0,0.0,0.0,2352,de GER,FW,eng Premier League,23-325,2002.0,13.2,14.0,8,0.0,10.0,4.0,12.0,58.3,5.0,3.0,0.0,3.0,2,16.0,16.0,0.0,2352,de GER,FW,eng Premier League,23-325,2002.0,13.2,352.0,16.0,33.0,170.0,153.0,57.0,351.0,24.0,8.0,33.3,15.0,62.5,200.0,721.0,190.0,5.0,6.0,5.0,33.0,29.0,262.0,58.0,2954,de GER,FW,eng Premier League,23-325,2002.0,17,1185,70,65.8,13.2,15,77.0,3,2,12.0,0,1.59,22,16,6,0.46,0.75,20.3,14.0,6.2,0.47,2352,de GER,FW,eng Premier League,23-325,2002.0,13.2,0,0,0,14,14,7,2,2,8,0.0,0.0,1,26.0,24.0,42.0,36.4,,,,,,,,,,,,,,,,,,,,,,,,,,,,,,,,,,,,,,,,,,,,,,,,,,,,,,Forward,0.5303030303030303,0.07575757575757576,0.446969696969697,0.06818181818181819,0.3787878787878788,1.2121212121212122,4.3939393939393945,0.6818181818181819,1.0606060606060606,0.15151515151515152,0.2272727272727273,15.151515151515152,-11.888141454545455,1.590909090909091,1.0999999999999996,0.4318181818181818,32.752613240418114,1.9,32.14191682082248
2359,Lamine Yamal,es ESP,FW,Barcelona,es La Liga,18.0,2007.0,15,14,1259,14.0,7,7,14,5,2,2,0,0,5.1,3.5,5.4,8.9,107.0,78.0,153.0,0.86,0.75,2359,es ESP,FW,es La Liga,18-176,2007.0,14.0,7,62,19,30.6,4.43,1.36,0.08,0.26,19.3,1.0,2,2,5.1,3.5,0.06,1.9,1.5,2359,es ESP,FW,es La Liga,18-176,2007.0,14.0,629.0,806.0,78.0,8268.0,2427.0,7,5.4,5.0,1.6,33.0,41.0,45.0,6.0,78.0,2359,es ESP,FW,es La Liga,18-176,2007.0,14.0,806.0,772.0,30.0,7.0,10.0,3.0,42,10.0,13.0,5.0,0.0,0.0,629.0,4.0,12.0,2359,es ESP,FW,es La Liga,18-176,2007.0,14.0,97.0,6.93,58.0,3.0,17.0,10.0,6.0,3.0,13.0,0.93,2359,es ESP,FW,es La Liga,18-176,2007.0,14.0,23.0,14,8.0,7.0,8.0,13.0,53.8,6.0,11.0,0.0,11.0,4,27.0,2.0,0.0,2359,es ESP,FW,es La Liga,18-176,2007.0,14.0,1072.0,3.0,77.0,370.0,643.0,127.0,1070.0,163.0,82.0,50.3,70.0,42.9,700.0,4964.0,2947.0,107.0,46.0,70.0,41.0,21.0,876.0,153.0,2963,es ESP,FW,es La Liga,18-176,2007.0,15,1259,84,73.6,14.0,14,88.0,10,1,33.0,0,2.67,37,14,23,1.64,-0.35,31.3,19.6,11.7,0.84,2359,es ESP,FW,es La Liga,18-176,2007.0,14.0,0,0,0,10,28,9,42,4,14,1.0,0.0,0,58.0,0.0,4.0,0.0,,,,,,,,,,,,,,,,,,,,,,,,,,,,,,,,,,,,,,,,,,,,,,,,,,,,,,Forward,0.5,0.5,0.36428571428571427,0.38571428571428573,7.642857142857143,5.571428571428571,10.928571428571429,2.357142857142857,1.6428571428571428,0.2857142857142857,3.2142857142857144,50.0,4.258367285714286,13.214285714285714,1.9000000000000004,0.646455223880597,99.65156794425087,168.0,37.183420874720476
2360,Yehor Yarmoliuk,ua UKR,MF,Brentford,eng Premier League,21.0,2004.0,20,18,1477,16.4,0,2,2,0,0,0,4,0,0.5,0.5,1.3,1.8,17.0,64.0,22.0,0.12,0.11,2360,ua UKR,MF,eng Premier League,21-310,2004.0,16.4,0,11,3,27.3,0.67,0.18,0.0,0.0,20.2,0.0,0,0,0.5,0.5,0.05,-0.5,-0.5,2360,ua UKR,MF,eng Premier League,21-310,2004.0,16.4,573.0,709.0,80.8,9704.0,2489.0,2,1.3,1.0,0.7,11.0,50.0,11.0,4.0,64.0,2360,ua UKR,MF,eng Premier League,21-310,2004.0,16.4,709.0,696.0,10.0,7.0,1.0,8.0,11,2.0,0.0,0.0,0.0,0.0,573.0,3.0,10.0,2360,ua UKR,MF,eng Premier League,21-310,2004.0,16.4,27.0,1.65,22.0,0.0,1.0,0.0,1.0,3.0,5.0,0.3,2360,ua UKR,MF,eng Premier League,21-310,2004.0,16.4,41.0,29,13.0,24.0,4.0,45.0,48.9,23.0,34.0,7.0,27.0,13,54.0,21.0,1.0,2360,ua UKR,MF,eng Premier League,21-310,2004.0,16.4,883.0,39.0,259.0,479.0,153.0,9.0,883.0,26.0,10.0,38.5,16.0,61.5,454.0,2220.0,937.0,17.0,12.0,1.0,21.0,12.0,516.0,22.0,2964,ua UKR,MF,eng Premier League,21-310,2004.0,20,1477,74,82.1,16.4,18,81.0,9,2,9.0,0,1.5,26,24,2,0.12,-0.44,22.6,21.7,0.9,0.05,2360,ua UKR,MF,eng Premier League,21-310,2004.0,16.4,4,0,0,24,5,0,11,13,29,0.0,0.0,0,107.0,9.0,13.0,40.9,,,,,,,,,,,,,,,,,,,,,,,,,,,,,,,,,,,,,,,,,,,,,,,,,,,,,,Midfielder,0.0,0.12195121951219513,0.030487804878048783,0.07926829268292684,1.0365853658536586,3.9024390243902443,1.3414634146341464,0.6707317073170732,2.5,0.7926829268292683,0.6707317073170732,27.682926829268297,-2.338049268292682,4.939024390243903,-0.5,0.18686296715741788,75.16869095816465,32.8,56.60292993837699
2362,Terry Yegbe,gh GHA,DF,Metz,fr Ligue 1,24.0,2001.0,13,12,1094,12.2,0,1,1,0,0,0,0,0,0.6,0.6,0.5,1.1,1.0,17.0,1.0,0.08,0.09,2362,gh GHA,DF,fr Ligue 1,24-345,2001.0,12.2,0,4,1,25.0,0.33,0.08,0.0,0.0,8.0,0.0,0,0,0.6,0.6,0.16,-0.6,-0.6,2362,gh GHA,DF,fr Ligue 1,24-345,2001.0,12.2,596.0,714.0,83.5,12465.0,4196.0,1,0.5,0.2,0.5,3.0,23.0,0.0,0.0,17.0,2362,gh GHA,DF,fr Ligue 1,24-345,2001.0,12.2,714.0,657.0,56.0,19.0,2.0,5.0,5,33.0,0.0,0.0,0.0,0.0,596.0,1.0,11.0,2362,gh GHA,DF,fr Ligue 1,24-345,2001.0,12.2,8.0,0.66,7.0,0.0,0.0,1.0,0.0,0.0,2.0,0.16,2362,gh GHA,DF,fr Ligue 1,24-345,2001.0,12.2,10.0,7,5.0,4.0,1.0,10.0,70.0,3.0,12.0,8.0,4.0,13,23.0,76.0,4.0,2362,gh GHA,DF,fr Ligue 1,24-345,2001.0,12.2,845.0,132.0,530.0,291.0,26.0,5.0,845.0,2.0,1.0,50.0,1.0,50.0,517.0,2113.0,1100.0,1.0,3.0,0.0,9.0,2.0,592.0,1.0,2966,gh GHA,DF,fr Ligue 1,24-345,2001.0,13,1094,84,71.5,12.2,12,87.0,10,1,45.0,2,0.85,15,28,-13,-1.07,0.38,16.1,24.5,-8.4,-0.69,2362,gh GHA,DF,fr Ligue 1,24-345,2001.0,12.2,0,0,0,9,5,0,5,13,7,0.0,0.0,0,36.0,11.0,8.0,57.9,,,,,,,,,,,,,,,,,,,,,,,,,,,,,,,,,,,,,,,,,,,,,,,,,,,,,,Defender,0.0,0.0819672131147541,0.04918032786885246,0.04098360655737705,0.0819672131147541,1.3934426229508197,0.0819672131147541,0.24590163934426232,0.819672131147541,1.0655737704918034,0.0,42.37704918032787,-9.742785245901638,1.4754098360655739,-0.6,0.07810650887573964,10.157618213660244,1.0,10.057047736297271
2364,Kenan Yıldız,tr TUR,"MF,FW",Juventus,it Serie A,20.0,2005.0,17,16,1426,15.8,6,4,10,5,1,1,0,0,4.6,3.8,4.3,8.1,93.0,66.0,133.0,0.57,0.56,2364,tr TUR,"MF,FW",it Serie A,20-246,2005.0,15.8,6,44,15,34.1,2.78,0.95,0.11,0.33,18.6,0.0,1,1,4.6,3.8,0.09,1.4,1.2,2364,tr TUR,"MF,FW",it Serie A,20-246,2005.0,15.8,524.0,680.0,77.1,7849.0,2081.0,4,4.3,4.0,-0.3,39.0,33.0,33.0,9.0,66.0,2364,tr TUR,"MF,FW",it Serie A,20-246,2005.0,15.8,680.0,604.0,69.0,9.0,6.0,3.0,64,19.0,37.0,13.0,2.0,0.0,524.0,7.0,14.0,2364,tr TUR,"MF,FW",it Serie A,20-246,2005.0,15.8,80.0,5.05,54.0,10.0,6.0,6.0,4.0,0.0,9.0,0.57,2364,tr TUR,"MF,FW",it Serie A,20-246,2005.0,15.8,9.0,0,2.0,6.0,1.0,12.0,25.0,9.0,6.0,0.0,6.0,5,14.0,5.0,1.0,2364,tr TUR,"MF,FW",it Serie A,20-246,2005.0,15.8,877.0,5.0,84.0,313.0,489.0,91.0,876.0,73.0,33.0,45.2,33.0,45.2,582.0,3832.0,2251.0,93.0,48.0,45.0,38.0,30.0,668.0,133.0,2968,tr TUR,"MF,FW",it Serie A,20-246,2005.0,17,1426,84,88.0,15.8,16,86.0,7,1,45.0,0,1.76,22,13,9,0.57,1.03,24.2,13.4,10.8,0.68,2364,tr TUR,"MF,FW",it Serie A,20-246,2005.0,15.8,0,0,0,10,31,2,64,5,0,1.0,0.0,0,62.0,7.0,9.0,43.8,,,,,,,,,,,,,,,,,,,,,,,,,,,,,,,,,,,,,,,,,,,,,,,,,,,,,,Forward,0.37974683544303794,0.2531645569620253,0.29113924050632906,0.27215189873417717,5.886075949367088,4.177215189873418,8.417721518987342,2.4683544303797467,0.5696202531645569,0.3164556962025316,2.088607594936709,36.835443037974684,0.041997810126581214,10.063291139240507,1.4000000000000004,0.5758266818700114,97.90940766550523,106.3,47.45972257174272
2366,Leny Yoro,fr FRA,DF,Manchester Utd,eng Premier League,20.0,2005.0,20,12,1111,12.3,0,0,0,0,0,0,0,0,0.6,0.6,0.0,0.6,13.0,56.0,5.0,0.0,0.05,2366,fr FRA,DF,eng Premier League,20-053,2005.0,12.3,0,4,1,25.0,0.32,0.08,0.0,0.0,7.2,0.0,0,0,0.6,0.6,0.15,-0.6,-0.6,2366,fr FRA,DF,eng Premier League,20-053,2005.0,12.3,573.0,653.0,87.7,9731.0,3386.0,0,0.0,0.3,0.0,3.0,46.0,4.0,1.0,56.0,2366,fr FRA,DF,eng Premier League,20-053,2005.0,12.3,653.0,620.0,33.0,16.0,0.0,4.0,2,15.0,0.0,0.0,0.0,0.0,573.0,0.0,6.0,2366,fr FRA,DF,eng Premier League,20-053,2005.0,12.3,14.0,1.13,13.0,0.0,0.0,1.0,0.0,0.0,0.0,0.0,2366,fr FRA,DF,eng Premier League,20-053,2005.0,12.3,22.0,12,13.0,7.0,2.0,18.0,61.1,7.0,10.0,5.0,5.0,16,38.0,49.0,2.0,2366,fr FRA,DF,eng Premier League,20-053,2005.0,12.3,774.0,75.0,328.0,370.0,82.0,13.0,774.0,2.0,1.0,50.0,1.0,50.0,433.0,2299.0,1399.0,13.0,12.0,0.0,10.0,5.0,491.0,5.0,2971,fr FRA,DF,eng Premier League,20-053,2005.0,20,1111,56,61.7,12.3,12,77.0,3,8,23.0,0,1.55,17,23,-6,-0.49,-1.79,21.5,16.8,4.7,0.38,2366,fr FRA,DF,eng Premier League,20-053,2005.0,12.3,0,0,0,11,2,2,2,16,12,0.0,1.0,0,49.0,30.0,19.0,61.2,,,,,,,,,,,,,,,,,,,,,,,,,,,,,,,,,,,,,,,,,,,,,,,,,,,,,,Defender,0.0,0.0,0.048780487804878044,0.0,1.056910569105691,4.5528455284552845,0.4065040650406504,0.24390243902439024,1.7886178861788617,1.3008130081300813,0.3252032520325203,35.203252032520325,-0.0710487804878035,5.609756097560975,-0.6,0.14599483204134367,90.54290718038528,51.8,59.64618391329728
2367,Etienne Youte Kinkoue,fr FRA,"DF,MF",Le Havre,fr Ligue 1,23.0,2002.0,7,3,326,3.6,0,0,0,0,0,0,2,0,0.0,0.0,0.0,0.0,2.0,18.0,0.0,0.0,0.0,2367,fr FRA,"DF,MF",fr Ligue 1,23-356,2002.0,3.6,0,0,0,,0.0,0.0,,,,0.0,0,0,0.0,0.0,,0.0,0.0,2367,fr FRA,"DF,MF",fr Ligue 1,23-356,2002.0,3.6,129.0,155.0,83.2,2959.0,1004.0,0,0.0,0.0,0.0,1.0,3.0,2.0,0.0,18.0,2367,fr FRA,"DF,MF",fr Ligue 1,23-356,2002.0,3.6,155.0,146.0,9.0,9.0,0.0,1.0,0,0.0,0.0,0.0,0.0,0.0,129.0,0.0,1.0,2367,fr FRA,"DF,MF",fr Ligue 1,23-356,2002.0,3.6,3.0,0.83,3.0,0.0,0.0,0.0,0.0,0.0,1.0,0.28,2367,fr FRA,"DF,MF",fr Ligue 1,23-356,2002.0,3.6,6.0,3,5.0,1.0,0.0,5.0,80.0,1.0,9.0,8.0,1.0,0,6.0,29.0,1.0,2367,fr FRA,"DF,MF",fr Ligue 1,23-356,2002.0,3.6,201.0,39.0,120.0,78.0,4.0,1.0,201.0,0.0,0.0,,0.0,,97.0,585.0,370.0,2.0,0.0,0.0,1.0,0.0,116.0,0.0,2973,fr FRA,"DF,MF",fr Ligue 1,23-356,2002.0,7,326,47,21.3,3.6,3,86.0,2,4,17.0,9,1.14,3,8,-5,-1.38,-1.16,2.3,6.8,-4.5,-1.26,2367,fr FRA,"DF,MF",fr Ligue 1,23-356,2002.0,3.6,2,0,0,3,1,0,0,0,3,0.0,0.0,0,12.0,3.0,3.0,50.0,,,,,,,,,,,,,,,,,,,,,,,,,,,,,,,,,,,,,,,,,,,,,,,,,,,,,,Midfielder,0.0,0.0,0.0,0.0,0.5555555555555556,5.0,0.0,0.2777777777777778,1.6666666666666665,0.0,0.5555555555555556,26.944444444444443,-2.162145555555557,5.555555555555555,0.0,0.4129353233830846,77.05802968960865,14.9,67.06529999095618
2368,Illia Zabarnyi,ua UKR,DF,Paris S-G,fr Ligue 1,23.0,2002.0,14,13,1172,13.0,1,0,1,1,0,0,3,0,0.1,0.1,0.1,0.2,10.0,66.0,9.0,0.08,0.02,2368,ua UKR,DF,fr Ligue 1,23-126,2002.0,13.0,1,1,1,100.0,0.08,0.08,1.0,1.0,4.1,0.0,0,0,0.1,0.1,0.11,0.9,0.9,2368,ua UKR,DF,fr Ligue 1,23-126,2002.0,13.0,1003.0,1069.0,93.8,17507.0,5977.0,0,0.1,0.3,-0.1,4.0,104.0,1.0,0.0,66.0,2368,ua UKR,DF,fr Ligue 1,23-126,2002.0,13.0,1069.0,1046.0,23.0,8.0,0.0,1.0,1,9.0,0.0,0.0,0.0,0.0,1003.0,0.0,6.0,2368,ua UKR,DF,fr Ligue 1,23-126,2002.0,13.0,8.0,0.61,8.0,0.0,0.0,0.0,0.0,0.0,0.0,0.0,2368,ua UKR,DF,fr Ligue 1,23-126,2002.0,13.0,16.0,11,9.0,7.0,0.0,16.0,75.0,4.0,7.0,4.0,3.0,8,24.0,49.0,1.0,2368,ua UKR,DF,fr Ligue 1,23-126,2002.0,13.0,1179.0,115.0,449.0,676.0,57.0,8.0,1179.0,3.0,2.0,66.7,1.0,33.3,779.0,3496.0,1819.0,10.0,5.0,0.0,7.0,2.0,926.0,9.0,2974,ua UKR,DF,fr Ligue 1,23-126,2002.0,14,1172,84,76.6,13.0,13,88.0,12,1,23.0,2,2.36,30,14,16,1.23,-0.28,25.0,13.7,11.2,0.86,2368,ua UKR,DF,fr Ligue 1,23-126,2002.0,13.0,3,0,0,11,2,0,1,8,11,0.0,1.0,0,59.0,11.0,20.0,35.5,,,,,,,,,,,,,,,,,,,,,,,,,,,,,,,,,,,,,,,,,,,,,,,,,,,,,,Defender,0.07692307692307693,0.0,0.007692307692307693,0.007692307692307693,0.7692307692307693,5.076923076923077,0.6923076923076923,0.3076923076923077,1.2307692307692308,0.6153846153846154,0.07692307692307693,59.92307692307692,-0.553676923076921,5.846153846153846,0.9,0.05173876166242578,89.14185639229422,39.6,63.85519798874944
2372,Warren Zaïre-Emery,fr FRA,"DF,MF",Paris S-G,fr Ligue 1,19.0,2006.0,17,15,1337,14.9,1,2,3,1,0,0,1,0,0.4,0.4,2.3,2.8,50.0,108.0,74.0,0.2,0.19,2372,fr FRA,"DF,MF",fr Ligue 1,19-303,2006.0,14.9,1,9,4,44.4,0.61,0.27,0.11,0.25,19.2,0.0,0,0,0.4,0.4,0.05,0.6,0.6,2372,fr FRA,"DF,MF",fr Ligue 1,19-303,2006.0,14.9,1104.0,1189.0,92.9,16998.0,3672.0,2,2.3,1.9,-0.3,28.0,106.0,16.0,1.0,108.0,2372,fr FRA,"DF,MF",fr Ligue 1,19-303,2006.0,14.9,1189.0,1136.0,53.0,9.0,3.0,6.0,8,44.0,0.0,0.0,0.0,0.0,1104.0,0.0,19.0,2372,fr FRA,"DF,MF",fr Ligue 1,19-303,2006.0,14.9,46.0,3.1,45.0,0.0,0.0,1.0,0.0,0.0,3.0,0.2,2372,fr FRA,"DF,MF",fr Ligue 1,19-303,2006.0,14.9,26.0,16,6.0,13.0,7.0,25.0,60.0,10.0,25.0,5.0,20.0,6,32.0,8.0,0.0,2372,fr FRA,"DF,MF",fr Ligue 1,19-303,2006.0,14.9,1317.0,31.0,230.0,709.0,389.0,37.0,1317.0,31.0,18.0,58.1,12.0,38.7,853.0,5134.0,2452.0,50.0,32.0,9.0,20.0,19.0,1048.0,74.0,2980,fr FRA,"DF,MF",fr Ligue 1,19-303,2006.0,17,1337,79,87.4,14.9,15,85.0,10,2,35.0,0,2.29,29,14,15,1.01,-2.25,25.5,13.0,12.4,0.84,2372,fr FRA,"DF,MF",fr Ligue 1,19-303,2006.0,14.9,1,0,0,23,8,0,8,6,16,0.0,0.0,0,76.0,8.0,3.0,72.7,,,,,,,,,,,,,,,,,,,,,,,,,,,,,,,,,,,,,,,,,,,,,,,,,,,,,,Midfielder,0.06711409395973154,0.1342281879194631,0.026845637583892617,0.15436241610738252,3.3557046979865772,7.248322147651007,4.966442953020134,1.8791946308724832,1.74496644295302,0.40268456375838924,1.0738255033557047,57.248322147651,4.741942147651007,10.604026845637584,0.6,0.23538344722854976,99.32523616734143,42.0,69.94734941362071
2374,Arsen Zakharyan,ru RUS,MF,Real Sociedad,es La Liga,22.0,2003.0,12,1,291,3.2,0,0,0,0,0,0,1,0,0.1,0.1,0.8,0.9,7.0,16.0,25.0,0.0,0.28,2374,ru RUS,MF,es La Liga,22-224,2003.0,3.2,0,6,1,16.7,1.86,0.31,0.0,0.0,26.1,0.0,0,0,0.1,0.1,0.02,-0.1,-0.1,2374,ru RUS,MF,es La Liga,22-224,2003.0,3.2,118.0,166.0,71.1,1955.0,686.0,0,0.8,0.8,-0.8,8.0,11.0,5.0,1.0,16.0,2374,ru RUS,MF,es La Liga,22-224,2003.0,3.2,166.0,145.0,18.0,2.0,1.0,0.0,21,5.0,11.0,8.0,3.0,0.0,118.0,3.0,7.0,2374,ru RUS,MF,es La Liga,22-224,2003.0,3.2,14.0,4.33,9.0,5.0,0.0,0.0,0.0,0.0,0.0,0.0,2374,ru RUS,MF,es La Liga,22-224,2003.0,3.2,8.0,3,1.0,5.0,2.0,7.0,42.9,4.0,6.0,0.0,6.0,0,8.0,2.0,0.0,2374,ru RUS,MF,es La Liga,22-224,2003.0,3.2,215.0,2.0,14.0,88.0,113.0,5.0,215.0,10.0,0.0,0.0,9.0,90.0,130.0,626.0,256.0,7.0,8.0,2.0,10.0,2.0,151.0,25.0,2982,ru RUS,MF,es La Liga,22-224,2003.0,12,291,24,18.0,3.2,1,59.0,0,11,21.0,5,1.08,6,8,-2,-0.62,-0.48,6.4,5.1,1.3,0.39,2374,ru RUS,MF,es La Liga,22-224,2003.0,3.2,1,0,0,3,1,3,21,0,3,0.0,0.0,0,10.0,1.0,4.0,20.0,,,,,,,,,,,,,,,,,,,,,,,,,,,,,,,,,,,,,,,,,,,,,,,,,,,,,,Midfielder,0.0,0.0,0.03125,0.25,2.1875,5.0,7.8125,2.5,2.5,0.0,1.5625,40.625,0.11211525000000044,7.1875,-0.1,2.013953488372093,91.49797570850203,28.0,71.4827935222672
2375,Nicola Zalewski,pl POL,DF,Atalanta,it Serie A,23.0,2002.0,14,8,674,7.5,1,2,3,1,0,0,1,0,1.1,1.1,1.2,2.3,32.0,27.0,39.0,0.4,0.3,2375,pl POL,DF,it Serie A,23-347,2002.0,7.5,1,12,4,33.3,1.6,0.53,0.08,0.25,20.9,1.0,0,0,1.1,1.1,0.09,-0.1,-0.1,2375,pl POL,DF,it Serie A,23-347,2002.0,7.5,217.0,333.0,65.2,3997.0,1299.0,2,1.2,1.7,0.8,10.0,15.0,9.0,3.0,27.0,2375,pl POL,DF,it Serie A,23-347,2002.0,7.5,333.0,252.0,79.0,4.0,2.0,5.0,53,50.0,25.0,15.0,9.0,0.0,217.0,2.0,8.0,2375,pl POL,DF,it Serie A,23-347,2002.0,7.5,18.0,2.4,12.0,3.0,1.0,1.0,0.0,1.0,2.0,0.27,2375,pl POL,DF,it Serie A,23-347,2002.0,7.5,13.0,10,5.0,5.0,3.0,9.0,88.9,1.0,2.0,0.0,2.0,7,20.0,18.0,0.0,2375,pl POL,DF,it Serie A,23-347,2002.0,7.5,427.0,16.0,113.0,155.0,167.0,19.0,427.0,30.0,14.0,46.7,12.0,40.0,232.0,1703.0,958.0,32.0,14.0,10.0,10.0,7.0,230.0,39.0,2983,pl POL,DF,it Serie A,23-347,2002.0,14,674,48,41.6,7.5,8,67.0,2,6,23.0,2,1.5,10,6,4,0.53,0.72,10.1,5.0,5.1,0.68,2375,pl POL,DF,it Serie A,23-347,2002.0,7.5,1,0,0,6,19,1,53,7,10,0.0,0.0,0,49.0,8.0,7.0,53.3,,,,,,,,,,,,,,,,,,,,,,,,,,,,,,,,,,,,,,,,,,,,,,,,,,,,,,Defender,0.13333333333333333,0.26666666666666666,0.14666666666666667,0.16,4.266666666666667,3.6,5.2,1.3333333333333333,1.7333333333333334,0.9333333333333333,1.2,30.933333333333334,-2.7851866666666645,7.866666666666666,-0.10000000000000009,0.5620608899297423,76.00700525394045,15.9,65.57981471435758
2382,Bryan Zaragoza,es ESP,"FW,MF",Celta Vigo,es La Liga,24.0,2001.0,16,10,885,9.8,0,1,1,0,0,0,0,0,0.8,0.8,2.2,3.0,60.0,24.0,91.0,0.1,0.31,2382,es ESP,"FW,MF",es La Liga,24-118,2001.0,9.8,0,19,7,36.8,1.93,0.71,0.0,0.0,18.4,0.0,0,0,0.8,0.8,0.04,-0.8,-0.8,2382,es ESP,"FW,MF",es La Liga,24-118,2001.0,9.8,210.0,312.0,67.3,3602.0,813.0,1,2.2,2.3,-1.2,15.0,15.0,13.0,5.0,24.0,2382,es ESP,"FW,MF",es La Liga,24-118,2001.0,9.8,312.0,288.0,24.0,4.0,4.0,1.0,54,3.0,17.0,1.0,7.0,0.0,210.0,0.0,8.0,2382,es ESP,"FW,MF",es La Liga,24-118,2001.0,9.8,36.0,3.66,25.0,5.0,3.0,3.0,0.0,0.0,4.0,0.41,2382,es ESP,"FW,MF",es La Liga,24-118,2001.0,9.8,8.0,5,2.0,3.0,3.0,15.0,26.7,11.0,4.0,0.0,4.0,2,10.0,5.0,1.0,2382,es ESP,"FW,MF",es La Liga,24-118,2001.0,9.8,430.0,5.0,33.0,144.0,260.0,43.0,430.0,58.0,18.0,31.0,34.0,58.6,287.0,2246.0,1349.0,60.0,24.0,26.0,23.0,5.0,317.0,91.0,2991,es ESP,"FW,MF",es La Liga,24-118,2001.0,16,885,55,54.6,9.8,10,74.0,2,6,24.0,2,1.38,12,9,3,0.31,0.18,13.4,12.9,0.5,0.05,2382,es ESP,"FW,MF",es La Liga,24-118,2001.0,9.8,0,0,0,4,9,6,54,2,5,0.0,0.0,0,25.0,1.0,5.0,16.7,,,,,,,,,,,,,,,,,,,,,,,,,,,,,,,,,,,,,,,,,,,,,,,,,,,,,,Forward,0.0,0.1020408163265306,0.08163265306122448,0.22448979591836735,6.122448979591836,2.4489795918367343,9.285714285714285,1.530612244897959,0.8163265306122448,0.2040816326530612,1.3265306122448979,29.285714285714285,-1.3682432857142857,8.571428571428571,-0.8,0.8511627906976744,96.51567944250871,48.6,64.94998616588744
2384,Aaron Zehnter,de GER,DF,Wolfsburg,de Bundesliga,21.0,2004.0,12,11,989,11.0,2,0,2,2,0,0,0,0,0.5,0.5,1.0,1.5,14.0,18.0,24.0,0.18,0.14,2384,de GER,DF,de Bundesliga,21-066,2004.0,11.0,2,8,3,37.5,0.73,0.27,0.25,0.67,18.5,0.0,0,0,0.5,0.5,0.07,1.5,1.5,2384,de GER,DF,de Bundesliga,21-066,2004.0,11.0,404.0,502.0,80.5,7545.0,2515.0,0,1.0,1.3,-1.0,13.0,18.0,11.0,8.0,18.0,2384,de GER,DF,de Bundesliga,21-066,2004.0,11.0,502.0,408.0,92.0,4.0,1.0,0.0,18,87.0,1.0,1.0,0.0,0.0,404.0,2.0,15.0,2384,de GER,DF,de Bundesliga,21-066,2004.0,11.0,22.0,2.0,17.0,4.0,1.0,0.0,0.0,0.0,1.0,0.09,2384,de GER,DF,de Bundesliga,21-066,2004.0,11.0,10.0,7,4.0,5.0,1.0,11.0,54.5,5.0,12.0,6.0,6.0,16,26.0,37.0,0.0,2384,de GER,DF,de Bundesliga,21-066,2004.0,11.0,602.0,42.0,263.0,226.0,116.0,9.0,602.0,4.0,3.0,75.0,1.0,25.0,294.0,1071.0,588.0,14.0,11.0,2.0,7.0,0.0,323.0,24.0,2993,de GER,DF,de Bundesliga,21-066,2004.0,12,989,82,73.3,11.0,11,90.0,9,1,1.0,3,1.17,19,20,-1,-0.09,0.91,13.9,18.4,-4.4,-0.4,2384,de GER,DF,de Bundesliga,21-066,2004.0,11.0,0,0,0,1,0,0,18,16,7,0.0,0.0,0,47.0,7.0,13.0,35.0,,,,,,,,,,,,,,,,,,,,,,,,,,,,,,,,,,,,,,,,,,,,,,,,,,,,,,Defender,0.18181818181818182,0.0,0.045454545454545456,0.09090909090909091,1.2727272727272727,1.6363636363636365,2.1818181818181817,1.1818181818181819,0.9090909090909091,1.4545454545454546,1.0,26.727272727272727,-7.948818181818181,2.909090909090909,1.5,0.33222591362126247,23.642732049036777,1.0,23.40864559310572
2394,Jan Ziółkowski,pl POL,DF,Roma,it Serie A,20.0,2005.0,8,4,337,3.7,0,0,0,0,0,0,2,0,0.0,0.0,0.0,0.0,0.0,6.0,1.0,0.0,0.0,2394,pl POL,DF,it Serie A,20-214,2005.0,3.7,0,0,0,,0.0,0.0,,,,0.0,0,0,0.0,0.0,,0.0,0.0,2394,pl POL,DF,it Serie A,20-214,2005.0,3.7,153.0,182.0,84.1,2989.0,949.0,0,0.0,0.0,0.0,0.0,6.0,0.0,0.0,6.0,2394,pl POL,DF,it Serie A,20-214,2005.0,3.7,182.0,174.0,8.0,7.0,0.0,0.0,0,1.0,0.0,0.0,0.0,0.0,153.0,0.0,2.0,2394,pl POL,DF,it Serie A,20-214,2005.0,3.7,6.0,1.61,4.0,0.0,0.0,0.0,2.0,0.0,0.0,0.0,2394,pl POL,DF,it Serie A,20-214,2005.0,3.7,11.0,8,7.0,4.0,0.0,10.0,80.0,2.0,6.0,3.0,3.0,4,15.0,26.0,0.0,2394,pl POL,DF,it Serie A,20-214,2005.0,3.7,233.0,28.0,133.0,98.0,4.0,1.0,233.0,0.0,0.0,,0.0,,113.0,502.0,202.0,0.0,1.0,0.0,0.0,1.0,129.0,1.0,3008,pl POL,DF,it Serie A,20-214,2005.0,8,337,42,20.8,3.7,4,68.0,2,4,17.0,8,1.88,6,4,2,0.53,0.11,5.4,5.7,-0.3,-0.08,2394,pl POL,DF,it Serie A,20-214,2005.0,3.7,2,0,0,6,7,0,0,4,8,0.0,0.0,0,15.0,17.0,14.0,54.8,,,,,,,,,,,,,,,,,,,,,,,,,,,,,,,,,,,,,,,,,,,,,,,,,,,,,,Defender,0.0,0.0,0.0,0.0,0.0,1.6216216216216215,0.27027027027027023,0.0,2.972972972972973,1.081081081081081,0.0,30.54054054054054,-3.974702702702701,1.6216216216216215,0.0,0.6909871244635194,63.57267950963222,8.0,58.863592138548356
2395,Joshua Zirkzee,nl NED,"FW,MF",Manchester Utd,eng Premier League,24.0,2001.0,13,4,473,5.3,2,1,3,2,0,0,1,0,1.9,1.9,0.7,2.5,2.0,16.0,25.0,0.57,0.49,2395,nl NED,"FW,MF",eng Premier League,24-228,2001.0,5.3,2,15,5,33.3,2.85,0.95,0.13,0.4,11.3,0.0,0,0,1.9,1.9,0.12,0.1,0.1,2395,nl NED,"FW,MF",eng Premier League,24-228,2001.0,5.3,133.0,178.0,74.7,1721.0,361.0,1,0.7,0.3,0.3,7.0,11.0,4.0,1.0,16.0,2395,nl NED,"FW,MF",eng Premier League,24-228,2001.0,5.3,178.0,177.0,1.0,1.0,1.0,1.0,3,0.0,0.0,0.0,0.0,0.0,133.0,0.0,4.0,2395,nl NED,"FW,MF",eng Premier League,24-228,2001.0,5.3,16.0,3.05,12.0,0.0,1.0,2.0,0.0,1.0,2.0,0.38,2395,nl NED,"FW,MF",eng Premier League,24-228,2001.0,5.3,7.0,5,2.0,1.0,4.0,4.0,75.0,1.0,4.0,2.0,2.0,1,8.0,9.0,0.0,2395,nl NED,"FW,MF",eng Premier League,24-228,2001.0,5.3,255.0,11.0,26.0,134.0,96.0,27.0,255.0,6.0,3.0,50.0,3.0,50.0,129.0,434.0,133.0,2.0,5.0,1.0,29.0,9.0,194.0,25.0,3009,nl NED,"FW,MF",eng Premier League,24-228,2001.0,13,473,36,26.3,5.3,4,76.0,2,9,19.0,7,1.46,8,7,1,0.19,-0.01,10.5,6.3,4.2,0.79,2395,nl NED,"FW,MF",eng Premier League,24-228,2001.0,5.3,1,0,0,7,4,1,3,1,5,0.0,0.0,0,12.0,16.0,23.0,41.0,,,,,,,,,,,,,,,,,,,,,,,,,,,,,,,,,,,,,,,,,,,,,,,,,,,,,,Forward,0.37735849056603776,0.18867924528301888,0.3584905660377358,0.1320754716981132,0.37735849056603776,3.018867924528302,4.716981132075472,1.3207547169811322,1.3207547169811322,0.18867924528301888,0.7547169811320755,24.339622641509436,-13.47029554716981,3.3962264150943398,0.10000000000000009,1.1960784313725488,20.209059233449477,1.0,20.00896953806879
