Rk,Player,Nation,Pos,Squad,Comp,Age,Born,MP,Starts,Min,90s,Gls,Ast,G+A,G-PK,PK,PKatt,CrdY,CrdR,xG,npxG,xAG,npxG+xAG,PrgC,PrgP,PrgR,G+A-PK,xG+xAG,Rk_stats_shooting,Nation_stats_shooting,Pos_stats_shooting,Comp_stats_shooting,Age_stats_shooting,Born_stats_shooting,90s_stats_shooting,Gls_stats_shooting,Sh,SoT,SoT%,Sh/90,SoT/90,G/Sh,G/SoT,Dist,FK,PK_stats_shooting,PKatt_stats_shooting,xG_stats_shooting,npxG_stats_shooting,npxG/Sh,G-xG,np:G-xG,Rk_stats_passing,Nation_stats_passing,Pos_stats_passing,Comp_stats_passing,Age_stats_passing,Born_stats_passing,90s_stats_passing,Cmp,Att,Cmp%,TotDist,PrgDist,Ast_stats_passing,xAG_stats_passing,xA,A-xAG,KP,1/3,PPA,CrsPA,PrgP_stats_passing,Rk_stats_passing_types,Nation_stats_passing_types,Pos_stats_passing_types,Comp_stats_passing_types,Age_stats_passing_types,Born_stats_passing_types,90s_stats_passing_types,Att_stats_passing_types,Live,Dead,FK_stats_passing_types,TB,Sw,Crs,TI,CK,In,Out,Str,Cmp_stats_passing_types,Off,Blocks,Rk_stats_gca,Nation_stats_gca,Pos_stats_gca,Comp_stats_gca,Age_stats_gca,Born_stats_gca,90s_stats_gca,SCA,SCA90,PassLive,PassDead,TO,Sh_stats_gca,Fld,Def,GCA,GCA90,Rk_stats_defense,Nation_stats_defense,Pos_stats_defense,Comp_stats_defense,Age_stats_defense,Born_stats_defense,90s_stats_defense,Tkl,TklW,Def 3rd,Mid 3rd,Att 3rd,Att_stats_defense,Tkl%,Lost,Blocks_stats_defense,Sh_stats_defense,Pass,Int,Tkl+Int,Clr,Err,Rk_stats_possession,Nation_stats_possession,Pos_stats_possession,Comp_stats_possession,Age_stats_possession,Born_stats_possession,90s_stats_possession,Touches,Def Pen,Def 3rd_stats_possession,Mid 3rd_stats_possession,Att 3rd_stats_possession,Att Pen,Live_stats_possession,Att_stats_possession,Succ,Succ%,Tkld,Tkld%,Carries,TotDist_stats_possession,PrgDist_stats_possession,PrgC_stats_possession,1/3_stats_possession,CPA,Mis,Dis,Rec,PrgR_stats_possession,Rk_stats_playing_time,Nation_stats_playing_time,Pos_stats_playing_time,Comp_stats_playing_time,Age_stats_playing_time,Born_stats_playing_time,MP_stats_playing_time,Min_stats_playing_time,Mn/MP,Min%,90s_stats_playing_time,Starts_stats_playing_time,Mn/Start,Compl,Subs,Mn/Sub,unSub,PPM,onG,onGA,+/-,+/-90,On-Off,onxG,onxGA,xG+/-,xG+/-90,Rk_stats_misc,Nation_stats_misc,Pos_stats_misc,Comp_stats_misc,Age_stats_misc,Born_stats_misc,90s_stats_misc,CrdY_stats_misc,CrdR_stats_misc,2CrdY,Fls,Fld_stats_misc,Off_stats_misc,Crs_stats_misc,Int_stats_misc,TklW_stats_misc,PKwon,PKcon,OG,Recov,Won,Lost_stats_misc,Won%,Rk_stats_keeper,Nation_stats_keeper,Pos_stats_keeper,Comp_stats_keeper,Age_stats_keeper,Born_stats_keeper,MP_stats_keeper,Starts_stats_keeper,Min_stats_keeper,90s_stats_keeper,GA,GA90,SoTA,Saves,Save%,W,D,L,CS,CS%,PKatt_stats_keeper,PKA,PKsv,PKm,Rk_stats_keeper_adv,Nation_stats_keeper_adv,Pos_stats_keeper_adv,Comp_stats_keeper_adv,Age_stats_keeper_adv,Born_stats_keeper_adv,90s_stats_keeper_adv,GA_stats_keeper_adv,PKA_stats_keeper_adv,FK_stats_keeper_adv,CK_stats_keeper_adv,OG_stats_keeper_adv,PSxG,PSxG/SoT,PSxG+/-,/90,Cmp_stats_keeper_adv,Att_stats_keeper_adv,Cmp%_stats_keeper_adv,Att (GK),Thr,Launch%,AvgLen,Opp,Stp,Stp%,#OPA,#OPA/90,AvgDist,Position_Group,Goals_per_90,Assists_per_90,GA_per_90,xG_per_90,xAG_per_90,Superstar_Score,Is_Superstar,Superstar_Probability_Fixed,Predicted_Superstar_Fixed,XGB_Probability,Position_Specific_Prob
14,Matthis Abline,fr FRA,FW,Nantes,fr Ligue 1,21.0,2003.0,34,33,2768,30.8,9,2,11,8,1,1,3,0,8.5,7.7,3.8,11.5,75,48,169,0.33,0.4,14,fr FRA,FW,fr Ligue 1,21.0,2003.0,30.8,9,73,26,35.6,2.37,0.85,0.11,0.31,15.0,0,1,1,8.5,7.7,0.11,0.5,0.3,14,fr FRA,FW,fr Ligue 1,21.0,2003.0,30.8,351,538,65.2,5145,976,2,3.8,3.4,-1.8,27,23,15,4,48,14,fr FRA,FW,fr Ligue 1,21.0,2003.0,30.8,538,510,26,1,3,4,30,1,0,0,0,0,351,2,27,14,fr FRA,FW,fr Ligue 1,21.0,2003.0,30.8,61,1.98,43,0,8,6,3,1,9,0.29,14,fr FRA,FW,fr Ligue 1,21.0,2003.0,30.8,11,5,2,4,5,9,33.3,6,15,1,14,4,15,36,1,14,fr FRA,FW,fr Ligue 1,21.0,2003.0,30.8,878,34,75,382,438,142,877,86,35,40.7,48,55.8,587,3670,1743,75,42,42,92,65,689,169,17,fr FRA,FW,fr Ligue 1,21.0,2003.0,34,2768,81,90.5,30.8,33,83.0,12,1,23.0,0,1.06,34,42,-8,-0.26,1.28,34.6,47.1,-12.6,-0.41,14,fr FRA,FW,fr Ligue 1,21.0,2003.0,30.8,3,0,0,34,53,5,30,4,5,0,0,0,83,64,76,45.7,,,,,,,,,,,,,,,,,,,,,,,,,,,,,,,,,,,,,,,,,,,,,,,,,,,,,,FW,0.29263005780346824,0.06502890173410404,0.35765895953757226,0.2763728323699422,0.12355491329479769,0.7698699421965318,1,0.790526205079114,1,0.57738966,0.0
63,Ümit Akdag,ro ROU,DF,Toulouse,fr Ligue 1,20.0,2003.0,9,6,500,5.6,0,0,0,0,0,0,2,0,0.1,0.1,0.1,0.1,4,29,9,0.0,0.03,63,ro ROU,DF,fr Ligue 1,20.0,2003.0,5.6,0,2,0,0.0,0.36,0.0,0.0,,24.3,0,0,0,0.1,0.1,0.04,-0.1,-0.1,63,ro ROU,DF,fr Ligue 1,20.0,2003.0,5.6,274,348,78.7,4648,1667,0,0.1,0.1,-0.1,2,18,1,0,29,63,ro ROU,DF,fr Ligue 1,20.0,2003.0,5.6,348,317,31,8,1,3,3,20,0,0,0,0,274,0,9,63,ro ROU,DF,fr Ligue 1,20.0,2003.0,5.6,5,0.9,5,0,0,0,0,0,0,0.0,63,ro ROU,DF,fr Ligue 1,20.0,2003.0,5.6,8,4,3,4,1,12,41.7,7,10,8,2,11,19,19,0,63,ro ROU,DF,fr Ligue 1,20.0,2003.0,5.6,400,29,145,232,27,1,400,1,1,100.0,0,0.0,217,947,452,4,3,0,1,0,240,9,82,ro ROU,DF,fr Ligue 1,20.0,2003.0,9,500,56,16.3,5.6,6,72.0,0,3,22.0,22,0.89,1,9,-8,-1.44,-1.76,8.5,8.3,0.3,0.05,63,ro ROU,DF,fr Ligue 1,20.0,2003.0,5.6,2,0,0,8,1,0,3,11,4,0,0,0,24,18,7,72.0,,,,,,,,,,,,,,,,,,,,,,,,,,,,,,,,,,,,,,,,,,,,,,,,,,,,,,DF,0.0,0.0,0.0,0.018000000000000002,0.018000000000000002,0.20833333333333334,0,0.1496006288226564,0,0.33731788,0.18408241868019104
65,Ilias Akhomach,ma MAR,"MF,FW",Villarreal,es La Liga,20.0,2004.0,11,7,584,6.5,1,0,1,1,0,0,1,0,0.6,0.6,1.0,1.6,30,12,64,0.15,0.23,65,ma MAR,"MF,FW",es La Liga,20.0,2004.0,6.5,1,17,6,35.3,2.62,0.92,0.06,0.17,23.3,0,0,0,0.6,0.6,0.03,0.4,0.4,65,ma MAR,"MF,FW",es La Liga,20.0,2004.0,6.5,136,185,73.5,2161,534,0,1.0,1.7,-1.0,9,5,8,2,12,65,ma MAR,"MF,FW",es La Liga,20.0,2004.0,6.5,185,177,7,2,1,2,18,2,3,2,0,0,136,1,7,65,ma MAR,"MF,FW",es La Liga,20.0,2004.0,6.5,29,4.38,17,0,5,1,6,0,1,0.15,65,ma MAR,"MF,FW",es La Liga,20.0,2004.0,6.5,12,7,4,4,4,12,50.0,6,8,0,8,3,15,13,0,65,ma MAR,"MF,FW",es La Liga,20.0,2004.0,6.5,293,8,44,89,163,29,293,43,19,44.2,17,39.5,200,1310,759,30,18,20,15,10,209,64,84,ma MAR,"MF,FW",es La Liga,20.0,2004.0,11,584,53,17.1,6.5,7,69.0,0,4,25.0,1,1.91,8,7,1,0.15,-0.45,8.7,6.1,2.6,0.4,65,ma MAR,"MF,FW",es La Liga,20.0,2004.0,6.5,1,0,0,9,21,1,18,3,7,0,0,0,30,6,6,50.0,,,,,,,,,,,,,,,,,,,,,,,,,,,,,,,,,,,,,,,,,,,,,,,,,,,,,,MF,0.1541095890410959,0.0,0.1541095890410959,0.09246575342465753,0.1541095890410959,0.30010958904109586,0,0.4091440536958443,0,0.45872846,0.37544599175453186
79,Carlos Alcaraz,ar ARG,"FW,MF",Everton,eng Premier League,21.0,2002.0,15,7,764,8.5,2,3,5,2,0,0,4,0,1.7,1.7,1.6,3.4,19,42,21,0.59,0.4,79,ar ARG,"FW,MF",eng Premier League,21.0,2002.0,8.5,2,26,11,42.3,3.06,1.3,0.08,0.18,20.3,1,0,0,1.7,1.7,0.07,0.3,0.3,79,ar ARG,"FW,MF",eng Premier League,21.0,2002.0,8.5,224,278,80.6,3963,1007,3,1.6,0.7,1.4,13,20,18,3,42,79,ar ARG,"FW,MF",eng Premier League,21.0,2002.0,8.5,278,265,12,2,1,2,11,6,3,2,1,0,224,1,10,79,ar ARG,"FW,MF",eng Premier League,21.0,2002.0,8.5,33,3.89,24,2,3,3,1,0,6,0.71,79,ar ARG,"FW,MF",eng Premier League,21.0,2002.0,8.5,11,5,5,3,3,11,27.3,8,9,2,7,5,16,10,0,79,ar ARG,"FW,MF",eng Premier League,21.0,2002.0,8.5,378,15,63,168,156,19,378,18,9,50.0,7,38.9,211,1331,707,19,21,2,14,13,247,21,100,ar ARG,"FW,MF",eng Premier League,21.0,2002.0,15,764,51,22.3,8.5,7,84.0,2,8,22.0,0,1.47,12,9,3,0.35,0.52,8.2,11.0,-2.9,-0.34,79,ar ARG,"FW,MF",eng Premier League,21.0,2002.0,8.5,4,0,0,13,12,1,11,5,5,0,0,0,37,14,8,63.6,,,,,,,,,,,,,,,,,,,,,,,,,,,,,,,,,,,,,,,,,,,,,,,,,,,,,,MF,0.23560209424083772,0.3534031413612565,0.5890052356020943,0.20026178010471204,0.1884816753926702,1.1334083769633507,1,0.3578328217523613,0,0.36766446,0.355071485042572
86,Mohamed Ali Cho,fr FRA,"FW,MF",Nice,fr Ligue 1,20.0,2004.0,27,21,1621,18.0,3,4,7,3,0,0,2,0,4.0,4.0,4.0,7.9,81,59,133,0.39,0.44,86,fr FRA,"FW,MF",fr Ligue 1,20.0,2004.0,18.0,3,36,15,41.7,2.0,0.83,0.08,0.2,17.7,0,0,0,4.0,4.0,0.11,-1.0,-1.0,86,fr FRA,"FW,MF",fr Ligue 1,20.0,2004.0,18.0,338,481,70.3,4959,1248,4,4.0,3.5,0.0,30,23,36,5,59,86,fr FRA,"FW,MF",fr Ligue 1,20.0,2004.0,18.0,481,456,23,3,9,2,51,0,9,4,4,0,338,2,23,86,fr FRA,"FW,MF",fr Ligue 1,20.0,2004.0,18.0,59,3.28,45,3,5,1,5,0,11,0.61,86,fr FRA,"FW,MF",fr Ligue 1,20.0,2004.0,18.0,13,9,4,5,4,12,33.3,8,17,1,16,5,18,8,0,86,fr FRA,"FW,MF",fr Ligue 1,20.0,2004.0,18.0,720,9,75,308,356,74,720,70,20,28.6,41,58.6,460,3302,1943,81,39,30,68,26,545,133,110,fr FRA,"FW,MF",fr Ligue 1,20.0,2004.0,27,1621,60,53.0,18.0,21,72.0,0,6,18.0,2,1.74,34,22,12,0.67,-0.15,30.4,20.4,10.1,0.56,86,fr FRA,"FW,MF",fr Ligue 1,20.0,2004.0,18.0,2,0,0,12,41,9,51,5,9,0,0,0,69,13,27,32.5,,,,,,,,,,,,,,,,,,,,,,,,,,,,,,,,,,,,,,,,,,,,,,,,,,,,,,MF,0.16656384947563233,0.22208513263417645,0.3886489821098088,0.22208513263417645,0.22208513263417645,1.0159841147439854,1,0.6762353702810739,1,0.5609405,0.7652618288993835
103,Hugo Álvarez,es ESP,"MF,DF",Celta Vigo,es La Liga,21.0,2003.0,26,16,1572,17.5,4,3,7,4,0,0,6,0,2.5,2.5,1.1,3.6,74,60,171,0.4,0.21,103,es ESP,"MF,DF",es La Liga,21.0,2003.0,17.5,4,25,9,36.0,1.43,0.52,0.16,0.44,16.2,1,0,0,2.5,2.5,0.1,1.5,1.5,103,es ESP,"MF,DF",es La Liga,21.0,2003.0,17.5,799,1013,78.9,12210,3255,3,1.1,2.1,1.9,17,35,15,3,60,103,es ESP,"MF,DF",es La Liga,21.0,2003.0,17.5,1013,856,151,16,0,2,31,125,10,4,1,0,799,6,33,103,es ESP,"MF,DF",es La Liga,21.0,2003.0,17.5,46,2.63,38,0,5,3,0,0,9,0.52,103,es ESP,"MF,DF",es La Liga,21.0,2003.0,17.5,26,9,12,10,4,19,52.6,9,19,2,17,8,34,29,1,103,es ESP,"MF,DF",es La Liga,21.0,2003.0,17.5,1214,26,262,471,489,82,1214,72,32,44.4,38,52.8,726,3910,2266,74,38,41,33,12,817,171,131,es ESP,"MF,DF",es La Liga,21.0,2003.0,26,1572,60,46.0,17.5,16,80.0,9,10,29.0,8,1.31,30,27,3,0.17,0.22,27.0,19.0,8.0,0.46,103,es ESP,"MF,DF",es La Liga,21.0,2003.0,17.5,6,0,0,25,16,3,31,8,9,0,1,0,78,6,12,33.3,,,,,,,,,,,,,,,,,,,,,,,,,,,,,,,,,,,,,,,,,,,,,,,,,,,,,,DF,0.22900763358778628,0.17175572519083968,0.40076335877862596,0.1431297709923664,0.06297709923664123,1.32293893129771,1,0.808577604058498,1,0.6359221,0.806016206741333
119,Mathis Amougou,fr FRA,MF,Saint-Étienne,fr Ligue 1,18.0,2006.0,17,9,859,9.5,0,0,0,0,0,0,2,0,0.5,0.5,0.4,0.8,8,36,17,0.0,0.09,119,fr FRA,MF,fr Ligue 1,18.0,2006.0,9.5,0,7,1,14.3,0.73,0.1,0.0,0.0,18.9,0,0,0,0.5,0.5,0.06,-0.5,-0.5,119,fr FRA,MF,fr Ligue 1,18.0,2006.0,9.5,232,301,77.1,3514,1194,0,0.4,0.3,-0.4,7,23,4,0,36,119,fr FRA,MF,fr Ligue 1,18.0,2006.0,9.5,301,290,7,4,1,1,1,1,0,0,0,0,232,4,4,119,fr FRA,MF,fr Ligue 1,18.0,2006.0,9.5,17,1.78,14,0,2,1,0,0,0,0.0,119,fr FRA,MF,fr Ligue 1,18.0,2006.0,9.5,21,15,15,5,1,19,52.6,9,10,0,10,12,33,4,0,119,fr FRA,MF,fr Ligue 1,18.0,2006.0,9.5,407,18,104,218,90,9,407,16,5,31.3,9,56.3,242,1169,585,8,11,2,22,8,273,17,149,fr FRA,MF,fr Ligue 1,18.0,2006.0,17,859,51,28.1,9.5,9,77.0,3,8,21.0,1,0.71,8,20,-12,-1.26,-0.19,8.7,18.5,-9.8,-1.03,119,fr FRA,MF,fr Ligue 1,18.0,2006.0,9.5,2,0,0,6,8,0,1,12,15,0,0,0,37,3,12,20.0,,,,,,,,,,,,,,,,,,,,,,,,,,,,,,,,,,,,,,,,,,,,,,,,,,,,,,MF,0.0,0.0,0.0,0.05238649592549476,0.04190919674039581,0.21475,0,0.29300152331231727,0,0.35328364,0.27508944272994995
124,Elliot Anderson,eng ENG,MF,Nott'ham Forest,eng Premier League,21.0,2002.0,37,33,2728,30.3,2,6,8,2,0,0,10,0,2.1,2.1,3.3,5.4,52,143,94,0.26,0.18,124,eng ENG,MF,eng Premier League,21.0,2002.0,30.3,2,40,7,17.5,1.32,0.23,0.05,0.29,18.8,0,0,0,2.1,2.1,0.05,-0.1,-0.1,124,eng ENG,MF,eng Premier League,21.0,2002.0,30.3,1085,1386,78.3,17458,5922,6,3.3,3.6,2.7,37,121,19,2,143,124,eng ENG,MF,eng Premier League,21.0,2002.0,30.3,1386,1292,85,26,7,4,86,2,48,17,28,0,1085,9,35,124,eng ENG,MF,eng Premier League,21.0,2002.0,30.3,87,2.87,43,20,7,8,4,5,10,0.33,124,eng ENG,MF,eng Premier League,21.0,2002.0,30.3,92,56,54,29,9,111,43.2,63,48,9,39,31,123,76,4,124,eng ENG,MF,eng Premier League,21.0,2002.0,30.3,1831,102,424,890,547,72,1831,75,36,48.0,30,40.0,932,5071,2366,52,32,21,60,49,1088,94,154,eng ENG,MF,eng Premier League,21.0,2002.0,37,2728,74,79.8,30.3,33,79.0,13,4,27.0,0,1.76,49,37,12,0.4,0.4,35.2,39.3,-4.1,-0.13,124,eng ENG,MF,eng Premier League,21.0,2002.0,30.3,10,0,0,49,58,4,86,31,56,0,0,0,207,56,30,65.1,,,,,,,,,,,,,,,,,,,,,,,,,,,,,,,,,,,,,,,,,,,,,,,,,,,,,,MF,0.06598240469208211,0.19794721407624635,0.26392961876832843,0.06928152492668622,0.10887096774193547,0.9118768328445748,1,0.9564178381260601,1,0.6887443,0.7727069854736328
136,Antoniu,es ESP,"FW,MF",Espanyol,es La Liga,21.0,2002.0,26,13,1022,11.4,0,1,1,0,0,0,3,0,0.9,0.9,1.1,1.9,35,28,63,0.09,0.17,136,es ESP,"FW,MF",es La Liga,21.0,2002.0,11.4,0,10,4,40.0,0.88,0.35,0.0,0.0,19.7,0,0,0,0.9,0.9,0.09,-0.9,-0.9,136,es ESP,"FW,MF",es La Liga,21.0,2002.0,11.4,148,221,67.0,2071,636,1,1.1,1.1,-0.1,7,10,7,3,28,136,es ESP,"FW,MF",es La Liga,21.0,2002.0,11.4,221,214,4,1,4,0,20,3,0,0,0,0,148,3,15,136,es ESP,"FW,MF",es La Liga,21.0,2002.0,11.4,24,2.11,11,0,6,0,5,2,1,0.09,136,es ESP,"FW,MF",es La Liga,21.0,2002.0,11.4,21,10,9,8,4,21,42.9,12,14,2,12,8,29,11,1,136,es ESP,"FW,MF",es La Liga,21.0,2002.0,11.4,369,10,74,150,158,20,369,54,29,53.7,17,31.5,215,1556,966,35,23,5,27,12,225,63,171,es ESP,"FW,MF",es La Liga,21.0,2002.0,26,1022,39,29.9,11.4,13,61.0,0,13,17.0,9,1.08,14,10,4,0.35,0.92,12.7,12.2,0.5,0.04,136,es ESP,"FW,MF",es La Liga,21.0,2002.0,11.4,3,0,0,19,23,4,20,8,10,0,0,0,39,6,18,25.0,,,,,,,,,,,,,,,,,,,,,,,,,,,,,,,,,,,,,,,,,,,,,,,,,,,,,,MF,0.0,0.08806262230919765,0.08806262230919765,0.0792563600782779,0.09686888454011743,0.4316252446183953,0,0.4248859275626372,0,0.45740828,0.4220224618911743
156,Hákon Arnar Haraldsson,is ISL,"MF,FW",Lille,fr Ligue 1,21.0,2003.0,25,21,1755,19.5,5,3,8,5,0,0,3,0,3.8,3.8,2.8,6.6,52,102,143,0.41,0.34,156,is ISL,"MF,FW",fr Ligue 1,21.0,2003.0,19.5,5,35,13,37.1,1.79,0.67,0.14,0.38,17.1,2,0,0,3.8,3.8,0.11,1.2,1.2,156,is ISL,"MF,FW",fr Ligue 1,21.0,2003.0,19.5,751,946,79.4,12052,2948,3,2.8,3.2,0.2,35,64,42,5,102,156,is ISL,"MF,FW",fr Ligue 1,21.0,2003.0,19.5,946,880,64,14,5,4,59,10,35,11,16,1,751,2,22,156,is ISL,"MF,FW",fr Ligue 1,21.0,2003.0,19.5,70,3.59,49,12,1,4,3,1,7,0.36,156,is ISL,"MF,FW",fr Ligue 1,21.0,2003.0,19.5,36,16,9,17,10,33,48.5,17,10,2,8,8,44,6,0,156,is ISL,"MF,FW",fr Ligue 1,21.0,2003.0,19.5,1136,15,111,502,533,77,1136,49,27,55.1,21,42.9,715,4265,2002,52,45,11,42,13,872,143,195,is ISL,"MF,FW",fr Ligue 1,21.0,2003.0,25,1755,70,57.4,19.5,21,78.0,6,4,31.0,1,1.76,27,20,7,0.36,-0.26,28.3,24.4,3.9,0.2,156,is ISL,"MF,FW",fr Ligue 1,21.0,2003.0,19.5,3,0,0,19,27,3,59,8,16,1,0,0,71,2,14,12.5,,,,,,,,,,,,,,,,,,,,,,,,,,,,,,,,,,,,,,,,,,,,,,,,,,,,,,MF,0.25641025641025644,0.15384615384615385,0.4102564102564103,0.19487179487179485,0.14358974358974358,1.002852564102564,1,0.763374907946363,1,0.62224644,0.6957710385322571
162,Arthur,br BRA,DF,Leverkusen,de Bundesliga,21.0,2003.0,20,7,752,8.4,0,1,1,0,0,0,1,0,0.1,0.1,0.4,0.4,15,25,53,0.12,0.05,162,br BRA,DF,de Bundesliga,21.0,2003.0,8.4,0,1,0,0.0,0.12,0.0,0.0,,15.8,0,0,0,0.1,0.1,0.06,-0.1,-0.1,162,br BRA,DF,de Bundesliga,21.0,2003.0,8.4,306,388,78.9,4578,1255,1,0.4,1.0,0.6,2,20,7,1,25,162,br BRA,DF,de Bundesliga,21.0,2003.0,8.4,388,342,45,1,0,0,16,44,0,0,0,0,306,1,13,162,br BRA,DF,de Bundesliga,21.0,2003.0,8.4,7,0.84,7,0,0,0,0,0,1,0.12,162,br BRA,DF,de Bundesliga,21.0,2003.0,8.4,14,11,3,9,2,10,50.0,5,8,0,8,9,23,29,0,162,br BRA,DF,de Bundesliga,21.0,2003.0,8.4,508,15,119,220,173,13,508,24,5,20.8,19,79.2,242,1264,698,15,14,2,13,6,309,53,202,br BRA,DF,de Bundesliga,21.0,2003.0,20,752,38,24.6,8.4,7,76.0,2,13,17.0,11,2.05,21,7,14,1.68,1.09,12.5,7.9,4.6,0.55,162,br BRA,DF,de Bundesliga,21.0,2003.0,8.4,1,0,0,20,6,0,16,9,11,0,1,0,31,10,12,45.5,,,,,,,,,,,,,,,,,,,,,,,,,,,,,,,,,,,,,,,,,,,,,,,,,,,,,,DF,0.0,0.11968085106382978,0.11968085106382978,0.011968085106382979,0.047872340425531915,0.5128014184397163,0,0.20426065849755617,0,0.34790432,0.24765916168689728
164,Raúl Asencio,es ESP,DF,Real Madrid,es La Liga,21.0,2003.0,23,18,1670,18.6,0,1,1,0,0,0,3,0,0.1,0.1,0.6,0.7,5,27,4,0.05,0.04,164,es ESP,DF,es La Liga,21.0,2003.0,18.6,0,3,1,33.3,0.16,0.05,0.0,0.0,21.4,0,0,0,0.1,0.1,0.04,-0.1,-0.1,164,es ESP,DF,es La Liga,21.0,2003.0,18.6,927,988,93.8,15881,5389,1,0.6,0.4,0.4,6,47,3,0,27,164,es ESP,DF,es La Liga,21.0,2003.0,18.6,988,926,61,33,1,8,0,8,0,0,0,0,927,1,2,164,es ESP,DF,es La Liga,21.0,2003.0,18.6,12,0.65,11,0,1,0,0,0,1,0.05,164,es ESP,DF,es La Liga,21.0,2003.0,18.6,22,16,18,4,0,13,76.9,3,11,6,5,16,38,88,2,164,es ESP,DF,es La Liga,21.0,2003.0,18.6,1149,156,623,501,37,11,1149,9,6,66.7,0,0.0,720,3559,1874,5,5,1,5,6,807,4,205,es ESP,DF,es La Liga,21.0,2003.0,23,1670,73,48.8,18.6,18,84.0,13,5,32.0,3,2.43,37,16,21,1.13,0.15,40.2,20.6,19.7,1.06,164,es ESP,DF,es La Liga,21.0,2003.0,18.6,3,0,0,12,19,1,0,16,16,0,0,0,75,30,15,66.7,,,,,,,,,,,,,,,,,,,,,,,,,,,,,,,,,,,,,,,,,,,,,,,,,,,,,,DF,0.0,0.05389221556886228,0.05389221556886228,0.005389221556886228,0.032335329341317366,0.7856536926147705,1,0.571566093971231,1,0.4480824,0.5309329032897949
169,Yaser Asprilla,co COL,"FW,MF",Girona,es La Liga,20.0,2003.0,27,15,1405,15.6,3,1,4,3,0,0,2,0,2.1,2.1,2.8,4.9,72,77,140,0.26,0.31,169,co COL,"FW,MF",es La Liga,20.0,2003.0,15.6,3,38,11,28.9,2.43,0.7,0.08,0.27,22.9,2,0,0,2.1,2.1,0.05,0.9,0.9,169,co COL,"FW,MF",es La Liga,20.0,2003.0,15.6,471,653,72.1,8613,2194,1,2.8,3.4,-1.8,24,35,38,9,77,169,co COL,"FW,MF",es La Liga,20.0,2003.0,15.6,653,591,56,15,6,10,93,10,24,16,4,0,471,6,24,169,co COL,"FW,MF",es La Liga,20.0,2003.0,15.6,61,3.91,45,7,7,1,1,0,7,0.45,169,co COL,"FW,MF",es La Liga,20.0,2003.0,15.6,22,12,6,8,8,23,34.8,15,14,0,14,7,29,7,1,169,co COL,"FW,MF",es La Liga,20.0,2003.0,15.6,831,11,69,319,453,48,831,64,29,45.3,25,39.1,534,3762,1860,72,37,29,45,17,607,140,211,co COL,"FW,MF",es La Liga,20.0,2003.0,27,1405,52,41.1,15.6,15,76.0,6,12,22.0,3,1.0,18,28,-10,-0.64,-0.37,20.1,21.3,-1.1,-0.07,169,co COL,"FW,MF",es La Liga,20.0,2003.0,15.6,2,0,0,12,23,1,93,7,12,0,1,0,62,4,3,57.1,,,,,,,,,,,,,,,,,,,,,,,,,,,,,,,,,,,,,,,,,,,,,,,,,,,,,,MF,0.1921708185053381,0.06405693950177936,0.25622775800711745,0.13451957295373665,0.17935943060498222,0.6715346975088968,0,0.5840226101416145,1,0.5483389,0.6838386654853821
172,Valentin Atangana Edoa,fr FRA,MF,Reims,fr Ligue 1,18.0,2005.0,34,33,2854,31.7,1,0,1,1,0,0,7,0,2.5,2.5,1.1,3.6,41,93,38,0.03,0.11,172,fr FRA,MF,fr Ligue 1,18.0,2005.0,31.7,1,33,6,18.2,1.04,0.19,0.03,0.17,18.4,0,0,0,2.5,2.5,0.08,-1.5,-1.5,172,fr FRA,MF,fr Ligue 1,18.0,2005.0,31.7,908,1056,86.0,13649,3710,0,1.1,0.7,-1.1,12,66,8,1,93,172,fr FRA,MF,fr Ligue 1,18.0,2005.0,31.7,1056,1037,13,11,2,0,17,1,0,0,0,0,908,6,14,172,fr FRA,MF,fr Ligue 1,18.0,2005.0,31.7,49,1.55,33,0,3,5,4,4,1,0.03,172,fr FRA,MF,fr Ligue 1,18.0,2005.0,31.7,69,50,32,30,7,38,73.7,10,31,15,16,37,106,64,0,172,fr FRA,MF,fr Ligue 1,18.0,2005.0,31.7,1433,115,457,760,234,54,1433,48,14,29.2,29,60.4,735,4761,2212,41,35,8,57,23,889,38,215,fr FRA,MF,fr Ligue 1,18.0,2005.0,34,2854,84,93.3,31.7,33,85.0,20,1,45.0,0,0.97,31,44,-13,-0.41,0.03,35.5,52.8,-17.3,-0.55,172,fr FRA,MF,fr Ligue 1,18.0,2005.0,31.7,7,0,0,57,50,8,17,37,50,0,0,0,117,47,34,58.0,,,,,,,,,,,,,,,,,,,,,,,,,,,,,,,,,,,,,,,,,,,,,,,,,,,,,,MF,0.03153468815697267,0.0,0.03153468815697267,0.07883672039243167,0.034688156972669935,0.4815346881569727,0,0.725665868772217,1,0.5964472,0.4906717836856842
173,Arthur Atta,fr FRA,"MF,FW",Udinese,it Serie A,21.0,2003.0,27,12,1251,13.9,0,1,1,0,0,0,5,0,1.3,1.3,1.4,2.8,31,57,77,0.07,0.2,173,fr FRA,"MF,FW",it Serie A,21.0,2003.0,13.9,0,26,7,26.9,1.87,0.5,0.0,0.0,20.6,0,0,0,1.3,1.3,0.05,-1.3,-1.3,173,fr FRA,"MF,FW",it Serie A,21.0,2003.0,13.9,509,633,80.4,7890,1920,1,1.4,1.4,-0.4,18,42,8,2,57,173,fr FRA,"MF,FW",it Serie A,21.0,2003.0,13.9,633,609,22,6,1,5,24,11,3,1,2,0,509,2,22,173,fr FRA,"MF,FW",it Serie A,21.0,2003.0,13.9,46,3.31,40,2,1,2,1,0,2,0.14,173,fr FRA,"MF,FW",it Serie A,21.0,2003.0,13.9,20,12,9,10,1,15,66.7,5,9,5,4,7,27,15,1,173,fr FRA,"MF,FW",it Serie A,21.0,2003.0,13.9,813,21,125,417,289,39,813,61,27,44.3,30,49.2,515,3228,1219,31,31,10,34,22,593,77,216,fr FRA,"MF,FW",it Serie A,21.0,2003.0,27,1251,46,36.6,13.9,12,78.0,4,15,21.0,3,1.15,9,20,-11,-0.79,-0.63,12.5,19.9,-7.4,-0.53,173,fr FRA,"MF,FW",it Serie A,21.0,2003.0,13.9,5,0,0,16,14,1,24,7,12,0,0,0,57,14,20,41.2,,,,,,,,,,,,,,,,,,,,,,,,,,,,,,,,,,,,,,,,,,,,,,,,,,,,,,MF,0.0,0.07194244604316546,0.07194244604316546,0.09352517985611511,0.10071942446043165,0.4566348920863309,0,0.4896622173373505,0,0.49735287,0.4967202842235565
182,Yasin Ayari,se SWE,MF,Brighton,eng Premier League,20.0,2003.0,34,22,1965,21.8,2,1,3,2,0,0,3,0,2.4,2.4,2.3,4.8,30,75,61,0.14,0.22,182,se SWE,MF,eng Premier League,20.0,2003.0,21.8,2,28,8,28.6,1.28,0.37,0.07,0.25,18.7,2,0,0,2.4,2.4,0.09,-0.4,-0.4,182,se SWE,MF,eng Premier League,20.0,2003.0,21.8,793,973,81.5,11915,3328,1,2.3,2.6,-1.3,30,55,18,4,75,182,se SWE,MF,eng Premier League,20.0,2003.0,21.8,973,880,92,34,10,1,69,3,37,27,6,1,793,1,14,182,se SWE,MF,eng Premier League,20.0,2003.0,21.8,61,2.79,36,13,3,3,4,2,6,0.27,182,se SWE,MF,eng Premier League,20.0,2003.0,21.8,59,32,15,31,13,56,46.4,30,24,6,18,20,79,26,0,182,se SWE,MF,eng Premier League,20.0,2003.0,21.8,1233,58,275,624,354,45,1233,45,18,40.0,18,40.0,655,3244,1466,30,25,6,38,22,801,61,226,se SWE,MF,eng Premier League,20.0,2003.0,34,1965,58,57.5,21.8,22,78.0,8,12,22.0,2,1.68,31,28,3,0.14,-0.11,32.5,29.6,2.9,0.13,182,se SWE,MF,eng Premier League,20.0,2003.0,21.8,3,0,0,37,26,3,69,20,32,0,1,0,118,16,20,44.4,,,,,,,,,,,,,,,,,,,,,,,,,,,,,,,,,,,,,,,,,,,,,,,,,,,,,,MF,0.0916030534351145,0.04580152671755725,0.13740458015267176,0.1099236641221374,0.10534351145038168,0.633206106870229,0,0.6487681947512702,1,0.5998908,0.40796566009521484
189,Adam Aznou,ma MAR,DF,Valladolid,es La Liga,18.0,2006.0,13,10,876,9.7,0,0,0,0,0,0,1,0,0.3,0.3,0.3,0.6,16,25,26,0.0,0.06,189,ma MAR,DF,es La Liga,18.0,2006.0,9.7,0,4,1,25.0,0.41,0.1,0.0,0.0,17.7,0,0,0,0.3,0.3,0.07,-0.3,-0.3,189,ma MAR,DF,es La Liga,18.0,2006.0,9.7,245,343,71.4,3660,1261,0,0.3,0.4,-0.3,6,17,4,2,25,189,ma MAR,DF,es La Liga,18.0,2006.0,9.7,343,263,76,9,0,0,12,65,2,2,0,0,245,4,12,189,ma MAR,DF,es La Liga,18.0,2006.0,9.7,16,1.64,11,3,2,0,0,0,0,0.0,189,ma MAR,DF,es La Liga,18.0,2006.0,9.7,28,21,20,8,0,43,48.8,22,24,8,16,10,38,30,0,189,ma MAR,DF,es La Liga,18.0,2006.0,9.7,508,39,191,241,89,12,508,41,19,46.3,15,36.6,219,1349,804,16,6,3,28,12,228,26,234,ma MAR,DF,es La Liga,18.0,2006.0,13,876,67,25.6,9.7,10,79.0,7,3,29.0,2,0.08,7,23,-16,-1.64,0.05,11.1,14.2,-3.1,-0.32,189,ma MAR,DF,es La Liga,18.0,2006.0,9.7,1,0,0,14,17,0,12,10,21,0,0,0,56,11,4,73.3,,,,,,,,,,,,,,,,,,,,,,,,,,,,,,,,,,,,,,,,,,,,,,,,,,,,,,DF,0.0,0.0,0.0,0.03082191780821918,0.03082191780821918,0.365,0,0.32407203189231887,0,0.37748995,0.3126944899559021
202,Juma Bah,sl SLE,DF,Valladolid,es La Liga,18.0,2006.0,12,10,864,9.6,0,0,0,0,0,0,1,0,0.3,0.3,0.0,0.3,0,13,1,0.0,0.03,202,sl SLE,DF,es La Liga,18.0,2006.0,9.6,0,3,1,33.3,0.31,0.1,0.0,0.0,9.1,0,0,0,0.3,0.3,0.09,-0.3,-0.3,202,sl SLE,DF,es La Liga,18.0,2006.0,9.6,330,407,81.1,6294,2123,0,0.0,0.0,0.0,1,15,0,0,13,202,sl SLE,DF,es La Liga,18.0,2006.0,9.6,407,393,12,11,0,1,0,0,0,0,0,0,330,2,3,202,sl SLE,DF,es La Liga,18.0,2006.0,9.6,2,0.21,2,0,0,0,0,0,0,0.0,202,sl SLE,DF,es La Liga,18.0,2006.0,9.6,10,7,7,3,0,5,60.0,2,15,8,7,12,22,60,0,202,sl SLE,DF,es La Liga,18.0,2006.0,9.6,523,85,321,194,10,8,523,4,3,75.0,1,25.0,265,1091,459,0,1,0,3,5,316,1,251,sl SLE,DF,es La Liga,18.0,2006.0,12,864,72,25.3,9.6,10,84.0,8,2,11.0,3,0.92,6,18,-12,-1.25,0.58,8.9,16.3,-7.4,-0.77,202,sl SLE,DF,es La Liga,18.0,2006.0,9.6,1,0,0,6,6,0,0,12,7,0,0,0,35,31,13,70.5,,,,,,,,,,,,,,,,,,,,,,,,,,,,,,,,,,,,,,,,,,,,,,,,,,,,,,DF,0.0,0.0,0.0,0.03125,0.0,0.36,0,0.14684779886647986,0,0.34037125,0.19486145675182343
203,Juma Bah,sl SLE,DF,Lens,fr Ligue 1,18.0,2006.0,10,8,686,7.6,0,0,0,0,0,0,2,0,0.1,0.1,0.2,0.3,3,9,1,0.0,0.03,203,sl SLE,DF,fr Ligue 1,18.0,2006.0,7.6,0,2,1,50.0,0.26,0.13,0.0,0.0,10.9,0,0,0,0.1,0.1,0.04,-0.1,-0.1,203,sl SLE,DF,fr Ligue 1,18.0,2006.0,7.6,353,378,93.4,6078,1813,0,0.2,0.2,-0.2,2,7,0,0,9,203,sl SLE,DF,fr Ligue 1,18.0,2006.0,7.6,378,358,18,9,0,1,0,0,0,0,0,0,353,2,1,203,sl SLE,DF,fr Ligue 1,18.0,2006.0,7.6,7,0.92,6,0,1,0,0,0,0,0.0,203,sl SLE,DF,fr Ligue 1,18.0,2006.0,7.6,16,10,6,10,0,7,71.4,2,10,7,3,17,33,47,1,203,sl SLE,DF,fr Ligue 1,18.0,2006.0,7.6,480,81,270,199,12,6,480,3,3,100.0,0,0.0,265,987,345,3,2,0,4,3,279,1,252,sl SLE,DF,fr Ligue 1,18.0,2006.0,10,686,69,22.4,7.6,8,84.0,7,2,9.0,3,1.9,10,9,1,0.13,0.06,8.8,11.0,-2.2,-0.28,203,sl SLE,DF,fr Ligue 1,18.0,2006.0,7.6,2,0,0,7,1,0,0,17,10,0,0,0,37,23,6,79.3,,,,,,,,,,,,,,,,,,,,,,,,,,,,,,,,,,,,,,,,,,,,,,,,,,,,,,DF,0.0,0.0,0.0,0.013119533527696793,0.026239067055393587,0.28583333333333333,0,0.10566654813910802,0,0.3370032,0.18366070091724396
207,Stefan Bajcetic,es ESP,"MF,DF",Las Palmas,es La Liga,19.0,2004.0,14,12,969,10.8,1,0,1,1,0,0,4,0,0.3,0.3,0.2,0.5,8,39,9,0.09,0.05,207,es ESP,"MF,DF",es La Liga,19.0,2004.0,10.8,1,5,2,40.0,0.46,0.19,0.2,0.5,23.1,0,0,0,0.3,0.3,0.05,0.7,0.7,207,es ESP,"MF,DF",es La Liga,19.0,2004.0,10.8,300,418,71.8,5892,1599,0,0.2,0.3,-0.2,7,28,8,0,39,207,es ESP,"MF,DF",es La Liga,19.0,2004.0,10.8,418,397,18,14,0,9,4,2,1,1,0,0,300,3,8,207,es ESP,"MF,DF",es La Liga,19.0,2004.0,10.8,14,1.3,10,0,0,2,2,0,1,0.09,207,es ESP,"MF,DF",es La Liga,19.0,2004.0,10.8,29,14,13,13,3,28,42.9,16,25,4,21,15,44,26,1,207,es ESP,"MF,DF",es La Liga,19.0,2004.0,10.8,570,33,148,339,90,6,570,24,11,45.8,9,37.5,238,1175,538,8,9,0,21,6,293,9,256,es ESP,"MF,DF",es La Liga,19.0,2004.0,14,969,69,28.3,10.8,12,75.0,3,2,35.0,1,0.64,7,17,-10,-0.93,-0.52,8.6,16.0,-7.4,-0.69,207,es ESP,"MF,DF",es La Liga,19.0,2004.0,10.8,4,0,0,21,14,0,4,15,14,0,1,0,61,17,13,56.7,,,,,,,,,,,,,,,,,,,,,,,,,,,,,,,,,,,,,,,,,,,,,,,,,,,,,,DF,0.09287925696594426,0.0,0.09287925696594426,0.027863777089783277,0.018575851393188857,0.5585487616099071,0,0.22540695482826248,0,0.35667756,0.29271575808525085
214,Dilane Bakwa,fr FRA,"MF,DF",Strasbourg,fr Ligue 1,21.0,2002.0,30,29,2497,27.7,6,8,14,6,0,0,4,0,4.7,4.7,6.6,11.3,107,129,249,0.5,0.41,214,fr FRA,"MF,DF",fr Ligue 1,21.0,2002.0,27.7,6,52,22,42.3,1.87,0.79,0.12,0.27,21.3,6,0,0,4.7,4.7,0.09,1.3,1.3,214,fr FRA,"MF,DF",fr Ligue 1,21.0,2002.0,27.7,808,1109,72.9,13642,4130,8,6.6,6.0,1.4,47,67,40,10,129,214,fr FRA,"MF,DF",fr Ligue 1,21.0,2002.0,27.7,1109,961,141,48,11,15,153,31,62,29,27,0,808,7,23,214,fr FRA,"MF,DF",fr Ligue 1,21.0,2002.0,27.7,110,3.97,67,21,10,3,7,2,16,0.58,214,fr FRA,"MF,DF",fr Ligue 1,21.0,2002.0,27.7,26,14,11,8,7,24,50.0,12,21,1,20,15,41,27,0,214,fr FRA,"MF,DF",fr Ligue 1,21.0,2002.0,27.7,1420,21,170,588,685,79,1420,127,50,39.4,65,51.2,890,5928,2934,107,70,42,60,34,1046,249,263,fr FRA,"MF,DF",fr Ligue 1,21.0,2002.0,30,2497,83,81.6,27.7,29,85.0,12,1,25.0,0,1.6,48,37,11,0.4,0.24,39.3,44.5,-5.2,-0.19,214,fr FRA,"MF,DF",fr Ligue 1,21.0,2002.0,27.7,4,0,0,29,71,5,153,15,14,0,0,0,92,11,8,57.9,,,,,,,,,,,,,,,,,,,,,,,,,,,,,,,,,,,,,,,,,,,,,,,,,,,,,,DF,0.21625951141369643,0.2883460152182619,0.5046055266319583,0.16940328394072887,0.23788546255506607,1.5910092110532639,1,0.8732791673780639,1,0.6887443,0.806016206741333
215,Tommaso Baldanzi,it ITA,"MF,FW",Roma,it Serie A,21.0,2003.0,31,5,832,9.2,1,1,2,1,0,0,2,0,1.4,1.4,1.0,2.4,39,23,57,0.22,0.26,215,it ITA,"MF,FW",it Serie A,21.0,2003.0,9.2,1,20,4,20.0,2.16,0.43,0.05,0.25,18.6,0,0,0,1.4,1.4,0.07,-0.4,-0.4,215,it ITA,"MF,FW",it Serie A,21.0,2003.0,9.2,305,363,84.0,3953,740,1,1.0,0.8,0.0,10,22,6,0,23,215,it ITA,"MF,FW",it Serie A,21.0,2003.0,9.2,363,344,17,2,4,1,7,10,0,0,0,0,305,2,14,215,it ITA,"MF,FW",it Serie A,21.0,2003.0,9.2,36,3.89,23,0,6,4,2,1,4,0.43,215,it ITA,"MF,FW",it Serie A,21.0,2003.0,9.2,12,4,5,4,3,12,33.3,8,4,0,4,6,18,8,0,215,it ITA,"MF,FW",it Serie A,21.0,2003.0,9.2,472,5,43,191,248,38,472,39,17,43.6,21,53.8,292,1963,994,39,31,10,16,9,335,57,265,it ITA,"MF,FW",it Serie A,21.0,2003.0,31,832,27,24.3,9.2,5,64.0,0,26,20.0,7,1.81,16,8,8,0.87,0.41,15.0,8.8,6.3,0.68,215,it ITA,"MF,FW",it Serie A,21.0,2003.0,9.2,2,0,0,7,16,0,7,6,4,0,0,0,48,1,3,25.0,,,,,,,,,,,,,,,,,,,,,,,,,,,,,,,,,,,,,,,,,,,,,,,,,,,,,,MF,0.10817307692307693,0.10817307692307693,0.21634615384615385,0.15144230769230768,0.10817307692307693,0.5325192307692308,0,0.3477049394738546,0,0.42680317,0.3252965211868286
216,Alejandro Balde,es ESP,DF,Barcelona,es La Liga,20.0,2003.0,32,26,2284,25.4,0,4,4,0,0,0,2,0,0.5,0.5,3.4,3.9,107,93,246,0.16,0.15,216,es ESP,DF,es La Liga,20.0,2003.0,25.4,0,12,3,25.0,0.47,0.12,0.0,0.0,22.0,0,0,0,0.5,0.5,0.04,-0.5,-0.5,216,es ESP,DF,es La Liga,20.0,2003.0,25.4,1306,1484,88.0,19158,3986,4,3.4,2.8,0.6,26,51,39,11,93,216,es ESP,DF,es La Liga,20.0,2003.0,25.4,1484,1287,193,32,3,2,67,161,0,0,0,0,1306,4,28,216,es ESP,DF,es La Liga,20.0,2003.0,25.4,76,2.99,60,3,3,3,7,0,12,0.47,216,es ESP,DF,es La Liga,20.0,2003.0,25.4,18,10,10,5,3,17,64.7,6,24,5,19,5,23,27,0,216,es ESP,DF,es La Liga,20.0,2003.0,25.4,1721,38,310,843,596,47,1721,110,46,41.8,44,40.0,1075,6639,3463,107,68,16,44,27,1245,246,266,es ESP,DF,es La Liga,20.0,2003.0,32,2284,71,66.8,25.4,26,81.0,13,6,30.0,3,2.25,66,22,44,1.73,0.23,61.5,26.3,35.2,1.39,216,es ESP,DF,es La Liga,20.0,2003.0,25.4,2,0,0,16,37,0,67,5,10,0,0,0,122,16,9,64.0,,,,,,,,,,,,,,,,,,,,,,,,,,,,,,,,,,,,,,,,,,,,,,,,,,,,,,DF,0.0,0.1576182136602452,0.1576182136602452,0.01970227670753065,0.1339754816112084,1.0126970227670753,1,0.8583352559242929,1,0.65692544,0.806016206741333
218,Carlos Baleba,cm CMR,MF,Brighton,eng Premier League,20.0,2004.0,34,31,2661,29.6,3,1,4,3,0,0,8,1,3.1,3.1,1.3,4.4,43,118,29,0.14,0.15,218,cm CMR,MF,eng Premier League,20.0,2004.0,29.6,3,44,11,25.0,1.49,0.37,0.07,0.27,25.5,1,0,0,3.1,3.1,0.07,-0.1,-0.1,218,cm CMR,MF,eng Premier League,20.0,2004.0,29.6,1149,1314,87.4,19305,4741,1,1.3,1.2,-0.3,21,109,23,3,118,218,cm CMR,MF,eng Premier League,20.0,2004.0,29.6,1314,1289,23,10,7,3,9,3,0,0,0,0,1149,2,14,218,cm CMR,MF,eng Premier League,20.0,2004.0,29.6,66,2.23,55,0,2,5,1,3,4,0.14,218,cm CMR,MF,eng Premier League,20.0,2004.0,29.6,79,46,26,37,16,80,60.0,32,47,11,36,46,125,44,1,218,cm CMR,MF,eng Premier League,20.0,2004.0,29.6,1697,94,410,994,339,12,1697,57,33,57.9,20,35.1,971,5692,2810,43,45,3,39,42,1035,29,268,cm CMR,MF,eng Premier League,20.0,2004.0,34,2661,78,77.8,29.6,31,83.0,15,3,27.0,2,1.68,55,39,16,0.54,1.61,47.0,39.6,7.4,0.25,218,cm CMR,MF,eng Premier League,20.0,2004.0,29.6,8,1,1,40,48,0,9,46,46,0,2,0,197,39,26,60.0,,,,,,,,,,,,,,,,,,,,,,,,,,,,,,,,,,,,,,,,,,,,,,,,,,,,,,MF,0.10146561443066515,0.033821871476888386,0.13528748590755355,0.10484780157835401,0.043968432919954906,0.619109357384442,0,0.8150838698923638,1,0.6259166,0.40225276350975037
238,Valentín Barco,ar ARG,"MF,DF",Strasbourg,fr Ligue 1,20.0,2004.0,14,14,1157,12.9,0,2,2,0,0,0,2,0,0.5,0.5,1.5,2.0,20,64,55,0.16,0.15,238,ar ARG,"MF,DF",fr Ligue 1,20.0,2004.0,12.9,0,10,1,10.0,0.78,0.08,0.0,0.0,22.9,1,0,0,0.5,0.5,0.05,-0.5,-0.5,238,ar ARG,"MF,DF",fr Ligue 1,20.0,2004.0,12.9,644,777,82.9,10174,2666,2,1.5,1.5,0.5,8,54,9,2,64,238,ar ARG,"MF,DF",fr Ligue 1,20.0,2004.0,12.9,777,708,68,17,2,4,31,48,2,1,0,0,644,1,16,238,ar ARG,"MF,DF",fr Ligue 1,20.0,2004.0,12.9,20,1.56,17,0,1,1,1,0,6,0.47,238,ar ARG,"MF,DF",fr Ligue 1,20.0,2004.0,12.9,36,22,24,10,2,30,73.3,8,8,3,5,13,49,28,1,238,ar ARG,"MF,DF",fr Ligue 1,20.0,2004.0,12.9,928,48,302,443,193,15,928,20,9,45.0,10,50.0,513,2052,1117,20,28,2,22,10,632,55,293,ar ARG,"MF,DF",fr Ligue 1,20.0,2004.0,14,1157,83,37.8,12.9,14,83.0,5,0,,0,2.14,22,9,13,1.01,1.06,18.2,17.2,1.0,0.08,238,ar ARG,"MF,DF",fr Ligue 1,20.0,2004.0,12.9,2,0,0,17,29,0,31,13,22,0,1,0,79,7,7,50.0,,,,,,,,,,,,,,,,,,,,,,,,,,,,,,,,,,,,,,,,,,,,,,,,,,,,,,DF,0.0,0.15557476231633535,0.15557476231633535,0.03889369057908384,0.11668107173725151,0.7413746038605589,1,0.4317638092112069,0,0.41129008,0.7043870091438293
239,Bradley Barcola,fr FRA,FW,Paris S-G,fr Ligue 1,21.0,2002.0,34,27,2181,24.2,14,10,24,14,0,0,2,0,13.4,13.4,10.1,23.5,137,96,374,0.99,0.97,239,fr FRA,FW,fr Ligue 1,21.0,2002.0,24.2,14,74,38,51.4,3.05,1.57,0.19,0.37,13.2,0,0,0,13.4,13.4,0.18,0.6,0.6,239,fr FRA,FW,fr Ligue 1,21.0,2002.0,24.2,749,917,81.7,10250,2486,10,10.1,5.9,-0.1,50,28,51,4,96,239,fr FRA,FW,fr Ligue 1,21.0,2002.0,24.2,917,894,19,5,6,2,25,12,2,0,0,0,749,4,22,239,fr FRA,FW,fr Ligue 1,21.0,2002.0,24.2,101,4.17,87,1,5,4,2,2,20,0.83,239,fr FRA,FW,fr Ligue 1,21.0,2002.0,24.2,27,17,10,8,9,31,25.8,23,25,2,23,19,46,12,0,239,fr FRA,FW,fr Ligue 1,21.0,2002.0,24.2,1278,13,84,393,814,214,1278,137,34,24.8,94,68.6,855,5835,3505,137,65,95,64,20,1019,374,294,fr FRA,FW,fr Ligue 1,21.0,2002.0,34,2181,64,71.3,24.2,27,74.0,7,7,28.0,0,2.47,66,21,45,1.86,0.63,63.5,19.2,44.3,1.83,239,fr FRA,FW,fr Ligue 1,21.0,2002.0,24.2,2,0,0,30,22,7,25,19,17,0,0,0,67,14,7,66.7,,,,,,,,,,,,,,,,,,,,,,,,,,,,,,,,,,,,,,,,,,,,,,,,,,,,,,FW,0.5777166437414031,0.4126547455295736,0.9903713892709767,0.5529573590096286,0.41678129298486927,1.3170563961485557,1,0.8606720782139896,1,0.6716843,0.0
251,Pablo Barrios,es ESP,MF,Atlético Madrid,es La Liga,21.0,2003.0,31,28,2330,25.9,1,4,5,1,0,0,4,1,1.3,1.3,2.4,3.7,29,142,69,0.19,0.14,251,es ESP,MF,es La Liga,21.0,2003.0,25.9,1,29,8,27.6,1.12,0.31,0.03,0.13,23.1,0,0,0,1.3,1.3,0.05,-0.3,-0.3,251,es ESP,MF,es La Liga,21.0,2003.0,25.9,1299,1511,86.0,20821,5648,4,2.4,2.0,1.6,26,148,24,5,142,251,es ESP,MF,es La Liga,21.0,2003.0,25.9,1511,1478,30,23,5,11,26,5,0,0,0,0,1299,3,28,251,es ESP,MF,es La Liga,21.0,2003.0,25.9,66,2.55,58,1,1,3,1,2,11,0.43,251,es ESP,MF,es La Liga,21.0,2003.0,25.9,46,26,23,20,3,47,48.9,24,18,5,13,34,80,33,9,251,es ESP,MF,es La Liga,21.0,2003.0,25.9,1784,51,415,1001,378,29,1784,42,25,59.5,14,33.3,1119,5204,2315,29,35,6,49,23,1308,69,307,es ESP,MF,es La Liga,21.0,2003.0,31,2330,75,68.1,25.9,28,80.0,19,3,34.0,0,2.0,51,24,27,1.04,0.13,45.7,21.7,24.0,0.93,251,es ESP,MF,es La Liga,21.0,2003.0,25.9,4,1,0,28,27,0,26,34,26,0,0,0,131,35,21,62.5,,,,,,,,,,,,,,,,,,,,,,,,,,,,,,,,,,,,,,,,,,,,,,,,,,,,,,MF,0.03862660944206008,0.15450643776824033,0.19313304721030042,0.050214592274678116,0.09270386266094419,0.7976394849785408,1,0.8671708377156376,1,0.6500784,0.6602837443351746
252,Thierno Barry,fr FRA,FW,Villarreal,es La Liga,21.0,2002.0,35,25,2323,25.8,11,4,15,10,1,1,4,0,12.5,11.7,2.9,14.6,44,27,124,0.54,0.6,252,fr FRA,FW,es La Liga,21.0,2002.0,25.8,11,71,24,33.8,2.75,0.93,0.14,0.42,12.0,0,1,1,12.5,11.7,0.17,-1.5,-1.7,252,fr FRA,FW,es La Liga,21.0,2002.0,25.8,209,337,62.0,2946,546,4,2.9,2.0,1.1,23,14,12,1,27,252,fr FRA,FW,es La Liga,21.0,2002.0,25.8,337,328,9,0,4,1,5,0,0,0,0,0,209,0,8,252,fr FRA,FW,es La Liga,21.0,2002.0,25.8,46,1.78,32,0,3,6,3,2,6,0.23,252,fr FRA,FW,es La Liga,21.0,2002.0,25.8,11,8,2,5,4,10,40.0,6,15,2,13,0,11,19,0,252,fr FRA,FW,es La Liga,21.0,2002.0,25.8,624,22,44,246,346,126,623,50,18,36.0,25,50.0,347,2237,1041,44,35,25,86,27,485,124,308,fr FRA,FW,es La Liga,21.0,2002.0,35,2323,66,67.9,25.8,25,81.0,14,10,29.0,0,1.8,53,32,21,0.81,0.9,44.3,29.3,15.1,0.58,252,fr FRA,FW,es La Liga,21.0,2002.0,25.8,4,0,0,47,51,20,5,0,8,1,1,0,36,99,48,67.3,,,,,,,,,,,,,,,,,,,,,,,,,,,,,,,,,,,,,,,,,,,,,,,,,,,,,,FW,0.42617305208781747,0.15497201894102453,0.5811450710288419,0.4842875591907017,0.11235471373224279,0.9532931554024968,1,0.6799090958951339,1,0.53911597,0.0
276,Maximilian Beier,de GER,"FW,MF",Dortmund,de Bundesliga,21.0,2002.0,29,17,1591,17.7,8,5,13,8,0,0,2,0,7.7,7.7,3.3,11.0,24,33,124,0.74,0.62,276,de GER,"FW,MF",de Bundesliga,21.0,2002.0,17.7,8,42,13,31.0,2.38,0.74,0.19,0.62,12.6,0,0,0,7.7,7.7,0.18,0.3,0.3,276,de GER,"FW,MF",de Bundesliga,21.0,2002.0,17.7,291,413,70.5,3569,852,5,3.3,2.5,1.7,24,13,14,3,33,276,de GER,"FW,MF",de Bundesliga,21.0,2002.0,17.7,413,396,13,0,1,0,16,10,0,0,0,0,291,4,22,276,de GER,"FW,MF",de Bundesliga,21.0,2002.0,17.7,55,3.11,38,0,6,4,3,4,7,0.4,276,de GER,"FW,MF",de Bundesliga,21.0,2002.0,17.7,25,16,8,11,6,31,38.7,19,15,1,14,7,32,14,1,276,de GER,"FW,MF",de Bundesliga,21.0,2002.0,17.7,618,16,73,245,308,88,618,51,22,43.1,27,52.9,338,1481,748,24,12,9,39,26,423,124,336,de GER,"FW,MF",de Bundesliga,21.0,2002.0,29,1591,55,52.0,17.7,17,75.0,6,12,27.0,1,1.55,38,24,14,0.79,0.42,31.2,22.0,9.3,0.52,276,de GER,"FW,MF",de Bundesliga,21.0,2002.0,17.7,2,0,0,17,16,9,16,7,16,0,0,0,49,23,20,53.5,,,,,,,,,,,,,,,,,,,,,,,,,,,,,,,,,,,,,,,,,,,,,,,,,,,,,,MF,0.4525455688246386,0.28284098051539913,0.7353865493400378,0.4355751099937146,0.1866750471401634,1.4159775298554371,1,0.5937986061620775,1,0.49782676,0.6219064593315125
279,Reda Belahyane,ma MAR,MF,Hellas Verona,it Serie A,20.0,2004.0,22,17,1658,18.4,0,2,2,0,0,0,6,1,0.2,0.2,1.0,1.3,22,73,13,0.11,0.07,279,ma MAR,MF,it Serie A,20.0,2004.0,18.4,0,6,2,33.3,0.33,0.11,0.0,0.0,23.9,0,0,0,0.2,0.2,0.04,-0.2,-0.2,279,ma MAR,MF,it Serie A,20.0,2004.0,18.4,587,701,83.7,8987,2976,2,1.0,0.6,1.0,16,71,10,0,73,279,ma MAR,MF,it Serie A,20.0,2004.0,18.4,701,685,15,14,1,3,3,1,0,0,0,0,587,1,9,279,ma MAR,MF,it Serie A,20.0,2004.0,18.4,41,2.23,34,0,3,1,1,2,3,0.16,279,ma MAR,MF,it Serie A,20.0,2004.0,18.4,36,26,16,13,7,17,76.5,4,20,9,11,10,46,22,1,279,ma MAR,MF,it Serie A,20.0,2004.0,18.4,884,49,251,526,126,8,884,52,33,63.5,17,32.7,551,3272,1498,22,17,5,34,21,591,13,340,ma MAR,MF,it Serie A,20.0,2004.0,22,1658,75,48.5,18.4,17,88.0,13,5,32.0,0,0.91,20,39,-19,-1.03,-0.37,18.5,27.1,-8.6,-0.46,279,ma MAR,MF,it Serie A,20.0,2004.0,18.4,6,1,1,31,9,0,3,10,26,0,0,0,109,5,15,25.0,,,,,,,,,,,,,,,,,,,,,,,,,,,,,,,,,,,,,,,,,,,,,,,,,,,,,,MF,0.0,0.10856453558504221,0.10856453558504221,0.010856453558504222,0.054282267792521106,0.6316290711700844,0,0.3809918926480722,0,0.4252911,0.25525131821632385
289,Jude Bellingham,eng ENG,MF,Real Madrid,es La Liga,21.0,2003.0,31,29,2488,27.6,9,8,17,8,1,2,5,1,11.4,9.9,3.9,13.7,74,199,143,0.58,0.55,289,eng ENG,MF,es La Liga,21.0,2003.0,27.6,9,60,22,36.7,2.17,0.8,0.13,0.36,15.6,0,1,2,11.4,9.9,0.17,-2.4,-1.9,289,eng ENG,MF,es La Liga,21.0,2003.0,27.6,1333,1548,86.1,21413,4654,8,3.9,4.5,4.1,42,130,31,0,199,289,eng ENG,MF,es La Liga,21.0,2003.0,27.6,1548,1490,48,21,22,19,18,11,1,0,0,0,1333,10,27,289,eng ENG,MF,es La Liga,21.0,2003.0,27.6,105,3.8,85,1,5,8,3,3,13,0.47,289,eng ENG,MF,es La Liga,21.0,2003.0,27.6,61,33,20,27,14,42,66.7,14,37,2,35,28,89,23,1,289,eng ENG,MF,es La Liga,21.0,2003.0,27.6,1881,32,239,910,752,110,1879,75,41,54.7,28,37.3,1229,6054,2818,74,61,14,54,43,1542,143,353,eng ENG,MF,es La Liga,21.0,2003.0,31,2488,80,72.7,27.6,29,84.0,19,2,28.0,0,2.19,61,33,28,1.01,-0.15,54.4,32.9,21.5,0.78,289,eng ENG,MF,es La Liga,21.0,2003.0,27.6,5,1,0,33,64,9,18,28,33,1,0,0,97,30,31,49.2,,,,,,,,,,,,,,,,,,,,,,,,,,,,,,,,,,,,,,,,,,,,,,,,,,,,,,MF,0.3255627009646302,0.28938906752411575,0.614951768488746,0.412379421221865,0.1410771704180064,1.3543408360128617,1,0.9046856178187863,1,0.65692544,0.7120899558067322
294,Eliesse Ben Seghir,ma MAR,"MF,FW",Monaco,fr Ligue 1,19.0,2005.0,33,19,1750,19.4,6,3,9,4,2,2,0,0,5.5,4.1,5.2,9.3,85,122,170,0.36,0.55,294,ma MAR,"MF,FW",fr Ligue 1,19.0,2005.0,19.4,6,58,19,32.8,2.98,0.98,0.07,0.21,20.9,3,2,2,5.5,4.1,0.07,0.5,-0.1,294,ma MAR,"MF,FW",fr Ligue 1,19.0,2005.0,19.4,754,951,79.3,10638,3042,3,5.2,4.6,-2.2,33,71,45,4,122,294,ma MAR,"MF,FW",fr Ligue 1,19.0,2005.0,19.4,951,885,64,12,14,3,52,8,34,18,11,0,754,2,18,294,ma MAR,"MF,FW",fr Ligue 1,19.0,2005.0,19.4,77,3.96,57,7,1,8,4,0,7,0.36,294,ma MAR,"MF,FW",fr Ligue 1,19.0,2005.0,19.4,31,22,12,12,7,32,56.3,14,20,0,20,13,44,4,0,294,ma MAR,"MF,FW",fr Ligue 1,19.0,2005.0,19.4,1244,3,96,542,624,63,1242,96,35,36.5,55,57.3,843,5569,3024,85,83,25,59,35,988,170,359,ma MAR,"MF,FW",fr Ligue 1,19.0,2005.0,33,1750,53,57.2,19.4,19,75.0,6,14,23.0,1,1.76,31,23,8,0.41,-0.55,41.1,20.7,20.4,1.05,294,ma MAR,"MF,FW",fr Ligue 1,19.0,2005.0,19.4,0,0,0,25,55,2,52,13,22,0,0,0,86,13,22,37.1,,,,,,,,,,,,,,,,,,,,,,,,,,,,,,,,,,,,,,,,,,,,,,,,,,,,,,MF,0.30857142857142855,0.15428571428571428,0.46285714285714286,0.28285714285714286,0.26742857142857146,1.054642857142857,1,0.8170814885183636,1,0.6617843,0.7229389548301697
306,Lucas Beraldo,br BRA,DF,Paris S-G,fr Ligue 1,20.0,2003.0,25,22,2011,22.3,1,0,1,1,0,0,6,0,0.9,0.9,0.4,1.2,9,131,0,0.04,0.06,306,br BRA,DF,fr Ligue 1,20.0,2003.0,22.3,1,12,4,33.3,0.54,0.18,0.08,0.25,14.2,0,0,0,0.9,0.9,0.07,0.1,0.1,306,br BRA,DF,fr Ligue 1,20.0,2003.0,22.3,2013,2132,94.4,35552,12625,0,0.4,0.9,-0.4,8,168,13,2,131,306,br BRA,DF,fr Ligue 1,20.0,2003.0,22.3,2132,2072,55,29,1,9,3,25,0,0,0,0,2013,5,6,306,br BRA,DF,fr Ligue 1,20.0,2003.0,22.3,22,0.98,22,0,0,0,0,0,3,0.13,306,br BRA,DF,fr Ligue 1,20.0,2003.0,22.3,38,31,30,8,0,37,62.2,14,16,8,8,21,59,63,3,306,br BRA,DF,fr Ligue 1,20.0,2003.0,22.3,2314,223,870,1372,78,15,2314,1,1,100.0,0,0.0,1395,5489,3292,9,15,0,10,2,1847,0,374,br BRA,DF,fr Ligue 1,20.0,2003.0,25,2011,80,65.7,22.3,22,88.0,19,3,27.0,8,2.52,61,25,36,1.61,-0.19,58.6,22.1,36.5,1.63,306,br BRA,DF,fr Ligue 1,20.0,2003.0,22.3,6,0,0,22,9,1,3,21,31,0,1,0,115,45,21,68.2,,,,,,,,,,,,,,,,,,,,,,,,,,,,,,,,,,,,,,,,,,,,,,,,,,,,,,DF,0.04475385380407757,0.0,0.04475385380407757,0.04027846842366982,0.01790154152163103,0.8245897563401293,1,0.7367783732808938,1,0.5369502,0.7221865653991699
310,Lucas Bergvall,se SWE,MF,Tottenham,eng Premier League,18.0,2006.0,27,11,1212,13.5,0,1,1,0,0,0,3,0,0.7,0.7,0.6,1.3,33,49,31,0.07,0.09,310,se SWE,MF,eng Premier League,18.0,2006.0,13.5,0,12,2,16.7,0.89,0.15,0.0,0.0,19.9,0,0,0,0.7,0.7,0.06,-0.7,-0.7,310,se SWE,MF,eng Premier League,18.0,2006.0,13.5,629,720,87.4,10567,2202,1,0.6,0.8,0.4,11,53,7,3,49,310,se SWE,MF,eng Premier League,18.0,2006.0,13.5,720,675,44,21,0,8,21,10,8,5,2,0,629,1,11,310,se SWE,MF,eng Premier League,18.0,2006.0,13.5,22,1.63,16,4,0,2,0,0,4,0.3,310,se SWE,MF,eng Premier League,18.0,2006.0,13.5,39,19,14,20,5,32,53.1,15,18,8,10,24,63,22,3,310,se SWE,MF,eng Premier League,18.0,2006.0,13.5,885,36,188,478,232,22,885,45,21,46.7,20,44.4,531,3392,1634,33,21,4,20,19,586,31,380,se SWE,MF,eng Premier League,18.0,2006.0,27,1212,45,35.4,13.5,11,81.0,6,16,20.0,7,1.11,29,25,4,0.3,0.5,20.9,24.4,-3.5,-0.26,310,se SWE,MF,eng Premier League,18.0,2006.0,13.5,3,0,0,20,17,0,21,24,19,0,0,0,73,9,8,52.9,,,,,,,,,,,,,,,,,,,,,,,,,,,,,,,,,,,,,,,,,,,,,,,,,,,,,,MF,0.0,0.07425742574257425,0.07425742574257425,0.05198019801980198,0.04455445544554455,0.45151485148514847,0,0.3493909150792574,0,0.4608907,0.32936155796051025
311,Medon Berisha,al ALB,MF,Lecce,it Serie A,20.0,2003.0,17,7,716,8.0,0,1,1,0,0,0,5,0,0.7,0.7,0.6,1.3,13,42,17,0.13,0.17,311,al ALB,MF,it Serie A,20.0,2003.0,8.0,0,24,6,25.0,3.02,0.75,0.0,0.0,26.7,2,0,0,0.7,0.7,0.03,-0.7,-0.7,311,al ALB,MF,it Serie A,20.0,2003.0,8.0,312,400,78.0,6425,2111,1,0.6,0.8,0.4,11,46,6,1,42,311,al ALB,MF,it Serie A,20.0,2003.0,8.0,400,346,52,29,2,6,29,5,15,5,10,0,312,2,4,311,al ALB,MF,it Serie A,20.0,2003.0,8.0,29,3.64,17,6,1,2,2,1,2,0.25,311,al ALB,MF,it Serie A,20.0,2003.0,8.0,12,8,7,3,2,8,50.0,4,6,0,6,11,23,5,2,311,al ALB,MF,it Serie A,20.0,2003.0,8.0,486,14,96,271,128,7,486,9,3,33.3,4,44.4,279,1600,877,13,7,3,10,1,315,17,381,al ALB,MF,it Serie A,20.0,2003.0,17,716,42,20.9,8.0,7,67.0,1,10,25.0,5,0.59,7,10,-3,-0.38,0.55,7.8,7.9,-0.1,-0.01,311,al ALB,MF,it Serie A,20.0,2003.0,8.0,5,0,0,16,11,0,29,11,8,0,0,0,36,7,7,50.0,,,,,,,,,,,,,,,,,,,,,,,,,,,,,,,,,,,,,,,,,,,,,,,,,,,,,,MF,0.0,0.12569832402234637,0.12569832402234637,0.08798882681564245,0.07541899441340782,0.4303966480446928,0,0.20586532121536041,0,0.36043614,0.27439436316490173
322,Victor Bernth Kristiansen,dk DEN,DF,Leicester City,eng Premier League,21.0,2002.0,30,29,2482,27.6,0,1,1,0,0,0,1,0,0.3,0.3,1.4,1.7,40,70,78,0.04,0.06,322,dk DEN,DF,eng Premier League,21.0,2002.0,27.6,0,3,0,0.0,0.11,0.0,0.0,,17.7,0,0,0,0.3,0.3,0.11,-0.3,-0.3,322,dk DEN,DF,eng Premier League,21.0,2002.0,27.6,1023,1321,77.4,16420,5859,1,1.4,1.7,-0.4,18,76,23,18,70,322,dk DEN,DF,eng Premier League,21.0,2002.0,27.6,1321,1067,246,40,1,2,97,189,17,14,2,0,1023,8,24,322,dk DEN,DF,eng Premier League,21.0,2002.0,27.6,42,1.52,33,6,1,0,2,0,3,0.11,322,dk DEN,DF,eng Premier League,21.0,2002.0,27.6,87,51,56,26,5,91,53.8,42,38,15,23,42,129,75,3,322,dk DEN,DF,eng Premier League,21.0,2002.0,27.6,1614,115,577,722,329,17,1614,18,8,44.4,9,50.0,816,3948,1866,40,26,5,15,13,887,78,393,dk DEN,DF,eng Premier League,21.0,2002.0,30,2482,83,72.6,27.6,29,85.0,20,1,14.0,5,0.6,19,62,-43,-1.56,-1.18,20.6,53.4,-32.8,-1.19,322,dk DEN,DF,eng Premier League,21.0,2002.0,27.6,1,0,0,19,18,3,97,42,51,0,1,1,99,22,42,34.4,,,,,,,,,,,,,,,,,,,,,,,,,,,,,,,,,,,,,,,,,,,,,,,,,,,,,,DF,0.0,0.0362610797743755,0.0362610797743755,0.01087832393231265,0.0507655116841257,0.8104351329572925,1,0.8189080368509477,1,0.6359221,0.8339694738388062
329,Alessandro Bianco,it ITA,MF,Monza,it Serie A,21.0,2002.0,34,29,2600,28.9,1,0,1,1,0,0,9,0,1.3,1.3,1.2,2.5,35,125,24,0.03,0.09,329,it ITA,MF,it Serie A,21.0,2002.0,28.9,1,26,6,23.1,0.9,0.21,0.04,0.17,23.7,0,0,0,1.3,1.3,0.05,-0.3,-0.3,329,it ITA,MF,it Serie A,21.0,2002.0,28.9,1314,1525,86.2,25818,6439,0,1.2,1.3,-1.2,18,139,16,3,125,329,it ITA,MF,it Serie A,21.0,2002.0,28.9,1525,1438,80,69,4,13,23,4,0,0,0,0,1314,7,23,329,it ITA,MF,it Serie A,21.0,2002.0,28.9,38,1.32,33,1,0,4,0,0,0,0.0,329,it ITA,MF,it Serie A,21.0,2002.0,28.9,51,28,26,17,8,41,65.9,14,40,14,26,22,73,53,4,329,it ITA,MF,it Serie A,21.0,2002.0,28.9,1818,97,535,1055,246,14,1818,41,17,41.5,19,46.3,1186,5758,2527,35,32,4,40,24,1289,24,405,it ITA,MF,it Serie A,21.0,2002.0,34,2600,76,76.0,28.9,29,84.0,17,5,30.0,1,0.47,19,60,-41,-1.42,-1.42,22.9,44.9,-21.9,-0.76,329,it ITA,MF,it Serie A,21.0,2002.0,28.9,9,0,0,43,55,3,23,22,28,0,1,0,122,16,28,36.4,,,,,,,,,,,,,,,,,,,,,,,,,,,,,,,,,,,,,,,,,,,,,,,,,,,,,,MF,0.03461538461538462,0.0,0.03461538461538462,0.045,0.04153846153846154,0.4846153846153846,0,0.8463715671329892,1,0.64043194,0.526762843132019
331,Mika Biereth,dk DEN,FW,Monaco,fr Ligue 1,21.0,2003.0,16,16,1228,13.6,13,2,15,12,1,2,0,0,11.3,9.7,4.5,14.2,14,24,110,1.03,1.16,331,dk DEN,FW,fr Ligue 1,21.0,2003.0,13.6,13,40,22,55.0,2.93,1.61,0.3,0.55,11.6,0,1,2,11.3,9.7,0.24,1.7,2.3,331,dk DEN,FW,fr Ligue 1,21.0,2003.0,13.6,149,241,61.8,2062,532,2,4.5,3.2,-2.5,22,11,16,1,24,331,dk DEN,FW,fr Ligue 1,21.0,2003.0,13.6,241,222,15,1,2,1,8,1,0,0,0,0,149,4,15,331,dk DEN,FW,fr Ligue 1,21.0,2003.0,13.6,38,2.78,32,0,0,3,2,1,4,0.29,331,dk DEN,FW,fr Ligue 1,21.0,2003.0,13.6,5,5,0,3,2,7,42.9,4,11,0,11,4,9,7,0,331,dk DEN,FW,fr Ligue 1,21.0,2003.0,13.6,382,4,15,125,243,98,380,11,1,9.1,9,81.8,212,817,354,14,8,5,39,16,286,110,408,dk DEN,FW,fr Ligue 1,21.0,2003.0,16,1228,77,40.1,13.6,16,77.0,5,0,,1,1.88,31,16,15,1.1,0.76,32.7,14.3,18.4,1.35,331,dk DEN,FW,fr Ligue 1,21.0,2003.0,13.6,0,0,0,19,30,6,8,4,5,1,0,0,23,18,29,38.3,,,,,,,,,,,,,,,,,,,,,,,,,,,,,,,,,,,,,,,,,,,,,,,,,,,,,,FW,0.9527687296416938,0.1465798045602606,1.0993485342019544,0.8281758957654723,0.3298045602605863,1.1546290264205574,1,0.5099324778308961,1,0.43250155,0.0
339,Tom Bischof,de GER,"MF,FW",Hoffenheim,de Bundesliga,19.0,2005.0,31,30,2559,28.4,5,2,7,5,0,0,5,0,2.2,2.2,3.6,5.9,47,138,102,0.25,0.21,339,de GER,"MF,FW",de Bundesliga,19.0,2005.0,28.4,5,51,18,35.3,1.79,0.63,0.1,0.28,23.1,5,0,0,2.2,2.2,0.04,2.8,2.8,339,de GER,"MF,FW",de Bundesliga,19.0,2005.0,28.4,1210,1537,78.7,20642,6105,2,3.6,4.8,-1.6,50,110,39,10,138,339,de GER,"MF,FW",de Bundesliga,19.0,2005.0,28.4,1537,1344,186,67,3,6,145,13,97,35,42,3,1210,7,54,339,de GER,"MF,FW",de Bundesliga,19.0,2005.0,28.4,117,4.12,67,32,4,8,4,2,7,0.25,339,de GER,"MF,FW",de Bundesliga,19.0,2005.0,28.4,95,53,36,45,14,77,51.9,37,66,11,55,30,125,53,1,339,de GER,"MF,FW",de Bundesliga,19.0,2005.0,28.4,1951,76,376,957,634,46,1951,64,29,45.3,32,50.0,962,4689,2092,47,34,9,41,38,1146,102,417,de GER,"MF,FW",de Bundesliga,19.0,2005.0,31,2559,83,83.6,28.4,30,85.0,19,1,15.0,0,0.94,35,52,-17,-0.6,0.3,35.0,41.9,-7.0,-0.24,339,de GER,"MF,FW",de Bundesliga,19.0,2005.0,28.4,5,0,0,45,33,1,145,30,53,0,0,0,156,14,19,42.4,,,,,,,,,,,,,,,,,,,,,,,,,,,,,,,,,,,,,,,,,,,,,,,,,,,,,,MF,0.17584994138335286,0.07033997655334115,0.246189917936694,0.07737397420867527,0.12661195779601406,0.7665298944900352,1,0.9244997185775057,1,0.67963845,0.7276225686073303
342,Emmanuel Biumla,fr FRA,DF,Angers,fr Ligue 1,19.0,2005.0,17,15,1336,14.8,1,0,1,1,0,0,2,0,0.7,0.7,0.0,0.8,3,16,0,0.07,0.05,342,fr FRA,DF,fr Ligue 1,19.0,2005.0,14.8,1,4,2,50.0,0.27,0.13,0.25,0.5,13.7,0,0,0,0.7,0.7,0.18,0.3,0.3,342,fr FRA,DF,fr Ligue 1,19.0,2005.0,14.8,440,499,88.2,8842,2637,0,0.0,0.1,0.0,1,13,1,0,16,342,fr FRA,DF,fr Ligue 1,19.0,2005.0,14.8,499,473,23,21,0,1,0,0,0,0,0,0,440,3,2,342,fr FRA,DF,fr Ligue 1,19.0,2005.0,14.8,4,0.27,4,0,0,0,0,0,0,0.0,342,fr FRA,DF,fr Ligue 1,19.0,2005.0,14.8,19,12,14,5,0,18,66.7,6,18,8,10,8,27,84,1,342,fr FRA,DF,fr Ligue 1,19.0,2005.0,14.8,654,118,402,240,16,8,654,12,7,58.3,4,33.3,380,2264,1290,3,2,0,10,4,420,0,421,fr FRA,DF,fr Ligue 1,19.0,2005.0,17,1336,79,43.7,14.8,15,87.0,14,2,16.0,4,1.18,19,21,-2,-0.13,0.86,17.8,28.4,-10.6,-0.72,342,fr FRA,DF,fr Ligue 1,19.0,2005.0,14.8,2,0,0,7,10,0,0,8,12,0,1,0,37,16,12,57.1,,,,,,,,,,,,,,,,,,,,,,,,,,,,,,,,,,,,,,,,,,,,,,,,,,,,,,DF,0.06736526946107785,0.0,0.06736526946107785,0.04715568862275449,0.0,0.6689421157684631,0,0.11803224123694127,0,0.3178426,0.17647597193717957
354,Lamare Bogarde,nl NED,"DF,MF",Aston Villa,eng Premier League,20.0,2004.0,8,5,476,5.3,0,0,0,0,0,0,2,0,0.0,0.0,0.1,0.2,12,14,9,0.0,0.03,354,nl NED,"DF,MF",eng Premier League,20.0,2004.0,5.3,0,1,1,100.0,0.19,0.19,0.0,0.0,20.2,0,0,0,0.0,0.0,0.04,0.0,0.0,354,nl NED,"DF,MF",eng Premier League,20.0,2004.0,5.3,240,272,88.2,3682,1154,0,0.1,0.1,-0.1,2,24,1,0,14,354,nl NED,"DF,MF",eng Premier League,20.0,2004.0,5.3,272,239,31,14,0,0,0,17,0,0,0,0,240,2,1,354,nl NED,"DF,MF",eng Premier League,20.0,2004.0,5.3,10,1.89,8,1,0,0,0,1,1,0.19,354,nl NED,"DF,MF",eng Premier League,20.0,2004.0,5.3,14,6,6,6,2,16,62.5,6,5,3,2,1,15,13,0,354,nl NED,"DF,MF",eng Premier League,20.0,2004.0,5.3,325,16,95,191,40,4,325,4,2,50.0,1,25.0,173,1031,599,12,6,1,6,8,212,9,433,nl NED,"DF,MF",eng Premier League,20.0,2004.0,8,476,60,13.9,5.3,5,77.0,2,3,30.0,14,1.5,10,11,-1,-0.19,-0.43,7.5,9.3,-1.8,-0.34,354,nl NED,"DF,MF",eng Premier League,20.0,2004.0,5.3,2,0,0,8,11,0,0,1,6,0,0,0,13,6,6,50.0,,,,,,,,,,,,,,,,,,,,,,,,,,,,,,,,,,,,,,,,,,,,,,,,,,,,,,DF,0.0,0.0,0.0,0.0,0.018907563025210086,0.1983333333333333,0,0.17799769307777238,0,0.3433392,0.20098350942134857
359,Warren Bondo,fr FRA,MF,Monza,it Serie A,20.0,2003.0,20,19,1618,18.0,0,0,0,0,0,0,5,1,0.4,0.4,0.3,0.7,25,39,21,0.0,0.04,359,fr FRA,MF,it Serie A,20.0,2003.0,18.0,0,13,1,7.7,0.72,0.06,0.0,0.0,25.9,0,0,0,0.4,0.4,0.03,-0.4,-0.4,359,fr FRA,MF,it Serie A,20.0,2003.0,18.0,547,615,88.9,8867,1641,0,0.3,0.5,-0.3,5,35,7,2,39,359,fr FRA,MF,it Serie A,20.0,2003.0,18.0,615,595,19,14,0,4,7,3,0,0,0,0,547,1,9,359,fr FRA,MF,it Serie A,20.0,2003.0,18.0,26,1.45,20,0,2,0,4,0,1,0.06,359,fr FRA,MF,it Serie A,20.0,2003.0,18.0,35,24,19,12,4,19,68.4,6,16,6,10,5,40,8,4,359,fr FRA,MF,it Serie A,20.0,2003.0,18.0,741,27,179,440,140,7,741,40,20,50.0,12,30.0,511,3240,1464,25,19,2,20,30,521,21,440,fr FRA,MF,it Serie A,20.0,2003.0,20,1618,81,47.3,18.0,19,85.0,13,1,10.0,0,0.65,18,25,-7,-0.39,1.31,17.0,22.8,-5.9,-0.33,359,fr FRA,MF,it Serie A,20.0,2003.0,18.0,5,1,1,31,36,1,7,5,24,0,0,0,91,5,8,38.5,,,,,,,,,,,,,,,,,,,,,,,,,,,,,,,,,,,,,,,,,,,,,,,,,,,,,,MF,0.0,0.0,0.0,0.022249690976514216,0.01668726823238566,0.40449999999999997,0,0.38580827123157513,0,0.43355712,0.3920307457447052
363,Ange-Yoan Bonny,fr FRA,FW,Parma,it Serie A,20.0,2003.0,37,30,2529,28.1,6,4,10,4,2,3,2,0,9.4,7.1,2.9,9.9,41,53,163,0.28,0.44,363,fr FRA,FW,it Serie A,20.0,2003.0,28.1,6,61,19,31.1,2.17,0.68,0.07,0.21,16.7,0,2,3,9.4,7.1,0.12,-3.4,-3.1,363,fr FRA,FW,it Serie A,20.0,2003.0,28.1,431,573,75.2,6282,1251,4,2.9,2.2,1.1,30,31,15,2,53,363,fr FRA,FW,it Serie A,20.0,2003.0,28.1,573,520,52,2,3,3,14,1,3,0,0,0,431,1,19,363,fr FRA,FW,it Serie A,20.0,2003.0,28.1,67,2.39,44,1,11,6,5,0,8,0.28,363,fr FRA,FW,it Serie A,20.0,2003.0,28.1,34,16,4,23,7,14,57.1,6,17,2,15,3,37,17,0,363,fr FRA,FW,it Serie A,20.0,2003.0,28.1,898,14,70,412,435,112,895,67,33,49.3,28,41.8,527,2690,1112,41,35,17,86,70,647,163,445,fr FRA,FW,it Serie A,20.0,2003.0,37,2529,68,73.9,28.1,30,75.0,7,7,40.0,0,0.97,33,36,-3,-0.11,1.0,31.2,37.7,-6.5,-0.23,363,fr FRA,FW,it Serie A,20.0,2003.0,28.1,2,0,0,21,47,14,14,3,16,1,0,0,64,23,70,24.7,,,,,,,,,,,,,,,,,,,,,,,,,,,,,,,,,,,,,,,,,,,,,,,,,,,,,,FW,0.21352313167259787,0.1423487544483986,0.35587188612099646,0.33451957295373663,0.10320284697508897,0.791814946619217,1,0.7169031373776982,1,0.57722396,0.0
367,Ayyoub Bouaddi,fr FRA,MF,Lille,fr Ligue 1,16.0,2007.0,24,11,1151,12.8,0,1,1,0,0,0,2,0,0.1,0.1,1.0,1.1,11,37,26,0.08,0.08,367,fr FRA,MF,fr Ligue 1,16.0,2007.0,12.8,0,3,1,33.3,0.23,0.08,0.0,0.0,19.3,0,0,0,0.1,0.1,0.04,-0.1,-0.1,367,fr FRA,MF,fr Ligue 1,16.0,2007.0,12.8,487,555,87.7,8241,1609,1,1.0,1.2,0.0,5,36,1,0,37,367,fr FRA,MF,fr Ligue 1,16.0,2007.0,12.8,555,547,7,4,1,2,3,3,0,0,0,0,487,1,13,367,fr FRA,MF,fr Ligue 1,16.0,2007.0,12.8,14,1.1,12,0,1,0,1,0,2,0.16,367,fr FRA,MF,fr Ligue 1,16.0,2007.0,12.8,50,31,21,21,8,32,59.4,13,12,3,9,10,60,12,1,367,fr FRA,MF,fr Ligue 1,16.0,2007.0,12.8,703,30,149,378,181,14,703,29,14,48.3,14,48.3,383,1829,682,11,9,3,34,15,474,26,453,fr FRA,MF,fr Ligue 1,16.0,2007.0,24,1151,48,37.6,12.8,11,80.0,3,13,21.0,10,1.88,20,10,10,0.78,0.5,23.2,13.1,10.1,0.79,367,fr FRA,MF,fr Ligue 1,16.0,2007.0,12.8,2,0,0,18,9,0,3,10,31,0,0,0,62,9,9,50.0,,,,,,,,,,,,,,,,,,,,,,,,,,,,,,,,,,,,,,,,,,,,,,,,,,,,,,MF,0.0,0.07819287576020852,0.07819287576020852,0.007819287576020852,0.07819287576020852,0.44413575152041707,0,0.27125140490558464,0,0.34138095,0.23265428841114044
368,Badredine Bouanani,dz ALG,"MF,FW",Nice,fr Ligue 1,19.0,2004.0,26,11,1099,12.2,3,3,6,2,1,1,2,0,2.7,1.9,2.4,4.3,47,44,93,0.41,0.42,368,dz ALG,"MF,FW",fr Ligue 1,19.0,2004.0,12.2,3,30,14,46.7,2.46,1.15,0.07,0.14,20.3,1,1,1,2.7,1.9,0.06,0.3,0.1,368,dz ALG,"MF,FW",fr Ligue 1,19.0,2004.0,12.2,330,430,76.7,4881,1113,3,2.4,2.2,0.6,20,19,14,2,44,368,dz ALG,"MF,FW",fr Ligue 1,19.0,2004.0,12.2,430,398,28,13,7,1,33,4,8,2,2,0,330,4,11,368,dz ALG,"MF,FW",fr Ligue 1,19.0,2004.0,12.2,47,3.85,34,3,3,3,2,2,9,0.74,368,dz ALG,"MF,FW",fr Ligue 1,19.0,2004.0,12.2,11,4,4,4,3,18,33.3,12,16,3,13,11,22,4,0,368,dz ALG,"MF,FW",fr Ligue 1,19.0,2004.0,12.2,571,4,53,228,299,43,570,36,14,38.9,19,52.8,362,2436,1372,47,33,15,24,18,425,93,454,dz ALG,"MF,FW",fr Ligue 1,19.0,2004.0,26,1099,42,35.9,12.2,11,76.0,2,15,17.0,5,1.65,25,13,12,0.98,0.39,24.5,15.3,9.2,0.75,368,dz ALG,"MF,FW",fr Ligue 1,19.0,2004.0,12.2,2,0,0,13,17,2,33,11,4,0,0,0,44,2,16,11.1,,,,,,,,,,,,,,,,,,,,,,,,,,,,,,,,,,,,,,,,,,,,,,,,,,,,,,MF,0.2456778889899909,0.2456778889899909,0.4913557779799818,0.22111010009099183,0.19654231119199272,1.0117836669699727,1,0.4894732124470733,0,0.4901688,0.4929679036140442
379,Conor Bradley,nir NIR,DF,Liverpool,eng Premier League,21.0,2003.0,19,7,754,8.4,0,2,2,0,0,0,4,0,0.7,0.7,1.4,2.1,35,33,39,0.24,0.25,379,nir NIR,DF,eng Premier League,21.0,2003.0,8.4,0,10,3,30.0,1.19,0.36,0.0,0.0,14.2,0,0,0,0.7,0.7,0.07,-0.7,-0.7,379,nir NIR,DF,eng Premier League,21.0,2003.0,8.4,456,544,83.8,6875,1711,2,1.4,1.4,0.6,7,26,3,1,33,379,nir NIR,DF,eng Premier League,21.0,2003.0,8.4,544,471,71,13,0,2,7,58,0,0,0,0,456,2,12,379,nir NIR,DF,eng Premier League,21.0,2003.0,8.4,19,2.27,13,0,5,0,1,0,4,0.48,379,nir NIR,DF,eng Premier League,21.0,2003.0,8.4,14,10,7,5,2,22,50.0,11,9,2,7,4,18,31,0,379,nir NIR,DF,eng Premier League,21.0,2003.0,8.4,663,32,197,299,178,43,663,25,10,40.0,12,48.0,369,2332,1356,35,22,9,13,5,411,39,468,nir NIR,DF,eng Premier League,21.0,2003.0,19,754,40,22.0,8.4,7,68.0,1,12,23.0,6,1.84,13,10,3,0.36,-1.06,17.2,12.4,4.8,0.58,379,nir NIR,DF,eng Premier League,21.0,2003.0,8.4,4,0,0,12,14,1,7,4,10,0,0,0,51,11,7,61.1,,,,,,,,,,,,,,,,,,,,,,,,,,,,,,,,,,,,,,,,,,,,,,,,,,,,,,DF,0.0,0.23872679045092837,0.23872679045092837,0.08355437665782492,0.16710875331564984,0.7120446507515472,1,0.35714966206988563,0,0.41055694,0.3319641053676605
387,Iker Bravo,es ESP,"FW,MF",Udinese,it Serie A,19.0,2005.0,29,4,682,7.6,2,1,3,2,0,0,3,0,0.9,0.9,0.4,1.3,7,18,39,0.4,0.18,387,es ESP,"FW,MF",it Serie A,19.0,2005.0,7.6,2,13,3,23.1,1.72,0.4,0.15,0.67,17.2,0,0,0,0.9,0.9,0.07,1.1,1.1,387,es ESP,"FW,MF",it Serie A,19.0,2005.0,7.6,159,196,81.1,2278,412,1,0.4,0.4,0.6,7,10,6,0,18,387,es ESP,"FW,MF",it Serie A,19.0,2005.0,7.6,196,176,18,5,1,0,8,3,6,2,2,0,159,2,4,387,es ESP,"FW,MF",it Serie A,19.0,2005.0,7.6,14,1.85,10,2,1,1,0,0,0,0.0,387,es ESP,"FW,MF",it Serie A,19.0,2005.0,7.6,10,6,3,5,2,9,55.6,4,4,1,3,1,11,4,0,387,es ESP,"FW,MF",it Serie A,19.0,2005.0,7.6,294,4,27,131,140,28,294,29,11,37.9,18,62.1,157,852,281,7,5,6,31,14,190,39,477,es ESP,"FW,MF",it Serie A,19.0,2005.0,29,682,24,19.9,7.6,4,64.0,0,25,17.0,7,1.17,7,11,-4,-0.53,-0.17,7.3,11.5,-4.2,-0.56,387,es ESP,"FW,MF",it Serie A,19.0,2005.0,7.6,3,0,0,12,10,2,8,1,6,0,0,0,30,12,28,30.0,,,,,,,,,,,,,,,,,,,,,,,,,,,,,,,,,,,,,,,,,,,,,,,,,,,,,,MF,0.26392961876832843,0.13196480938416422,0.39589442815249265,0.1187683284457478,0.05278592375366569,0.6983592375366569,0,0.39776649024874694,0,0.36762744,0.34772631525993347
401,Nathaniel Brown,de GER,"DF,MF",Eint Frankfurt,de Bundesliga,21.0,2003.0,26,22,1947,21.6,3,6,9,3,0,0,2,0,2.2,2.2,5.1,7.3,45,63,119,0.42,0.34,401,de GER,"DF,MF",de Bundesliga,21.0,2003.0,21.6,3,13,5,38.5,0.6,0.23,0.23,0.6,15.4,0,0,0,2.2,2.2,0.17,0.8,0.8,401,de GER,"DF,MF",de Bundesliga,21.0,2003.0,21.6,727,901,80.7,10728,3251,6,5.1,4.6,0.9,39,35,22,7,63,401,de GER,"DF,MF",de Bundesliga,21.0,2003.0,21.6,901,713,181,19,2,3,92,114,48,43,1,0,727,7,28,401,de GER,"DF,MF",de Bundesliga,21.0,2003.0,21.6,64,2.96,44,16,0,2,2,0,11,0.51,401,de GER,"DF,MF",de Bundesliga,21.0,2003.0,21.6,71,42,39,18,14,55,80.0,11,30,0,30,15,86,55,1,401,de GER,"DF,MF",de Bundesliga,21.0,2003.0,21.6,1174,43,314,485,389,50,1174,33,11,33.3,17,51.5,600,3259,1680,45,31,6,30,12,658,119,498,de GER,"DF,MF",de Bundesliga,21.0,2003.0,26,1947,75,63.6,21.6,22,84.0,12,4,26.0,2,1.77,45,27,18,0.83,0.51,41.1,24.0,17.1,0.79,401,de GER,"DF,MF",de Bundesliga,21.0,2003.0,21.6,2,0,0,15,22,0,92,15,42,0,0,0,81,5,18,21.7,,,,,,,,,,,,,,,,,,,,,,,,,,,,,,,,,,,,,,,,,,,,,,,,,,,,,,DF,0.13867488443759632,0.27734976887519264,0.41602465331278893,0.1016949152542373,0.2357473035439137,1.4433744221879816,1,0.7653074322875589,1,0.615971,0.8339694738388062
413,Facundo Buonanotte,ar ARG,"FW,MF",Leicester City,eng Premier League,19.0,2004.0,31,14,1523,16.9,5,2,7,5,0,0,8,0,3.9,3.9,3.1,7.0,39,54,74,0.41,0.41,413,ar ARG,"FW,MF",eng Premier League,19.0,2004.0,16.9,5,36,12,33.3,2.13,0.71,0.14,0.42,17.6,0,0,0,3.9,3.9,0.11,1.1,1.1,413,ar ARG,"FW,MF",eng Premier League,19.0,2004.0,16.9,437,572,76.4,6930,1757,2,3.1,2.3,-1.1,24,41,13,2,54,413,ar ARG,"FW,MF",eng Premier League,19.0,2004.0,16.9,572,501,67,24,7,4,43,10,26,19,1,0,437,4,9,413,ar ARG,"FW,MF",eng Premier League,19.0,2004.0,16.9,51,3.01,27,11,9,1,3,0,5,0.3,413,ar ARG,"FW,MF",eng Premier League,19.0,2004.0,16.9,53,32,17,22,14,67,31.3,46,34,6,28,12,65,14,0,413,ar ARG,"FW,MF",eng Premier League,19.0,2004.0,16.9,874,26,128,452,307,39,874,83,28,33.7,49,59.0,479,2997,1347,39,26,9,58,39,528,74,511,ar ARG,"FW,MF",eng Premier League,19.0,2004.0,31,1523,49,44.5,16.9,14,80.0,6,17,24.0,3,0.52,17,33,-16,-0.95,0.53,16.8,28.6,-11.8,-0.7,413,ar ARG,"FW,MF",eng Premier League,19.0,2004.0,16.9,8,0,0,37,35,3,43,12,32,0,0,0,79,18,36,33.3,,,,,,,,,,,,,,,,,,,,,,,,,,,,,,,,,,,,,,,,,,,,,,,,,,,,,,MF,0.29546946815495734,0.11818778726198292,0.41365725541694026,0.2304661851608667,0.18319107025607356,0.9125950426789232,1,0.6129399281665944,1,0.50806934,0.609220027923584
448,Lamine Camara,sn SEN,MF,Monaco,fr Ligue 1,20.0,2004.0,29,25,2054,22.8,2,7,9,2,0,0,10,1,2.3,2.3,4.4,6.7,25,141,46,0.39,0.29,448,sn SEN,MF,fr Ligue 1,20.0,2004.0,22.8,2,26,9,34.6,1.14,0.39,0.08,0.22,23.2,2,0,0,2.3,2.3,0.09,-0.3,-0.3,448,sn SEN,MF,fr Ligue 1,20.0,2004.0,22.8,1224,1479,82.8,22283,6556,7,4.4,5.0,2.6,44,133,26,4,141,448,sn SEN,MF,fr Ligue 1,20.0,2004.0,22.8,1479,1332,142,52,5,11,118,3,87,39,39,0,1224,5,20,448,sn SEN,MF,fr Ligue 1,20.0,2004.0,22.8,82,3.59,43,30,0,4,2,3,13,0.57,448,sn SEN,MF,fr Ligue 1,20.0,2004.0,22.8,66,41,22,34,10,48,54.2,22,30,4,26,31,97,32,1,448,sn SEN,MF,fr Ligue 1,20.0,2004.0,22.8,1743,33,258,1086,413,16,1743,25,12,48.0,8,32.0,967,4625,1914,25,29,3,41,23,1170,46,558,sn SEN,MF,fr Ligue 1,20.0,2004.0,29,2054,71,67.1,22.8,25,79.0,9,4,21.0,0,1.86,41,27,14,0.61,-0.1,46.4,20.6,25.8,1.13,448,sn SEN,MF,fr Ligue 1,20.0,2004.0,22.8,10,1,1,45,39,0,118,31,41,0,0,0,153,21,21,50.0,,,,,,,,,,,,,,,,,,,,,,,,,,,,,,,,,,,,,,,,,,,,,,,,,,,,,,MF,0.08763388510223953,0.3067185978578384,0.3943524829600779,0.10077896786757544,0.192794547224927,1.1510710808179163,1,0.8603487869484845,1,0.65425265,0.6351648569107056
452,Eduardo Camavinga,fr FRA,"MF,DF",Real Madrid,es La Liga,21.0,2002.0,19,11,1102,12.2,1,2,3,1,0,0,2,0,0.4,0.4,0.8,1.2,26,61,31,0.25,0.1,452,fr FRA,"MF,DF",es La Liga,21.0,2002.0,12.2,1,8,2,25.0,0.65,0.16,0.13,0.5,18.5,0,0,0,0.4,0.4,0.05,0.6,0.6,452,fr FRA,"MF,DF",es La Liga,21.0,2002.0,12.2,700,793,88.3,11361,3012,2,0.8,0.7,1.2,11,61,5,0,61,452,fr FRA,"MF,DF",es La Liga,21.0,2002.0,12.2,793,746,42,17,4,4,2,25,0,0,0,0,700,5,11,452,fr FRA,"MF,DF",es La Liga,21.0,2002.0,12.2,31,2.54,25,1,2,0,3,0,2,0.16,452,fr FRA,"MF,DF",es La Liga,21.0,2002.0,12.2,42,26,23,16,3,33,57.6,14,24,8,16,18,60,23,0,452,fr FRA,"MF,DF",es La Liga,21.0,2002.0,12.2,957,49,272,494,207,15,957,31,15,48.4,10,32.3,565,3051,1699,26,27,7,7,11,643,31,562,fr FRA,"MF,DF",es La Liga,21.0,2002.0,19,1102,58,32.2,12.2,11,84.0,8,8,22.0,1,2.21,24,10,14,1.14,0.13,21.0,12.6,8.3,0.68,452,fr FRA,"MF,DF",es La Liga,21.0,2002.0,12.2,2,0,0,21,31,1,2,18,26,0,1,0,90,20,18,52.6,,,,,,,,,,,,,,,,,,,,,,,,,,,,,,,,,,,,,,,,,,,,,,,,,,,,,,DF,0.08166969147005444,0.16333938294010888,0.24500907441016334,0.03266787658802178,0.06533575317604357,0.867515124016939,1,0.4082786533213261,0,0.4573566,0.6307894587516785
467,Jaydee Canvot,fr FRA,"DF,MF",Toulouse,fr Ligue 1,18.0,2006.0,18,12,1106,12.3,0,0,0,0,0,0,2,0,0.2,0.2,0.7,0.9,9,41,0,0.0,0.08,467,fr FRA,"DF,MF",fr Ligue 1,18.0,2006.0,12.3,0,5,1,20.0,0.41,0.08,0.0,0.0,14.4,0,0,0,0.2,0.2,0.04,-0.2,-0.2,467,fr FRA,"DF,MF",fr Ligue 1,18.0,2006.0,12.3,462,536,86.2,8029,2340,0,0.7,0.3,-0.7,4,42,6,2,41,467,fr FRA,"DF,MF",fr Ligue 1,18.0,2006.0,12.3,536,523,13,8,2,5,6,3,0,0,0,0,462,0,11,467,fr FRA,"DF,MF",fr Ligue 1,18.0,2006.0,12.3,14,1.14,13,0,0,0,1,0,2,0.16,467,fr FRA,"DF,MF",fr Ligue 1,18.0,2006.0,12.3,23,11,16,5,2,18,66.7,6,10,2,8,11,34,54,1,467,fr FRA,"DF,MF",fr Ligue 1,18.0,2006.0,12.3,666,68,276,322,72,8,666,10,7,70.0,3,30.0,384,1875,928,9,5,1,6,8,431,0,578,fr FRA,"DF,MF",fr Ligue 1,18.0,2006.0,18,1106,61,36.1,12.3,12,87.0,8,6,11.0,6,1.17,15,15,0,0.0,-0.05,16.0,17.4,-1.4,-0.11,467,fr FRA,"DF,MF",fr Ligue 1,18.0,2006.0,12.3,2,0,0,18,3,0,6,11,11,0,0,0,50,16,13,55.2,,,,,,,,,,,,,,,,,,,,,,,,,,,,,,,,,,,,,,,,,,,,,,,,,,,,,,DF,0.0,0.0,0.0,0.0162748643761302,0.056962025316455694,0.4608333333333333,0,0.12066536168106536,0,0.32437328,0.18366070091724396
494,Fabio Carvalho,pt POR,"FW,MF",Brentford,eng Premier League,21.0,2002.0,19,3,455,5.1,2,1,3,2,0,0,1,0,2.5,2.5,0.7,3.2,9,17,23,0.59,0.62,494,pt POR,"FW,MF",eng Premier League,21.0,2002.0,5.1,2,12,5,41.7,2.37,0.99,0.17,0.4,14.7,0,0,0,2.5,2.5,0.21,-0.5,-0.5,494,pt POR,"FW,MF",eng Premier League,21.0,2002.0,5.1,126,178,70.8,1755,442,1,0.7,0.6,0.3,4,11,5,1,17,494,pt POR,"FW,MF",eng Premier League,21.0,2002.0,5.1,178,163,14,4,2,0,10,1,7,3,0,0,126,1,7,494,pt POR,"FW,MF",eng Premier League,21.0,2002.0,5.1,10,1.97,7,0,1,2,0,0,1,0.2,494,pt POR,"FW,MF",eng Premier League,21.0,2002.0,5.1,13,9,4,4,5,13,46.2,7,6,1,5,3,16,2,0,494,pt POR,"FW,MF",eng Premier League,21.0,2002.0,5.1,247,4,44,91,113,22,247,14,2,14.3,10,71.4,137,698,356,9,3,0,13,8,145,23,609,pt POR,"FW,MF",eng Premier League,21.0,2002.0,19,455,24,13.3,5.1,3,81.0,0,16,13.0,6,1.47,9,14,-5,-0.99,-1.41,6.5,11.2,-4.7,-0.92,494,pt POR,"FW,MF",eng Premier League,21.0,2002.0,5.1,1,0,0,5,10,1,10,3,9,0,0,0,30,2,6,25.0,,,,,,,,,,,,,,,,,,,,,,,,,,,,,,,,,,,,,,,,,,,,,,,,,,,,,,MF,0.3956043956043956,0.1978021978021978,0.5934065934065934,0.4945054945054945,0.13846153846153847,0.9049587912087912,1,0.3746576252076194,0,0.3882185,0.44217684864997864
496,Cesare Casadei,it ITA,MF,Torino,it Serie A,21.0,2003.0,15,13,1017,11.3,1,1,2,1,0,0,1,0,1.2,1.2,0.4,1.5,14,36,12,0.18,0.14,496,it ITA,MF,it Serie A,21.0,2003.0,11.3,1,14,7,50.0,1.24,0.62,0.07,0.14,13.3,0,0,0,1.2,1.2,0.08,-0.2,-0.2,496,it ITA,MF,it Serie A,21.0,2003.0,11.3,323,406,79.6,5338,1082,1,0.4,0.4,0.6,7,35,6,1,36,496,it ITA,MF,it Serie A,21.0,2003.0,11.3,406,404,2,2,0,3,2,0,0,0,0,0,323,0,5,496,it ITA,MF,it Serie A,21.0,2003.0,11.3,19,1.68,16,0,0,1,1,1,2,0.18,496,it ITA,MF,it Serie A,21.0,2003.0,11.3,12,5,4,8,0,10,50.0,5,4,2,2,5,17,26,0,496,it ITA,MF,it Serie A,21.0,2003.0,11.3,508,30,107,303,102,22,508,10,7,70.0,2,20.0,259,1609,640,14,8,0,20,9,352,12,612,it ITA,MF,it Serie A,21.0,2003.0,15,1017,68,29.7,11.3,13,75.0,4,2,24.0,0,1.13,10,13,-3,-0.27,-0.15,9.1,15.6,-6.5,-0.57,496,it ITA,MF,it Serie A,21.0,2003.0,11.3,1,0,0,16,10,0,2,5,5,0,1,0,41,64,25,71.9,,,,,,,,,,,,,,,,,,,,,,,,,,,,,,,,,,,,,,,,,,,,,,,,,,,,,,MF,0.08849557522123894,0.08849557522123894,0.17699115044247787,0.10619469026548672,0.035398230088495575,0.5197367256637168,0,0.2825836558556081,0,0.36333635,0.2854435443878174
497,Marc Casado,es ESP,MF,Barcelona,es La Liga,20.0,2003.0,23,20,1611,17.9,1,3,4,1,0,0,4,1,1.1,1.1,1.4,2.4,12,107,24,0.22,0.13,497,es ESP,MF,es La Liga,20.0,2003.0,17.9,1,14,1,7.1,0.78,0.06,0.07,1.0,22.4,0,0,0,1.1,1.1,0.08,-0.1,-0.1,497,es ESP,MF,es La Liga,20.0,2003.0,17.9,1221,1367,89.3,18725,4279,3,1.4,1.8,1.6,9,138,6,0,107,497,es ESP,MF,es La Liga,20.0,2003.0,17.9,1367,1330,37,34,4,7,9,3,0,0,0,0,1221,0,17,497,es ESP,MF,es La Liga,20.0,2003.0,17.9,45,2.51,40,0,0,1,2,2,6,0.34,497,es ESP,MF,es La Liga,20.0,2003.0,17.9,44,25,7,30,7,41,48.8,21,20,5,15,22,66,22,1,497,es ESP,MF,es La Liga,20.0,2003.0,17.9,1536,25,223,1040,276,9,1536,9,4,44.4,4,44.4,870,3523,1540,12,22,0,17,9,1172,24,613,es ESP,MF,es La Liga,20.0,2003.0,23,1611,70,47.1,17.9,20,78.0,10,3,19.0,7,2.22,49,14,35,1.96,0.56,43.9,19.2,24.7,1.38,497,es ESP,MF,es La Liga,20.0,2003.0,17.9,4,1,1,26,36,0,9,22,25,0,0,0,90,8,23,25.8,,,,,,,,,,,,,,,,,,,,,,,,,,,,,,,,,,,,,,,,,,,,,,,,,,,,,,MF,0.055865921787709494,0.16759776536312848,0.22346368715083798,0.06145251396648045,0.0782122905027933,0.7938114525139665,1,0.662198430950798,1,0.52622753,0.24916724860668182
510,Santiago Castro,ar ARG,FW,Bologna,it Serie A,19.0,2004.0,36,27,2294,25.5,8,4,12,8,0,1,7,0,7.7,6.9,2.9,9.8,17,39,136,0.47,0.41,510,ar ARG,FW,it Serie A,19.0,2004.0,25.5,8,62,20,32.3,2.43,0.78,0.13,0.4,15.8,0,0,1,7.7,6.9,0.11,0.3,1.1,510,ar ARG,FW,it Serie A,19.0,2004.0,25.5,354,461,76.8,6386,993,4,2.9,1.5,1.1,28,23,8,0,39,510,ar ARG,FW,it Serie A,19.0,2004.0,25.5,461,401,57,1,5,9,8,9,0,0,0,0,354,3,10,510,ar ARG,FW,it Serie A,19.0,2004.0,25.5,69,2.71,45,1,6,7,8,2,11,0.43,510,ar ARG,FW,it Serie A,19.0,2004.0,25.5,18,10,4,9,5,17,35.3,11,13,2,11,3,21,20,0,510,ar ARG,FW,it Serie A,19.0,2004.0,25.5,722,23,55,312,363,101,721,43,18,41.9,22,51.2,428,1867,599,17,23,8,70,64,519,136,630,ar ARG,FW,it Serie A,19.0,2004.0,36,2294,64,67.1,25.5,27,78.0,9,9,21.0,1,1.64,37,32,5,0.2,-0.2,33.8,26.2,7.6,0.3,510,ar ARG,FW,it Serie A,19.0,2004.0,25.5,7,0,0,49,52,9,8,3,10,0,0,1,69,37,68,35.2,,,,,,,,,,,,,,,,,,,,,,,,,,,,,,,,,,,,,,,,,,,,,,,,,,,,,,FW,0.31386224934612034,0.15693112467306017,0.47079337401918053,0.3020924149956408,0.11377506538796861,0.8766346992153444,1,0.5665316927192722,1,0.42285287,0.0
524,El Chadaille Bitshiabu,fr FRA,DF,RB Leipzig,de Bundesliga,19.0,2005.0,21,13,1130,12.6,0,0,0,0,0,0,2,1,0.3,0.3,0.4,0.7,4,69,2,0.0,0.05,524,fr FRA,DF,de Bundesliga,19.0,2005.0,12.6,0,5,3,60.0,0.4,0.24,0.0,0.0,10.9,0,0,0,0.3,0.3,0.06,-0.3,-0.3,524,fr FRA,DF,de Bundesliga,19.0,2005.0,12.6,731,866,84.4,13891,6501,0,0.4,0.6,-0.4,5,69,4,0,69,524,fr FRA,DF,de Bundesliga,19.0,2005.0,12.6,866,824,38,26,1,4,4,5,0,0,0,0,731,4,7,524,fr FRA,DF,de Bundesliga,19.0,2005.0,12.6,14,1.11,12,0,1,0,0,1,1,0.08,524,fr FRA,DF,de Bundesliga,19.0,2005.0,12.6,27,18,17,9,1,19,52.6,9,25,14,11,13,40,97,2,524,fr FRA,DF,de Bundesliga,19.0,2005.0,12.6,1058,149,470,547,46,12,1058,3,2,66.7,1,33.3,516,2198,1052,4,3,1,11,1,674,2,647,fr FRA,DF,de Bundesliga,19.0,2005.0,21,1130,54,36.9,12.6,13,80.0,8,8,12.0,7,1.38,14,14,0,0.0,-0.23,16.4,22.2,-5.8,-0.46,524,fr FRA,DF,de Bundesliga,19.0,2005.0,12.6,2,1,0,8,2,0,4,13,18,0,0,0,55,22,18,55.0,,,,,,,,,,,,,,,,,,,,,,,,,,,,,,,,,,,,,,,,,,,,,,,,,,,,,,DF,0.0,0.0,0.0,0.02389380530973451,0.03185840707964602,0.4708333333333333,0,0.4343673554758686,0,0.43432146,0.38055458664894104
525,Fares Chaïbi,dz ALG,"MF,FW",Eint Frankfurt,de Bundesliga,21.0,2002.0,26,10,1013,11.3,1,3,4,1,0,0,2,0,2.6,2.6,2.9,5.5,20,52,73,0.36,0.49,525,dz ALG,"MF,FW",de Bundesliga,21.0,2002.0,11.3,1,25,6,24.0,2.22,0.53,0.04,0.17,18.4,2,0,0,2.6,2.6,0.1,-1.6,-1.6,525,dz ALG,"MF,FW",de Bundesliga,21.0,2002.0,11.3,304,462,65.8,5146,1801,3,2.9,2.9,0.1,24,31,18,6,52,525,dz ALG,"MF,FW",de Bundesliga,21.0,2002.0,11.3,462,391,66,21,4,4,72,7,38,19,16,0,304,5,12,525,dz ALG,"MF,FW",de Bundesliga,21.0,2002.0,11.3,50,4.43,32,10,1,5,1,1,7,0.62,525,dz ALG,"MF,FW",de Bundesliga,21.0,2002.0,11.3,13,9,4,5,4,20,35.0,13,10,0,10,10,23,32,1,525,dz ALG,"MF,FW",de Bundesliga,21.0,2002.0,11.3,588,30,108,240,246,34,588,12,7,58.3,3,25.0,288,1412,668,20,13,4,19,7,361,73,648,dz ALG,"MF,FW",de Bundesliga,21.0,2002.0,26,1013,39,33.1,11.3,10,71.0,1,16,19.0,4,1.77,22,22,0,0.0,-0.97,24.8,16.8,8.0,0.71,525,dz ALG,"MF,FW",de Bundesliga,21.0,2002.0,11.3,2,0,0,5,7,1,72,10,9,0,0,0,30,16,21,43.2,,,,,,,,,,,,,,,,,,,,,,,,,,,,,,,,,,,,,,,,,,,,,,,,,,,,,,MF,0.08884501480750247,0.2665350444225074,0.35538005923000987,0.23099703849950642,0.25765054294175715,0.8751651036525172,1,0.3521924704076858,0,0.39648083,0.3523382544517517
533,Anrie Chase,jp JPN,DF,Stuttgart,de Bundesliga,20.0,2004.0,12,7,734,8.2,0,0,0,0,0,0,1,0,0.1,0.1,0.0,0.1,6,28,2,0.0,0.02,533,jp JPN,DF,de Bundesliga,20.0,2004.0,8.2,0,5,0,0.0,0.61,0.0,0.0,,17.6,0,0,0,0.1,0.1,0.03,-0.1,-0.1,533,jp JPN,DF,de Bundesliga,20.0,2004.0,8.2,497,541,91.9,8794,2536,0,0.0,0.5,0.0,0,28,2,1,28,533,jp JPN,DF,de Bundesliga,20.0,2004.0,8.2,541,519,22,10,0,5,3,10,0,0,0,0,497,0,1,533,jp JPN,DF,de Bundesliga,20.0,2004.0,8.2,8,0.98,7,0,0,1,0,0,0,0.0,533,jp JPN,DF,de Bundesliga,20.0,2004.0,8.2,10,4,6,4,0,7,71.4,2,10,6,4,9,19,35,0,533,jp JPN,DF,de Bundesliga,20.0,2004.0,8.2,622,65,253,334,40,4,622,5,2,40.0,3,60.0,334,1209,546,6,7,0,4,1,453,2,656,jp JPN,DF,de Bundesliga,20.0,2004.0,12,734,61,24.0,8.2,7,90.0,7,5,21.0,3,1.58,16,12,4,0.49,0.22,16.6,13.0,3.6,0.44,533,jp JPN,DF,de Bundesliga,20.0,2004.0,8.2,1,0,0,12,2,0,3,9,4,0,1,0,21,17,12,58.6,,,,,,,,,,,,,,,,,,,,,,,,,,,,,,,,,,,,,,,,,,,,,,,,,,,,,,DF,0.0,0.0,0.0,0.01226158038147139,0.0,0.30583333333333335,0,0.08389171597113222,0,0.32744986,0.17647597193717957
542,Rayan Cherki,fr FRA,"FW,MF",Lyon,fr Ligue 1,20.0,2003.0,30,22,2041,22.7,8,11,19,8,0,0,3,0,5.0,5.0,11.1,16.1,106,206,184,0.84,0.71,542,fr FRA,"FW,MF",fr Ligue 1,20.0,2003.0,22.7,8,45,19,42.2,1.98,0.84,0.18,0.42,16.8,3,0,0,5.0,5.0,0.11,3.0,3.0,542,fr FRA,"FW,MF",fr Ligue 1,20.0,2003.0,22.7,1079,1375,78.5,17006,5140,11,11.1,11.7,-0.1,75,97,77,3,206,542,fr FRA,"FW,MF",fr Ligue 1,20.0,2003.0,22.7,1375,1200,163,31,22,15,118,29,98,26,55,0,1079,12,32,542,fr FRA,"FW,MF",fr Ligue 1,20.0,2003.0,22.7,146,6.44,101,21,11,9,4,0,20,0.88,542,fr FRA,"FW,MF",fr Ligue 1,20.0,2003.0,22.7,15,12,3,8,4,28,21.4,22,6,0,6,7,22,6,0,542,fr FRA,"FW,MF",fr Ligue 1,20.0,2003.0,22.7,1573,6,120,653,826,132,1573,97,48,49.5,43,44.3,1021,6454,3610,106,91,41,48,43,1234,184,665,fr FRA,"FW,MF",fr Ligue 1,20.0,2003.0,30,2041,68,66.7,22.7,22,81.0,8,8,32.0,0,1.77,48,28,20,0.88,0.97,41.2,28.5,12.7,0.56,542,fr FRA,"FW,MF",fr Ligue 1,20.0,2003.0,22.7,3,0,0,16,34,3,118,7,12,0,0,0,83,4,8,33.3,,,,,,,,,,,,,,,,,,,,,,,,,,,,,,,,,,,,,,,,,,,,,,,,,,,,,,MF,0.3527682508574228,0.48505634492895644,0.8378245957863792,0.22048015678588925,0.48946594806467414,1.7728809407153356,1,0.9099779689224732,1,0.6887443,0.7739617228507996
562,Alessandro Circati,au AUS,DF,Parma,it Serie A,20.0,2003.0,6,6,540,6.0,0,0,0,0,0,0,1,0,0.3,0.3,0.0,0.3,1,10,0,0.0,0.06,562,au AUS,DF,it Serie A,20.0,2003.0,6.0,0,2,0,0.0,0.33,0.0,0.0,,7.5,0,0,0,0.3,0.3,0.16,-0.3,-0.3,562,au AUS,DF,it Serie A,20.0,2003.0,6.0,197,229,86.0,3773,1058,0,0.0,0.0,0.0,1,6,0,0,10,562,au AUS,DF,it Serie A,20.0,2003.0,6.0,229,202,27,17,0,0,0,0,0,0,0,0,197,0,1,562,au AUS,DF,it Serie A,20.0,2003.0,6.0,3,0.5,2,0,0,1,0,0,0,0.0,562,au AUS,DF,it Serie A,20.0,2003.0,6.0,7,5,6,1,0,2,50.0,1,5,4,1,3,10,42,1,562,au AUS,DF,it Serie A,20.0,2003.0,6.0,301,69,176,119,7,3,301,0,0,,0,,123,505,262,1,0,0,4,2,158,0,690,au AUS,DF,it Serie A,20.0,2003.0,6,540,90,15.8,6.0,6,90.0,6,0,,6,1.33,9,9,0,0.0,0.44,8.9,8.9,0.0,-0.01,562,au AUS,DF,it Serie A,20.0,2003.0,6.0,1,0,0,4,5,0,0,3,5,0,0,0,11,17,4,81.0,,,,,,,,,,,,,,,,,,,,,,,,,,,,,,,,,,,,,,,,,,,,,,,,,,,,,,DF,0.0,0.0,0.0,0.05,0.0,0.22499999999999998,0,0.17402612919621377,0,0.33878282,0.2058829963207245
565,Djaoui Cissé,fr FRA,MF,Rennes,fr Ligue 1,20.0,2004.0,14,14,1121,12.5,1,0,1,1,0,0,4,0,0.4,0.4,0.2,0.7,16,84,14,0.08,0.05,565,fr FRA,MF,fr Ligue 1,20.0,2004.0,12.5,1,15,7,46.7,1.2,0.56,0.07,0.14,28.3,0,0,0,0.4,0.4,0.03,0.6,0.6,565,fr FRA,MF,fr Ligue 1,20.0,2004.0,12.5,547,625,87.5,10406,2824,0,0.2,0.8,-0.2,6,66,11,0,84,565,fr FRA,MF,fr Ligue 1,20.0,2004.0,12.5,625,611,11,10,1,14,3,0,0,0,0,0,547,3,16,565,fr FRA,MF,fr Ligue 1,20.0,2004.0,12.5,27,2.17,22,0,3,1,1,0,1,0.08,565,fr FRA,MF,fr Ligue 1,20.0,2004.0,12.5,33,18,12,15,6,26,61.5,10,29,4,25,13,46,11,1,565,fr FRA,MF,fr Ligue 1,20.0,2004.0,12.5,755,22,149,436,188,3,755,18,13,72.2,4,22.2,447,2693,1292,16,25,0,14,13,537,14,694,fr FRA,MF,fr Ligue 1,20.0,2004.0,14,1121,80,36.6,12.5,14,80.0,5,0,,6,1.71,19,12,7,0.56,0.84,19.9,14.6,5.3,0.43,565,fr FRA,MF,fr Ligue 1,20.0,2004.0,12.5,4,0,0,25,14,0,3,13,18,0,0,0,78,4,13,23.5,,,,,,,,,,,,,,,,,,,,,,,,,,,,,,,,,,,,,,,,,,,,,,,,,,,,,,MF,0.08028545941123996,0.0,0.08028545941123996,0.032114183764495985,0.016057091882247992,0.36053545941124,0,0.24676238854202684,0,0.34117118,0.2210022658109665
580,Nnamdi Collins,de GER,DF,Eint Frankfurt,de Bundesliga,20.0,2004.0,24,15,1489,16.5,1,1,2,1,0,0,4,0,0.8,0.8,1.0,1.8,30,63,42,0.12,0.11,580,de GER,DF,de Bundesliga,20.0,2004.0,16.5,1,5,2,40.0,0.3,0.12,0.2,0.5,15.1,0,0,0,0.8,0.8,0.16,0.2,0.2,580,de GER,DF,de Bundesliga,20.0,2004.0,16.5,766,888,86.3,12523,3617,1,1.0,1.2,0.0,2,53,12,2,63,580,de GER,DF,de Bundesliga,20.0,2004.0,16.5,888,811,77,16,0,2,17,61,0,0,0,0,766,0,7,580,de GER,DF,de Bundesliga,20.0,2004.0,16.5,9,0.54,7,0,2,0,0,0,3,0.18,580,de GER,DF,de Bundesliga,20.0,2004.0,16.5,33,24,24,7,2,22,77.3,5,22,11,11,16,49,74,3,580,de GER,DF,de Bundesliga,20.0,2004.0,16.5,1107,85,411,541,159,19,1107,34,12,35.3,18,52.9,623,3297,1420,30,21,6,17,11,690,42,712,de GER,DF,de Bundesliga,20.0,2004.0,24,1489,62,48.7,16.5,15,84.0,11,9,26.0,7,1.96,36,18,18,1.09,0.86,34.0,21.9,12.1,0.73,580,de GER,DF,de Bundesliga,20.0,2004.0,16.5,4,0,0,26,22,0,17,16,24,0,0,0,78,13,13,50.0,,,,,,,,,,,,,,,,,,,,,,,,,,,,,,,,,,,,,,,,,,,,,,,,,,,,,,DF,0.06044325050369376,0.06044325050369376,0.12088650100738751,0.04835460040295501,0.06044325050369376,0.8218941683456458,1,0.5549274907713209,1,0.55323344,0.7692394852638245
584,Levi Colwill,eng ENG,DF,Chelsea,eng Premier League,21.0,2003.0,35,35,3149,35.0,2,1,3,2,0,0,9,0,1.9,1.9,1.1,3.0,14,131,12,0.09,0.09,584,eng ENG,DF,eng Premier League,21.0,2003.0,35.0,2,17,4,23.5,0.49,0.11,0.12,0.5,9.5,0,0,0,1.9,1.9,0.11,0.1,0.1,584,eng ENG,DF,eng Premier League,21.0,2003.0,35.0,2338,2619,89.3,42476,14955,1,1.1,1.2,-0.1,14,148,7,3,131,584,eng ENG,DF,eng Premier League,21.0,2003.0,35.0,2619,2418,197,91,3,7,13,7,0,0,0,0,2338,4,21,584,eng ENG,DF,eng Premier League,21.0,2003.0,35.0,38,1.09,34,2,0,1,0,1,3,0.09,584,eng ENG,DF,eng Premier League,21.0,2003.0,35.0,47,34,25,19,3,27,66.7,9,37,25,12,33,80,118,4,584,eng ENG,DF,eng Premier League,21.0,2003.0,35.0,2904,383,1363,1417,140,36,2904,12,6,50.0,5,41.7,1621,7389,4028,14,12,1,14,8,2092,12,717,eng ENG,DF,eng Premier League,21.0,2003.0,35,3149,90,92.1,35.0,35,90.0,34,0,,2,1.77,56,41,15,0.43,-1.56,57.8,43.6,14.2,0.41,584,eng ENG,DF,eng Premier League,21.0,2003.0,35.0,9,0,0,45,21,5,13,33,34,0,1,0,121,82,53,60.7,,,,,,,,,,,,,,,,,,,,,,,,,,,,,,,,,,,,,,,,,,,,,,,,,,,,,,DF,0.057161003493172435,0.028580501746586218,0.08574150523975865,0.054302953318513814,0.03143855192124484,0.8929025087329311,1,0.7811900515622888,1,0.5527219,0.8201339244842529
589,Pietro Comuzzo,it ITA,DF,Fiorentina,it Serie A,19.0,2005.0,32,23,2110,23.4,1,0,1,1,0,0,5,0,0.5,0.5,0.6,1.1,14,75,12,0.04,0.05,589,it ITA,DF,it Serie A,19.0,2005.0,23.4,1,5,2,40.0,0.21,0.09,0.2,0.5,13.0,0,0,0,0.5,0.5,0.1,0.5,0.5,589,it ITA,DF,it Serie A,19.0,2005.0,23.4,1085,1266,85.7,22161,6285,0,0.6,0.2,-0.6,7,69,4,0,75,589,it ITA,DF,it Serie A,19.0,2005.0,23.4,1266,1221,42,25,0,3,3,17,0,0,0,0,1085,3,10,589,it ITA,DF,it Serie A,19.0,2005.0,23.4,20,0.82,17,0,0,1,0,2,1,0.04,589,it ITA,DF,it Serie A,19.0,2005.0,23.4,43,21,29,11,3,29,79.3,6,35,22,13,29,72,113,4,589,it ITA,DF,it Serie A,19.0,2005.0,23.4,1533,170,730,744,63,9,1533,2,0,0.0,2,100.0,892,3728,1815,14,11,1,15,4,982,12,723,it ITA,DF,it Serie A,19.0,2005.0,32,2110,66,61.7,23.4,23,85.0,17,9,18.0,4,1.79,32,25,7,0.3,-0.53,32.8,26.2,6.6,0.27,589,it ITA,DF,it Serie A,19.0,2005.0,23.4,5,0,0,24,12,0,3,29,21,0,0,0,86,63,43,59.4,,,,,,,,,,,,,,,,,,,,,,,,,,,,,,,,,,,,,,,,,,,,,,,,,,,,,,DF,0.04265402843601896,0.0,0.04265402843601896,0.02132701421800948,0.02559241706161137,0.8210900473933649,1,0.6819577559282236,1,0.5369502,0.8201339244842529
590,Francisco Conceição,pt POR,"FW,MF",Juventus,it Serie A,21.0,2002.0,26,12,1340,14.9,3,3,6,3,0,0,5,1,2.3,2.3,4.3,6.6,95,35,143,0.4,0.45,590,pt POR,"FW,MF",it Serie A,21.0,2002.0,14.9,3,40,13,32.5,2.69,0.87,0.08,0.23,18.1,1,0,0,2.3,2.3,0.06,0.7,0.7,590,pt POR,"FW,MF",it Serie A,21.0,2002.0,14.9,427,545,78.3,7032,1122,3,4.3,4.4,-1.3,28,16,20,10,35,590,pt POR,"FW,MF",it Serie A,21.0,2002.0,14.9,545,513,32,4,0,4,62,10,18,8,3,0,427,0,21,590,pt POR,"FW,MF",it Serie A,21.0,2002.0,14.9,64,4.3,45,4,10,4,1,0,9,0.6,590,pt POR,"FW,MF",it Serie A,21.0,2002.0,14.9,23,14,6,9,8,30,43.3,17,7,0,7,6,29,6,0,590,pt POR,"FW,MF",it Serie A,21.0,2002.0,14.9,739,11,87,244,425,92,739,79,35,44.3,37,46.8,548,4309,2292,95,32,59,35,22,581,143,724,pt POR,"FW,MF",it Serie A,21.0,2002.0,26,1340,52,39.2,14.9,12,84.0,4,14,24.0,2,1.81,28,16,12,0.81,0.33,25.6,14.8,10.8,0.73,590,pt POR,"FW,MF",it Serie A,21.0,2002.0,14.9,5,1,1,24,36,4,62,6,14,1,0,0,55,2,9,18.2,,,,,,,,,,,,,,,,,,,,,,,,,,,,,,,,,,,,,,,,,,,,,,,,,,,,,,MF,0.20149253731343283,0.20149253731343283,0.40298507462686567,0.1544776119402985,0.2888059701492537,0.9394776119402986,1,0.580682007365887,1,0.5040377,0.6392895579338074
597,Diego Coppola,it ITA,DF,Hellas Verona,it Serie A,20.0,2003.0,34,33,2927,32.5,2,0,2,2,0,0,10,0,0.7,0.7,0.1,0.8,4,48,3,0.06,0.02,597,it ITA,DF,it Serie A,20.0,2003.0,32.5,2,10,4,40.0,0.31,0.12,0.2,0.5,9.1,0,0,0,0.7,0.7,0.07,1.3,1.3,597,it ITA,DF,it Serie A,20.0,2003.0,32.5,920,1135,81.1,18186,6486,0,0.1,0.2,-0.1,3,32,0,0,48,597,it ITA,DF,it Serie A,20.0,2003.0,32.5,1135,1119,11,11,1,5,0,0,0,0,0,0,920,5,6,597,it ITA,DF,it Serie A,20.0,2003.0,32.5,10,0.31,9,0,0,1,0,0,1,0.03,597,it ITA,DF,it Serie A,20.0,2003.0,32.5,66,36,48,14,4,40,70.0,12,44,24,20,72,138,194,2,597,it ITA,DF,it Serie A,20.0,2003.0,32.5,1576,185,839,708,40,23,1576,5,1,20.0,4,80.0,749,3707,1419,4,4,0,10,5,793,3,733,it ITA,DF,it Serie A,20.0,2003.0,34,2927,86,85.6,32.5,33,89.0,32,1,2.0,1,1.09,31,51,-20,-0.61,1.58,28.7,44.5,-15.7,-0.48,597,it ITA,DF,it Serie A,20.0,2003.0,32.5,10,0,0,44,0,0,0,72,36,0,0,0,89,133,72,64.9,,,,,,,,,,,,,,,,,,,,,,,,,,,,,,,,,,,,,,,,,,,,,,,,,,,,,,DF,0.061496412709258624,0.0,0.061496412709258624,0.02152374444824052,0.0030748206354629312,0.8524940211820977,1,0.6988620057284727,1,0.52404237,0.7337376475334167
628,Charlie Cresswell,eng ENG,DF,Toulouse,fr Ligue 1,21.0,2002.0,31,29,2592,28.8,3,1,4,3,0,0,5,0,3.3,3.3,1.7,5.0,8,69,13,0.14,0.17,628,eng ENG,DF,fr Ligue 1,21.0,2002.0,28.8,3,32,13,40.6,1.11,0.45,0.09,0.23,9.5,0,0,0,3.3,3.3,0.1,-0.3,-0.3,628,eng ENG,DF,fr Ligue 1,21.0,2002.0,28.8,1287,1551,83.0,23854,8198,1,1.7,1.1,-0.7,5,61,4,1,69,628,eng ENG,DF,fr Ligue 1,21.0,2002.0,28.8,1551,1466,81,33,0,8,4,12,0,0,0,0,1287,4,7,628,eng ENG,DF,fr Ligue 1,21.0,2002.0,28.8,24,0.83,18,0,0,5,1,0,3,0.1,628,eng ENG,DF,fr Ligue 1,21.0,2002.0,28.8,35,23,19,15,1,46,60.9,18,44,28,16,28,63,191,3,628,eng ENG,DF,fr Ligue 1,21.0,2002.0,28.8,1920,324,1044,801,89,56,1920,11,3,27.3,7,63.6,1033,4261,1800,8,7,1,20,3,1193,13,775,eng ENG,DF,fr Ligue 1,21.0,2002.0,31,2592,84,84.7,28.8,29,89.0,26,2,12.0,1,1.29,38,36,2,0.07,0.26,42.6,31.7,11.0,0.38,628,eng ENG,DF,fr Ligue 1,21.0,2002.0,28.8,5,0,0,28,15,3,4,28,23,0,0,1,103,98,44,69.0,,,,,,,,,,,,,,,,,,,,,,,,,,,,,,,,,,,,,,,,,,,,,,,,,,,,,,DF,0.10416666666666666,0.034722222222222224,0.1388888888888889,0.11458333333333333,0.059027777777777776,0.9814814814814815,1,0.7609591652478369,1,0.5652368,0.7808648943901062
634,Pau Cubarsí,es ESP,DF,Barcelona,es La Liga,17.0,2007.0,35,29,2618,29.1,0,3,3,0,0,0,3,0,0.8,0.8,1.6,2.5,26,191,6,0.1,0.08,634,es ESP,DF,es La Liga,17.0,2007.0,29.1,0,8,0,0.0,0.28,0.0,0.0,,8.9,0,0,0,0.8,0.8,0.1,-0.8,-0.8,634,es ESP,DF,es La Liga,17.0,2007.0,29.1,2434,2604,93.5,45654,16006,3,1.6,1.0,1.4,9,210,4,1,191,634,es ESP,DF,es La Liga,17.0,2007.0,29.1,2604,2516,84,67,4,7,2,7,0,0,0,0,2434,4,6,634,es ESP,DF,es La Liga,17.0,2007.0,29.1,35,1.2,34,0,0,1,0,0,6,0.21,634,es ESP,DF,es La Liga,17.0,2007.0,29.1,34,23,21,10,3,30,63.3,11,12,9,3,16,50,86,1,634,es ESP,DF,es La Liga,17.0,2007.0,29.1,2805,194,1045,1672,93,17,2805,8,6,75.0,2,25.0,1823,8964,4999,26,16,0,7,1,2193,6,782,es ESP,DF,es La Liga,17.0,2007.0,35,2618,75,76.5,29.1,29,84.0,20,6,30.0,3,2.26,81,32,49,1.68,0.11,66.7,32.5,34.2,1.18,634,es ESP,DF,es La Liga,17.0,2007.0,29.1,3,0,0,24,9,0,2,16,23,0,1,0,102,62,44,58.5,,,,,,,,,,,,,,,,,,,,,,,,,,,,,,,,,,,,,,,,,,,,,,,,,,,,,,DF,0.0,0.10313216195569137,0.10313216195569137,0.027501909854851035,0.05500381970970207,0.921886936592819,1,0.8194417633113659,1,0.6121353,0.7325913906097412
660,Kévin Danois,fr FRA,MF,Auxerre,fr Ligue 1,20.0,2004.0,22,16,1460,16.2,0,0,0,0,0,0,1,0,1.5,1.5,2.2,3.7,19,95,50,0.0,0.23,660,fr FRA,MF,fr Ligue 1,20.0,2004.0,16.2,0,17,3,17.6,1.05,0.18,0.0,0.0,17.4,0,0,0,1.5,1.5,0.09,-1.5,-1.5,660,fr FRA,MF,fr Ligue 1,20.0,2004.0,16.2,585,718,81.5,9757,2615,0,2.2,2.0,-2.2,25,62,11,2,95,660,fr FRA,MF,fr Ligue 1,20.0,2004.0,16.2,718,703,15,8,3,11,14,7,0,0,0,0,585,0,14,660,fr FRA,MF,fr Ligue 1,20.0,2004.0,16.2,54,3.33,45,0,5,2,1,1,6,0.37,660,fr FRA,MF,fr Ligue 1,20.0,2004.0,16.2,49,30,20,22,7,46,43.5,26,17,3,14,20,69,20,0,660,fr FRA,MF,fr Ligue 1,20.0,2004.0,16.2,912,35,197,470,256,37,912,41,21,51.2,19,46.3,570,2743,1230,19,19,5,25,24,597,50,819,fr FRA,MF,fr Ligue 1,20.0,2004.0,22,1460,66,47.7,16.2,16,84.0,10,6,21.0,1,1.36,26,21,5,0.31,0.76,23.3,28.9,-5.6,-0.35,660,fr FRA,MF,fr Ligue 1,20.0,2004.0,16.2,1,0,0,22,18,2,14,20,30,0,0,0,102,14,18,43.8,,,,,,,,,,,,,,,,,,,,,,,,,,,,,,,,,,,,,,,,,,,,,,,,,,,,,,MF,0.0,0.0,0.0,0.09246575342465753,0.13561643835616438,0.365,0,0.4812866724358918,0,0.41306213,0.2916301488876343
666,Bence Dárdai,hu HUN,MF,Wolfsburg,de Bundesliga,18.0,2006.0,21,16,1304,14.5,1,1,2,1,0,0,0,0,1.0,1.0,1.0,2.1,5,39,24,0.14,0.14,666,hu HUN,MF,de Bundesliga,18.0,2006.0,14.5,1,11,1,9.1,0.76,0.07,0.09,1.0,14.8,0,0,0,1.0,1.0,0.1,0.0,0.0,666,hu HUN,MF,de Bundesliga,18.0,2006.0,14.5,357,445,80.2,5317,1399,1,1.0,1.0,0.0,11,35,9,2,39,666,hu HUN,MF,de Bundesliga,18.0,2006.0,14.5,445,426,18,10,1,1,10,3,1,1,0,0,357,1,13,666,hu HUN,MF,de Bundesliga,18.0,2006.0,14.5,24,1.66,17,0,0,4,3,0,2,0.14,666,hu HUN,MF,de Bundesliga,18.0,2006.0,14.5,24,14,9,13,2,30,53.3,14,20,4,16,12,36,28,1,666,hu HUN,MF,de Bundesliga,18.0,2006.0,14.5,595,25,144,314,137,18,595,12,3,25.0,5,41.7,287,1017,382,5,6,0,18,11,337,24,825,hu HUN,MF,de Bundesliga,18.0,2006.0,21,1304,62,42.6,14.5,16,75.0,3,5,20.0,13,1.52,22,24,-2,-0.14,-0.34,16.7,22.5,-5.8,-0.4,666,hu HUN,MF,de Bundesliga,18.0,2006.0,14.5,0,0,0,9,16,0,10,12,14,1,0,0,52,10,15,40.0,,,,,,,,,,,,,,,,,,,,,,,,,,,,,,,,,,,,,,,,,,,,,,,,,,,,,,MF,0.06901840490797546,0.06901840490797546,0.13803680981595093,0.06901840490797546,0.06901840490797546,0.5330552147239265,0,0.21627162021696866,0,0.3275621,0.21962958574295044
693,Liam Delap,eng ENG,FW,Ipswich Town,eng Premier League,21.0,2003.0,37,32,2593,28.8,12,2,14,10,2,2,12,0,9.3,7.8,1.9,9.7,61,30,110,0.42,0.39,693,eng ENG,FW,eng Premier League,21.0,2003.0,28.8,12,66,29,43.9,2.29,1.01,0.15,0.34,16.0,0,2,2,9.3,7.8,0.12,2.7,2.2,693,eng ENG,FW,eng Premier League,21.0,2003.0,28.8,219,357,61.3,3011,657,2,1.9,1.4,0.1,21,17,6,0,30,693,eng ENG,FW,eng Premier League,21.0,2003.0,28.8,357,350,5,0,8,1,5,2,0,0,0,0,219,2,16,693,eng ENG,FW,eng Premier League,21.0,2003.0,28.8,62,2.15,28,0,12,7,13,2,7,0.24,693,eng ENG,FW,eng Premier League,21.0,2003.0,28.8,11,8,3,3,5,15,13.3,13,8,0,8,2,13,28,0,693,eng ENG,FW,eng Premier League,21.0,2003.0,28.8,682,29,78,291,335,92,680,86,40,46.5,37,43.0,445,3283,1586,61,46,30,104,60,537,110,861,eng ENG,FW,eng Premier League,21.0,2003.0,37,2593,70,75.8,28.8,32,78.0,3,5,18.0,0,0.59,25,58,-33,-1.15,0.27,25.7,52.1,-26.5,-0.92,693,eng ENG,FW,eng Premier League,21.0,2003.0,28.8,12,0,0,72,51,14,5,2,8,2,0,0,68,55,74,42.6,,,,,,,,,,,,,,,,,,,,,,,,,,,,,,,,,,,,,,,,,,,,,,,,,,,,,,FW,0.4165059776320864,0.06941766293868107,0.4859236405707675,0.32279213266486695,0.065946779791747,0.8609718472811415,1,0.7085298970270586,1,0.5462081,0.0
703,Justin Devenny,nir NIR,MF,Crystal Palace,eng Premier League,20.0,2003.0,23,4,507,5.6,1,1,2,1,0,0,1,0,0.8,0.8,0.6,1.4,5,21,13,0.36,0.25,703,nir NIR,MF,eng Premier League,20.0,2003.0,5.6,1,10,6,60.0,1.78,1.07,0.1,0.17,21.1,1,0,0,0.8,0.8,0.08,0.2,0.2,703,nir NIR,MF,eng Premier League,20.0,2003.0,5.6,148,205,72.2,2433,730,1,0.6,0.4,0.4,7,22,4,1,21,703,nir NIR,MF,eng Premier League,20.0,2003.0,5.6,205,184,19,7,1,1,17,0,9,4,4,0,148,2,2,703,nir NIR,MF,eng Premier League,20.0,2003.0,5.6,15,2.66,12,2,0,1,0,0,1,0.18,703,nir NIR,MF,eng Premier League,20.0,2003.0,5.6,17,12,7,9,1,19,42.1,11,6,1,5,0,17,11,0,703,nir NIR,MF,eng Premier League,20.0,2003.0,5.6,279,8,53,149,83,8,279,4,2,50.0,2,50.0,134,701,333,5,5,1,17,3,167,13,874,nir NIR,MF,eng Premier League,20.0,2003.0,23,507,22,14.8,5.6,4,68.0,0,19,12.0,7,1.65,8,8,0,0.0,0.0,8.4,9.1,-0.7,-0.12,703,nir NIR,MF,eng Premier League,20.0,2003.0,5.6,1,0,0,8,0,1,17,0,12,0,0,0,27,2,13,13.3,,,,,,,,,,,,,,,,,,,,,,,,,,,,,,,,,,,,,,,,,,,,,,,,,,,,,,MF,0.1775147928994083,0.1775147928994083,0.3550295857988166,0.14201183431952663,0.10650887573964497,0.6592943786982249,0,0.3294191536147688,0,0.3779575,0.29578423500061035
709,Mamadou Diakhon,fr FRA,"FW,MF",Reims,fr Ligue 1,18.0,2005.0,28,5,858,9.5,2,1,3,2,0,0,2,0,1.0,1.0,1.1,2.2,61,17,77,0.31,0.23,709,fr FRA,"FW,MF",fr Ligue 1,18.0,2005.0,9.5,2,18,8,44.4,1.89,0.84,0.11,0.25,19.2,2,0,0,1.0,1.0,0.06,1.0,1.0,709,fr FRA,"FW,MF",fr Ligue 1,18.0,2005.0,9.5,198,257,77.0,3478,420,1,1.1,0.6,-0.1,13,5,6,3,17,709,fr FRA,"FW,MF",fr Ligue 1,18.0,2005.0,9.5,257,247,9,2,1,3,33,5,1,0,0,0,198,1,10,709,fr FRA,"FW,MF",fr Ligue 1,18.0,2005.0,9.5,37,3.88,20,1,4,5,6,1,2,0.21,709,fr FRA,"FW,MF",fr Ligue 1,18.0,2005.0,9.5,12,8,4,3,5,18,50.0,9,5,1,4,4,16,5,0,709,fr FRA,"FW,MF",fr Ligue 1,18.0,2005.0,9.5,379,8,42,137,217,46,379,61,25,41.0,31,50.8,288,3150,1568,61,37,32,29,13,299,77,884,fr FRA,"FW,MF",fr Ligue 1,18.0,2005.0,28,858,31,28.0,9.5,5,72.0,1,23,22.0,4,0.79,7,9,-2,-0.21,0.28,11.6,11.1,0.4,0.05,709,fr FRA,"FW,MF",fr Ligue 1,18.0,2005.0,9.5,2,0,0,5,22,0,33,4,8,1,0,0,38,1,13,7.1,,,,,,,,,,,,,,,,,,,,,,,,,,,,,,,,,,,,,,,,,,,,,,,,,,,,,,MF,0.2097902097902098,0.1048951048951049,0.3146853146853147,0.1048951048951049,0.11538461538461539,0.6340804195804196,0,0.4261595463888038,0,0.44842985,0.5103989243507385
711,Oumar Diakité,ci CIV,FW,Reims,fr Ligue 1,20.0,2003.0,26,20,1628,18.1,4,1,5,4,0,1,6,0,5.5,4.7,1.1,5.8,24,44,93,0.28,0.36,711,ci CIV,FW,fr Ligue 1,20.0,2003.0,18.1,4,26,9,34.6,1.44,0.5,0.15,0.44,12.1,0,0,1,5.5,4.7,0.18,-1.5,-0.7,711,ci CIV,FW,fr Ligue 1,20.0,2003.0,18.1,291,354,82.2,4122,691,1,1.1,1.2,-0.1,11,22,12,2,44,711,ci CIV,FW,fr Ligue 1,20.0,2003.0,18.1,354,317,34,1,1,2,7,1,0,0,0,0,291,3,10,711,ci CIV,FW,fr Ligue 1,20.0,2003.0,18.1,39,2.16,29,0,2,5,3,0,4,0.22,711,ci CIV,FW,fr Ligue 1,20.0,2003.0,18.1,20,13,7,8,5,19,47.4,10,13,2,11,3,23,9,0,711,ci CIV,FW,fr Ligue 1,20.0,2003.0,18.1,580,13,73,282,239,57,579,57,20,35.1,35,61.4,319,1848,728,24,20,4,64,38,397,93,886,ci CIV,FW,fr Ligue 1,20.0,2003.0,26,1628,63,53.2,18.1,20,73.0,1,6,28.0,3,0.88,20,26,-6,-0.33,0.17,21.4,30.3,-8.9,-0.49,711,ci CIV,FW,fr Ligue 1,20.0,2003.0,18.1,6,0,0,27,25,11,7,3,13,0,0,0,59,25,59,29.8,,,,,,,,,,,,,,,,,,,,,,,,,,,,,,,,,,,,,,,,,,,,,,,,,,,,,,FW,0.22113022113022113,0.05528255528255528,0.2764127764127764,0.30405405405405406,0.060810810810810814,0.6622959322959323,0,0.5894421285756102,1,0.48700994,0.0
713,Assane Diao,sn SEN,"FW,MF",Como,it Serie A,18.0,2005.0,15,14,1252,13.9,8,1,9,8,0,0,2,0,4.0,4.0,0.4,4.4,50,36,116,0.65,0.31,713,sn SEN,"FW,MF",it Serie A,18.0,2005.0,13.9,8,28,13,46.4,2.01,0.93,0.29,0.62,15.5,0,0,0,4.0,4.0,0.14,4.0,4.0,713,sn SEN,"FW,MF",it Serie A,18.0,2005.0,13.9,241,304,79.3,3311,698,1,0.4,0.6,0.6,8,13,13,0,36,713,sn SEN,"FW,MF",it Serie A,18.0,2005.0,13.9,304,295,7,3,0,0,12,3,1,0,0,0,241,2,22,713,sn SEN,"FW,MF",it Serie A,18.0,2005.0,13.9,31,2.23,21,0,4,3,3,0,4,0.29,713,sn SEN,"FW,MF",it Serie A,18.0,2005.0,13.9,25,14,9,10,6,28,42.9,16,8,1,7,3,28,19,0,713,sn SEN,"FW,MF",it Serie A,18.0,2005.0,13.9,523,16,65,191,273,58,523,72,19,26.4,35,48.6,376,2757,1349,50,33,27,50,38,396,116,889,sn SEN,"FW,MF",it Serie A,18.0,2005.0,15,1252,83,36.6,13.9,14,84.0,6,1,71.0,0,1.4,23,15,8,0.58,1.03,15.9,13.1,2.8,0.2,713,sn SEN,"FW,MF",it Serie A,18.0,2005.0,13.9,2,0,0,20,49,6,12,3,14,0,0,0,41,16,34,32.0,,,,,,,,,,,,,,,,,,,,,,,,,,,,,,,,,,,,,,,,,,,,,,,,,,,,,,MF,0.5750798722044728,0.0718849840255591,0.6469648562300319,0.2875399361022364,0.028753993610223644,1.031849840255591,1,0.6701983312121739,1,0.5005942,0.7723893523216248
715,Habib Diarra,sn SEN,"MF,FW",Strasbourg,fr Ligue 1,20.0,2004.0,30,27,2352,26.1,4,5,9,2,2,2,6,0,3.3,1.8,4.5,6.3,61,116,114,0.27,0.3,715,sn SEN,"MF,FW",fr Ligue 1,20.0,2004.0,26.1,4,25,10,40.0,0.96,0.38,0.08,0.2,20.2,1,2,2,3.3,1.8,0.07,0.7,0.2,715,sn SEN,"MF,FW",fr Ligue 1,20.0,2004.0,26.1,812,978,83.0,13413,2876,5,4.5,4.3,0.5,27,64,27,12,116,715,sn SEN,"MF,FW",fr Ligue 1,20.0,2004.0,26.1,978,936,40,11,6,5,54,10,0,0,0,0,812,2,25,715,sn SEN,"MF,FW",fr Ligue 1,20.0,2004.0,26.1,57,2.18,47,1,0,3,6,0,8,0.31,715,sn SEN,"MF,FW",fr Ligue 1,20.0,2004.0,26.1,22,13,6,13,3,20,40.0,12,22,6,16,13,35,46,3,715,sn SEN,"MF,FW",fr Ligue 1,20.0,2004.0,26.1,1214,50,276,610,342,42,1212,49,13,26.5,32,65.3,709,3457,1837,61,37,12,30,22,885,114,892,sn SEN,"MF,FW",fr Ligue 1,20.0,2004.0,30,2352,78,76.9,26.1,27,84.0,19,3,26.0,0,1.6,40,34,6,0.23,-0.53,37.5,42.2,-4.7,-0.18,715,sn SEN,"MF,FW",fr Ligue 1,20.0,2004.0,26.1,6,0,0,26,52,1,54,13,13,1,0,0,90,12,16,42.9,,,,,,,,,,,,,,,,,,,,,,,,,,,,,,,,,,,,,,,,,,,,,,,,,,,,,,MF,0.15306122448979592,0.19132653061224492,0.34438775510204084,0.12627551020408162,0.1721938775510204,0.9857142857142858,1,0.8083620087340349,1,0.622409,0.547845184803009
720,Mahamadou Diawara,fr FRA,MF,Le Havre,fr Ligue 1,19.0,2005.0,15,6,582,6.5,0,1,1,0,0,0,0,0,0.4,0.4,0.4,0.8,9,16,6,0.15,0.12,720,fr FRA,MF,fr Ligue 1,19.0,2005.0,6.5,0,7,1,14.3,1.08,0.15,0.0,0.0,20.4,0,0,0,0.4,0.4,0.06,-0.4,-0.4,720,fr FRA,MF,fr Ligue 1,19.0,2005.0,6.5,193,233,82.8,3436,571,1,0.4,0.3,0.6,7,15,1,0,16,720,fr FRA,MF,fr Ligue 1,19.0,2005.0,6.5,233,225,6,2,0,2,5,1,1,1,0,0,193,2,11,720,fr FRA,MF,fr Ligue 1,19.0,2005.0,6.5,14,2.16,13,0,0,1,0,0,1,0.15,720,fr FRA,MF,fr Ligue 1,19.0,2005.0,6.5,20,12,10,8,2,13,61.5,5,13,6,7,13,33,11,1,720,fr FRA,MF,fr Ligue 1,19.0,2005.0,6.5,321,19,85,159,84,11,321,13,6,46.2,5,38.5,180,1062,502,9,5,0,8,7,183,6,899,fr FRA,MF,fr Ligue 1,19.0,2005.0,15,582,39,19.0,6.5,6,68.0,1,9,19.0,0,1.4,12,11,1,0.15,1.32,11.6,10.6,1.1,0.16,720,fr FRA,MF,fr Ligue 1,19.0,2005.0,6.5,0,0,0,15,7,0,5,13,12,0,0,0,40,2,7,22.2,,,,,,,,,,,,,,,,,,,,,,,,,,,,,,,,,,,,,,,,,,,,,,,,,,,,,,MF,0.0,0.15463917525773196,0.15463917525773196,0.061855670103092786,0.061855670103092786,0.4547783505154639,0,0.18550502326056686,0,0.3314341,0.2127479612827301
726,Tyler Dibling,eng ENG,"FW,MF",Southampton,eng Premier League,18.0,2006.0,33,20,1874,20.8,2,0,2,2,0,0,6,0,2.5,2.5,1.5,4.1,69,64,96,0.1,0.2,726,eng ENG,"FW,MF",eng Premier League,18.0,2006.0,20.8,2,28,9,32.1,1.34,0.43,0.07,0.22,19.3,0,0,0,2.5,2.5,0.09,-0.5,-0.5,726,eng ENG,"FW,MF",eng Premier League,18.0,2006.0,20.8,504,620,81.3,7544,1553,0,1.5,1.5,-1.5,20,27,20,1,64,726,eng ENG,"FW,MF",eng Premier League,18.0,2006.0,20.8,620,585,32,4,8,3,28,3,11,8,0,0,504,3,17,726,eng ENG,"FW,MF",eng Premier League,18.0,2006.0,20.8,56,2.69,34,1,11,5,5,0,4,0.19,726,eng ENG,"FW,MF",eng Premier League,18.0,2006.0,20.8,34,20,13,18,3,26,61.5,10,19,5,14,8,42,16,1,726,eng ENG,"FW,MF",eng Premier League,18.0,2006.0,20.8,868,27,129,390,369,41,868,110,45,40.9,43,39.1,558,4418,2215,69,50,26,44,55,651,96,905,eng ENG,"FW,MF",eng Premier League,18.0,2006.0,33,1874,57,54.8,20.8,20,76.0,8,13,27.0,1,0.27,16,50,-34,-1.63,-0.12,19.5,48.5,-28.9,-1.39,726,eng ENG,"FW,MF",eng Premier League,18.0,2006.0,20.8,6,0,0,30,50,2,28,8,20,2,0,0,80,10,25,28.6,,,,,,,,,,,,,,,,,,,,,,,,,,,,,,,,,,,,,,,,,,,,,,,,,,,,,,MF,0.096051227321238,0.0,0.096051227321238,0.1200640341515475,0.0720384204909285,0.546051227321238,0,0.6371064539121584,1,0.516639,0.5198875665664673
738,Yan Diomandé,ci CIV,"MF,FW",Leganés,es La Liga,17.0,2006.0,10,6,545,6.1,2,1,3,2,0,0,1,0,1.4,1.4,0.9,2.3,37,16,64,0.5,0.38,738,ci CIV,"MF,FW",es La Liga,17.0,2006.0,6.1,2,11,3,27.3,1.82,0.5,0.18,0.67,17.3,0,0,0,1.4,1.4,0.13,0.6,0.6,738,ci CIV,"MF,FW",es La Liga,17.0,2006.0,6.1,166,200,83.0,2229,543,1,0.9,0.9,0.1,14,4,7,1,16,738,ci CIV,"MF,FW",es La Liga,17.0,2006.0,6.1,200,189,11,1,1,0,12,10,0,0,0,0,166,0,5,738,ci CIV,"MF,FW",es La Liga,17.0,2006.0,6.1,37,6.11,25,0,8,2,1,1,5,0.83,738,ci CIV,"MF,FW",es La Liga,17.0,2006.0,6.1,14,9,1,8,5,15,33.3,10,8,0,8,8,22,6,0,738,ci CIV,"MF,FW",es La Liga,17.0,2006.0,6.1,309,4,49,108,161,42,309,38,23,60.5,14,36.8,200,1582,966,37,16,20,26,16,204,64,917,ci CIV,"MF,FW",es La Liga,17.0,2006.0,10,545,55,15.9,6.1,6,73.0,3,4,28.0,0,1.3,8,7,1,0.17,0.73,8.4,6.6,1.9,0.31,738,ci CIV,"MF,FW",es La Liga,17.0,2006.0,6.1,1,0,0,8,16,2,12,8,9,0,0,0,41,3,12,20.0,,,,,,,,,,,,,,,,,,,,,,,,,,,,,,,,,,,,,,,,,,,,,,,,,,,,,,MF,0.3302752293577982,0.1651376146788991,0.4954128440366973,0.2311926605504587,0.14862385321100918,0.7968004587155963,1,0.470925596679395,0,0.46473974,0.4751068353652954
743,Andy Diouf,fr FRA,MF,Lens,fr Ligue 1,21.0,2003.0,34,27,2225,24.7,1,2,3,1,0,0,2,0,2.9,2.9,2.8,5.7,82,116,94,0.12,0.23,743,fr FRA,MF,fr Ligue 1,21.0,2003.0,24.7,1,40,5,12.5,1.62,0.2,0.03,0.2,20.0,0,0,0,2.9,2.9,0.07,-1.9,-1.9,743,fr FRA,MF,fr Ligue 1,21.0,2003.0,24.7,849,1068,79.5,11438,2865,2,2.8,3.3,-0.8,33,60,31,3,116,743,fr FRA,MF,fr Ligue 1,21.0,2003.0,24.7,1068,1030,27,15,13,2,30,0,11,8,3,0,849,11,30,743,fr FRA,MF,fr Ligue 1,21.0,2003.0,24.7,85,3.44,63,1,11,7,2,1,3,0.12,743,fr FRA,MF,fr Ligue 1,21.0,2003.0,24.7,37,26,10,22,5,40,40.0,24,24,1,23,15,52,18,2,743,fr FRA,MF,fr Ligue 1,21.0,2003.0,24.7,1367,23,158,741,505,51,1367,87,43,49.4,37,42.5,751,5197,2776,82,74,10,75,42,966,94,923,fr FRA,MF,fr Ligue 1,21.0,2003.0,34,2225,65,72.7,24.7,27,77.0,8,7,22.0,0,1.53,27,23,4,0.16,0.27,36.4,31.9,4.5,0.18,743,fr FRA,MF,fr Ligue 1,21.0,2003.0,24.7,2,0,0,43,21,2,30,15,26,0,1,0,154,18,31,36.7,,,,,,,,,,,,,,,,,,,,,,,,,,,,,,,,,,,,,,,,,,,,,,,,,,,,,,MF,0.040449438202247195,0.08089887640449439,0.12134831460674159,0.11730337078651686,0.11325842696629214,0.652247191011236,0,0.894160209372863,1,0.64515185,0.7271071076393127
761,Benjamín Domínguez,ar ARG,FW,Bologna,it Serie A,20.0,2003.0,24,16,1281,14.2,3,2,5,3,0,0,0,0,2.2,2.2,0.8,3.1,50,32,123,0.35,0.21,761,ar ARG,FW,it Serie A,20.0,2003.0,14.2,3,30,17,56.7,2.11,1.19,0.1,0.18,19.2,0,0,0,2.2,2.2,0.07,0.8,0.8,761,ar ARG,FW,it Serie A,20.0,2003.0,14.2,272,348,78.2,3724,625,2,0.8,0.9,1.2,10,12,13,1,32,761,ar ARG,FW,it Serie A,20.0,2003.0,14.2,348,340,5,0,2,0,11,5,0,0,0,0,272,3,17,761,ar ARG,FW,it Serie A,20.0,2003.0,14.2,41,2.88,30,0,5,1,4,1,7,0.49,761,ar ARG,FW,it Serie A,20.0,2003.0,14.2,18,7,2,11,5,20,30.0,14,15,1,14,4,22,7,0,761,ar ARG,FW,it Serie A,20.0,2003.0,14.2,555,6,34,200,335,55,555,74,28,37.8,41,55.4,396,2428,1263,50,26,23,45,33,420,123,944,ar ARG,FW,it Serie A,20.0,2003.0,24,1281,53,37.5,14.2,16,71.0,1,8,17.0,11,1.71,22,16,6,0.42,0.25,19.7,13.2,6.5,0.46,761,ar ARG,FW,it Serie A,20.0,2003.0,14.2,0,0,0,10,31,4,11,4,7,0,0,0,62,2,21,8.7,,,,,,,,,,,,,,,,,,,,,,,,,,,,,,,,,,,,,,,,,,,,,,,,,,,,,,FW,0.2107728337236534,0.1405152224824356,0.351288056206089,0.1545667447306792,0.05620608899297424,0.6438895394223263,0,0.5736754666483166,1,0.5008752,0.0
767,Patrick Dorgu,dk DEN,DF,Manchester Utd,eng Premier League,19.0,2004.0,12,10,842,9.4,0,0,0,0,0,0,3,1,0.4,0.4,0.7,1.2,41,34,83,0.0,0.12,767,dk DEN,DF,eng Premier League,19.0,2004.0,9.4,0,10,2,20.0,1.07,0.21,0.0,0.0,16.4,0,0,0,0.4,0.4,0.04,-0.4,-0.4,767,dk DEN,DF,eng Premier League,19.0,2004.0,9.4,400,494,81.0,5631,1295,0,0.7,1.3,-0.7,12,23,11,2,34,767,dk DEN,DF,eng Premier League,19.0,2004.0,9.4,494,419,74,8,0,1,39,65,1,0,0,0,400,1,8,767,dk DEN,DF,eng Premier League,19.0,2004.0,9.4,24,2.57,21,0,0,0,2,1,1,0.11,767,dk DEN,DF,eng Premier League,19.0,2004.0,9.4,31,24,15,14,2,23,69.6,7,11,0,11,4,35,23,2,767,dk DEN,DF,eng Premier League,19.0,2004.0,9.4,602,16,155,206,244,32,602,13,3,23.1,6,46.2,354,1933,1209,41,17,7,12,10,399,83,952,dk DEN,DF,eng Premier League,19.0,2004.0,12,842,70,24.6,9.4,10,77.0,6,2,34.0,0,0.75,7,11,-4,-0.43,-0.22,12.6,9.9,2.7,0.29,767,dk DEN,DF,eng Premier League,19.0,2004.0,9.4,3,1,0,17,28,3,39,4,24,0,0,0,37,15,9,62.5,,,,,,,,,,,,,,,,,,,,,,,,,,,,,,,,,,,,,,,,,,,,,,,,,,,,,,DF,0.0,0.0,0.0,0.04275534441805225,0.07482185273159145,0.35083333333333333,0,0.3128691108177755,0,0.4164326,0.3105679452419281
768,Patrick Dorgu,dk DEN,"DF,FW",Lecce,it Serie A,19.0,2004.0,21,21,1840,20.4,3,1,4,3,0,0,2,1,3.3,3.3,1.5,4.8,68,54,117,0.2,0.23,768,dk DEN,"DF,FW",it Serie A,19.0,2004.0,20.4,3,36,10,27.8,1.76,0.49,0.08,0.3,19.0,0,0,0,3.3,3.3,0.09,-0.3,-0.3,768,dk DEN,"DF,FW",it Serie A,19.0,2004.0,20.4,580,748,77.5,9714,2661,1,1.5,1.0,-0.5,19,42,21,8,54,768,dk DEN,"DF,FW",it Serie A,19.0,2004.0,20.4,748,643,104,13,3,7,40,90,1,0,0,0,580,1,24,768,dk DEN,"DF,FW",it Serie A,19.0,2004.0,20.4,58,2.84,38,2,4,4,9,1,7,0.34,768,dk DEN,"DF,FW",it Serie A,19.0,2004.0,20.4,45,27,21,19,5,45,51.1,22,24,6,18,18,63,42,2,768,dk DEN,"DF,FW",it Serie A,19.0,2004.0,20.4,1011,56,255,445,332,50,1011,44,13,29.5,25,56.8,557,3684,1871,68,40,20,37,37,658,117,953,dk DEN,"DF,FW",it Serie A,19.0,2004.0,21,1840,88,53.8,20.4,21,88.0,19,0,,1,0.9,15,40,-25,-1.22,-0.88,19.6,33.0,-13.4,-0.66,768,dk DEN,"DF,FW",it Serie A,19.0,2004.0,20.4,2,1,0,24,55,4,40,18,27,1,0,1,99,31,21,59.6,,,,,,,,,,,,,,,,,,,,,,,,,,,,,,,,,,,,,,,,,,,,,,,,,,,,,,DF,0.1467391304347826,0.04891304347826087,0.19565217391304346,0.16141304347826085,0.0733695652173913,1.0760869565217392,1,0.6935625713943804,1,0.60443556,0.7868903875350952
776,Désiré Doué,fr FRA,"FW,MF",Paris S-G,fr Ligue 1,19.0,2005.0,31,18,1730,19.2,6,6,12,6,0,0,1,0,5.1,5.1,7.8,13.0,97,139,232,0.62,0.67,776,fr FRA,"FW,MF",fr Ligue 1,19.0,2005.0,19.2,6,55,20,36.4,2.86,1.04,0.11,0.3,17.9,0,0,0,5.1,5.1,0.09,0.9,0.9,776,fr FRA,"FW,MF",fr Ligue 1,19.0,2005.0,19.2,933,1133,82.3,13916,3351,6,7.8,5.7,-1.8,55,83,51,16,139,776,fr FRA,"FW,MF",fr Ligue 1,19.0,2005.0,19.2,1133,1066,66,11,8,7,78,24,23,8,5,1,933,1,21,776,fr FRA,"FW,MF",fr Ligue 1,19.0,2005.0,19.2,109,5.66,84,1,14,4,5,1,24,1.25,776,fr FRA,"FW,MF",fr Ligue 1,19.0,2005.0,19.2,48,30,15,19,14,51,47.1,27,26,0,26,13,61,7,0,776,fr FRA,"FW,MF",fr Ligue 1,19.0,2005.0,19.2,1461,4,137,646,701,123,1461,129,57,44.2,61,47.3,899,5730,3076,97,50,47,54,37,1164,232,961,fr FRA,"FW,MF",fr Ligue 1,19.0,2005.0,31,1730,56,56.5,19.2,18,75.0,5,13,29.0,1,2.48,51,21,30,1.56,-0.27,49.2,17.5,31.6,1.64,776,fr FRA,"FW,MF",fr Ligue 1,19.0,2005.0,19.2,1,0,0,28,44,1,78,13,30,2,0,0,93,8,10,44.4,,,,,,,,,,,,,,,,,,,,,,,,,,,,,,,,,,,,,,,,,,,,,,,,,,,,,,MF,0.31213872832369943,0.31213872832369943,0.6242774566473989,0.2653179190751445,0.4057803468208092,1.3689161849710985,1,0.8555935766090237,1,0.6822205,0.770929217338562
777,Guela Doué,ci CIV,DF,Strasbourg,fr Ligue 1,21.0,2002.0,32,30,2717,30.2,1,2,3,1,0,0,7,0,0.8,0.8,0.7,1.5,51,173,54,0.1,0.05,777,ci CIV,DF,fr Ligue 1,21.0,2002.0,30.2,1,18,6,33.3,0.6,0.2,0.06,0.17,14.4,0,0,0,0.8,0.8,0.05,0.2,0.2,777,ci CIV,DF,fr Ligue 1,21.0,2002.0,30.2,1688,2023,83.4,29943,12563,2,0.7,1.1,1.3,11,153,14,6,173,777,ci CIV,DF,fr Ligue 1,21.0,2002.0,30.2,2023,1728,293,63,1,3,46,226,0,0,0,0,1688,2,26,777,ci CIV,DF,fr Ligue 1,21.0,2002.0,30.2,44,1.46,31,2,4,4,1,2,5,0.17,777,ci CIV,DF,fr Ligue 1,21.0,2002.0,30.2,65,45,40,15,10,54,68.5,17,38,6,32,34,99,154,1,777,ci CIV,DF,fr Ligue 1,21.0,2002.0,30.2,2421,155,1004,1150,287,31,2421,41,27,65.9,14,34.1,1184,5408,3109,51,22,4,43,13,1505,54,962,ci CIV,DF,fr Ligue 1,21.0,2002.0,32,2717,85,88.8,30.2,30,89.0,29,2,22.0,0,1.69,49,39,10,0.33,-0.19,39.0,47.7,-8.7,-0.29,777,ci CIV,DF,fr Ligue 1,21.0,2002.0,30.2,7,0,0,41,19,0,46,34,45,0,1,0,162,58,37,61.1,,,,,,,,,,,,,,,,,,,,,,,,,,,,,,,,,,,,,,,,,,,,,,,,,,,,,,DF,0.03312476996687523,0.06624953993375046,0.09937430990062569,0.026499815973500186,0.02318733897681266,0.9156238498343762,1,0.9279817157257902,1,0.6555147,0.8339694738388062
779,Ismaël Doukouré,fr FRA,"DF,MF",Strasbourg,fr Ligue 1,21.0,2003.0,31,31,2639,29.3,1,1,2,1,0,0,7,0,0.6,0.6,1.1,1.6,20,116,9,0.07,0.06,779,fr FRA,"DF,MF",fr Ligue 1,21.0,2003.0,29.3,1,3,1,33.3,0.1,0.03,0.33,1.0,13.4,0,0,0,0.6,0.6,0.19,0.4,0.4,779,fr FRA,"DF,MF",fr Ligue 1,21.0,2003.0,29.3,1494,1685,88.7,25372,7657,1,1.1,0.5,-0.1,11,101,1,0,116,779,fr FRA,"DF,MF",fr Ligue 1,21.0,2003.0,29.3,1685,1561,117,46,2,2,1,15,0,0,0,0,1494,7,13,779,fr FRA,"DF,MF",fr Ligue 1,21.0,2003.0,29.3,22,0.75,19,0,0,0,1,2,4,0.14,779,fr FRA,"DF,MF",fr Ligue 1,21.0,2003.0,29.3,40,22,19,18,3,25,68.0,8,31,14,17,25,65,102,3,779,fr FRA,"DF,MF",fr Ligue 1,21.0,2003.0,29.3,1944,202,847,1022,84,7,1944,17,13,76.5,4,23.5,1149,4814,2653,20,5,0,21,18,1385,9,964,fr FRA,"DF,MF",fr Ligue 1,21.0,2003.0,31,2639,85,86.2,29.3,31,85.0,23,0,,0,1.74,49,34,15,0.51,1.15,43.1,46.5,-3.4,-0.12,779,fr FRA,"DF,MF",fr Ligue 1,21.0,2003.0,29.3,7,0,0,30,17,0,1,25,22,0,0,1,103,26,16,61.9,,,,,,,,,,,,,,,,,,,,,,,,,,,,,,,,,,,,,,,,,,,,,,,,,,,,,,DF,0.034103827207275485,0.034103827207275485,0.06820765441455097,0.02046229632436529,0.037514209928003035,0.8636794240242516,1,0.7744816354978273,1,0.54774994,0.8339694738388062
780,Issa Doumbia,it ITA,MF,Venezia,it Serie A,20.0,2003.0,24,10,939,10.4,0,0,0,0,0,0,0,0,1.0,1.0,0.1,1.2,12,22,29,0.0,0.11,780,it ITA,MF,it Serie A,20.0,2003.0,10.4,0,16,5,31.3,1.53,0.48,0.0,0.0,16.7,0,0,0,1.0,1.0,0.06,-1.0,-1.0,780,it ITA,MF,it Serie A,20.0,2003.0,10.4,203,271,74.9,2702,656,0,0.1,0.2,-0.1,3,17,1,0,22,780,it ITA,MF,it Serie A,20.0,2003.0,10.4,271,264,4,3,0,0,10,1,0,0,0,0,203,3,7,780,it ITA,MF,it Serie A,20.0,2003.0,10.4,17,1.63,14,0,1,1,0,1,2,0.19,780,it ITA,MF,it Serie A,20.0,2003.0,10.4,14,8,6,7,1,17,41.2,10,17,5,12,9,23,14,1,780,it ITA,MF,it Serie A,20.0,2003.0,10.4,401,15,87,202,120,16,401,16,11,68.8,3,18.8,219,1112,584,12,11,3,25,18,242,29,966,it ITA,MF,it Serie A,20.0,2003.0,24,939,39,27.5,10.4,10,70.0,0,14,17.0,12,0.83,9,16,-7,-0.67,-0.05,9.4,16.8,-7.4,-0.71,780,it ITA,MF,it Serie A,20.0,2003.0,10.4,0,0,0,18,12,0,10,9,8,0,0,0,45,18,21,46.2,,,,,,,,,,,,,,,,,,,,,,,,,,,,,,,,,,,,,,,,,,,,,,,,,,,,,,MF,0.0,0.0,0.0,0.09584664536741215,0.009584664536741215,0.23475,0,0.346815894814702,0,0.42249587,0.23308536410331726
781,Kamory Doumbia,ml MLI,"MF,FW",Brest,fr Ligue 1,21.0,2003.0,30,13,1322,14.7,3,2,5,3,0,0,1,0,2.7,2.7,1.2,3.9,17,72,54,0.34,0.27,781,ml MLI,"MF,FW",fr Ligue 1,21.0,2003.0,14.7,3,22,10,45.5,1.5,0.68,0.14,0.3,16.7,1,0,0,2.7,2.7,0.13,0.3,0.3,781,ml MLI,"MF,FW",fr Ligue 1,21.0,2003.0,14.7,561,697,80.5,9267,2216,2,1.2,1.8,0.8,26,56,9,1,72,781,ml MLI,"MF,FW",fr Ligue 1,21.0,2003.0,14.7,697,631,60,20,7,2,48,3,27,12,15,0,561,6,10,781,ml MLI,"MF,FW",fr Ligue 1,21.0,2003.0,14.7,58,3.95,36,11,2,1,4,4,7,0.48,781,ml MLI,"MF,FW",fr Ligue 1,21.0,2003.0,14.7,41,29,17,17,7,31,45.2,17,17,1,16,28,69,13,1,781,ml MLI,"MF,FW",fr Ligue 1,21.0,2003.0,14.7,895,18,149,498,260,34,895,35,19,54.3,16,45.7,467,2254,1007,17,20,3,42,24,567,54,967,ml MLI,"MF,FW",fr Ligue 1,21.0,2003.0,30,1322,44,43.2,14.7,13,72.0,1,17,22.0,1,1.47,24,23,1,0.07,0.48,15.3,23.6,-8.4,-0.57,781,ml MLI,"MF,FW",fr Ligue 1,21.0,2003.0,14.7,1,0,0,17,22,1,48,28,29,0,0,0,87,10,22,31.3,,,,,,,,,,,,,,,,,,,,,,,,,,,,,,,,,,,,,,,,,,,,,,,,,,,,,,MF,0.2042360060514372,0.1361573373676248,0.340393343419062,0.1838124054462935,0.08169440242057488,0.8070506807866868,1,0.4790089548948715,0,0.4202161,0.41495487093925476
799,Jáder Durán,co COL,FW,Aston Villa,eng Premier League,20.0,2003.0,20,4,638,7.1,7,0,7,7,0,0,3,1,4.9,4.9,0.2,5.1,7,13,44,0.99,0.71,799,co COL,FW,eng Premier League,20.0,2003.0,7.1,7,31,15,48.4,4.37,2.12,0.23,0.47,15.6,0,0,0,4.9,4.9,0.16,2.1,2.1,799,co COL,FW,eng Premier League,20.0,2003.0,7.1,115,163,70.6,1558,307,0,0.2,0.3,-0.2,4,10,1,0,13,799,co COL,FW,eng Premier League,20.0,2003.0,7.1,163,155,7,0,2,0,3,0,0,0,0,0,115,1,4,799,co COL,FW,eng Premier League,20.0,2003.0,7.1,18,2.54,9,0,0,4,3,2,1,0.14,799,co COL,FW,eng Premier League,20.0,2003.0,7.1,8,7,1,2,5,4,25.0,3,5,0,5,0,8,13,0,799,co COL,FW,eng Premier League,20.0,2003.0,7.1,263,13,36,110,122,47,263,14,3,21.4,9,64.3,133,535,267,7,7,2,16,15,192,44,987,co COL,FW,eng Premier League,20.0,2003.0,20,638,32,18.7,7.1,4,60.0,0,16,25.0,1,1.5,12,12,0,0.0,-0.23,9.2,9.7,-0.5,-0.07,799,co COL,FW,eng Premier League,20.0,2003.0,7.1,3,1,0,14,15,5,3,0,7,0,0,0,19,19,19,50.0,,,,,,,,,,,,,,,,,,,,,,,,,,,,,,,,,,,,,,,,,,,,,,,,,,,,,,FW,0.987460815047022,0.0,0.987460815047022,0.6912225705329154,0.02821316614420063,0.8684447927551375,1,0.3780598273858676,0,0.40465453,0.0
823,Jeff Ekhator,it ITA,"FW,MF",Genoa,it Serie A,17.0,2006.0,24,6,769,8.5,1,1,2,1,0,0,1,0,1.3,1.3,1.0,2.3,4,14,51,0.23,0.27,823,it ITA,"FW,MF",it Serie A,17.0,2006.0,8.5,1,10,3,30.0,1.17,0.35,0.1,0.33,15.6,0,0,0,1.3,1.3,0.13,-0.3,-0.3,823,it ITA,"FW,MF",it Serie A,17.0,2006.0,8.5,110,165,66.7,1427,387,1,1.0,0.6,0.0,11,8,4,0,14,823,it ITA,"FW,MF",it Serie A,17.0,2006.0,8.5,165,156,7,0,3,0,10,2,1,0,0,0,110,2,6,823,it ITA,"FW,MF",it Serie A,17.0,2006.0,8.5,21,2.46,15,0,0,2,4,0,2,0.23,823,it ITA,"FW,MF",it Serie A,17.0,2006.0,8.5,7,4,4,1,2,9,44.4,5,10,1,9,2,9,5,0,823,it ITA,"FW,MF",it Serie A,17.0,2006.0,8.5,254,9,34,96,130,26,254,13,4,30.8,6,46.2,130,631,163,4,5,5,34,9,170,51,1016,it ITA,"FW,MF",it Serie A,17.0,2006.0,24,769,32,22.5,8.5,6,70.0,0,18,19.0,9,1.04,10,11,-1,-0.12,0.26,9.6,9.6,0.0,0.0,823,it ITA,"FW,MF",it Serie A,17.0,2006.0,8.5,1,0,0,15,13,3,10,2,4,0,0,0,32,15,32,31.9,,,,,,,,,,,,,,,,,,,,,,,,,,,,,,,,,,,,,,,,,,,,,,,,,,,,,,MF,0.11703511053315994,0.11703511053315994,0.2340702210663199,0.15214564369310793,0.11703511053315994,0.5433553315994798,0,0.439851540356724,0,0.39838114,0.4116571247577667
826,Jacques Ekomie,ga GAB,"DF,FW",Angers,fr Ligue 1,20.0,2003.0,18,7,697,7.7,0,0,0,0,0,0,1,0,0.0,0.0,0.0,0.0,13,20,24,0.0,0.0,826,ga GAB,"DF,FW",fr Ligue 1,20.0,2003.0,7.7,0,1,0,0.0,0.13,0.0,0.0,,15.3,0,0,0,0.0,0.0,0.02,0.0,0.0,826,ga GAB,"DF,FW",fr Ligue 1,20.0,2003.0,7.7,183,260,70.4,2542,1089,0,0.0,0.1,0.0,0,10,3,0,20,826,ga GAB,"DF,FW",fr Ligue 1,20.0,2003.0,7.7,260,192,66,1,0,1,23,65,0,0,0,0,183,2,14,826,ga GAB,"DF,FW",fr Ligue 1,20.0,2003.0,7.7,4,0.52,3,0,0,0,0,1,1,0.13,826,ga GAB,"DF,FW",fr Ligue 1,20.0,2003.0,7.7,22,14,9,10,3,12,66.7,4,16,5,11,4,26,14,0,826,ga GAB,"DF,FW",fr Ligue 1,20.0,2003.0,7.7,358,18,99,128,134,7,358,21,4,19.0,13,61.9,135,751,375,13,14,0,9,12,161,24,1019,ga GAB,"DF,FW",fr Ligue 1,20.0,2003.0,18,697,39,22.8,7.7,7,74.0,1,11,16.0,10,0.72,5,10,-5,-0.65,-0.04,4.2,12.5,-8.2,-1.07,826,ga GAB,"DF,FW",fr Ligue 1,20.0,2003.0,7.7,1,0,0,11,21,1,23,4,14,0,0,0,33,11,13,45.8,,,,,,,,,,,,,,,,,,,,,,,,,,,,,,,,,,,,,,,,,,,,,,,,,,,,,,DF,0.0,0.0,0.0,0.0,0.0,0.29041666666666666,0,0.2764039299669345,0,0.37319815,0.19285325706005096
840,Emanuel Emegha,nl NED,FW,Strasbourg,fr Ligue 1,21.0,2003.0,27,27,2293,25.5,14,3,17,14,0,0,5,0,17.0,17.0,2.4,19.4,37,14,104,0.67,0.76,840,nl NED,FW,fr Ligue 1,21.0,2003.0,25.5,14,61,35,57.4,2.39,1.37,0.23,0.4,12.5,0,0,0,17.0,17.0,0.28,-3.0,-3.0,840,nl NED,FW,fr Ligue 1,21.0,2003.0,25.5,273,340,80.3,3373,347,3,2.4,0.7,0.6,18,4,4,0,14,840,nl NED,FW,fr Ligue 1,21.0,2003.0,25.5,340,316,22,0,0,0,0,1,0,0,0,0,273,2,7,840,nl NED,FW,fr Ligue 1,21.0,2003.0,25.5,32,1.26,25,0,3,1,3,0,4,0.16,840,nl NED,FW,fr Ligue 1,21.0,2003.0,25.5,6,6,1,2,3,6,33.3,4,18,5,13,1,7,30,0,840,nl NED,FW,fr Ligue 1,21.0,2003.0,25.5,577,36,86,249,249,99,577,28,7,25.0,20,71.4,341,1850,860,37,20,32,59,30,423,104,1035,nl NED,FW,fr Ligue 1,21.0,2003.0,27,2293,85,74.9,25.5,27,85.0,12,0,,0,2.0,43,23,20,0.78,1.72,39.6,35.6,4.0,0.16,840,nl NED,FW,fr Ligue 1,21.0,2003.0,25.5,5,0,0,36,37,27,0,1,6,0,0,0,60,26,39,40.0,,,,,,,,,,,,,,,,,,,,,,,,,,,,,,,,,,,,,,,,,,,,,,,,,,,,,,FW,0.5494984736153511,0.11774967291757524,0.6672481465329263,0.6672481465329263,0.09419973833406019,1.002398604448321,1,0.6309189678792029,1,0.499216,0.0
843,Julio Enciso,py PAR,"MF,FW",Ipswich Town,eng Premier League,20.0,2004.0,13,12,869,9.7,2,3,5,2,0,0,3,0,1.7,1.7,1.4,3.1,23,28,44,0.52,0.32,843,py PAR,"MF,FW",eng Premier League,20.0,2004.0,9.7,2,32,11,34.4,3.31,1.14,0.06,0.18,23.0,1,0,0,1.7,1.7,0.05,0.3,0.3,843,py PAR,"MF,FW",eng Premier League,20.0,2004.0,9.7,171,248,69.0,2779,819,3,1.4,1.1,1.6,13,18,8,1,28,843,py PAR,"MF,FW",eng Premier League,20.0,2004.0,9.7,248,210,37,8,4,0,21,2,13,11,1,0,171,1,11,843,py PAR,"MF,FW",eng Premier League,20.0,2004.0,9.7,29,3.0,16,4,6,2,0,1,4,0.41,843,py PAR,"MF,FW",eng Premier League,20.0,2004.0,9.7,12,9,3,6,3,11,36.4,7,8,1,7,1,13,6,0,843,py PAR,"MF,FW",eng Premier League,20.0,2004.0,9.7,406,5,52,202,167,23,406,66,30,45.5,28,42.4,205,1537,793,23,25,9,24,30,262,44,1038,py PAR,"MF,FW",eng Premier League,20.0,2004.0,13,869,67,25.4,9.7,12,71.0,2,1,12.0,0,0.46,9,18,-9,-0.93,0.37,9.7,16.4,-6.7,-0.7,843,py PAR,"MF,FW",eng Premier League,20.0,2004.0,9.7,3,0,0,9,21,0,21,1,9,0,1,0,43,8,17,32.0,,,,,,,,,,,,,,,,,,,,,,,,,,,,,,,,,,,,,,,,,,,,,,,,,,,,,,MF,0.20713463751438435,0.3107019562715765,0.5178365937859608,0.1760644418872267,0.14499424626006904,1.0457885500575372,1,0.6046625049090121,1,0.4701235,0.5836251974105835
856,Dario Essugo,pt POR,MF,Las Palmas,es La Liga,19.0,2005.0,27,25,1938,21.5,1,0,1,1,0,0,11,2,0.7,0.7,0.4,1.0,18,76,8,0.05,0.05,856,pt POR,MF,es La Liga,19.0,2005.0,21.5,1,23,4,17.4,1.07,0.19,0.04,0.25,25.5,0,0,0,0.7,0.7,0.03,0.3,0.3,856,pt POR,MF,es La Liga,19.0,2005.0,21.5,812,951,85.4,13995,3936,0,0.4,0.7,-0.4,13,73,8,0,76,856,pt POR,MF,es La Liga,19.0,2005.0,21.5,951,934,15,12,4,10,1,1,0,0,0,0,812,2,7,856,pt POR,MF,es La Liga,19.0,2005.0,21.5,36,1.67,25,0,3,3,3,2,1,0.05,856,pt POR,MF,es La Liga,19.0,2005.0,21.5,59,45,28,26,5,46,60.9,18,28,11,17,42,101,47,7,856,pt POR,MF,es La Liga,19.0,2005.0,21.5,1228,75,362,732,148,10,1228,18,12,66.7,5,27.8,582,2787,1382,18,21,2,35,21,763,8,1055,pt POR,MF,es La Liga,19.0,2005.0,27,1938,72,56.7,21.5,25,74.0,8,2,43.0,1,0.96,17,27,-10,-0.46,0.2,18.1,34.3,-16.2,-0.75,856,pt POR,MF,es La Liga,19.0,2005.0,21.5,11,2,2,37,30,0,1,42,45,0,1,0,118,30,32,48.4,,,,,,,,,,,,,,,,,,,,,,,,,,,,,,,,,,,,,,,,,,,,,,,,,,,,,,MF,0.04643962848297213,0.0,0.04643962848297213,0.032507739938080496,0.018575851393188857,0.49643962848297213,0,0.48790799258319995,0,0.48855412,0.25367802381515503
868,Giovanni Fabbian,it ITA,MF,Bologna,it Serie A,21.0,2003.0,30,9,1023,11.4,3,1,4,3,0,0,2,0,2.3,2.3,1.3,3.7,14,17,43,0.35,0.32,868,it ITA,MF,it Serie A,21.0,2003.0,11.4,3,21,5,23.8,1.85,0.44,0.14,0.6,11.8,0,0,0,2.3,2.3,0.11,0.7,0.7,868,it ITA,MF,it Serie A,21.0,2003.0,11.4,151,210,71.9,2182,369,1,1.3,0.6,-0.3,9,15,5,1,17,868,it ITA,MF,it Serie A,21.0,2003.0,11.4,210,201,7,2,2,1,9,4,0,0,0,0,151,2,9,868,it ITA,MF,it Serie A,21.0,2003.0,11.4,19,1.67,13,0,0,4,1,1,0,0.0,868,it ITA,MF,it Serie A,21.0,2003.0,11.4,10,6,1,3,6,13,53.8,6,7,2,5,2,12,4,0,868,it ITA,MF,it Serie A,21.0,2003.0,11.4,328,5,41,153,142,47,328,16,2,12.5,9,56.3,198,1292,356,14,6,5,30,18,236,43,1068,it ITA,MF,it Serie A,21.0,2003.0,30,1023,34,29.9,11.4,9,64.0,1,21,21.0,8,1.57,16,18,-2,-0.18,-0.63,17.9,10.5,7.4,0.65,868,it ITA,MF,it Serie A,21.0,2003.0,11.4,2,0,0,21,22,1,9,2,6,0,0,0,31,19,35,35.2,,,,,,,,,,,,,,,,,,,,,,,,,,,,,,,,,,,,,,,,,,,,,,,,,,,,,,MF,0.26392961876832843,0.08797653958944282,0.3519061583577713,0.20234604105571846,0.11436950146627566,0.695632697947214,0,0.4820327989592268,0,0.44605213,0.4488101303577423
877,Abdul Fatawu Issahaku,gh GHA,FW,Leicester City,eng Premier League,20.0,2004.0,11,6,579,6.4,0,2,2,0,0,0,0,0,0.4,0.4,1.6,2.0,42,17,60,0.31,0.31,877,gh GHA,FW,eng Premier League,20.0,2004.0,6.4,0,13,5,38.5,2.02,0.78,0.0,0.0,31.2,0,0,0,0.4,0.4,0.03,-0.4,-0.4,877,gh GHA,FW,eng Premier League,20.0,2004.0,6.4,123,197,62.4,2150,601,2,1.6,1.4,0.4,6,7,7,2,17,877,gh GHA,FW,eng Premier League,20.0,2004.0,6.4,197,186,11,1,2,2,30,9,1,0,0,0,123,0,18,877,gh GHA,FW,eng Premier League,20.0,2004.0,6.4,17,2.64,10,0,2,1,4,0,3,0.47,877,gh GHA,FW,eng Premier League,20.0,2004.0,6.4,21,15,13,2,6,19,57.9,8,7,0,7,4,25,12,0,877,gh GHA,FW,eng Premier League,20.0,2004.0,6.4,326,19,73,114,157,26,326,69,29,42.0,28,40.6,217,1869,1055,42,24,15,18,12,216,60,1080,gh GHA,FW,eng Premier League,20.0,2004.0,11,579,53,16.9,6.4,6,86.0,5,5,12.0,0,0.91,7,14,-7,-1.09,0.18,6.8,10.7,-3.9,-0.6,877,gh GHA,FW,eng Premier League,20.0,2004.0,6.4,0,0,0,11,20,2,30,4,15,0,0,0,38,14,13,51.9,,,,,,,,,,,,,,,,,,,,,,,,,,,,,,,,,,,,,,,,,,,,,,,,,,,,,,FW,0.0,0.31088082901554404,0.31088082901554404,0.062176165803108814,0.24870466321243526,0.4717141623488774,0,0.3865784309966178,0,0.45286888,0.0
879,Khalil Fayad,fr FRA,"MF,FW",Montpellier,fr Ligue 1,20.0,2004.0,20,10,1028,11.4,0,0,0,0,0,0,5,0,1.3,1.3,0.3,1.5,25,50,42,0.0,0.13,879,fr FRA,"MF,FW",fr Ligue 1,20.0,2004.0,11.4,0,17,3,17.6,1.49,0.26,0.0,0.0,23.2,1,0,0,1.3,1.3,0.07,-1.3,-1.3,879,fr FRA,"MF,FW",fr Ligue 1,20.0,2004.0,11.4,426,514,82.9,7173,1757,0,0.3,0.6,-0.3,7,35,5,2,50,879,fr FRA,"MF,FW",fr Ligue 1,20.0,2004.0,11.4,514,492,22,12,2,4,20,3,7,4,0,0,426,0,12,879,fr FRA,"MF,FW",fr Ligue 1,20.0,2004.0,11.4,19,1.66,15,1,0,1,2,0,1,0.09,879,fr FRA,"MF,FW",fr Ligue 1,20.0,2004.0,11.4,31,16,12,17,2,28,53.6,13,18,1,17,10,41,15,1,879,fr FRA,"MF,FW",fr Ligue 1,20.0,2004.0,11.4,663,19,129,367,175,17,663,38,17,44.7,20,52.6,340,2150,923,25,15,7,18,13,426,42,1082,fr FRA,"MF,FW",fr Ligue 1,20.0,2004.0,20,1028,51,33.6,11.4,10,76.0,4,10,27.0,1,0.5,7,29,-22,-1.93,-0.42,9.8,23.9,-14.0,-1.23,879,fr FRA,"MF,FW",fr Ligue 1,20.0,2004.0,11.4,5,0,0,21,27,1,20,10,16,0,0,1,74,9,6,60.0,,,,,,,,,,,,,,,,,,,,,,,,,,,,,,,,,,,,,,,,,,,,,,,,,,,,,,MF,0.0,0.0,0.0,0.11381322957198445,0.026264591439688716,0.257,0,0.34396777168567993,0,0.40956992,0.30145829916000366
880,Jacopo Fazzini,it ITA,MF,Empoli,it Serie A,21.0,2003.0,20,16,1383,15.4,4,1,5,4,0,0,1,1,3.1,3.1,0.5,3.6,34,49,88,0.33,0.23,880,it ITA,MF,it Serie A,21.0,2003.0,15.4,4,27,9,33.3,1.76,0.59,0.15,0.44,17.2,2,0,0,3.1,3.1,0.11,0.9,0.9,880,it ITA,MF,it Serie A,21.0,2003.0,15.4,305,426,71.6,4559,1281,1,0.5,0.7,0.5,12,27,10,0,49,880,it ITA,MF,it Serie A,21.0,2003.0,15.4,426,391,31,9,4,0,32,1,14,3,3,0,305,4,19,880,it ITA,MF,it Serie A,21.0,2003.0,15.4,49,3.19,34,2,3,3,7,0,7,0.46,880,it ITA,MF,it Serie A,21.0,2003.0,15.4,32,19,11,16,5,23,56.5,10,13,1,12,6,38,24,0,880,it ITA,MF,it Serie A,21.0,2003.0,15.4,639,14,93,298,260,43,639,48,23,47.9,19,39.6,364,2344,1117,34,25,15,39,33,426,88,1083,it ITA,MF,it Serie A,21.0,2003.0,20,1383,69,40.4,15.4,16,80.0,6,4,25.0,2,0.75,17,24,-7,-0.46,0.38,13.0,19.6,-6.5,-0.43,880,it ITA,MF,it Serie A,21.0,2003.0,15.4,1,1,0,23,32,4,32,6,19,0,0,0,70,19,24,44.2,,,,,,,,,,,,,,,,,,,,,,,,,,,,,,,,,,,,,,,,,,,,,,,,,,,,,,MF,0.2603036876355748,0.0650759219088937,0.32537960954446854,0.2017353579175705,0.03253796095444685,0.7362055314533622,1,0.5948267012438188,1,0.537067,0.6360347867012024
894,Mateus Fernandes,pt POR,MF,Southampton,eng Premier League,20.0,2004.0,36,34,2909,32.3,2,4,6,2,0,0,8,0,4.0,4.0,3.0,7.0,76,145,108,0.19,0.22,894,pt POR,MF,eng Premier League,20.0,2004.0,32.3,2,42,14,33.3,1.3,0.43,0.05,0.14,18.7,4,0,0,4.0,4.0,0.1,-2.0,-2.0,894,pt POR,MF,eng Premier League,20.0,2004.0,32.3,1087,1361,79.9,18406,4369,4,3.0,3.6,1.0,34,98,27,6,145,894,pt POR,MF,eng Premier League,20.0,2004.0,32.3,1361,1184,175,61,9,10,113,10,54,39,14,0,1087,2,36,894,pt POR,MF,eng Premier League,20.0,2004.0,32.3,78,2.41,44,14,6,6,6,2,7,0.22,894,pt POR,MF,eng Premier League,20.0,2004.0,32.3,89,48,45,28,16,72,45.8,39,43,8,35,28,117,35,7,894,pt POR,MF,eng Premier League,20.0,2004.0,32.3,1760,72,385,867,547,49,1760,109,49,45.0,49,45.0,897,5736,3143,76,70,9,58,36,1077,108,1100,pt POR,MF,eng Premier League,20.0,2004.0,36,2909,81,85.1,32.3,34,84.0,19,2,30.0,0,0.33,25,66,-41,-1.27,2.08,27.4,69.2,-41.7,-1.29,894,pt POR,MF,eng Premier League,20.0,2004.0,32.3,8,0,0,46,55,4,113,28,48,0,0,0,179,15,9,62.5,,,,,,,,,,,,,,,,,,,,,,,,,,,,,,,,,,,,,,,,,,,,,,,,,,,,,,MF,0.061876933654176694,0.12375386730835339,0.1856308009625301,0.12375386730835339,0.09281540048126503,0.7593846682708836,1,0.9247654291209056,1,0.6822205,0.7743173241615295
901,Matias Fernandez-Pardo,be BEL,"FW,MF",Lille,fr Ligue 1,19.0,2005.0,22,12,1065,11.8,4,2,6,4,0,0,4,0,2.9,2.9,2.8,5.7,46,26,85,0.51,0.48,901,be BEL,"FW,MF",fr Ligue 1,19.0,2005.0,11.8,4,23,12,52.2,1.94,1.01,0.17,0.33,17.8,0,0,0,2.9,2.9,0.12,1.1,1.1,901,be BEL,"FW,MF",fr Ligue 1,19.0,2005.0,11.8,224,307,73.0,3456,733,2,2.8,1.9,-0.8,16,10,11,0,26,901,be BEL,"FW,MF",fr Ligue 1,19.0,2005.0,11.8,307,286,20,2,1,2,30,1,17,10,3,0,224,1,13,901,be BEL,"FW,MF",fr Ligue 1,19.0,2005.0,11.8,30,2.54,17,7,2,1,1,2,6,0.51,901,be BEL,"FW,MF",fr Ligue 1,19.0,2005.0,11.8,12,9,3,6,3,12,50.0,6,9,0,9,3,15,6,0,901,be BEL,"FW,MF",fr Ligue 1,19.0,2005.0,11.8,429,7,38,137,267,51,429,50,20,40.0,26,52.0,285,2428,1270,46,30,26,23,13,311,85,1113,be BEL,"FW,MF",fr Ligue 1,19.0,2005.0,22,1065,48,34.8,11.8,12,71.0,2,10,21.0,3,1.82,19,12,7,0.59,0.19,17.9,11.5,6.4,0.54,901,be BEL,"FW,MF",fr Ligue 1,19.0,2005.0,11.8,4,0,0,18,21,3,30,3,9,1,0,0,35,0,11,0.0,,,,,,,,,,,,,,,,,,,,,,,,,,,,,,,,,,,,,,,,,,,,,,,,,,,,,,MF,0.3380281690140845,0.16901408450704225,0.5070422535211268,0.24507042253521125,0.23661971830985915,0.942306338028169,1,0.5257187445172723,1,0.47425428,0.5380475521087646
904,Daniel Fila,cz CZE,FW,Venezia,it Serie A,21.0,2002.0,10,6,492,5.5,2,0,2,2,0,0,3,1,1.4,1.4,0.3,1.8,5,8,30,0.37,0.32,904,cz CZE,FW,it Serie A,21.0,2002.0,5.5,2,8,5,62.5,1.46,0.91,0.25,0.4,13.4,0,0,0,1.4,1.4,0.18,0.6,0.6,904,cz CZE,FW,it Serie A,21.0,2002.0,5.5,70,90,77.8,884,140,0,0.3,0.4,-0.3,6,4,3,0,8,904,cz CZE,FW,it Serie A,21.0,2002.0,5.5,90,80,10,0,0,0,0,0,0,0,0,0,70,0,2,904,cz CZE,FW,it Serie A,21.0,2002.0,5.5,15,2.74,9,0,2,1,3,0,0,0.0,904,cz CZE,FW,it Serie A,21.0,2002.0,5.5,2,0,0,1,1,2,0.0,2,6,0,6,0,2,5,0,904,cz CZE,FW,it Serie A,21.0,2002.0,5.5,147,5,12,68,68,19,147,4,2,50.0,1,25.0,82,372,121,5,6,1,16,14,102,30,1117,cz CZE,FW,it Serie A,21.0,2002.0,10,492,49,14.4,5.5,6,68.0,0,4,22.0,4,0.7,3,6,-3,-0.55,0.1,5.1,8.0,-2.9,-0.53,904,cz CZE,FW,it Serie A,21.0,2002.0,5.5,3,1,1,13,7,3,0,0,0,0,0,0,9,7,20,25.9,,,,,,,,,,,,,,,,,,,,,,,,,,,,,,,,,,,,,,,,,,,,,,,,,,,,,,FW,0.3658536585365854,0.0,0.3658536585365854,0.25609756097560976,0.054878048780487805,0.3927642276422764,0,0.39286476864213477,0,0.37049577,0.0
911,Malick Fofana,be BEL,FW,Lyon,fr Ligue 1,19.0,2005.0,29,16,1589,17.7,5,4,9,5,0,0,2,0,3.8,3.8,3.7,7.6,112,45,205,0.51,0.43,911,be BEL,FW,fr Ligue 1,19.0,2005.0,17.7,5,31,15,48.4,1.76,0.85,0.16,0.33,15.0,0,0,0,3.8,3.8,0.12,1.2,1.2,911,be BEL,FW,fr Ligue 1,19.0,2005.0,17.7,494,638,77.4,6737,1373,4,3.7,4.4,0.3,25,20,32,13,45,911,be BEL,FW,fr Ligue 1,19.0,2005.0,17.7,638,623,14,1,1,0,70,13,0,0,0,0,494,1,32,911,be BEL,FW,fr Ligue 1,19.0,2005.0,17.7,55,3.12,41,0,6,3,5,0,11,0.62,911,be BEL,FW,fr Ligue 1,19.0,2005.0,17.7,22,11,8,11,3,17,47.1,9,12,0,12,8,30,6,0,911,be BEL,FW,fr Ligue 1,19.0,2005.0,17.7,828,7,79,284,487,95,828,59,24,40.7,31,52.5,587,4362,2643,112,57,39,36,18,645,205,1128,be BEL,FW,fr Ligue 1,19.0,2005.0,29,1589,55,51.9,17.7,16,82.0,6,13,21.0,0,1.72,36,19,17,0.96,0.84,32.5,21.1,11.4,0.65,911,be BEL,FW,fr Ligue 1,19.0,2005.0,17.7,2,0,0,13,36,10,70,8,11,1,0,0,63,2,12,14.3,,,,,,,,,,,,,,,,,,,,,,,,,,,,,,,,,,,,,,,,,,,,,,,,,,,,,,FW,0.28319697923222154,0.22655758338577722,0.5097545626179988,0.21522970421648835,0.20956576463184393,0.8661843577372212,1,0.6847381597341318,1,0.52636594,0.0
925,Héctor Fort,es ESP,DF,Barcelona,es La Liga,17.0,2006.0,17,5,585,6.5,0,0,0,0,0,0,2,0,0.2,0.2,0.9,1.1,14,26,33,0.0,0.17,925,es ESP,DF,es La Liga,17.0,2006.0,6.5,0,6,0,0.0,0.92,0.0,0.0,,19.8,0,0,0,0.2,0.2,0.04,-0.2,-0.2,925,es ESP,DF,es La Liga,17.0,2006.0,6.5,448,497,90.1,6222,1464,0,0.9,1.3,-0.9,10,27,3,0,26,925,es ESP,DF,es La Liga,17.0,2006.0,6.5,497,440,56,4,0,2,12,52,0,0,0,0,448,1,12,925,es ESP,DF,es La Liga,17.0,2006.0,6.5,16,2.46,15,1,0,0,0,0,1,0.15,925,es ESP,DF,es La Liga,17.0,2006.0,6.5,13,8,6,4,3,16,62.5,6,12,0,12,6,19,16,0,925,es ESP,DF,es La Liga,17.0,2006.0,6.5,573,18,111,300,166,17,573,9,2,22.2,7,77.8,308,1255,679,14,15,2,4,4,397,33,1143,es ESP,DF,es La Liga,17.0,2006.0,17,585,34,17.1,6.5,5,75.0,1,12,18.0,19,2.24,17,9,8,1.23,-0.52,16.6,8.1,8.5,1.31,925,es ESP,DF,es La Liga,17.0,2006.0,6.5,2,0,0,8,1,0,12,6,8,0,0,0,32,3,7,30.0,,,,,,,,,,,,,,,,,,,,,,,,,,,,,,,,,,,,,,,,,,,,,,,,,,,,,,DF,0.0,0.0,0.0,0.03076923076923077,0.13846153846153847,0.24375000000000002,0,0.13865217228456694,0,0.33733794,0.20585468411445618
930,Alejandro Francés,es ESP,DF,Girona,es La Liga,21.0,2002.0,18,13,1173,13.0,0,0,0,0,0,0,2,0,0.2,0.2,0.3,0.6,18,63,21,0.0,0.04,930,es ESP,DF,es La Liga,21.0,2002.0,13.0,0,6,0,0.0,0.46,0.0,0.0,,20.7,0,0,0,0.2,0.2,0.03,-0.2,-0.2,930,es ESP,DF,es La Liga,21.0,2002.0,13.0,685,813,84.3,12756,3792,0,0.3,0.5,-0.3,4,69,6,3,63,930,es ESP,DF,es La Liga,21.0,2002.0,13.0,813,695,116,20,1,10,25,96,0,0,0,0,685,2,21,930,es ESP,DF,es La Liga,21.0,2002.0,13.0,16,1.23,15,0,0,1,0,0,1,0.08,930,es ESP,DF,es La Liga,21.0,2002.0,13.0,36,24,22,13,1,40,70.0,12,17,8,9,17,53,52,0,930,es ESP,DF,es La Liga,21.0,2002.0,13.0,969,66,343,503,130,7,969,14,7,50.0,6,42.9,496,2628,1469,18,9,1,8,1,632,21,1151,es ESP,DF,es La Liga,21.0,2002.0,18,1173,65,34.3,13.0,13,80.0,7,5,26.0,18,0.89,13,26,-13,-1.0,-0.88,14.0,19.3,-5.4,-0.41,930,es ESP,DF,es La Liga,21.0,2002.0,13.0,2,0,0,20,14,1,25,17,24,0,0,0,37,6,13,31.6,,,,,,,,,,,,,,,,,,,,,,,,,,,,,,,,,,,,,,,,,,,,,,,,,,,,,,DF,0.0,0.0,0.0,0.01534526854219949,0.02301790281329923,0.48874999999999996,0,0.32365584620229404,0,0.366902,0.40625545382499695
978,Alejandro Garnacho,ar ARG,"MF,FW",Manchester Utd,eng Premier League,20.0,2004.0,36,23,2199,24.4,6,2,8,6,0,0,3,0,7.3,7.3,4.5,11.8,141,56,290,0.33,0.48,978,ar ARG,"MF,FW",eng Premier League,20.0,2004.0,24.4,6,84,29,34.5,3.44,1.19,0.07,0.21,17.0,0,0,0,7.3,7.3,0.09,-1.3,-1.3,978,ar ARG,"MF,FW",eng Premier League,20.0,2004.0,24.4,649,823,78.9,9138,1181,2,4.5,2.8,-2.5,37,22,25,5,56,978,ar ARG,"MF,FW",eng Premier League,20.0,2004.0,24.4,823,798,24,3,2,9,56,16,2,1,0,0,649,1,54,978,ar ARG,"MF,FW",eng Premier League,20.0,2004.0,24.4,83,3.4,64,1,3,9,6,0,6,0.25,978,ar ARG,"MF,FW",eng Premier League,20.0,2004.0,24.4,30,18,11,6,13,37,32.4,25,19,0,19,13,43,11,2,978,ar ARG,"MF,FW",eng Premier League,20.0,2004.0,24.4,1159,13,130,364,683,176,1159,89,26,29.2,55,61.8,840,6365,3245,141,72,67,64,48,888,290,1210,ar ARG,"MF,FW",eng Premier League,20.0,2004.0,36,2199,61,64.3,24.4,23,81.0,14,13,26.0,0,1.0,26,36,-10,-0.41,-0.41,35.6,35.0,0.5,0.02,978,ar ARG,"MF,FW",eng Premier League,20.0,2004.0,24.4,3,0,0,12,43,10,56,13,18,0,0,0,108,3,24,11.1,,,,,,,,,,,,,,,,,,,,,,,,,,,,,,,,,,,,,,,,,,,,,,,,,,,,,,MF,0.24556616643929058,0.08185538881309685,0.3274215552523874,0.2987721691678035,0.18417462482946792,0.8592769440654843,1,0.8481840840067717,1,0.67363805,0.7763925194740295
980,Yarek Gasiorowski,es ESP,DF,Valencia,es La Liga,19.0,2005.0,15,9,947,10.5,0,0,0,0,0,0,1,0,1.1,1.1,0.1,1.2,9,38,0,0.0,0.12,980,es ESP,DF,es La Liga,19.0,2005.0,10.5,0,3,0,0.0,0.29,0.0,0.0,,7.6,0,0,0,1.1,1.1,0.38,-1.1,-1.1,980,es ESP,DF,es La Liga,19.0,2005.0,10.5,387,482,80.3,7508,2627,0,0.1,0.3,-0.1,3,43,3,1,38,980,es ESP,DF,es La Liga,19.0,2005.0,10.5,482,448,34,17,1,1,3,16,0,0,0,0,387,0,7,980,es ESP,DF,es La Liga,19.0,2005.0,10.5,7,0.67,5,1,0,0,1,0,0,0.0,980,es ESP,DF,es La Liga,19.0,2005.0,10.5,19,16,16,3,0,13,69.2,4,17,6,11,26,45,60,0,980,es ESP,DF,es La Liga,19.0,2005.0,10.5,620,73,295,309,22,6,620,0,0,,0,,276,1329,736,9,2,0,1,0,337,0,1212,es ESP,DF,es La Liga,19.0,2005.0,15,947,63,27.7,10.5,9,88.0,5,6,26.0,23,0.93,11,22,-11,-1.05,-1.08,12.8,19.2,-6.4,-0.61,980,es ESP,DF,es La Liga,19.0,2005.0,10.5,1,0,0,5,2,0,3,26,16,0,0,0,40,24,13,64.9,,,,,,,,,,,,,,,,,,,,,,,,,,,,,,,,,,,,,,,,,,,,,,,,,,,,,,DF,0.0,0.0,0.0,0.10454065469904963,0.009503695881731786,0.3945833333333333,0,0.12928663483082134,0,0.33711708,0.17647597193717957
982,Gavi,es ESP,"MF,FW",Barcelona,es La Liga,19.0,2004.0,26,14,1085,12.1,1,1,2,1,0,0,4,0,0.9,0.9,1.6,2.4,13,77,42,0.17,0.2,982,es ESP,"MF,FW",es La Liga,19.0,2004.0,12.1,1,11,1,9.1,0.91,0.08,0.09,1.0,15.3,0,0,0,0.9,0.9,0.08,0.1,0.1,982,es ESP,"MF,FW",es La Liga,19.0,2004.0,12.1,733,814,90.0,10848,2687,1,1.6,1.5,-0.6,14,92,11,1,77,982,es ESP,"MF,FW",es La Liga,19.0,2004.0,12.1,814,792,21,13,1,5,9,5,1,0,0,0,733,1,7,982,es ESP,"MF,FW",es La Liga,19.0,2004.0,12.1,39,3.24,37,0,1,1,0,0,4,0.33,982,es ESP,"MF,FW",es La Liga,19.0,2004.0,12.1,30,21,10,15,5,26,57.7,11,14,1,13,10,40,7,0,982,es ESP,"MF,FW",es La Liga,19.0,2004.0,12.1,943,10,107,601,240,34,943,18,9,50.0,5,27.8,557,2274,1128,13,16,1,19,9,712,42,1217,es ESP,"MF,FW",es La Liga,19.0,2004.0,26,1085,42,31.7,12.1,14,69.0,4,12,10.0,3,2.12,26,12,14,1.16,-0.73,29.1,10.9,18.1,1.5,982,es ESP,"MF,FW",es La Liga,19.0,2004.0,12.1,4,0,0,38,26,1,9,10,21,0,0,0,61,21,26,44.7,,,,,,,,,,,,,,,,,,,,,,,,,,,,,,,,,,,,,,,,,,,,,,,,,,,,,,MF,0.08294930875576037,0.08294930875576037,0.16589861751152074,0.07465437788018434,0.1327188940092166,0.5200979262672811,0,0.3370054378117202,0,0.3784218,0.2644180357456207
997,Daniele Ghilardi,it ITA,DF,Hellas Verona,it Serie A,21.0,2003.0,24,21,2029,22.5,0,0,0,0,0,0,7,1,0.6,0.6,0.2,0.8,16,57,7,0.0,0.04,997,it ITA,DF,it Serie A,21.0,2003.0,22.5,0,12,4,33.3,0.53,0.18,0.0,0.0,13.4,0,0,0,0.6,0.6,0.05,-0.6,-0.6,997,it ITA,DF,it Serie A,21.0,2003.0,22.5,633,807,78.4,12335,4429,0,0.2,0.4,-0.2,6,59,3,3,57,997,it ITA,DF,it Serie A,21.0,2003.0,22.5,807,756,48,19,1,10,10,28,0,0,0,0,633,3,10,997,it ITA,DF,it Serie A,21.0,2003.0,22.5,16,0.71,11,0,0,0,4,1,1,0.04,997,it ITA,DF,it Serie A,21.0,2003.0,22.5,44,29,27,17,0,41,61.0,16,29,15,14,30,74,106,0,997,it ITA,DF,it Serie A,21.0,2003.0,22.5,1070,118,479,529,67,18,1070,9,2,22.2,2,22.2,529,2685,1318,16,16,1,9,2,606,7,1233,it ITA,DF,it Serie A,21.0,2003.0,24,2029,85,59.3,22.5,21,90.0,19,3,49.0,11,1.04,18,34,-16,-0.71,0.33,21.6,26.2,-4.6,-0.2,997,it ITA,DF,it Serie A,21.0,2003.0,22.5,7,1,0,33,29,0,10,30,29,0,0,0,55,41,41,50.0,,,,,,,,,,,,,,,,,,,,,,,,,,,,,,,,,,,,,,,,,,,,,,,,,,,,,,DF,0.0,0.0,0.0,0.02661409561360276,0.008871365204534253,0.75,1,0.5004433830836826,1,0.45221537,0.6806327700614929
1009,Gvidas Gineitis,lt LTU,MF,Torino,it Serie A,20.0,2004.0,30,15,1430,15.9,3,1,4,3,0,0,5,0,1.3,1.3,2.0,3.3,15,36,43,0.25,0.21,1009,lt LTU,MF,it Serie A,20.0,2004.0,15.9,3,29,8,27.6,1.83,0.5,0.1,0.38,25.5,2,0,0,1.3,1.3,0.04,1.7,1.7,1009,lt LTU,MF,it Serie A,20.0,2004.0,15.9,399,534,74.7,6511,1895,1,2.0,2.2,-1.0,21,38,7,2,36,1009,lt LTU,MF,it Serie A,20.0,2004.0,15.9,534,487,42,12,2,0,51,5,25,14,9,0,399,5,26,1009,lt LTU,MF,it Serie A,20.0,2004.0,15.9,39,2.45,26,6,0,4,2,1,2,0.13,1009,lt LTU,MF,it Serie A,20.0,2004.0,15.9,25,15,8,10,7,25,52.0,12,16,6,10,18,43,32,0,1009,lt LTU,MF,it Serie A,20.0,2004.0,15.9,715,36,145,327,250,24,715,17,8,47.1,6,35.3,388,1722,826,15,10,4,25,10,427,43,1248,lt LTU,MF,it Serie A,20.0,2004.0,30,1430,48,41.8,15.9,15,69.0,5,15,27.0,2,1.17,13,20,-7,-0.44,-0.49,14.4,19.0,-4.6,-0.29,1009,lt LTU,MF,it Serie A,20.0,2004.0,15.9,5,0,0,23,23,2,51,18,15,0,0,0,57,14,18,43.8,,,,,,,,,,,,,,,,,,,,,,,,,,,,,,,,,,,,,,,,,,,,,,,,,,,,,,MF,0.1888111888111888,0.06293706293706294,0.2517482517482518,0.08181818181818182,0.1258741258741259,0.6721853146853147,0,0.35373136249775444,0,0.37251982,0.3013994097709656
1011,Jamie Gittens,eng ENG,"FW,MF",Dortmund,de Bundesliga,19.0,2004.0,32,21,1776,19.7,8,3,11,8,0,0,4,0,3.6,3.6,2.5,6.1,113,42,180,0.56,0.31,1011,eng ENG,"FW,MF",de Bundesliga,19.0,2004.0,19.7,8,52,24,46.2,2.64,1.22,0.15,0.33,17.1,0,0,0,3.6,3.6,0.07,4.4,4.4,1011,eng ENG,"FW,MF",de Bundesliga,19.0,2004.0,19.7,427,558,76.5,5844,1011,3,2.5,4.1,0.5,21,17,24,4,42,1011,eng ENG,"FW,MF",de Bundesliga,19.0,2004.0,19.7,558,548,8,1,4,3,49,5,2,0,0,0,427,2,22,1011,eng ENG,"FW,MF",de Bundesliga,19.0,2004.0,19.7,73,3.7,34,0,29,7,3,0,10,0.51,1011,eng ENG,"FW,MF",de Bundesliga,19.0,2004.0,19.7,31,19,12,12,7,18,77.8,4,16,0,16,10,41,4,0,1011,eng ENG,"FW,MF",de Bundesliga,19.0,2004.0,19.7,873,8,85,293,520,110,873,171,77,45.0,72,42.1,627,5171,2826,113,56,63,49,35,653,180,1252,eng ENG,"FW,MF",de Bundesliga,19.0,2004.0,32,1776,56,58.0,19.7,21,74.0,4,11,20.0,2,1.66,35,34,1,0.05,-1.28,32.7,24.0,8.8,0.44,1011,eng ENG,"FW,MF",de Bundesliga,19.0,2004.0,19.7,4,0,0,25,44,3,49,10,19,1,0,0,63,5,7,41.7,,,,,,,,,,,,,,,,,,,,,,,,,,,,,,,,,,,,,,,,,,,,,,,,,,,,,,MF,0.40540540540540543,0.15202702702702703,0.5574324324324325,0.18243243243243246,0.12668918918918917,1.1534594594594594,1,0.7552942643051154,1,0.5354679,0.7692275643348694
1016,Saba Goglichidze,ge GEO,DF,Empoli,it Serie A,20.0,2004.0,33,29,2539,28.2,0,1,1,0,0,0,3,1,0.3,0.3,0.3,0.6,12,45,9,0.04,0.02,1016,ge GEO,DF,it Serie A,20.0,2004.0,28.2,0,6,0,0.0,0.21,0.0,0.0,,17.7,0,0,0,0.3,0.3,0.05,-0.3,-0.3,1016,ge GEO,DF,it Serie A,20.0,2004.0,28.2,724,929,77.9,14820,5046,1,0.3,0.2,0.7,3,48,1,1,45,1016,ge GEO,DF,it Serie A,20.0,2004.0,28.2,929,858,69,61,0,7,5,6,0,0,0,0,724,2,13,1016,ge GEO,DF,it Serie A,20.0,2004.0,28.2,13,0.46,11,0,0,0,0,2,2,0.07,1016,ge GEO,DF,it Serie A,20.0,2004.0,28.2,64,37,36,25,3,51,49.0,26,36,17,19,33,97,97,3,1016,ge GEO,DF,it Serie A,20.0,2004.0,28.2,1200,108,607,550,59,13,1200,10,4,40.0,4,40.0,564,2689,1198,12,13,2,19,5,663,9,1259,ge GEO,DF,it Serie A,20.0,2004.0,33,2539,77,74.2,28.2,29,82.0,17,4,41.0,4,0.64,25,49,-24,-0.85,-0.65,23.7,38.7,-15.0,-0.53,1016,ge GEO,DF,it Serie A,20.0,2004.0,28.2,3,1,0,26,34,1,5,33,37,0,0,0,108,28,54,34.1,,,,,,,,,,,,,,,,,,,,,,,,,,,,,,,,,,,,,,,,,,,,,,,,,,,,,,DF,0.0,0.035447026388341865,0.035447026388341865,0.01063410791650256,0.01063410791650256,0.8090783773139031,1,0.5803383637581057,1,0.51651317,0.7509692907333374
1024,Rodrigo Gomes,pt POR,"DF,FW",Wolves,eng Premier League,21.0,2003.0,25,7,810,9.0,2,0,2,2,0,0,0,0,0.7,0.7,0.9,1.6,23,27,81,0.22,0.18,1024,pt POR,"DF,FW",eng Premier League,21.0,2003.0,9.0,2,7,3,42.9,0.78,0.33,0.29,0.67,16.8,0,0,0,0.7,0.7,0.1,1.3,1.3,1024,pt POR,"DF,FW",eng Premier League,21.0,2003.0,9.0,212,309,68.6,3052,1023,0,0.9,0.7,-0.9,12,12,14,4,27,1024,pt POR,"DF,FW",eng Premier League,21.0,2003.0,9.0,309,267,41,1,1,0,23,39,1,0,1,0,212,1,10,1024,pt POR,"DF,FW",eng Premier League,21.0,2003.0,9.0,22,2.45,18,1,2,1,0,0,1,0.11,1024,pt POR,"DF,FW",eng Premier League,21.0,2003.0,9.0,23,15,14,9,0,21,57.1,9,8,1,7,7,30,20,1,1024,pt POR,"DF,FW",eng Premier League,21.0,2003.0,9.0,417,24,101,141,182,29,417,15,5,33.3,7,46.7,217,1388,805,23,18,7,21,9,246,81,1268,pt POR,"DF,FW",eng Premier League,21.0,2003.0,25,810,32,23.7,9.0,7,76.0,1,18,16.0,9,1.2,18,20,-2,-0.22,0.23,10.6,16.1,-5.5,-0.61,1024,pt POR,"DF,FW",eng Premier League,21.0,2003.0,9.0,0,0,0,4,6,0,23,7,15,0,0,0,28,8,17,32.0,,,,,,,,,,,,,,,,,,,,,,,,,,,,,,,,,,,,,,,,,,,,,,,,,,,,,,DF,0.2222222222222222,0.0,0.2222222222222222,0.07777777777777778,0.1,0.7078703703703704,1,0.3754872650631487,0,0.39620757,0.46998879313468933
1028,Diego Gómez,py PAR,MF,Brighton,eng Premier League,21.0,2003.0,16,4,516,5.7,1,0,1,1,0,0,0,0,0.9,0.9,0.7,1.6,8,27,23,0.17,0.28,1028,py PAR,MF,eng Premier League,21.0,2003.0,5.7,1,9,3,33.3,1.57,0.52,0.11,0.33,19.6,2,0,0,0.9,0.9,0.09,0.1,0.1,1028,py PAR,MF,eng Premier League,21.0,2003.0,5.7,243,302,80.5,3715,931,0,0.7,1.2,-0.7,8,14,7,1,27,1028,py PAR,MF,eng Premier League,21.0,2003.0,5.7,302,283,19,2,4,2,12,1,6,2,3,0,243,0,9,1028,py PAR,MF,eng Premier League,21.0,2003.0,5.7,19,3.32,14,3,0,1,1,0,4,0.7,1028,py PAR,MF,eng Premier League,21.0,2003.0,5.7,21,13,11,8,2,22,54.5,10,13,0,13,8,29,10,1,1028,py PAR,MF,eng Premier League,21.0,2003.0,5.7,403,21,87,212,109,10,403,12,6,50.0,6,50.0,193,746,365,8,4,0,10,9,247,23,1272,py PAR,MF,eng Premier League,21.0,2003.0,16,516,32,15.1,5.7,4,72.0,0,12,19.0,1,1.88,16,13,3,0.52,0.4,14.0,9.1,4.9,0.86,1028,py PAR,MF,eng Premier League,21.0,2003.0,5.7,0,0,0,8,3,1,12,8,13,1,0,0,32,10,4,71.4,,,,,,,,,,,,,,,,,,,,,,,,,,,,,,,,,,,,,,,,,,,,,,,,,,,,,,MF,0.1744186046511628,0.0,0.1744186046511628,0.1569767441860465,0.12209302325581395,0.30341860465116277,0,0.18894985730565445,0,0.333477,0.2619336247444153
1033,Unai Gómez,es ESP,"MF,FW",Athletic Club,es La Liga,21.0,2003.0,32,14,1284,14.3,1,3,4,1,0,0,1,0,1.9,1.9,0.8,2.7,19,23,49,0.28,0.19,1033,es ESP,"MF,FW",es La Liga,21.0,2003.0,14.3,1,19,4,21.1,1.33,0.28,0.05,0.25,17.5,1,0,0,1.9,1.9,0.1,-0.9,-0.9,1033,es ESP,"MF,FW",es La Liga,21.0,2003.0,14.3,223,305,73.1,3424,683,3,0.8,0.9,2.2,10,20,1,0,23,1033,es ESP,"MF,FW",es La Liga,21.0,2003.0,14.3,305,278,26,3,2,0,23,1,12,11,0,0,223,1,6,1033,es ESP,"MF,FW",es La Liga,21.0,2003.0,14.3,23,1.61,15,4,1,2,1,0,3,0.21,1033,es ESP,"MF,FW",es La Liga,21.0,2003.0,14.3,12,8,3,7,2,7,57.1,3,13,1,12,2,14,15,1,1033,es ESP,"MF,FW",es La Liga,21.0,2003.0,14.3,439,20,63,215,168,21,439,29,12,41.4,12,41.4,235,1270,617,19,17,3,23,21,271,49,1278,es ESP,"MF,FW",es La Liga,21.0,2003.0,32,1284,40,37.5,14.3,14,61.0,0,18,24.0,4,1.75,13,12,1,0.07,-0.94,17.6,17.6,0.0,0.0,1033,es ESP,"MF,FW",es La Liga,21.0,2003.0,14.3,1,0,0,12,18,0,23,2,8,0,0,0,42,29,31,48.3,,,,,,,,,,,,,,,,,,,,,,,,,,,,,,,,,,,,,,,,,,,,,,,,,,,,,,MF,0.07009345794392523,0.2102803738317757,0.2803738317757009,0.13317757009345796,0.056074766355140186,0.8116542056074767,1,0.4881071048479164,0,0.4457403,0.4150133430957794
1058,Archie Gray,eng ENG,"DF,MF",Tottenham,eng Premier League,18.0,2006.0,28,19,1751,19.5,0,0,0,0,0,0,1,0,0.0,0.0,0.1,0.2,7,40,17,0.0,0.01,1058,eng ENG,"DF,MF",eng Premier League,18.0,2006.0,19.5,0,1,1,100.0,0.05,0.05,0.0,0.0,24.6,0,0,0,0.0,0.0,0.02,0.0,0.0,1058,eng ENG,"DF,MF",eng Premier League,18.0,2006.0,19.5,1001,1145,87.4,17440,5370,0,0.1,0.2,-0.1,3,43,0,0,40,1058,eng ENG,"DF,MF",eng Premier League,18.0,2006.0,19.5,1145,1053,88,30,1,3,17,45,4,0,4,0,1001,4,18,1058,eng ENG,"DF,MF",eng Premier League,18.0,2006.0,19.5,6,0.31,5,1,0,0,0,0,0,0.0,1058,eng ENG,"DF,MF",eng Premier League,18.0,2006.0,19.5,16,8,4,8,4,17,41.2,10,22,11,11,19,35,50,2,1058,eng ENG,"DF,MF",eng Premier League,18.0,2006.0,19.5,1286,150,609,582,106,3,1286,13,7,53.8,5,38.5,878,4023,1678,7,5,0,12,11,941,17,1313,eng ENG,"DF,MF",eng Premier League,18.0,2006.0,28,1751,63,51.2,19.5,19,88.0,17,9,10.0,10,1.11,30,41,-11,-0.57,-1.1,25.2,38.2,-12.9,-0.66,1058,eng ENG,"DF,MF",eng Premier League,18.0,2006.0,19.5,1,0,0,17,11,0,17,19,8,0,0,1,69,11,11,50.0,,,,,,,,,,,,,,,,,,,,,,,,,,,,,,,,,,,,,,,,,,,,,,,,,,,,,,DF,0.0,0.0,0.0,0.0,0.005139920045688178,0.7295833333333333,1,0.6088271771363428,1,0.51589936,0.5742191672325134
1070,Brajan Gruda,de GER,"MF,FW",Brighton,eng Premier League,20.0,2004.0,21,8,687,7.6,1,4,5,1,0,0,0,0,1.2,1.2,2.1,3.3,22,26,57,0.66,0.43,1070,de GER,"MF,FW",eng Premier League,20.0,2004.0,7.6,1,11,5,45.5,1.44,0.66,0.09,0.2,16.9,2,0,0,1.2,1.2,0.11,-0.2,-0.2,1070,de GER,"MF,FW",eng Premier League,20.0,2004.0,7.6,187,251,74.5,2759,970,4,2.1,1.9,1.9,23,12,12,1,26,1070,de GER,"MF,FW",eng Premier League,20.0,2004.0,7.6,251,211,40,7,2,2,29,10,17,8,7,1,187,0,3,1070,de GER,"MF,FW",eng Premier League,20.0,2004.0,7.6,39,5.1,29,6,3,0,1,0,6,0.78,1070,de GER,"MF,FW",eng Premier League,20.0,2004.0,7.6,16,8,6,6,4,14,50.0,7,8,0,8,2,18,5,1,1070,de GER,"MF,FW",eng Premier League,20.0,2004.0,7.6,344,4,38,120,192,46,344,30,13,43.3,12,40.0,202,1447,662,22,19,13,14,21,222,57,1325,de GER,"MF,FW",eng Premier League,20.0,2004.0,21,687,33,20.1,7.6,8,64.0,0,13,14.0,7,1.38,14,15,-1,-0.13,-0.39,10.8,12.8,-2.1,-0.27,1070,de GER,"MF,FW",eng Premier League,20.0,2004.0,7.6,0,0,0,7,12,1,29,2,8,0,0,0,26,3,5,37.5,,,,,,,,,,,,,,,,,,,,,,,,,,,,,,,,,,,,,,,,,,,,,,,,,,,,,,MF,0.13100436681222707,0.5240174672489083,0.6550218340611353,0.1572052401746725,0.27510917030567683,1.3507893013100436,1,0.48761579299481517,0,0.44775188,0.4117724299430847
1082,Javier Guerra,es ESP,MF,Valencia,es La Liga,21.0,2003.0,36,31,2581,28.7,3,3,6,3,0,0,5,0,2.2,2.2,3.2,5.4,50,137,84,0.21,0.19,1082,es ESP,MF,es La Liga,21.0,2003.0,28.7,3,47,10,21.3,1.64,0.35,0.06,0.3,22.8,1,0,0,2.2,2.2,0.05,0.8,0.8,1082,es ESP,MF,es La Liga,21.0,2003.0,28.7,1023,1314,77.9,17160,5349,3,3.2,3.2,-0.2,23,119,23,4,137,1082,es ESP,MF,es La Liga,21.0,2003.0,28.7,1314,1248,55,28,8,11,45,6,15,7,3,0,1023,11,40,1082,es ESP,MF,es La Liga,21.0,2003.0,28.7,74,2.58,56,5,5,4,3,1,6,0.21,1082,es ESP,MF,es La Liga,21.0,2003.0,28.7,50,27,18,21,11,56,46.4,30,15,3,12,20,70,49,3,1082,es ESP,MF,es La Liga,21.0,2003.0,28.7,1669,65,354,939,401,49,1669,78,29,37.2,45,57.7,927,4925,2585,50,42,13,50,54,1136,84,1338,es ESP,MF,es La Liga,21.0,2003.0,36,2581,72,75.5,28.7,31,80.0,14,5,17.0,1,1.25,37,41,-4,-0.14,0.5,33.7,37.8,-4.1,-0.14,1082,es ESP,MF,es La Liga,21.0,2003.0,28.7,5,0,0,34,30,1,45,20,27,0,0,0,168,17,18,48.6,,,,,,,,,,,,,,,,,,,,,,,,,,,,,,,,,,,,,,,,,,,,,,,,,,,,,,MF,0.10461061604029447,0.10461061604029447,0.20922123208058893,0.07671445176288261,0.11158465710964743,0.7638318481208834,1,0.925199857262266,1,0.6887443,0.7727069854736328
1097,Arda Güler,tr TUR,"MF,FW",Real Madrid,es La Liga,19.0,2005.0,28,14,1250,13.9,3,4,7,3,0,0,1,0,3.3,3.3,4.5,7.7,34,93,86,0.5,0.56,1097,tr TUR,"MF,FW",es La Liga,19.0,2005.0,13.9,3,39,16,41.0,2.81,1.15,0.08,0.19,20.0,2,0,0,3.3,3.3,0.08,-0.3,-0.3,1097,tr TUR,"MF,FW",es La Liga,19.0,2005.0,13.9,763,886,86.1,12391,3189,4,4.5,4.4,-0.5,40,82,31,5,93,1097,tr TUR,"MF,FW",es La Liga,19.0,2005.0,13.9,886,805,80,18,10,8,57,13,47,30,7,0,763,1,13,1097,tr TUR,"MF,FW",es La Liga,19.0,2005.0,13.9,79,5.69,52,13,8,4,1,1,11,0.79,1097,tr TUR,"MF,FW",es La Liga,19.0,2005.0,13.9,30,16,11,8,11,22,40.9,13,18,0,18,7,37,8,0,1097,tr TUR,"MF,FW",es La Liga,19.0,2005.0,13.9,1058,14,131,477,460,50,1058,45,20,44.4,20,44.4,696,3418,1720,34,33,10,23,9,808,86,1354,tr TUR,"MF,FW",es La Liga,19.0,2005.0,28,1250,45,36.5,13.9,14,73.0,2,14,16.0,10,2.36,28,17,11,0.79,-0.41,28.1,16.0,12.1,0.87,1097,tr TUR,"MF,FW",es La Liga,19.0,2005.0,13.9,1,0,0,15,31,4,57,7,16,1,0,0,56,7,11,38.9,,,,,,,,,,,,,,,,,,,,,,,,,,,,,,,,,,,,,,,,,,,,,,,,,,,,,,MF,0.21599999999999997,0.28800000000000003,0.504,0.2376,0.324,1.1045,1,0.6330606385056273,1,0.5376215,0.3700501620769501
1104,Malo Gusto,fr FRA,DF,Chelsea,eng Premier League,21.0,2003.0,32,19,1862,20.7,0,1,1,0,0,0,4,0,1.7,1.7,1.4,3.1,50,119,85,0.05,0.15,1104,fr FRA,DF,eng Premier League,21.0,2003.0,20.7,0,22,4,18.2,1.06,0.19,0.0,0.0,21.3,0,0,0,1.7,1.7,0.08,-1.7,-1.7,1104,fr FRA,DF,eng Premier League,21.0,2003.0,20.7,1198,1385,86.5,19538,4892,1,1.4,1.9,-0.4,22,111,19,7,119,1104,fr FRA,DF,eng Premier League,21.0,2003.0,20.7,1385,1230,153,37,2,3,53,116,0,0,0,0,1198,2,26,1104,fr FRA,DF,eng Premier League,21.0,2003.0,20.7,58,2.8,57,0,0,1,0,0,4,0.19,1104,fr FRA,DF,eng Premier League,21.0,2003.0,20.7,45,29,27,15,3,48,52.1,23,29,8,21,24,69,49,5,1104,fr FRA,DF,eng Premier League,21.0,2003.0,20.7,1595,64,387,772,451,43,1595,16,4,25.0,11,68.8,882,4513,2248,50,36,8,18,17,1072,85,1362,fr FRA,DF,eng Premier League,21.0,2003.0,32,1862,58,54.4,20.7,19,84.0,14,13,20.0,1,1.66,40,26,14,0.68,0.27,40.5,27.2,13.4,0.65,1104,fr FRA,DF,eng Premier League,21.0,2003.0,20.7,4,0,0,20,20,2,53,24,29,0,0,0,119,9,15,37.5,,,,,,,,,,,,,,,,,,,,,,,,,,,,,,,,,,,,,,,,,,,,,,,,,,,,,,DF,0.0,0.048335123523093444,0.048335123523093444,0.08216970998925886,0.06766917293233082,0.8305585392051558,1,0.8595100446877157,1,0.64090055,0.8339694738388062
1119,Mohamed Haj,tn TUN,MF,Parma,it Serie A,19.0,2005.0,15,3,453,5.0,1,2,3,1,0,0,4,0,0.6,0.6,1.2,1.8,6,13,28,0.6,0.36,1119,tn TUN,MF,it Serie A,19.0,2005.0,5.0,1,7,3,42.9,1.39,0.6,0.14,0.33,16.7,0,0,0,0.6,0.6,0.09,0.4,0.4,1119,tn TUN,MF,it Serie A,19.0,2005.0,5.0,118,151,78.1,1736,541,2,1.2,0.7,0.8,9,12,6,3,13,1119,tn TUN,MF,it Serie A,19.0,2005.0,5.0,151,145,6,3,0,0,7,0,2,0,0,0,118,0,4,1119,tn TUN,MF,it Serie A,19.0,2005.0,5.0,20,3.96,16,1,1,1,1,0,2,0.4,1119,tn TUN,MF,it Serie A,19.0,2005.0,5.0,3,1,2,1,0,2,50.0,1,3,1,2,4,7,5,0,1119,tn TUN,MF,it Serie A,19.0,2005.0,5.0,207,10,30,86,95,18,207,14,4,28.6,10,71.4,122,487,192,6,3,4,10,1,135,28,1378,tn TUN,MF,it Serie A,19.0,2005.0,15,453,30,13.2,5.0,3,53.0,0,12,25.0,22,0.53,12,10,2,0.4,0.88,9.2,10.1,-0.9,-0.18,1119,tn TUN,MF,it Serie A,19.0,2005.0,5.0,4,0,0,6,11,0,7,4,1,0,0,0,15,6,6,50.0,,,,,,,,,,,,,,,,,,,,,,,,,,,,,,,,,,,,,,,,,,,,,,,,,,,,,,MF,0.1986754966887417,0.3973509933774834,0.5960264900662251,0.11920529801324503,0.23841059602649006,1.1066274834437086,1,0.2806345905674478,0,0.3579609,0.3437753915786743
1121,Lewis Hall,eng ENG,DF,Newcastle Utd,eng Premier League,19.0,2004.0,27,24,2189,24.3,0,4,4,0,0,0,3,0,0.4,0.4,4.3,4.7,41,123,80,0.16,0.19,1121,eng ENG,DF,eng Premier League,19.0,2004.0,24.3,0,11,1,9.1,0.45,0.04,0.0,0.0,18.8,0,0,0,0.4,0.4,0.04,-0.4,-0.4,1121,eng ENG,DF,eng Premier League,19.0,2004.0,24.3,1300,1592,81.7,21999,8891,4,4.3,3.7,-0.3,34,114,17,5,123,1121,eng ENG,DF,eng Premier League,19.0,2004.0,24.3,1592,1300,287,68,4,2,110,164,55,45,2,0,1300,5,27,1121,eng ENG,DF,eng Premier League,19.0,2004.0,24.3,63,2.59,44,18,0,0,1,0,6,0.25,1121,eng ENG,DF,eng Premier League,19.0,2004.0,24.3,58,41,28,22,8,74,54.1,34,33,18,15,18,76,75,3,1121,eng ENG,DF,eng Premier League,19.0,2004.0,24.3,1820,95,623,804,414,47,1820,21,11,52.4,7,33.3,950,4398,2358,41,22,13,33,20,1094,80,1381,eng ENG,DF,eng Premier League,19.0,2004.0,27,2189,81,64.0,24.3,24,87.0,18,3,30.0,0,1.63,45,31,14,0.58,0.06,42.5,28.8,13.7,0.56,1121,eng ENG,DF,eng Premier League,19.0,2004.0,24.3,3,0,0,9,21,1,110,18,41,0,0,0,119,30,31,49.2,,,,,,,,,,,,,,,,,,,,,,,,,,,,,,,,,,,,,,,,,,,,,,,,,,,,,,DF,0.0,0.16445865692096848,0.16445865692096848,0.01644586569209685,0.1767930561900411,1.0240977615349474,1,0.8917466722580818,1,0.66677797,0.8339694738388062
1159,Juan Herzog,es ESP,DF,Las Palmas,es La Liga,21.0,2003.0,19,15,1315,14.6,0,0,0,0,0,0,1,0,0.9,0.9,0.0,0.9,0,27,1,0.0,0.06,1159,es ESP,DF,es La Liga,21.0,2003.0,14.6,0,12,2,16.7,0.82,0.14,0.0,0.0,10.7,0,0,0,0.9,0.9,0.07,-0.9,-0.9,1159,es ESP,DF,es La Liga,21.0,2003.0,14.6,559,647,86.4,10419,3151,0,0.0,0.0,0.0,0,17,0,0,27,1159,es ESP,DF,es La Liga,21.0,2003.0,14.6,647,598,47,20,0,3,0,6,0,0,0,0,559,2,3,1159,es ESP,DF,es La Liga,21.0,2003.0,14.6,3,0.21,2,1,0,0,0,0,0,0.0,1159,es ESP,DF,es La Liga,21.0,2003.0,14.6,12,12,12,0,0,16,56.3,7,17,11,6,18,30,86,0,1159,es ESP,DF,es La Liga,21.0,2003.0,14.6,812,129,492,297,27,20,812,2,0,0.0,1,50.0,376,1229,569,0,1,0,2,0,472,1,1436,es ESP,DF,es La Liga,21.0,2003.0,19,1315,69,38.5,14.6,15,82.0,11,4,22.0,19,0.42,9,23,-14,-0.96,-0.66,13.8,26.4,-12.6,-0.86,1159,es ESP,DF,es La Liga,21.0,2003.0,14.6,1,0,0,6,7,0,0,18,12,0,0,0,41,44,25,63.8,,,,,,,,,,,,,,,,,,,,,,,,,,,,,,,,,,,,,,,,,,,,,,,,,,,,,,DF,0.0,0.0,0.0,0.06159695817490494,0.0,0.5479166666666666,0,0.18884874926504533,0,0.3370032,0.18733911216259003
1162,Omar El Hilali,ma MAR,DF,Espanyol,es La Liga,20.0,2003.0,36,36,3153,35.0,0,2,2,0,0,0,11,0,0.0,0.0,0.8,0.9,35,84,61,0.06,0.02,1162,ma MAR,DF,es La Liga,20.0,2003.0,35.0,0,2,0,0.0,0.06,0.0,0.0,,30.9,0,0,0,0.0,0.0,0.01,0.0,0.0,1162,ma MAR,DF,es La Liga,20.0,2003.0,35.0,1245,1577,78.9,23391,8719,2,0.8,1.4,1.2,8,81,11,6,84,1162,ma MAR,DF,es La Liga,20.0,2003.0,35.0,1577,1220,354,61,1,16,57,293,0,0,0,0,1245,3,25,1162,ma MAR,DF,es La Liga,20.0,2003.0,35.0,28,0.8,24,1,1,1,1,0,3,0.09,1162,ma MAR,DF,es La Liga,20.0,2003.0,35.0,111,79,81,24,6,95,67.4,31,53,13,40,46,157,145,2,1162,ma MAR,DF,es La Liga,20.0,2003.0,35.0,1992,160,869,935,208,5,1992,29,17,58.6,7,24.1,888,4445,2372,35,21,2,21,7,981,61,1440,ma MAR,DF,es La Liga,20.0,2003.0,36,3153,88,92.2,35.0,36,88.0,30,0,,0,1.14,38,45,-7,-0.2,1.15,31.4,50.6,-19.2,-0.55,1162,ma MAR,DF,es La Liga,20.0,2003.0,35.0,11,0,0,52,30,7,57,46,79,0,2,0,132,36,30,54.5,,,,,,,,,,,,,,,,,,,,,,,,,,,,,,,,,,,,,,,,,,,,,,,,,,,,,,DF,0.0,0.05708848715509039,0.05708848715509039,0.0,0.022835394862036156,0.8451474785918174,1,0.9013759669466009,1,0.6667826,0.8339694738388062
1166,Jack Hinshelwood,eng ENG,"MF,DF",Brighton,eng Premier League,19.0,2005.0,26,22,1842,20.5,5,2,7,5,0,0,5,0,2.7,2.7,1.5,4.2,19,68,54,0.34,0.21,1166,eng ENG,"MF,DF",eng Premier League,19.0,2005.0,20.5,5,18,10,55.6,0.88,0.49,0.28,0.5,12.2,0,0,0,2.7,2.7,0.15,2.3,2.3,1166,eng ENG,"MF,DF",eng Premier League,19.0,2005.0,20.5,870,1046,83.2,13114,3047,2,1.5,1.5,0.5,17,36,9,2,68,1166,eng ENG,"MF,DF",eng Premier League,19.0,2005.0,20.5,1046,927,118,27,0,8,27,75,8,4,1,1,870,1,11,1166,eng ENG,"MF,DF",eng Premier League,19.0,2005.0,20.5,35,1.71,28,4,0,2,1,0,3,0.15,1166,eng ENG,"MF,DF",eng Premier League,19.0,2005.0,20.5,27,19,8,10,9,27,40.7,16,10,3,7,16,43,37,1,1166,eng ENG,"MF,DF",eng Premier League,19.0,2005.0,20.5,1199,50,322,560,323,35,1199,11,2,18.2,8,72.7,590,2435,1189,19,20,2,18,3,762,54,1444,eng ENG,"MF,DF",eng Premier League,19.0,2005.0,26,1842,71,53.9,20.5,22,82.0,12,4,11.0,0,1.73,39,30,9,0.44,0.55,31.9,29.7,2.1,0.1,1166,eng ENG,"MF,DF",eng Premier League,19.0,2005.0,20.5,5,0,0,18,9,0,27,16,19,0,0,0,63,20,16,55.6,,,,,,,,,,,,,,,,,,,,,,,,,,,,,,,,,,,,,,,,,,,,,,,,,,,,,,DF,0.24429967426710097,0.09771986970684039,0.34201954397394135,0.13192182410423453,0.0732899022801303,1.3200325732899023,1,0.5538462093277378,1,0.4978433,0.7851945757865906
1190,Dean Huijsen,es ESP,DF,Bournemouth,eng Premier League,19.0,2005.0,32,26,2427,27.0,3,2,5,3,0,0,10,0,1.9,1.9,2.0,3.9,41,132,10,0.19,0.14,1190,es ESP,DF,eng Premier League,19.0,2005.0,27.0,3,18,3,16.7,0.67,0.11,0.17,1.0,11.9,0,0,0,1.9,1.9,0.1,1.1,1.1,1190,es ESP,DF,eng Premier League,19.0,2005.0,27.0,1355,1625,83.4,27219,10928,2,2.0,1.6,0.0,15,180,7,2,132,1190,es ESP,DF,eng Premier League,19.0,2005.0,27.0,1625,1566,53,32,2,15,12,6,0,0,0,0,1355,6,12,1190,es ESP,DF,eng Premier League,19.0,2005.0,27.0,43,1.59,40,1,0,1,1,0,3,0.11,1190,es ESP,DF,eng Premier League,19.0,2005.0,27.0,36,26,19,16,1,29,62.1,11,40,29,11,51,87,198,4,1190,es ESP,DF,eng Premier League,19.0,2005.0,27.0,2021,254,915,971,145,30,2021,5,2,40.0,3,60.0,1118,7072,4349,41,31,0,20,1,1271,10,1470,es ESP,DF,eng Premier League,19.0,2005.0,32,2427,76,71.0,27.0,26,90.0,26,6,15.0,6,1.5,42,31,11,0.41,0.32,44.6,37.1,7.6,0.28,1190,es ESP,DF,eng Premier League,19.0,2005.0,27.0,10,0,0,31,10,2,12,51,26,0,0,0,105,68,44,60.7,,,,,,,,,,,,,,,,,,,,,,,,,,,,,,,,,,,,,,,,,,,,,,,,,,,,,,DF,0.11124845488257107,0.07416563658838071,0.18541409147095178,0.07045735475896167,0.07416563658838071,1.0590234857849197,1,0.8373903349678226,1,0.62771505,0.82573401927948
1192,Omari Hutchinson,eng ENG,"MF,FW",Ipswich Town,eng Premier League,20.0,2003.0,31,30,2583,28.7,3,2,5,3,0,0,5,0,2.9,2.9,3.5,6.4,97,75,159,0.17,0.22,1192,eng ENG,"MF,FW",eng Premier League,20.0,2003.0,28.7,3,45,18,40.0,1.57,0.63,0.07,0.17,19.6,4,0,0,2.9,2.9,0.06,0.1,0.1,1192,eng ENG,"MF,FW",eng Premier League,20.0,2003.0,28.7,690,885,78.0,10875,2022,2,3.5,2.5,-1.5,31,45,27,15,75,1192,eng ENG,"MF,FW",eng Premier League,20.0,2003.0,28.7,885,807,70,1,4,2,81,8,5,5,0,0,690,8,39,1192,eng ENG,"MF,FW",eng Premier League,20.0,2003.0,28.7,81,2.82,59,0,9,6,5,2,6,0.21,1192,eng ENG,"MF,FW",eng Premier League,20.0,2003.0,28.7,32,13,14,10,8,48,27.1,35,27,2,25,11,43,15,1,1192,eng ENG,"MF,FW",eng Premier League,20.0,2003.0,28.7,1259,17,200,516,567,92,1259,137,51,37.2,68,49.6,779,6035,2976,97,39,37,80,58,893,159,1472,eng ENG,"MF,FW",eng Premier League,20.0,2003.0,31,2583,83,75.5,28.7,30,85.0,18,1,24.0,1,0.55,25,61,-36,-1.25,-0.18,25.8,50.0,-24.2,-0.84,1192,eng ENG,"MF,FW",eng Premier League,20.0,2003.0,28.7,5,0,0,30,46,6,81,11,13,0,0,0,110,6,26,18.8,,,,,,,,,,,,,,,,,,,,,,,,,,,,,,,,,,,,,,,,,,,,,,,,,,,,,,MF,0.10452961672473868,0.06968641114982578,0.17421602787456447,0.10104529616724739,0.12195121951219512,0.6939024390243902,0,0.8419258025929168,1,0.6410383,0.7419421672821045
1196,Oscar Højlund,dk DEN,MF,Eint Frankfurt,de Bundesliga,19.0,2005.0,20,7,722,8.0,1,0,1,1,0,0,0,0,1.0,1.0,1.1,2.0,17,49,9,0.12,0.25,1196,dk DEN,MF,de Bundesliga,19.0,2005.0,8.0,1,6,2,33.3,0.75,0.25,0.17,0.5,17.5,0,0,0,1.0,1.0,0.16,0.0,0.0,1196,dk DEN,MF,de Bundesliga,19.0,2005.0,8.0,359,408,88.0,5424,1631,0,1.1,0.3,-1.1,6,30,4,0,49,1196,dk DEN,MF,de Bundesliga,19.0,2005.0,8.0,408,398,10,10,0,2,1,0,0,0,0,0,359,0,3,1196,dk DEN,MF,de Bundesliga,19.0,2005.0,8.0,17,2.12,11,0,1,2,0,3,1,0.12,1196,dk DEN,MF,de Bundesliga,19.0,2005.0,8.0,21,12,8,9,4,16,50.0,8,15,7,8,5,26,11,1,1196,dk DEN,MF,de Bundesliga,19.0,2005.0,8.0,497,10,125,292,83,11,497,11,8,72.7,3,27.3,291,1352,625,17,8,5,18,11,338,9,1477,dk DEN,MF,de Bundesliga,19.0,2005.0,20,722,36,23.6,8.0,7,66.0,2,13,20.0,3,1.65,12,11,1,0.12,-0.68,14.4,10.7,3.7,0.46,1196,dk DEN,MF,de Bundesliga,19.0,2005.0,8.0,0,0,0,12,3,0,1,5,12,0,0,0,40,7,17,29.2,,,,,,,,,,,,,,,,,,,,,,,,,,,,,,,,,,,,,,,,,,,,,,,,,,,,,,MF,0.12465373961218837,0.0,0.12465373961218837,0.12465373961218837,0.1371191135734072,0.30515373961218833,0,0.23895903302786986,0,0.34665114,0.2636106014251709
1197,Rasmus Højlund,dk DEN,FW,Manchester Utd,eng Premier League,21.0,2003.0,32,23,2004,22.3,4,0,4,4,0,0,2,0,5.3,5.3,1.8,7.1,28,18,101,0.18,0.32,1197,dk DEN,FW,eng Premier League,21.0,2003.0,22.3,4,32,13,40.6,1.44,0.58,0.13,0.31,12.9,0,0,0,5.3,5.3,0.16,-1.3,-1.3,1197,dk DEN,FW,eng Premier League,21.0,2003.0,22.3,251,336,74.7,2741,486,0,1.8,1.1,-1.8,16,14,5,1,18,1197,dk DEN,FW,eng Premier League,21.0,2003.0,22.3,336,310,23,0,2,0,8,0,0,0,0,0,251,3,6,1197,dk DEN,FW,eng Premier League,21.0,2003.0,22.3,34,1.53,22,0,3,5,4,0,1,0.04,1197,dk DEN,FW,eng Premier League,21.0,2003.0,22.3,3,1,0,2,1,5,0.0,5,6,0,6,2,5,6,0,1197,dk DEN,FW,eng Premier League,21.0,2003.0,22.3,515,6,36,251,237,74,515,33,9,27.3,21,63.6,308,1516,655,28,13,17,63,33,408,101,1478,dk DEN,FW,eng Premier League,21.0,2003.0,32,2004,63,58.6,22.3,23,78.0,7,9,24.0,2,1.03,17,31,-14,-0.63,-0.88,25.9,29.6,-3.8,-0.17,1197,dk DEN,FW,eng Premier League,21.0,2003.0,22.3,2,0,0,17,28,13,8,2,1,1,0,0,35,31,94,24.8,,,,,,,,,,,,,,,,,,,,,,,,,,,,,,,,,,,,,,,,,,,,,,,,,,,,,,FW,0.17964071856287422,0.0,0.17964071856287422,0.2380239520958084,0.08083832335329341,0.625748502994012,0,0.6309706202230588,1,0.52592134,0.0
1210,George Ilenikhena,ng NGA,FW,Monaco,fr Ligue 1,17.0,2006.0,23,6,717,8.0,3,2,5,3,0,0,0,0,5.1,5.1,1.4,6.5,8,10,58,0.63,0.81,1210,ng NGA,FW,fr Ligue 1,17.0,2006.0,8.0,3,21,9,42.9,2.64,1.13,0.14,0.33,13.5,0,0,0,5.1,5.1,0.24,-2.1,-2.1,1210,ng NGA,FW,fr Ligue 1,17.0,2006.0,8.0,87,121,71.9,1117,192,2,1.4,0.5,0.6,9,3,3,0,10,1210,ng NGA,FW,fr Ligue 1,17.0,2006.0,8.0,121,111,9,0,1,0,0,0,0,0,0,0,87,1,2,1210,ng NGA,FW,fr Ligue 1,17.0,2006.0,8.0,17,2.14,11,0,2,2,2,0,3,0.38,1210,ng NGA,FW,fr Ligue 1,17.0,2006.0,8.0,4,2,0,3,1,2,50.0,1,0,0,0,2,6,0,0,1210,ng NGA,FW,fr Ligue 1,17.0,2006.0,8.0,189,0,9,68,114,36,189,17,3,17.6,12,70.6,121,492,199,8,5,5,12,16,163,58,1494,ng NGA,FW,fr Ligue 1,17.0,2006.0,23,717,31,23.4,8.0,6,66.0,0,17,19.0,5,1.78,16,9,7,0.88,0.3,17.4,6.3,11.2,1.41,1210,ng NGA,FW,fr Ligue 1,17.0,2006.0,8.0,0,0,0,14,10,9,0,2,2,0,0,0,10,14,16,46.7,,,,,,,,,,,,,,,,,,,,,,,,,,,,,,,,,,,,,,,,,,,,,,,,,,,,,,FW,0.37656903765690375,0.2510460251046025,0.6276150627615062,0.6401673640167364,0.17573221757322174,0.7138110181311017,1,0.4547823530618065,0,0.41714156,0.0
1217,Tim Iroegbunam,eng ENG,MF,Everton,eng Premier League,21.0,2003.0,18,5,574,6.4,0,1,1,0,0,0,4,0,0.2,0.2,0.2,0.4,8,15,9,0.16,0.07,1217,eng ENG,MF,eng Premier League,21.0,2003.0,6.4,0,5,0,0.0,0.78,0.0,0.0,,22.5,0,0,0,0.2,0.2,0.05,-0.2,-0.2,1217,eng ENG,MF,eng Premier League,21.0,2003.0,6.4,115,158,72.8,1921,621,1,0.2,0.1,0.8,3,10,1,0,15,1217,eng ENG,MF,eng Premier League,21.0,2003.0,6.4,158,156,0,0,0,0,1,0,0,0,0,0,115,2,5,1217,eng ENG,MF,eng Premier League,21.0,2003.0,6.4,10,1.57,6,0,1,0,1,2,1,0.16,1217,eng ENG,MF,eng Premier League,21.0,2003.0,6.4,29,14,14,10,5,23,60.9,9,18,4,14,16,45,12,1,1217,eng ENG,MF,eng Premier League,21.0,2003.0,6.4,269,24,89,127,60,12,269,20,8,40.0,8,40.0,127,744,379,8,10,2,11,18,113,9,1506,eng ENG,MF,eng Premier League,21.0,2003.0,18,574,32,16.8,6.4,5,83.0,3,13,12.0,4,1.0,9,16,-7,-1.1,-1.26,7.7,12.3,-4.7,-0.73,1217,eng ENG,MF,eng Premier League,21.0,2003.0,6.4,4,0,0,15,12,0,1,16,14,0,0,0,51,11,4,73.3,,,,,,,,,,,,,,,,,,,,,,,,,,,,,,,,,,,,,,,,,,,,,,,,,,,,,,MF,0.0,0.156794425087108,0.156794425087108,0.0313588850174216,0.0313588850174216,0.457088850174216,0,0.33298863081334074,0,0.40321735,0.3048918843269348
1235,Jérémy Jacquet,fr FRA,DF,Rennes,fr Ligue 1,19.0,2005.0,11,11,927,10.3,0,1,1,0,0,0,0,0,0.8,0.8,0.8,1.6,8,40,4,0.1,0.16,1235,fr FRA,DF,fr Ligue 1,19.0,2005.0,10.3,0,8,3,37.5,0.78,0.29,0.0,0.0,9.2,0,0,0,0.8,0.8,0.1,-0.8,-0.8,1235,fr FRA,DF,fr Ligue 1,19.0,2005.0,10.3,424,508,83.5,8419,3020,1,0.8,0.7,0.2,4,49,1,0,40,1235,fr FRA,DF,fr Ligue 1,19.0,2005.0,10.3,508,471,35,23,1,4,3,12,0,0,0,0,424,2,10,1235,fr FRA,DF,fr Ligue 1,19.0,2005.0,10.3,9,0.87,9,0,0,0,0,0,1,0.1,1235,fr FRA,DF,fr Ligue 1,19.0,2005.0,10.3,26,17,11,8,7,22,63.6,8,9,3,6,27,53,45,1,1235,fr FRA,DF,fr Ligue 1,19.0,2005.0,10.3,627,55,226,350,61,10,627,8,5,62.5,2,25.0,353,1729,861,8,9,1,6,3,408,4,1527,fr FRA,DF,fr Ligue 1,19.0,2005.0,11,927,84,30.3,10.3,11,84.0,9,0,,1,1.64,19,14,5,0.49,0.65,18.9,15.1,3.8,0.37,1235,fr FRA,DF,fr Ligue 1,19.0,2005.0,10.3,0,0,0,13,6,0,3,27,17,0,0,0,41,19,10,65.5,,,,,,,,,,,,,,,,,,,,,,,,,,,,,,,,,,,,,,,,,,,,,,,,,,,,,,DF,0.0,0.09708737864077668,0.09708737864077668,0.07766990291262137,0.07766990291262137,0.5480622977346278,0,0.12894230909716733,0,0.32318464,0.17647597193717957
1241,Jordan James,wls WAL,MF,Rennes,fr Ligue 1,20.0,2004.0,23,14,1178,13.1,0,1,1,0,0,0,4,0,0.9,0.9,1.9,2.8,21,67,15,0.08,0.21,1241,wls WAL,MF,fr Ligue 1,20.0,2004.0,13.1,0,17,3,17.6,1.3,0.23,0.0,0.0,21.7,0,0,0,0.9,0.9,0.05,-0.9,-0.9,1241,wls WAL,MF,fr Ligue 1,20.0,2004.0,13.1,483,574,84.1,8380,2504,1,1.9,1.7,-0.9,24,55,12,2,67,1241,wls WAL,MF,fr Ligue 1,20.0,2004.0,13.1,574,526,47,16,1,9,34,2,29,6,10,0,483,1,8,1241,wls WAL,MF,fr Ligue 1,20.0,2004.0,13.1,44,3.36,26,11,2,4,1,0,6,0.46,1241,wls WAL,MF,fr Ligue 1,20.0,2004.0,13.1,30,19,8,18,4,30,53.3,14,14,1,13,14,44,17,1,1241,wls WAL,MF,fr Ligue 1,20.0,2004.0,13.1,704,17,134,388,186,19,704,21,9,42.9,10,47.6,336,1515,765,21,9,6,13,11,474,15,1534,wls WAL,MF,fr Ligue 1,20.0,2004.0,23,1178,51,38.5,13.1,14,73.0,4,9,17.0,8,1.35,21,16,5,0.38,0.57,21.4,14.6,6.8,0.52,1241,wls WAL,MF,fr Ligue 1,20.0,2004.0,13.1,4,0,0,26,15,1,34,14,19,0,0,0,54,10,7,58.8,,,,,,,,,,,,,,,,,,,,,,,,,,,,,,,,,,,,,,,,,,,,,,,,,,,,,,MF,0.0,0.07640067911714771,0.07640067911714771,0.06876061120543293,0.14516129032258066,0.44730135823429545,0,0.233194350167345,0,0.36757958,0.23838160932064056
1248,Mikel Jauregizar,es ESP,MF,Athletic Club,es La Liga,20.0,2003.0,34,25,2244,24.9,2,1,3,2,0,0,4,1,1.1,1.1,1.4,2.5,14,118,31,0.12,0.1,1248,es ESP,MF,es La Liga,20.0,2003.0,24.9,2,21,8,38.1,0.84,0.32,0.1,0.25,22.1,0,0,0,1.1,1.1,0.05,0.9,0.9,1248,es ESP,MF,es La Liga,20.0,2003.0,24.9,904,1121,80.6,16776,4632,1,1.4,1.2,-0.4,23,106,11,1,118,1248,es ESP,MF,es La Liga,20.0,2003.0,24.9,1121,1074,42,24,5,13,27,0,18,2,11,0,904,5,13,1248,es ESP,MF,es La Liga,20.0,2003.0,24.9,73,2.93,55,6,1,4,3,4,9,0.36,1248,es ESP,MF,es La Liga,20.0,2003.0,24.9,84,48,25,45,14,83,49.4,42,24,4,20,29,113,36,2,1248,es ESP,MF,es La Liga,20.0,2003.0,24.9,1418,43,276,847,306,12,1418,42,20,47.6,16,38.1,706,2968,1261,14,25,1,35,23,848,31,1546,es ESP,MF,es La Liga,20.0,2003.0,34,2244,66,65.6,24.9,25,80.0,16,9,27.0,2,1.91,34,21,13,0.52,-0.4,33.5,27.0,6.5,0.26,1248,es ESP,MF,es La Liga,20.0,2003.0,24.9,4,1,0,46,42,0,27,29,48,1,0,0,144,34,35,49.3,,,,,,,,,,,,,,,,,,,,,,,,,,,,,,,,,,,,,,,,,,,,,,,,,,,,,,MF,0.08021390374331551,0.040106951871657755,0.12032085561497327,0.044117647058823525,0.05614973262032085,0.6104278074866311,0,0.6084623650428818,1,0.52448434,0.25802063941955566
1252,Finn Jeltsch,de GER,DF,Stuttgart,de Bundesliga,18.0,2006.0,12,9,780,8.7,0,0,0,0,0,0,2,0,0.1,0.1,0.1,0.1,8,31,5,0.0,0.02,1252,de GER,DF,de Bundesliga,18.0,2006.0,8.7,0,2,0,0.0,0.23,0.0,0.0,,25.2,0,0,0,0.1,0.1,0.03,-0.1,-0.1,1252,de GER,DF,de Bundesliga,18.0,2006.0,8.7,582,639,91.1,9402,2308,0,0.1,0.3,-0.1,2,29,1,0,31,1252,de GER,DF,de Bundesliga,18.0,2006.0,8.7,639,603,36,9,3,0,3,24,0,0,0,0,582,0,4,1252,de GER,DF,de Bundesliga,18.0,2006.0,8.7,2,0.23,2,0,0,0,0,0,0,0.0,1252,de GER,DF,de Bundesliga,18.0,2006.0,8.7,18,13,6,11,1,15,80.0,3,12,6,6,13,31,27,2,1252,de GER,DF,de Bundesliga,18.0,2006.0,8.7,727,46,234,461,34,2,727,3,2,66.7,1,33.3,476,3112,1472,8,11,1,10,1,525,5,1551,de GER,DF,de Bundesliga,18.0,2006.0,12,780,65,25.5,8.7,9,84.0,8,3,9.0,1,1.17,13,16,-3,-0.35,-0.9,16.2,12.5,3.6,0.42,1252,de GER,DF,de Bundesliga,18.0,2006.0,8.7,2,0,0,7,5,0,3,13,13,0,0,0,34,12,8,60.0,,,,,,,,,,,,,,,,,,,,,,,,,,,,,,,,,,,,,,,,,,,,,,,,,,,,,,DF,0.0,0.0,0.0,0.011538461538461539,0.011538461538461539,0.325,0,0.11779925814327864,0,0.3178426,0.18366070091724396
1259,Alejandro Jiménez,es ESP,"DF,FW",Milan,it Serie A,19.0,2005.0,22,14,1266,14.1,0,1,1,0,0,0,6,0,0.8,0.8,1.3,2.1,55,37,72,0.07,0.15,1259,es ESP,"DF,FW",it Serie A,19.0,2005.0,14.1,0,15,5,33.3,1.07,0.36,0.0,0.0,22.1,0,0,0,0.8,0.8,0.06,-0.8,-0.8,1259,es ESP,"DF,FW",it Serie A,19.0,2005.0,14.1,452,564,80.1,7535,1817,1,1.3,1.3,-0.3,12,33,12,5,37,1259,es ESP,"DF,FW",it Serie A,19.0,2005.0,14.1,564,496,68,10,3,3,37,58,0,0,0,0,452,0,21,1259,es ESP,"DF,FW",it Serie A,19.0,2005.0,14.1,34,2.42,26,0,3,2,3,0,4,0.28,1259,es ESP,"DF,FW",it Serie A,19.0,2005.0,14.1,24,13,8,14,2,27,40.7,16,24,3,21,15,39,23,0,1259,es ESP,"DF,FW",it Serie A,19.0,2005.0,14.1,729,23,184,305,253,37,729,47,26,55.3,20,42.6,423,3072,1649,55,26,17,27,13,437,72,1559,es ESP,"DF,FW",it Serie A,19.0,2005.0,22,1266,58,37.0,14.1,14,71.0,3,8,35.0,6,1.68,16,15,1,0.07,-0.64,18.7,14.2,4.5,0.32,1259,es ESP,"DF,FW",it Serie A,19.0,2005.0,14.1,6,0,0,12,18,5,37,15,13,0,0,0,69,9,13,40.9,,,,,,,,,,,,,,,,,,,,,,,,,,,,,,,,,,,,,,,,,,,,,,,,,,,,,,DF,0.0,0.07109004739336493,0.07109004739336493,0.05687203791469195,0.09241706161137442,0.645983412322275,0,0.3722049677469226,0,0.42800513,0.40783536434173584
1264,John Joe,ie IRL,MF,Reims,fr Ligue 1,20.0,2003.0,13,5,545,6.1,0,0,0,0,0,0,0,0,0.2,0.2,0.0,0.2,6,14,9,0.0,0.03,1264,ie IRL,MF,fr Ligue 1,20.0,2003.0,6.1,0,8,1,12.5,1.32,0.17,0.0,0.0,24.2,0,0,0,0.2,0.2,0.02,-0.2,-0.2,1264,ie IRL,MF,fr Ligue 1,20.0,2003.0,6.1,165,223,74.0,2681,557,0,0.0,0.2,0.0,1,12,2,0,14,1264,ie IRL,MF,fr Ligue 1,20.0,2003.0,6.1,223,215,5,4,0,1,5,0,0,0,0,0,165,3,9,1264,ie IRL,MF,fr Ligue 1,20.0,2003.0,6.1,9,1.48,6,0,0,1,1,1,0,0.0,1264,ie IRL,MF,fr Ligue 1,20.0,2003.0,6.1,24,15,11,10,3,19,36.8,12,11,2,9,6,30,9,0,1264,ie IRL,MF,fr Ligue 1,20.0,2003.0,6.1,310,13,96,150,75,6,310,18,6,33.3,11,61.1,150,873,429,6,7,1,5,9,173,9,1568,ie IRL,MF,fr Ligue 1,20.0,2003.0,13,545,42,17.8,6.1,5,70.0,1,8,25.0,4,0.62,3,10,-7,-1.16,-0.91,4.8,13.0,-8.2,-1.35,1264,ie IRL,MF,fr Ligue 1,20.0,2003.0,6.1,0,0,0,14,13,0,5,6,15,0,0,0,31,10,13,43.5,,,,,,,,,,,,,,,,,,,,,,,,,,,,,,,,,,,,,,,,,,,,,,,,,,,,,,MF,0.0,0.0,0.0,0.03302752293577982,0.0,0.13624999999999998,0,0.20938122415308388,0,0.37782988,0.2632366716861725
1281,Antoine Joujou,fr FRA,"MF,FW",Le Havre,fr Ligue 1,21.0,2003.0,26,9,943,10.5,0,2,2,0,0,0,1,0,0.6,0.6,3.0,3.7,44,18,85,0.19,0.35,1281,fr FRA,"MF,FW",fr Ligue 1,21.0,2003.0,10.5,0,11,2,18.2,1.05,0.19,0.0,0.0,18.4,0,0,0,0.6,0.6,0.06,-0.6,-0.6,1281,fr FRA,"MF,FW",fr Ligue 1,21.0,2003.0,10.5,169,261,64.8,2486,687,2,3.0,2.9,-1.0,15,8,15,10,18,1281,fr FRA,"MF,FW",fr Ligue 1,21.0,2003.0,10.5,261,258,3,0,1,1,37,2,1,1,0,0,169,0,14,1281,fr FRA,"MF,FW",fr Ligue 1,21.0,2003.0,10.5,37,3.53,23,0,7,4,2,1,3,0.29,1281,fr FRA,"MF,FW",fr Ligue 1,21.0,2003.0,10.5,16,11,10,4,2,15,60.0,6,15,3,12,9,25,19,0,1281,fr FRA,"MF,FW",fr Ligue 1,21.0,2003.0,10.5,417,15,80,146,206,39,417,61,30,49.2,30,49.2,249,2086,1032,44,23,17,32,17,253,85,1586,fr FRA,"MF,FW",fr Ligue 1,21.0,2003.0,26,943,36,30.8,10.5,9,72.0,2,17,17.0,2,0.85,14,21,-7,-0.67,0.35,15.8,18.5,-2.8,-0.27,1281,fr FRA,"MF,FW",fr Ligue 1,21.0,2003.0,10.5,1,0,0,7,7,2,37,9,11,0,0,0,59,5,18,21.7,,,,,,,,,,,,,,,,,,,,,,,,,,,,,,,,,,,,,,,,,,,,,,,,,,,,,,MF,0.0,0.19088016967126195,0.19088016967126195,0.05726405090137858,0.2863202545068929,0.6175103393425239,0,0.4377250531179379,0,0.50090456,0.4281562566757202
1301,Yaya Kader Fofana,ml MLI,"MF,FW",Reims,fr Ligue 1,20.0,2004.0,12,8,634,7.0,1,1,2,1,0,0,4,0,0.6,0.6,1.7,2.3,19,22,29,0.28,0.32,1301,ml MLI,"MF,FW",fr Ligue 1,20.0,2004.0,7.0,1,13,4,30.8,1.85,0.57,0.08,0.25,20.1,0,0,0,0.6,0.6,0.05,0.4,0.4,1301,ml MLI,"MF,FW",fr Ligue 1,20.0,2004.0,7.0,177,232,76.3,2512,795,1,1.7,1.0,-0.7,7,14,10,1,22,1301,ml MLI,"MF,FW",fr Ligue 1,20.0,2004.0,7.0,232,228,4,3,3,0,6,0,1,0,0,0,177,0,5,1301,ml MLI,"MF,FW",fr Ligue 1,20.0,2004.0,7.0,22,3.12,16,0,4,0,1,1,5,0.71,1301,ml MLI,"MF,FW",fr Ligue 1,20.0,2004.0,7.0,17,11,8,5,4,12,33.3,8,11,2,9,3,20,2,0,1301,ml MLI,"MF,FW",fr Ligue 1,20.0,2004.0,7.0,317,7,78,156,92,17,317,22,14,63.6,8,36.4,209,1359,773,19,12,6,14,8,220,29,1613,ml MLI,"MF,FW",fr Ligue 1,20.0,2004.0,12,634,53,20.7,7.0,8,69.0,0,4,22.0,2,1.5,12,7,5,0.71,1.41,8.3,8.6,-0.4,-0.05,1301,ml MLI,"MF,FW",fr Ligue 1,20.0,2004.0,7.0,4,0,0,16,7,0,6,3,11,0,0,0,33,4,10,28.6,,,,,,,,,,,,,,,,,,,,,,,,,,,,,,,,,,,,,,,,,,,,,,,,,,,,,,MF,0.14195583596214512,0.14195583596214512,0.28391167192429023,0.08517350157728706,0.24132492113564669,0.5843675078864353,0,0.38383040869591784,0,0.3630621,0.3721739947795868
1314,Willy Kambwala,fr FRA,DF,Villarreal,es La Liga,19.0,2004.0,19,12,1117,12.4,0,0,0,0,0,0,1,1,0.3,0.3,0.1,0.5,2,16,0,0.0,0.04,1314,fr FRA,DF,es La Liga,19.0,2004.0,12.4,0,4,1,25.0,0.32,0.08,0.0,0.0,11.1,0,0,0,0.3,0.3,0.08,-0.3,-0.3,1314,fr FRA,DF,es La Liga,19.0,2004.0,12.4,521,594,87.7,9621,3410,0,0.1,0.1,-0.1,1,9,1,0,16,1314,fr FRA,DF,es La Liga,19.0,2004.0,12.4,594,538,52,24,0,2,0,13,0,0,0,0,521,4,5,1314,fr FRA,DF,es La Liga,19.0,2004.0,12.4,5,0.4,3,0,0,2,0,0,0,0.0,1314,fr FRA,DF,es La Liga,19.0,2004.0,12.4,17,12,14,2,1,12,83.3,2,10,7,3,10,27,56,1,1314,fr FRA,DF,es La Liga,19.0,2004.0,12.4,706,118,431,262,17,6,706,5,5,100.0,0,0.0,367,1707,846,2,2,1,9,5,463,0,1626,fr FRA,DF,es La Liga,19.0,2004.0,19,1117,59,32.7,12.4,12,80.0,8,7,22.0,11,2.05,20,15,5,0.4,-0.18,17.4,15.7,1.7,0.14,1314,fr FRA,DF,es La Liga,19.0,2004.0,12.4,1,1,0,5,0,0,0,10,12,0,0,0,30,16,18,47.1,,,,,,,,,,,,,,,,,,,,,,,,,,,,,,,,,,,,,,,,,,,,,,,,,,,,,,DF,0.0,0.0,0.0,0.02417188898836168,0.008057296329453895,0.46541666666666665,0,0.09895219334833394,0,0.32226875,0.17647597193717957
1329,Michael Kayode,it ITA,DF,Brentford,eng Premier League,20.0,2004.0,12,6,528,5.9,0,1,1,0,0,0,2,0,0.2,0.2,1.2,1.5,12,12,24,0.17,0.25,1329,it ITA,DF,eng Premier League,20.0,2004.0,5.9,0,2,0,0.0,0.34,0.0,0.0,,16.8,0,0,0,0.2,0.2,0.1,-0.2,-0.2,1329,it ITA,DF,eng Premier League,20.0,2004.0,5.9,184,241,76.3,3294,961,1,1.2,0.7,-0.2,8,12,3,2,12,1329,it ITA,DF,eng Premier League,20.0,2004.0,5.9,241,183,58,0,0,0,10,58,0,0,0,0,184,0,3,1329,it ITA,DF,eng Premier League,20.0,2004.0,5.9,19,3.24,9,7,1,1,1,0,3,0.51,1329,it ITA,DF,eng Premier League,20.0,2004.0,5.9,17,11,12,5,0,13,69.2,4,3,0,3,7,24,19,0,1329,it ITA,DF,eng Premier League,20.0,2004.0,5.9,313,23,101,121,97,13,313,18,9,50.0,8,44.4,144,944,500,12,7,3,13,3,143,24,1646,it ITA,DF,eng Premier League,20.0,2004.0,12,528,44,15.4,5.9,6,78.0,1,6,11.0,1,1.83,15,5,10,1.7,1.74,11.6,6.5,5.1,0.88,1329,it ITA,DF,eng Premier League,20.0,2004.0,5.9,2,0,0,8,3,0,10,7,11,0,0,0,34,9,4,69.2,,,,,,,,,,,,,,,,,,,,,,,,,,,,,,,,,,,,,,,,,,,,,,,,,,,,,,DF,0.0,0.17045454545454547,0.17045454545454547,0.03409090909090909,0.20454545454545453,0.5040909090909091,0,0.20297476131774822,0,0.34832472,0.30637606978416443
1343,Aljoscha Kemlein,de GER,MF,Union Berlin,de Bundesliga,19.0,2004.0,15,11,922,10.2,1,0,1,1,0,0,3,0,0.9,0.9,0.6,1.5,5,42,19,0.1,0.15,1343,de GER,MF,de Bundesliga,19.0,2004.0,10.2,1,11,3,27.3,1.07,0.29,0.09,0.33,17.4,1,0,0,0.9,0.9,0.09,0.1,0.1,1343,de GER,MF,de Bundesliga,19.0,2004.0,10.2,351,465,75.5,5960,1692,0,0.6,0.7,-0.6,10,28,6,1,42,1343,de GER,MF,de Bundesliga,19.0,2004.0,10.2,465,445,16,3,0,4,5,1,3,2,0,1,351,4,8,1343,de GER,MF,de Bundesliga,19.0,2004.0,10.2,21,2.05,18,2,0,0,0,1,2,0.2,1343,de GER,MF,de Bundesliga,19.0,2004.0,10.2,10,4,4,5,1,14,35.7,9,14,3,11,6,16,15,0,1343,de GER,MF,de Bundesliga,19.0,2004.0,10.2,549,16,117,331,105,18,549,9,6,66.7,3,33.3,260,952,437,5,5,1,11,1,329,19,1661,de GER,MF,de Bundesliga,19.0,2004.0,15,922,61,30.1,10.2,11,77.0,4,4,20.0,4,0.8,6,17,-11,-1.07,-0.86,11.5,14.3,-2.8,-0.27,1343,de GER,MF,de Bundesliga,19.0,2004.0,10.2,3,0,0,15,2,1,5,6,4,0,1,0,58,19,14,57.6,,,,,,,,,,,,,,,,,,,,,,,,,,,,,,,,,,,,,,,,,,,,,,,,,,,,,,MF,0.09761388286334056,0.0,0.09761388286334056,0.08785249457700652,0.05856832971800434,0.3281138828633406,0,0.1508705566105629,0,0.38637024,0.23735569417476654
1347,Milos Kerkez,hu HUN,DF,Bournemouth,eng Premier League,20.0,2003.0,38,38,3336,37.1,2,5,7,2,0,0,4,0,0.6,0.5,3.9,4.4,106,159,197,0.19,0.12,1347,hu HUN,DF,eng Premier League,20.0,2003.0,37.1,2,19,5,26.3,0.51,0.13,0.11,0.4,20.2,0,0,0,0.6,0.5,0.03,1.4,1.5,1347,hu HUN,DF,eng Premier League,20.0,2003.0,37.1,1346,1776,75.8,20911,6878,5,3.9,2.6,1.1,35,87,41,27,159,1347,hu HUN,DF,eng Premier League,20.0,2003.0,37.1,1776,1466,305,18,2,3,142,279,7,5,1,0,1346,5,55,1347,hu HUN,DF,eng Premier League,20.0,2003.0,37.1,83,2.24,67,4,2,2,5,3,9,0.24,1347,hu HUN,DF,eng Premier League,20.0,2003.0,37.1,52,26,25,20,7,38,63.2,14,38,11,27,45,97,106,4,1347,hu HUN,DF,eng Premier League,20.0,2003.0,37.1,2158,112,552,900,731,69,2158,48,22,45.8,16,33.3,1094,6388,3711,106,73,16,49,22,1196,197,1665,hu HUN,DF,eng Premier League,20.0,2003.0,38,3336,88,97.5,37.1,38,88.0,32,0,,0,1.47,52,45,7,0.19,-5.17,59.3,48.0,11.3,0.3,1347,hu HUN,DF,eng Premier League,20.0,2003.0,37.1,4,0,0,30,50,3,142,45,26,0,0,0,169,28,49,36.4,,,,,,,,,,,,,,,,,,,,,,,,,,,,,,,,,,,,,,,,,,,,,,,,,,,,,,DF,0.0539568345323741,0.13489208633093525,0.18884892086330934,0.01618705035971223,0.1052158273381295,1.064748201438849,1,0.9318945129883244,1,0.6887443,0.8339694738388062
1349,Bilal El Khannouss,ma MAR,"MF,FW",Leicester City,eng Premier League,20.0,2004.0,32,27,2182,24.2,2,3,5,2,0,0,4,0,1.3,1.3,4.6,5.8,73,128,89,0.21,0.24,1349,ma MAR,"MF,FW",eng Premier League,20.0,2004.0,24.2,2,30,7,23.3,1.24,0.29,0.07,0.29,22.0,0,0,0,1.3,1.3,0.04,0.7,0.7,1349,ma MAR,"MF,FW",eng Premier League,20.0,2004.0,24.2,798,1063,75.1,14413,4123,3,4.6,3.1,-1.6,42,89,31,6,128,1349,ma MAR,"MF,FW",eng Premier League,20.0,2004.0,24.2,1063,928,130,28,11,8,89,14,36,19,10,1,798,5,26,1349,ma MAR,"MF,FW",eng Premier League,20.0,2004.0,24.2,78,3.22,54,9,8,4,3,0,7,0.29,1349,ma MAR,"MF,FW",eng Premier League,20.0,2004.0,24.2,50,30,16,29,5,32,53.1,15,22,4,18,6,56,10,3,1349,ma MAR,"MF,FW",eng Premier League,20.0,2004.0,24.2,1268,18,183,655,445,35,1268,60,34,56.7,23,38.3,732,4494,2038,73,45,12,38,38,851,89,1667,ma MAR,"MF,FW",eng Premier League,20.0,2004.0,32,2182,68,63.8,24.2,27,78.0,8,5,16.0,3,0.63,17,54,-37,-1.53,-0.8,20.0,47.6,-27.6,-1.14,1349,ma MAR,"MF,FW",eng Premier League,20.0,2004.0,24.2,4,0,0,30,13,1,89,6,30,0,0,0,92,19,24,44.2,,,,,,,,,,,,,,,,,,,,,,,,,,,,,,,,,,,,,,,,,,,,,,,,,,,,,,MF,0.08249312557286893,0.12373968835930338,0.2062328139321723,0.05362053162236481,0.18973418881759851,0.7799725022914756,1,0.8242569216572366,1,0.65248376,0.6704760193824768
1352,Abdukodir Khusanov,uz UZB,DF,Manchester City,eng Premier League,20.0,2004.0,6,6,503,5.6,0,0,0,0,0,0,1,0,0.0,0.0,0.1,0.1,1,25,2,0.0,0.02,1352,uz UZB,DF,eng Premier League,20.0,2004.0,5.6,0,1,0,0.0,0.18,0.0,0.0,,23.9,0,0,0,0.0,0.0,0.02,0.0,0.0,1352,uz UZB,DF,eng Premier League,20.0,2004.0,5.6,360,395,91.1,6126,1976,0,0.1,0.1,-0.1,2,23,0,0,25,1352,uz UZB,DF,eng Premier League,20.0,2004.0,5.6,395,385,10,6,0,1,1,3,0,0,0,0,360,0,3,1352,uz UZB,DF,eng Premier League,20.0,2004.0,5.6,5,0.89,5,0,0,0,0,0,0,0.0,1352,uz UZB,DF,eng Premier League,20.0,2004.0,5.6,5,4,4,1,0,3,66.7,1,5,4,1,3,8,29,1,1352,uz UZB,DF,eng Premier League,20.0,2004.0,5.6,445,45,205,211,31,1,445,2,0,0.0,2,100.0,274,1155,435,1,1,0,2,1,332,2,1670,uz UZB,DF,eng Premier League,20.0,2004.0,6,503,84,14.7,5.6,6,84.0,5,0,,5,1.67,8,6,2,0.36,-0.44,9.0,7.0,2.1,0.37,1352,uz UZB,DF,eng Premier League,20.0,2004.0,5.6,1,0,0,3,3,0,1,3,4,0,0,1,27,6,4,60.0,,,,,,,,,,,,,,,,,,,,,,,,,,,,,,,,,,,,,,,,,,,,,,,,,,,,,,DF,0.0,0.0,0.0,0.0,0.017892644135188866,0.20958333333333334,0,0.12024739237969558,0,0.3328208,0.1840732991695404
1353,Abdukodir Khusanov,uz UZB,DF,Lens,fr Ligue 1,20.0,2004.0,13,11,975,10.8,0,0,0,0,0,0,2,1,0.2,0.2,0.3,0.6,2,43,6,0.0,0.05,1353,uz UZB,DF,fr Ligue 1,20.0,2004.0,10.8,0,6,4,66.7,0.55,0.37,0.0,0.0,24.6,2,0,0,0.2,0.2,0.04,-0.2,-0.2,1353,uz UZB,DF,fr Ligue 1,20.0,2004.0,10.8,483,548,88.1,8942,3769,0,0.3,0.2,-0.3,2,39,4,1,43,1353,uz UZB,DF,fr Ligue 1,20.0,2004.0,10.8,548,521,26,13,0,3,5,8,0,0,0,0,483,1,3,1353,uz UZB,DF,fr Ligue 1,20.0,2004.0,10.8,11,1.02,9,0,0,2,0,0,0,0.0,1353,uz UZB,DF,fr Ligue 1,20.0,2004.0,10.8,15,11,9,5,1,11,63.6,4,17,11,6,26,41,57,0,1353,uz UZB,DF,fr Ligue 1,20.0,2004.0,10.8,683,90,335,322,34,4,683,1,1,100.0,0,0.0,339,1452,642,2,4,0,5,1,392,6,1671,uz UZB,DF,fr Ligue 1,20.0,2004.0,13,975,75,31.9,10.8,11,87.0,10,2,9.0,0,1.62,12,9,3,0.28,0.28,14.3,13.1,1.3,0.12,1353,uz UZB,DF,fr Ligue 1,20.0,2004.0,10.8,2,1,0,13,3,0,5,26,11,0,1,0,50,27,12,69.2,,,,,,,,,,,,,,,,,,,,,,,,,,,,,,,,,,,,,,,,,,,,,,,,,,,,,,DF,0.0,0.0,0.0,0.018461538461538463,0.027692307692307693,0.40625,0,0.13453120487644687,0,0.3509307,0.17647597193717957
1362,Antonín Kinský,cz CZE,GK,Tottenham,eng Premier League,21.0,2003.0,6,6,540,6.0,0,0,0,0,0,0,0,0,0.0,0.0,0.1,0.1,1,1,0,0.0,0.01,1362,cz CZE,GK,eng Premier League,21.0,2003.0,6.0,0,0,0,,0.0,0.0,,,,0,0,0,0.0,0.0,,0.0,0.0,1362,cz CZE,GK,eng Premier League,21.0,2003.0,6.0,167,217,77.0,3990,2480,0,0.1,0.0,-0.1,1,2,0,0,1,1362,cz CZE,GK,eng Premier League,21.0,2003.0,6.0,217,177,39,9,0,0,0,0,0,0,0,0,167,1,1,1362,cz CZE,GK,eng Premier League,21.0,2003.0,6.0,1,0.17,1,0,0,0,0,0,0,0.0,1362,cz CZE,GK,eng Premier League,21.0,2003.0,6.0,3,1,3,0,0,1,100.0,0,0,0,0,0,3,9,1,1362,cz CZE,GK,eng Premier League,21.0,2003.0,6.0,237,205,234,3,0,0,237,0,0,,0,,144,760,491,1,0,0,0,0,126,0,1682,cz CZE,GK,eng Premier League,21.0,2003.0,6,540,90,15.8,6.0,6,90.0,6,0,,12,0.5,6,11,-5,-0.83,-0.96,5.0,11.6,-6.6,-1.09,1362,cz CZE,GK,eng Premier League,21.0,2003.0,6.0,0,0,0,0,0,0,0,0,1,0,0,0,6,2,0,100.0,81.0,cz CZE,GK,eng Premier League,21.0,2003.0,6.0,6.0,540.0,6.0,11.0,1.83,32.0,23.0,65.6,1.0,0.0,5.0,1.0,16.7,0.0,0.0,0.0,0.0,81.0,cz CZE,GK,eng Premier League,21.0,2003.0,6.0,11.0,0.0,0.0,1.0,2.0,10.5,0.33,1.5,0.25,17.0,58.0,29.3,186.0,37.0,26.9,30.7,112.0,10.0,8.9,9.0,1.5,12.1,GK,0.0,0.0,0.0,0.0,0.01666666666666667,0.3,0,0.25944293258915413,0,0.35303834,0.0
1383,Mert Kömür,de GER,MF,Augsburg,de Bundesliga,19.0,2005.0,20,5,654,7.3,2,1,3,2,0,0,1,0,1.1,1.1,1.5,2.6,18,11,46,0.41,0.36,1383,de GER,MF,de Bundesliga,19.0,2005.0,7.3,2,13,7,53.8,1.79,0.96,0.15,0.29,21.5,1,0,0,1.1,1.1,0.09,0.9,0.9,1383,de GER,MF,de Bundesliga,19.0,2005.0,7.3,159,221,71.9,2402,734,1,1.5,1.3,-0.5,13,3,2,1,11,1383,de GER,MF,de Bundesliga,19.0,2005.0,7.3,221,189,30,7,0,0,26,1,21,11,7,0,159,2,10,1383,de GER,MF,de Bundesliga,19.0,2005.0,7.3,25,3.44,9,11,2,2,1,0,1,0.14,1383,de GER,MF,de Bundesliga,19.0,2005.0,7.3,3,2,2,0,1,3,0.0,3,9,3,6,3,6,7,1,1383,de GER,MF,de Bundesliga,19.0,2005.0,7.3,313,8,43,123,151,17,313,22,12,54.5,7,31.8,185,1047,550,18,17,4,22,23,217,46,1712,de GER,MF,de Bundesliga,19.0,2005.0,20,654,33,21.4,7.3,5,62.0,0,15,23.0,9,1.15,4,12,-8,-1.1,-0.8,7.4,13.8,-6.4,-0.89,1383,de GER,MF,de Bundesliga,19.0,2005.0,7.3,1,0,0,7,12,3,26,3,2,0,0,0,32,11,18,37.9,,,,,,,,,,,,,,,,,,,,,,,,,,,,,,,,,,,,,,,,,,,,,,,,,,,,,,MF,0.27522935779816515,0.13761467889908258,0.41284403669724773,0.15137614678899083,0.20642201834862386,0.7139587155963303,1,0.5426494581078048,1,0.4399994,0.4783206582069397
1388,Amadou Koné,ml MLI,MF,Reims,fr Ligue 1,19.0,2005.0,24,17,1293,14.4,0,0,0,0,0,0,3,1,0.5,0.5,0.3,0.9,19,68,12,0.0,0.06,1388,ml MLI,MF,fr Ligue 1,19.0,2005.0,14.4,0,14,4,28.6,0.97,0.28,0.0,0.0,26.3,0,0,0,0.5,0.5,0.04,-0.5,-0.5,1388,ml MLI,MF,fr Ligue 1,19.0,2005.0,14.4,518,602,86.0,8977,2485,0,0.3,0.5,-0.3,8,53,8,0,68,1388,ml MLI,MF,fr Ligue 1,19.0,2005.0,14.4,602,590,11,7,3,3,3,2,0,0,0,0,518,1,3,1388,ml MLI,MF,fr Ligue 1,19.0,2005.0,14.4,28,1.95,19,1,2,2,1,3,2,0.14,1388,ml MLI,MF,fr Ligue 1,19.0,2005.0,14.4,49,32,32,16,1,35,62.9,13,18,4,14,19,68,38,2,1388,ml MLI,MF,fr Ligue 1,19.0,2005.0,14.4,788,61,242,463,99,3,788,25,15,60.0,6,24.0,469,3013,1399,19,15,0,19,12,526,12,1717,ml MLI,MF,fr Ligue 1,19.0,2005.0,24,1293,54,42.3,14.4,17,68.0,2,7,20.0,3,0.83,13,14,-1,-0.07,0.59,19.3,23.2,-4.0,-0.28,1388,ml MLI,MF,fr Ligue 1,19.0,2005.0,14.4,3,1,0,19,52,0,3,19,32,0,1,0,79,22,22,50.0,,,,,,,,,,,,,,,,,,,,,,,,,,,,,,,,,,,,,,,,,,,,,,,,,,,,,,MF,0.0,0.0,0.0,0.03480278422273782,0.02088167053364269,0.32325000000000004,0,0.2264775889021885,0,0.35091597,0.22923815250396729
1399,Konstantinos Koulierakis,gr GRE,DF,Wolfsburg,de Bundesliga,20.0,2003.0,30,28,2468,27.4,0,2,2,0,0,0,4,0,1.0,1.0,1.0,1.9,20,104,8,0.07,0.07,1399,gr GRE,DF,de Bundesliga,20.0,2003.0,27.4,0,22,3,13.6,0.8,0.11,0.0,0.0,16.4,0,0,0,1.0,1.0,0.04,-1.0,-1.0,1399,gr GRE,DF,de Bundesliga,20.0,2003.0,27.4,1292,1557,83.0,26360,9632,2,1.0,0.8,1.0,10,103,12,4,104,1399,gr GRE,DF,de Bundesliga,20.0,2003.0,27.4,1557,1434,118,34,1,30,13,17,0,0,0,0,1292,5,9,1399,gr GRE,DF,de Bundesliga,20.0,2003.0,27.4,31,1.13,24,2,0,4,0,1,4,0.15,1399,gr GRE,DF,de Bundesliga,20.0,2003.0,27.4,40,20,25,13,2,40,62.5,15,34,14,20,33,73,147,2,1399,gr GRE,DF,de Bundesliga,20.0,2003.0,27.4,1886,283,957,839,97,30,1886,12,7,58.3,5,41.7,1049,5137,2681,20,17,0,18,2,1205,8,1733,gr GRE,DF,de Bundesliga,20.0,2003.0,30,2468,82,80.7,27.4,28,86.0,24,2,26.0,1,1.33,44,40,4,0.15,0.45,35.8,42.4,-6.6,-0.24,1399,gr GRE,DF,de Bundesliga,20.0,2003.0,27.4,4,0,0,24,13,2,13,33,20,0,0,0,93,59,39,60.2,,,,,,,,,,,,,,,,,,,,,,,,,,,,,,,,,,,,,,,,,,,,,,,,,,,,,,DF,0.0,0.07293354943273905,0.07293354943273905,0.03646677471636953,0.03646677471636953,0.8715559157212318,1,0.8001475973839217,1,0.5758979,0.82573401927948
1412,Frans Krätzig,de GER,"DF,MF",Heidenheim,de Bundesliga,21.0,2003.0,16,15,1217,13.5,1,2,3,1,0,0,1,0,0.6,0.6,1.8,2.5,25,37,57,0.22,0.18,1412,de GER,"DF,MF",de Bundesliga,21.0,2003.0,13.5,1,9,3,33.3,0.67,0.22,0.11,0.33,17.4,0,0,0,0.6,0.6,0.07,0.4,0.4,1412,de GER,"DF,MF",de Bundesliga,21.0,2003.0,13.5,419,552,75.9,6940,2169,2,1.8,1.8,0.2,28,28,14,5,37,1412,de GER,"DF,MF",de Bundesliga,21.0,2003.0,13.5,552,461,88,17,1,1,38,47,24,13,4,0,419,3,12,1412,de GER,"DF,MF",de Bundesliga,21.0,2003.0,13.5,45,3.33,31,10,2,0,0,2,2,0.15,1412,de GER,"DF,MF",de Bundesliga,21.0,2003.0,13.5,32,18,14,12,6,21,57.1,9,12,1,11,17,49,15,0,1412,de GER,"DF,MF",de Bundesliga,21.0,2003.0,13.5,676,23,186,289,210,26,676,20,9,45.0,11,55.0,372,1784,822,25,17,6,21,8,403,57,1746,de GER,"DF,MF",de Bundesliga,21.0,2003.0,16,1217,76,39.8,13.5,15,80.0,5,1,20.0,1,1.06,12,18,-6,-0.44,0.58,13.0,20.5,-7.5,-0.56,1412,de GER,"DF,MF",de Bundesliga,21.0,2003.0,13.5,1,0,0,7,4,4,38,17,18,0,1,0,60,3,4,42.9,,,,,,,,,,,,,,,,,,,,,,,,,,,,,,,,,,,,,,,,,,,,,,,,,,,,,,DF,0.07395234182415776,0.14790468364831552,0.22185702547247327,0.04437140509449466,0.13311421528348397,0.8768450424541221,1,0.3401953810047833,0,0.4163078,0.462100088596344
1423,Sael Kumbedi,fr FRA,DF,Lyon,fr Ligue 1,19.0,2005.0,14,12,951,10.6,0,0,0,0,0,0,2,0,0.3,0.3,0.3,0.6,23,37,71,0.0,0.06,1423,fr FRA,DF,fr Ligue 1,19.0,2005.0,10.6,0,4,2,50.0,0.38,0.19,0.0,0.0,14.4,0,0,0,0.3,0.3,0.08,-0.3,-0.3,1423,fr FRA,DF,fr Ligue 1,19.0,2005.0,10.6,436,509,85.7,6027,1630,0,0.3,0.8,-0.3,5,19,14,2,37,1423,fr FRA,DF,fr Ligue 1,19.0,2005.0,10.6,509,447,61,5,1,0,14,56,0,0,0,0,436,1,11,1423,fr FRA,DF,fr Ligue 1,19.0,2005.0,10.6,15,1.42,13,0,0,1,1,0,4,0.38,1423,fr FRA,DF,fr Ligue 1,19.0,2005.0,10.6,28,14,11,13,4,20,70.0,6,11,3,8,8,36,32,1,1423,fr FRA,DF,fr Ligue 1,19.0,2005.0,10.6,629,28,181,269,180,20,629,22,9,40.9,12,54.5,324,1392,871,23,15,6,10,11,419,71,1759,fr FRA,DF,fr Ligue 1,19.0,2005.0,14,951,68,31.1,10.6,12,78.0,4,2,5.0,12,1.93,18,12,6,0.57,0.01,14.2,15.4,-1.3,-0.12,1423,fr FRA,DF,fr Ligue 1,19.0,2005.0,10.6,2,0,0,17,10,0,14,8,14,0,0,0,32,3,7,30.0,,,,,,,,,,,,,,,,,,,,,,,,,,,,,,,,,,,,,,,,,,,,,,,,,,,,,,DF,0.0,0.0,0.0,0.02839116719242902,0.02839116719242902,0.39625,0,0.2182740578449133,0,0.34934628,0.2535726726055145
1432,Rémy Labeau Lascary,gp GLP,"FW,MF",Lens,fr Ligue 1,21.0,2003.0,14,6,637,7.1,2,1,3,2,0,0,5,0,2.5,2.5,1.1,3.6,17,7,71,0.42,0.51,1432,gp GLP,"FW,MF",fr Ligue 1,21.0,2003.0,7.1,2,14,5,35.7,1.98,0.71,0.14,0.4,13.2,0,0,0,2.5,2.5,0.18,-0.5,-0.5,1432,gp GLP,"FW,MF",fr Ligue 1,21.0,2003.0,7.1,127,174,73.0,1772,335,1,1.1,0.6,-0.1,7,7,9,6,7,1432,gp GLP,"FW,MF",fr Ligue 1,21.0,2003.0,7.1,174,167,5,0,1,1,19,1,0,0,0,0,127,2,3,1432,gp GLP,"FW,MF",fr Ligue 1,21.0,2003.0,7.1,20,2.83,10,0,7,2,1,0,5,0.71,1432,gp GLP,"FW,MF",fr Ligue 1,21.0,2003.0,7.1,16,10,7,6,3,11,45.5,6,5,0,5,1,17,7,0,1432,gp GLP,"FW,MF",fr Ligue 1,21.0,2003.0,7.1,275,3,37,92,151,31,275,26,12,46.2,13,50.0,162,900,355,17,7,9,32,7,198,71,1769,gp GLP,"FW,MF",fr Ligue 1,21.0,2003.0,14,637,46,20.8,7.1,6,72.0,1,8,26.0,0,1.64,13,9,4,0.57,0.6,13.7,7.7,6.0,0.85,1432,gp GLP,"FW,MF",fr Ligue 1,21.0,2003.0,7.1,5,0,0,23,9,10,19,1,10,0,0,0,21,6,7,46.2,,,,,,,,,,,,,,,,,,,,,,,,,,,,,,,,,,,,,,,,,,,,,,,,,,,,,,MF,0.282574568288854,0.141287284144427,0.423861852433281,0.3532182103610675,0.15541601255886972,0.724399136577708,1,0.4524178161134057,0,0.4032503,0.460307240486145
1439,Yoel Lago,es ESP,DF,Celta Vigo,es La Liga,20.0,2004.0,8,7,583,6.5,0,1,1,0,0,0,2,0,0.0,0.0,0.1,0.1,1,31,0,0.15,0.02,1439,es ESP,DF,es La Liga,20.0,2004.0,6.5,0,0,0,,0.0,0.0,,,,0,0,0,0.0,0.0,,0.0,0.0,1439,es ESP,DF,es La Liga,20.0,2004.0,6.5,394,426,92.5,7470,2948,1,0.1,0.1,0.9,1,25,0,0,31,1439,es ESP,DF,es La Liga,20.0,2004.0,6.5,426,412,14,12,2,1,0,2,0,0,0,0,394,0,1,1439,es ESP,DF,es La Liga,20.0,2004.0,6.5,2,0.31,2,0,0,0,0,0,1,0.15,1439,es ESP,DF,es La Liga,20.0,2004.0,6.5,12,8,8,3,1,9,77.8,2,5,4,1,4,16,30,0,1439,es ESP,DF,es La Liga,20.0,2004.0,6.5,487,64,274,205,10,2,487,5,3,60.0,1,20.0,289,1403,776,1,3,0,5,1,360,0,1779,es ESP,DF,es La Liga,20.0,2004.0,8,583,73,17.0,6.5,7,81.0,5,1,14.0,8,1.25,12,14,-2,-0.31,-0.44,9.7,12.5,-2.8,-0.43,1439,es ESP,DF,es La Liga,20.0,2004.0,6.5,2,0,0,16,9,0,0,4,8,0,1,0,22,3,6,33.3,,,,,,,,,,,,,,,,,,,,,,,,,,,,,,,,,,,,,,,,,,,,,,,,,,,,,,DF,0.0,0.15437392795883362,0.15437392795883362,0.0,0.015437392795883364,0.5002065465980561,0,0.1009852350641338,0,0.3328208,0.18996430933475494
1451,Hugo Larsson,se SWE,MF,Eint Frankfurt,de Bundesliga,20.0,2004.0,33,28,2393,26.6,3,1,4,3,0,0,2,0,3.1,3.1,2.1,5.2,16,121,33,0.15,0.19,1451,se SWE,MF,de Bundesliga,20.0,2004.0,26.6,3,21,10,47.6,0.79,0.38,0.14,0.3,16.4,0,0,0,3.1,3.1,0.15,-0.1,-0.1,1451,se SWE,MF,de Bundesliga,20.0,2004.0,26.6,1080,1243,86.9,16893,4921,1,2.1,1.9,-1.1,21,89,19,3,121,1451,se SWE,MF,de Bundesliga,20.0,2004.0,26.6,1243,1212,27,22,2,5,8,5,0,0,0,0,1080,4,17,1451,se SWE,MF,de Bundesliga,20.0,2004.0,26.6,57,2.14,48,0,2,5,1,1,5,0.19,1451,se SWE,MF,de Bundesliga,20.0,2004.0,26.6,47,27,17,25,5,42,50.0,21,42,11,31,30,77,35,1,1451,se SWE,MF,de Bundesliga,20.0,2004.0,26.6,1478,79,425,797,265,26,1478,19,12,63.2,7,36.8,803,3137,1382,16,20,4,23,11,1006,33,1791,se SWE,MF,de Bundesliga,20.0,2004.0,33,2393,73,78.2,26.6,28,81.0,13,5,26.0,0,1.79,50,33,17,0.64,-0.04,48.3,37.5,10.8,0.41,1451,se SWE,MF,de Bundesliga,20.0,2004.0,26.6,2,0,0,21,5,2,8,30,27,0,1,0,121,13,14,48.1,,,,,,,,,,,,,,,,,,,,,,,,,,,,,,,,,,,,,,,,,,,,,,,,,,,,,,MF,0.11282908483075636,0.03760969494358546,0.15043877977434184,0.11659005432511492,0.07898035938152947,0.6380484747179274,0,0.6652908033624259,1,0.4847065,0.2604789137840271
1454,Roméo Lavia,be BEL,MF,Chelsea,eng Premier League,20.0,2004.0,16,11,797,8.9,0,1,1,0,0,0,4,0,0.3,0.3,0.7,1.0,3,31,7,0.11,0.11,1454,be BEL,MF,eng Premier League,20.0,2004.0,8.9,0,2,0,0.0,0.23,0.0,0.0,,18.8,0,0,0,0.3,0.3,0.13,-0.3,-0.3,1454,be BEL,MF,eng Premier League,20.0,2004.0,8.9,389,424,91.7,6552,1692,1,0.7,0.4,0.3,7,49,3,0,31,1454,be BEL,MF,eng Premier League,20.0,2004.0,8.9,424,419,3,3,3,3,0,0,0,0,0,0,389,2,1,1454,be BEL,MF,eng Premier League,20.0,2004.0,8.9,14,1.58,13,0,0,0,0,1,2,0.23,1454,be BEL,MF,eng Premier League,20.0,2004.0,8.9,22,13,5,13,4,21,47.6,11,6,0,6,16,38,10,1,1454,be BEL,MF,eng Premier League,20.0,2004.0,8.9,493,17,109,319,71,1,493,16,10,62.5,6,37.5,295,1373,567,3,9,0,3,7,359,7,1797,be BEL,MF,eng Premier League,20.0,2004.0,16,797,50,23.3,8.9,11,66.0,0,5,14.0,4,1.88,11,11,0,0.0,-0.72,11.7,14.7,-2.9,-0.33,1454,be BEL,MF,eng Premier League,20.0,2004.0,8.9,4,0,0,16,7,0,0,16,13,0,1,0,40,12,6,66.7,,,,,,,,,,,,,,,,,,,,,,,,,,,,,,,,,,,,,,,,,,,,,,,,,,,,,,MF,0.0,0.11292346298619824,0.11292346298619824,0.03387703889585947,0.07904642409033877,0.42509692597239646,0,0.07972914280460813,0,0.3178426,0.21116842329502106
1474,Félix Lemaréchal,fr FRA,"MF,FW",Strasbourg,fr Ligue 1,20.0,2003.0,27,20,1779,19.8,4,3,7,4,0,0,2,0,3.5,3.5,2.9,6.4,35,58,90,0.35,0.32,1474,fr FRA,"MF,FW",fr Ligue 1,20.0,2003.0,19.8,4,25,9,36.0,1.26,0.46,0.16,0.44,14.4,0,0,0,3.5,3.5,0.14,0.5,0.5,1474,fr FRA,"MF,FW",fr Ligue 1,20.0,2003.0,19.8,551,694,79.4,8118,1519,3,2.9,2.0,0.1,29,35,10,4,58,1474,fr FRA,"MF,FW",fr Ligue 1,20.0,2003.0,19.8,694,653,35,7,7,0,26,6,9,8,1,0,551,6,20,1474,fr FRA,"MF,FW",fr Ligue 1,20.0,2003.0,19.8,56,2.83,48,3,3,2,0,0,6,0.3,1474,fr FRA,"MF,FW",fr Ligue 1,20.0,2003.0,19.8,35,24,13,17,5,29,48.3,15,35,4,31,14,49,19,0,1474,fr FRA,"MF,FW",fr Ligue 1,20.0,2003.0,19.8,935,25,175,449,322,56,935,48,24,50.0,22,45.8,466,2489,1217,35,22,8,53,22,627,90,1820,fr FRA,"MF,FW",fr Ligue 1,20.0,2003.0,27,1779,66,58.1,19.8,20,80.0,8,7,27.0,5,1.74,33,20,13,0.66,0.73,31.5,31.3,0.2,0.01,1474,fr FRA,"MF,FW",fr Ligue 1,20.0,2003.0,19.8,2,0,0,30,12,3,26,14,24,0,0,0,62,14,25,35.9,,,,,,,,,,,,,,,,,,,,,,,,,,,,,,,,,,,,,,,,,,,,,,,,,,,,,,MF,0.20236087689713322,0.15177065767284992,0.35413153456998314,0.17706576728499157,0.14671163575042157,0.950652192242833,1,0.6575736220656273,1,0.54432327,0.694957971572876
1479,Giovanni Leoni,it ITA,DF,Parma,it Serie A,17.0,2006.0,17,14,1199,13.3,1,0,1,1,0,0,3,1,0.1,0.1,0.0,0.1,0,21,5,0.08,0.01,1479,it ITA,DF,it Serie A,17.0,2006.0,13.3,1,2,1,50.0,0.15,0.08,0.5,1.0,9.6,0,0,0,0.1,0.1,0.07,0.9,0.9,1479,it ITA,DF,it Serie A,17.0,2006.0,13.3,562,641,87.7,10423,3033,0,0.0,0.1,0.0,1,21,0,0,21,1479,it ITA,DF,it Serie A,17.0,2006.0,13.3,641,592,48,27,0,3,3,18,0,0,0,0,562,1,4,1479,it ITA,DF,it Serie A,17.0,2006.0,13.3,3,0.23,3,0,0,0,0,0,0,0.0,1479,it ITA,DF,it Serie A,17.0,2006.0,13.3,14,6,10,4,0,10,50.0,5,20,11,9,15,29,63,1,1479,it ITA,DF,it Serie A,17.0,2006.0,13.3,774,92,412,338,27,5,774,3,3,100.0,0,0.0,449,1838,802,0,2,0,6,2,492,5,1829,it ITA,DF,it Serie A,17.0,2006.0,17,1199,71,35.1,13.3,14,74.0,6,3,53.0,17,0.88,15,19,-4,-0.3,0.1,12.9,14.8,-1.9,-0.14,1479,it ITA,DF,it Serie A,17.0,2006.0,13.3,3,1,0,11,9,0,3,15,6,0,0,0,34,17,10,63.0,,,,,,,,,,,,,,,,,,,,,,,,,,,,,,,,,,,,,,,,,,,,,,,,,,,,,,DF,0.0750625521267723,0.0,0.0750625521267723,0.007506255212677232,0.0,0.6246875868779538,0,0.10593041099514658,0,0.32744986,0.18366070091724396
1481,Johann Lepenant,fr FRA,MF,Nantes,fr Ligue 1,21.0,2002.0,29,23,2048,22.8,2,1,3,2,0,0,3,0,1.4,1.4,0.9,2.3,25,89,62,0.13,0.1,1481,fr FRA,MF,fr Ligue 1,21.0,2002.0,22.8,2,20,5,25.0,0.88,0.22,0.1,0.4,17.1,0,0,0,1.4,1.4,0.07,0.6,0.6,1481,fr FRA,MF,fr Ligue 1,21.0,2002.0,22.8,582,725,80.3,8940,2329,1,0.9,1.8,0.1,8,70,12,1,89,1481,fr FRA,MF,fr Ligue 1,21.0,2002.0,22.8,725,703,21,3,2,0,16,8,1,1,0,0,582,1,30,1481,fr FRA,MF,fr Ligue 1,21.0,2002.0,22.8,37,1.63,32,0,2,1,1,1,6,0.26,1481,fr FRA,MF,fr Ligue 1,21.0,2002.0,22.8,68,33,30,27,11,71,45.1,39,35,3,32,18,86,25,0,1481,fr FRA,MF,fr Ligue 1,21.0,2002.0,22.8,992,32,171,533,294,36,992,36,18,50.0,16,44.4,502,2255,991,25,25,3,46,21,596,62,1831,fr FRA,MF,fr Ligue 1,21.0,2002.0,29,2048,71,66.9,22.8,23,86.0,12,6,11.0,1,1.17,27,34,-7,-0.31,0.23,26.4,35.8,-9.4,-0.41,1481,fr FRA,MF,fr Ligue 1,21.0,2002.0,22.8,3,0,0,51,38,1,16,18,33,0,0,0,89,20,18,52.6,,,,,,,,,,,,,,,,,,,,,,,,,,,,,,,,,,,,,,,,,,,,,,,,,,,,,,MF,0.087890625,0.0439453125,0.1318359375,0.06152343749999999,0.03955078125,0.62578125,0,0.628651221022728,1,0.534484,0.6076863408088684
1483,Louis Leroux,fr FRA,"MF,DF",Nantes,fr Ligue 1,18.0,2006.0,16,8,816,9.1,2,1,3,2,0,0,1,0,1.5,1.5,1.3,2.8,11,31,14,0.33,0.31,1483,fr FRA,"MF,DF",fr Ligue 1,18.0,2006.0,9.1,2,9,5,55.6,0.99,0.55,0.22,0.4,14.2,0,0,0,1.5,1.5,0.17,0.5,0.5,1483,fr FRA,"MF,DF",fr Ligue 1,18.0,2006.0,9.1,248,300,82.7,3997,1075,1,1.3,0.7,-0.3,12,13,8,0,31,1483,fr FRA,"MF,DF",fr Ligue 1,18.0,2006.0,9.1,300,282,18,3,0,1,6,13,0,0,0,0,248,0,8,1483,fr FRA,"MF,DF",fr Ligue 1,18.0,2006.0,9.1,30,3.31,22,0,3,1,1,3,3,0.33,1483,fr FRA,"MF,DF",fr Ligue 1,18.0,2006.0,9.1,25,18,10,12,3,22,72.7,6,22,2,20,8,33,19,1,1483,fr FRA,"MF,DF",fr Ligue 1,18.0,2006.0,9.1,411,19,101,224,98,14,411,20,8,40.0,11,55.0,214,1066,490,11,14,3,12,6,224,14,1833,fr FRA,"MF,DF",fr Ligue 1,18.0,2006.0,16,816,51,26.7,9.1,8,86.0,4,8,16.0,12,1.31,11,11,0,0.0,0.52,12.4,14.4,-2.0,-0.22,1483,fr FRA,"MF,DF",fr Ligue 1,18.0,2006.0,9.1,1,0,0,10,12,0,6,8,18,0,0,0,43,4,5,44.4,,,,,,,,,,,,,,,,,,,,,,,,,,,,,,,,,,,,,,,,,,,,,,,,,,,,,,DF,0.22058823529411764,0.11029411764705882,0.33088235294117646,0.16544117647058823,0.14338235294117646,0.8914705882352941,1,0.22158260634962837,0,0.32696697,0.3017999827861786
1486,Rico Lewis,eng ENG,"DF,MF",Manchester City,eng Premier League,19.0,2004.0,28,21,1893,21.0,1,2,3,1,0,0,5,1,1.4,1.4,0.3,1.7,39,107,78,0.14,0.08,1486,eng ENG,"DF,MF",eng Premier League,19.0,2004.0,21.0,1,10,2,20.0,0.48,0.1,0.1,0.5,15.8,0,0,0,1.4,1.4,0.14,-0.4,-0.4,1486,eng ENG,"DF,MF",eng Premier League,19.0,2004.0,21.0,1201,1312,91.5,17279,3228,2,0.3,1.0,1.7,7,92,14,0,107,1486,eng ENG,"DF,MF",eng Premier League,19.0,2004.0,21.0,1312,1185,127,25,3,0,6,102,0,0,0,0,1201,0,22,1486,eng ENG,"DF,MF",eng Premier League,19.0,2004.0,21.0,31,1.47,30,0,0,0,1,0,3,0.14,1486,eng ENG,"DF,MF",eng Premier League,19.0,2004.0,21.0,30,19,13,12,5,21,61.9,8,28,7,21,13,43,45,1,1486,eng ENG,"DF,MF",eng Premier League,19.0,2004.0,21.0,1477,53,289,727,477,46,1477,21,9,42.9,11,52.4,865,4215,2155,39,41,8,20,19,1061,78,1838,eng ENG,"DF,MF",eng Premier League,19.0,2004.0,28,1893,68,55.4,21.0,21,85.0,14,7,16.0,8,1.82,41,27,14,0.67,-0.16,37.0,27.2,9.8,0.46,1486,eng ENG,"DF,MF",eng Premier League,19.0,2004.0,21.0,5,1,1,12,34,0,6,13,19,0,0,0,95,6,14,30.0,,,,,,,,,,,,,,,,,,,,,,,,,,,,,,,,,,,,,,,,,,,,,,,,,,,,,,DF,0.04754358161648178,0.09508716323296355,0.14263074484944532,0.06656101426307448,0.014263074484944533,0.9877179080824089,1,0.7747294449194893,1,0.64090055,0.8235394954681396
1488,Myles Lewis-Skelly,eng ENG,DF,Arsenal,eng Premier League,17.0,2006.0,23,15,1369,15.2,1,0,1,1,0,0,3,2,0.2,0.2,0.4,0.6,37,71,37,0.07,0.04,1488,eng ENG,DF,eng Premier League,17.0,2006.0,15.2,1,3,1,33.3,0.2,0.07,0.33,1.0,14.7,0,0,0,0.2,0.2,0.05,0.8,0.8,1488,eng ENG,DF,eng Premier League,17.0,2006.0,15.2,708,776,91.2,10525,2307,0,0.4,0.5,-0.4,8,66,10,2,71,1488,eng ENG,DF,eng Premier League,17.0,2006.0,15.2,776,660,111,17,3,2,10,94,0,0,0,0,708,5,2,1488,eng ENG,DF,eng Premier League,17.0,2006.0,15.2,29,1.91,21,0,1,1,6,0,0,0.0,1488,eng ENG,DF,eng Premier League,17.0,2006.0,15.2,22,14,10,9,3,11,90.9,1,4,1,3,7,29,27,0,1488,eng ENG,DF,eng Premier League,17.0,2006.0,15.2,905,28,178,476,265,17,905,28,12,42.9,9,32.1,526,2692,1663,37,26,7,13,9,616,37,1840,eng ENG,DF,eng Premier League,17.0,2006.0,23,1369,60,40.0,15.2,15,80.0,7,8,20.0,9,1.96,26,16,10,0.66,-0.44,21.8,15.9,6.0,0.39,1488,eng ENG,DF,eng Premier League,17.0,2006.0,15.2,3,2,0,11,47,0,10,7,14,0,1,0,53,11,10,52.4,,,,,,,,,,,,,,,,,,,,,,,,,,,,,,,,,,,,,,,,,,,,,,,,,,,,,,DF,0.06574141709276844,0.0,0.06574141709276844,0.01314828341855369,0.02629656683710738,0.679985695154614,0,0.3246040270965681,0,0.43942997,0.47707879543304443
1500,Valentino Livramento,eng ENG,DF,Newcastle Utd,eng Premier League,21.0,2002.0,37,32,2840,31.6,0,1,1,0,0,0,1,0,0.3,0.3,2.6,2.9,83,158,119,0.03,0.09,1500,eng ENG,DF,eng Premier League,21.0,2002.0,31.6,0,6,2,33.3,0.19,0.06,0.0,0.0,19.7,0,0,0,0.3,0.3,0.05,-0.3,-0.3,1500,eng ENG,DF,eng Premier League,21.0,2002.0,31.6,1403,1643,85.4,20773,6686,1,2.6,2.7,-1.6,25,108,28,6,158,1500,eng ENG,DF,eng Premier League,21.0,2002.0,31.6,1643,1387,251,17,1,1,52,233,1,0,0,0,1403,5,27,1500,eng ENG,DF,eng Premier League,21.0,2002.0,31.6,45,1.43,43,0,0,1,1,0,2,0.06,1500,eng ENG,DF,eng Premier League,21.0,2002.0,31.6,54,36,35,15,4,59,54.2,27,37,11,26,23,77,108,1,1500,eng ENG,DF,eng Premier League,21.0,2002.0,31.6,1964,119,619,894,482,41,1964,56,25,44.6,23,41.1,1023,6333,3316,83,42,13,32,39,1144,119,1853,eng ENG,DF,eng Premier League,21.0,2002.0,37,2840,77,83.0,31.6,32,85.0,25,5,26.0,0,1.7,58,40,18,0.57,0.1,52.1,37.3,14.8,0.47,1500,eng ENG,DF,eng Premier League,21.0,2002.0,31.6,1,0,0,6,35,2,52,23,36,0,0,0,189,27,35,43.5,,,,,,,,,,,,,,,,,,,,,,,,,,,,,,,,,,,,,,,,,,,,,,,,,,,,,,DF,0.0,0.03169014084507042,0.03169014084507042,0.009507042253521126,0.0823943661971831,0.8028169014084507,1,0.9034647160092765,1,0.64090055,0.8339694738388062
1520,Fermin López,es ESP,"MF,FW",Barcelona,es La Liga,21.0,2003.0,28,12,1252,13.9,6,5,11,6,0,0,4,1,5.6,5.6,3.9,9.5,31,79,108,0.79,0.69,1520,es ESP,"MF,FW",es La Liga,21.0,2003.0,13.9,6,41,15,36.6,2.95,1.08,0.15,0.4,18.0,0,0,0,5.6,5.6,0.14,0.4,0.4,1520,es ESP,"MF,FW",es La Liga,21.0,2003.0,13.9,552,675,81.8,8398,2128,5,3.9,4.3,1.1,29,65,20,6,79,1520,es ESP,"MF,FW",es La Liga,21.0,2003.0,13.9,675,624,48,6,8,5,47,4,28,12,2,1,552,3,12,1520,es ESP,"MF,FW",es La Liga,21.0,2003.0,13.9,57,4.1,39,5,6,4,1,2,7,0.5,1520,es ESP,"MF,FW",es La Liga,21.0,2003.0,13.9,19,15,3,9,7,32,25.0,24,11,0,11,5,24,3,0,1520,es ESP,"MF,FW",es La Liga,21.0,2003.0,13.9,858,5,58,366,441,59,858,55,25,45.5,26,47.3,490,2516,1137,31,22,12,36,16,649,108,1879,es ESP,"MF,FW",es La Liga,21.0,2003.0,28,1252,45,36.6,13.9,12,69.0,4,16,27.0,3,2.32,31,15,16,1.15,-0.8,30.2,14.4,15.8,1.14,1520,es ESP,"MF,FW",es La Liga,21.0,2003.0,13.9,4,1,0,27,21,5,47,5,15,0,0,0,66,9,18,33.3,,,,,,,,,,,,,,,,,,,,,,,,,,,,,,,,,,,,,,,,,,,,,,,,,,,,,,MF,0.43130990415335463,0.35942492012779553,0.7907348242811502,0.40255591054313095,0.2803514376996805,1.4631597444089455,1,0.5869489393584737,1,0.5024572,0.5233632922172546
1529,Tom Louchet,fr FRA,"DF,MF",Nice,fr Ligue 1,21.0,2003.0,22,7,775,8.6,1,0,1,1,0,0,1,0,0.8,0.8,1.2,1.9,19,36,37,0.12,0.22,1529,fr FRA,"DF,MF",fr Ligue 1,21.0,2003.0,8.6,1,12,4,33.3,1.39,0.46,0.08,0.25,20.0,1,0,0,0.8,0.8,0.07,0.2,0.2,1529,fr FRA,"DF,MF",fr Ligue 1,21.0,2003.0,8.6,371,454,81.7,5712,2114,0,1.2,1.3,-1.2,14,28,9,2,36,1529,fr FRA,"DF,MF",fr Ligue 1,21.0,2003.0,8.6,454,377,74,13,0,0,35,53,8,3,4,0,371,3,10,1529,fr FRA,"DF,MF",fr Ligue 1,21.0,2003.0,8.6,31,3.6,21,2,1,5,0,2,1,0.12,1529,fr FRA,"DF,MF",fr Ligue 1,21.0,2003.0,8.6,27,17,17,5,5,23,73.9,6,12,4,8,18,45,20,0,1529,fr FRA,"DF,MF",fr Ligue 1,21.0,2003.0,8.6,579,24,168,243,174,23,579,13,4,30.8,8,61.5,246,1230,657,19,9,3,12,7,317,37,1891,fr FRA,"DF,MF",fr Ligue 1,21.0,2003.0,22,775,35,25.3,8.6,7,80.0,3,15,14.0,8,1.86,20,11,9,1.05,0.41,17.9,10.7,7.2,0.84,1529,fr FRA,"DF,MF",fr Ligue 1,21.0,2003.0,8.6,1,0,0,8,9,0,35,18,17,0,0,0,36,11,3,78.6,,,,,,,,,,,,,,,,,,,,,,,,,,,,,,,,,,,,,,,,,,,,,,,,,,,,,,DF,0.11612903225806452,0.0,0.11612903225806452,0.09290322580645162,0.1393548387096774,0.5164650537634409,0,0.22075748976112147,0,0.32554767,0.24563130736351013
1539,Castello Lukeba,fr FRA,DF,RB Leipzig,de Bundesliga,21.0,2002.0,23,18,1577,17.5,0,0,0,0,0,0,2,0,0.4,0.4,0.2,0.6,18,80,23,0.0,0.04,1539,fr FRA,DF,de Bundesliga,21.0,2002.0,17.5,0,4,1,25.0,0.23,0.06,0.0,0.0,15.6,0,0,0,0.4,0.4,0.1,-0.4,-0.4,1539,fr FRA,DF,de Bundesliga,21.0,2002.0,17.5,1054,1238,85.1,17686,7070,0,0.2,0.5,-0.2,4,90,7,1,80,1539,fr FRA,DF,de Bundesliga,21.0,2002.0,17.5,1238,1155,82,23,0,9,11,55,0,0,0,0,1054,1,22,1539,fr FRA,DF,de Bundesliga,21.0,2002.0,17.5,17,0.97,14,1,2,0,0,0,1,0.06,1539,fr FRA,DF,de Bundesliga,21.0,2002.0,17.5,31,17,15,12,4,24,70.8,7,29,12,17,17,48,74,0,1539,fr FRA,DF,de Bundesliga,21.0,2002.0,17.5,1445,125,557,772,132,14,1445,32,20,62.5,8,25.0,806,3545,1925,18,21,2,20,11,993,23,1904,fr FRA,DF,de Bundesliga,21.0,2002.0,23,1577,69,51.5,17.5,18,83.0,12,5,15.0,1,1.65,31,23,8,0.46,0.64,25.0,22.7,2.3,0.13,1539,fr FRA,DF,de Bundesliga,21.0,2002.0,17.5,2,0,0,12,15,0,11,17,17,0,0,0,74,26,13,66.7,,,,,,,,,,,,,,,,,,,,,,,,,,,,,,,,,,,,,,,,,,,,,,,,,,,,,,DF,0.0,0.0,0.0,0.022828154724159798,0.011414077362079899,0.6570833333333332,0,0.6697582864691023,1,0.5113668,0.8041417598724365
1565,Soungoutou Magassa,fr FRA,MF,Monaco,fr Ligue 1,20.0,2003.0,21,12,1025,11.4,0,1,1,0,0,0,5,1,0.5,0.5,0.9,1.4,6,63,11,0.09,0.12,1565,fr FRA,MF,fr Ligue 1,20.0,2003.0,11.4,0,8,3,37.5,0.7,0.26,0.0,0.0,19.0,0,0,0,0.5,0.5,0.06,-0.5,-0.5,1565,fr FRA,MF,fr Ligue 1,20.0,2003.0,11.4,540,638,84.6,9268,2731,1,0.9,0.7,0.1,7,67,10,2,63,1565,fr FRA,MF,fr Ligue 1,20.0,2003.0,11.4,638,621,13,13,4,7,7,0,0,0,0,0,540,4,9,1565,fr FRA,MF,fr Ligue 1,20.0,2003.0,11.4,19,1.67,19,0,0,0,0,0,1,0.09,1565,fr FRA,MF,fr Ligue 1,20.0,2003.0,11.4,47,25,14,27,6,46,54.3,21,16,3,13,21,68,19,1,1565,fr FRA,MF,fr Ligue 1,20.0,2003.0,11.4,781,29,164,519,107,8,781,23,15,65.2,6,26.1,386,1720,749,6,9,1,12,13,500,11,1933,fr FRA,MF,fr Ligue 1,20.0,2003.0,21,1025,49,33.5,11.4,12,73.0,4,9,16.0,4,1.86,19,19,0,0.0,-0.97,22.4,15.9,6.5,0.57,1565,fr FRA,MF,fr Ligue 1,20.0,2003.0,11.4,5,1,0,28,20,0,7,21,25,0,0,0,90,13,21,38.2,,,,,,,,,,,,,,,,,,,,,,,,,,,,,,,,,,,,,,,,,,,,,,,,,,,,,,MF,0.0,0.08780487804878048,0.08780487804878048,0.04390243902439024,0.07902439024390244,0.43185975609756094,0,0.1586789161919373,0,0.33662874,0.21684318780899048
1575,Kobbie Mainoo,eng ENG,MF,Manchester Utd,eng Premier League,19.0,2005.0,25,19,1651,18.3,0,0,0,0,0,0,5,0,0.7,0.7,1.6,2.3,22,65,47,0.0,0.12,1575,eng ENG,MF,eng Premier League,19.0,2005.0,18.3,0,15,2,13.3,0.82,0.11,0.0,0.0,20.5,0,0,0,0.7,0.7,0.05,-0.7,-0.7,1575,eng ENG,MF,eng Premier League,19.0,2005.0,18.3,723,836,86.5,9649,2346,0,1.6,1.8,-1.6,14,50,12,1,65,1575,eng ENG,MF,eng Premier League,19.0,2005.0,18.3,836,808,23,13,2,4,7,6,0,0,0,0,723,5,17,1575,eng ENG,MF,eng Premier League,19.0,2005.0,18.3,34,1.85,29,0,4,0,1,0,3,0.16,1575,eng ENG,MF,eng Premier League,19.0,2005.0,18.3,46,29,18,14,14,40,60.0,16,16,2,14,19,65,14,1,1575,eng ENG,MF,eng Premier League,19.0,2005.0,18.3,1061,25,197,587,287,36,1061,50,23,46.0,25,50.0,652,2850,1222,22,17,10,36,36,760,47,1945,eng ENG,MF,eng Premier League,19.0,2005.0,25,1651,66,48.3,18.3,19,76.0,8,6,35.0,1,1.0,19,27,-8,-0.44,-0.33,27.7,25.4,2.3,0.12,1575,eng ENG,MF,eng Premier League,19.0,2005.0,18.3,5,0,0,27,21,3,7,19,29,0,0,0,88,19,31,38.0,,,,,,,,,,,,,,,,,,,,,,,,,,,,,,,,,,,,,,,,,,,,,,,,,,,,,,MF,0.0,0.0,0.0,0.03815869170199879,0.08721986674742581,0.41275,0,0.5347514201682492,1,0.47255364,0.2946360409259796
1622,Luca Marianucci,it ITA,DF,Empoli,it Serie A,20.0,2004.0,18,12,1069,11.9,0,0,0,0,0,0,0,1,0.6,0.6,0.2,0.8,12,28,3,0.0,0.07,1622,it ITA,DF,it Serie A,20.0,2004.0,11.9,0,8,2,25.0,0.67,0.17,0.0,0.0,18.6,0,0,0,0.6,0.6,0.08,-0.6,-0.6,1622,it ITA,DF,it Serie A,20.0,2004.0,11.9,354,461,76.8,7473,3116,0,0.2,0.2,-0.2,3,29,2,1,28,1622,it ITA,DF,it Serie A,20.0,2004.0,11.9,461,414,43,18,0,9,7,17,0,0,0,0,354,4,4,1622,it ITA,DF,it Serie A,20.0,2004.0,11.9,12,1.01,6,2,2,2,0,0,0,0.0,1622,it ITA,DF,it Serie A,20.0,2004.0,11.9,28,12,17,11,0,19,57.9,8,16,8,8,19,47,63,1,1622,it ITA,DF,it Serie A,20.0,2004.0,11.9,609,64,290,286,35,5,609,10,5,50.0,3,30.0,299,1326,722,12,5,0,7,3,311,3,1998,it ITA,DF,it Serie A,20.0,2004.0,18,1069,59,31.3,11.9,12,84.0,9,6,10.0,17,0.94,7,16,-9,-0.76,-0.11,10.0,15.3,-5.3,-0.45,1622,it ITA,DF,it Serie A,20.0,2004.0,11.9,0,1,0,11,5,0,7,19,12,0,0,0,43,28,33,45.9,,,,,,,,,,,,,,,,,,,,,,,,,,,,,,,,,,,,,,,,,,,,,,,,,,,,,,DF,0.0,0.0,0.0,0.050514499532273154,0.01683816651075772,0.4454166666666667,0,0.1754031781016526,0,0.34741578,0.17647597193717957
1627,Pablo Marín,es ESP,MF,Real Sociedad,es La Liga,21.0,2003.0,23,14,1239,13.8,1,2,3,1,0,0,3,0,1.4,1.4,1.0,2.4,20,45,47,0.22,0.17,1627,es ESP,MF,es La Liga,21.0,2003.0,13.8,1,21,7,33.3,1.53,0.51,0.05,0.14,18.5,0,0,0,1.4,1.4,0.07,-0.4,-0.4,1627,es ESP,MF,es La Liga,21.0,2003.0,13.8,374,467,80.1,5952,1090,2,1.0,0.8,1.0,14,38,9,2,45,1627,es ESP,MF,es La Liga,21.0,2003.0,13.8,467,453,12,3,2,0,12,0,0,0,0,0,374,2,11,1627,es ESP,MF,es La Liga,21.0,2003.0,13.8,26,1.89,22,0,2,0,2,0,2,0.15,1627,es ESP,MF,es La Liga,21.0,2003.0,13.8,25,17,6,13,6,19,52.6,9,12,3,9,5,30,14,0,1627,es ESP,MF,es La Liga,21.0,2003.0,13.8,641,20,101,348,202,24,641,35,20,57.1,13,37.1,349,1703,753,20,20,6,40,17,419,47,2003,es ESP,MF,es La Liga,21.0,2003.0,23,1239,54,36.2,13.8,14,79.0,8,9,15.0,11,1.17,12,22,-10,-0.73,-0.69,15.3,18.3,-3.1,-0.22,1627,es ESP,MF,es La Liga,21.0,2003.0,13.8,3,0,0,19,16,0,12,5,17,0,1,0,62,18,26,40.9,,,,,,,,,,,,,,,,,,,,,,,,,,,,,,,,,,,,,,,,,,,,,,,,,,,,,,MF,0.07263922518159806,0.14527845036319612,0.2179176755447942,0.10169491525423727,0.07263922518159806,0.6729461259079903,0,0.4868651975925155,0,0.42734116,0.41223135590553284
1642,Jon Martin,es ESP,DF,Real Sociedad,es La Liga,18.0,2006.0,13,6,904,10.0,0,1,1,0,0,0,2,0,0.6,0.6,0.2,0.8,4,34,0,0.1,0.08,1642,es ESP,DF,es La Liga,18.0,2006.0,10.0,0,9,1,11.1,0.9,0.1,0.0,0.0,10.2,0,0,0,0.6,0.6,0.07,-0.6,-0.6,1642,es ESP,DF,es La Liga,18.0,2006.0,10.0,468,539,86.8,9130,2975,1,0.2,0.2,0.8,4,19,2,0,34,1642,es ESP,DF,es La Liga,18.0,2006.0,10.0,539,527,12,12,0,1,0,0,0,0,0,0,468,0,3,1642,es ESP,DF,es La Liga,18.0,2006.0,10.0,8,0.8,6,0,0,2,0,0,1,0.1,1642,es ESP,DF,es La Liga,18.0,2006.0,10.0,11,9,7,3,1,9,66.7,3,13,9,4,7,18,80,1,1642,es ESP,DF,es La Liga,18.0,2006.0,10.0,677,99,381,278,20,13,677,0,0,,0,,375,1871,1034,4,1,0,8,0,432,0,2021,es ESP,DF,es La Liga,18.0,2006.0,13,904,70,26.4,10.0,6,90.0,6,7,52.0,24,0.69,6,19,-13,-1.29,-1.37,8.2,14.4,-6.2,-0.62,1642,es ESP,DF,es La Liga,18.0,2006.0,10.0,2,0,0,20,0,0,0,7,9,0,0,0,22,53,9,85.5,,,,,,,,,,,,,,,,,,,,,,,,,,,,,,,,,,,,,,,,,,,,,,,,,,,,,,DF,0.0,0.09955752212389381,0.09955752212389381,0.05973451327433628,0.019911504424778764,0.5425958702064897,0,0.19889349816868265,0,0.3370032,0.19486145675182343
1644,Mario Martín,es ESP,MF,Valladolid,es La Liga,20.0,2004.0,30,20,1748,19.4,0,1,1,0,0,0,8,3,1.8,1.8,1.4,3.2,18,66,22,0.05,0.16,1644,es ESP,MF,es La Liga,20.0,2004.0,19.4,0,28,13,46.4,1.44,0.67,0.0,0.0,21.4,0,0,0,1.8,1.8,0.06,-1.8,-1.8,1644,es ESP,MF,es La Liga,20.0,2004.0,19.4,677,801,84.5,11986,2955,1,1.4,1.2,-0.4,12,52,3,1,66,1644,es ESP,MF,es La Liga,20.0,2004.0,19.4,801,761,38,25,2,4,11,2,1,1,0,0,677,2,14,1644,es ESP,MF,es La Liga,20.0,2004.0,19.4,33,1.7,20,1,3,3,6,0,1,0.05,1644,es ESP,MF,es La Liga,20.0,2004.0,19.4,62,32,31,27,4,49,42.9,28,32,7,25,21,83,46,7,1644,es ESP,MF,es La Liga,20.0,2004.0,19.4,1083,80,349,582,164,25,1083,38,19,50.0,15,39.5,558,3114,1352,18,16,2,37,23,673,22,2023,es ESP,MF,es La Liga,20.0,2004.0,30,1748,58,51.1,19.4,20,76.0,7,10,23.0,3,0.37,13,48,-35,-1.8,-0.24,17.7,32.1,-14.5,-0.74,1644,es ESP,MF,es La Liga,20.0,2004.0,19.4,8,3,1,50,44,1,11,21,32,0,1,0,83,31,34,47.7,,,,,,,,,,,,,,,,,,,,,,,,,,,,,,,,,,,,,,,,,,,,,,,,,,,,,,MF,0.0,0.05148741418764302,0.05148741418764302,0.09267734553775744,0.07208237986270022,0.5399748283752861,0,0.4616431853740254,0,0.46857187,0.2779705226421356
1646,Arnau Martinez,es ESP,"DF,MF",Girona,es La Liga,21.0,2003.0,32,30,2624,29.2,2,2,4,2,0,0,3,0,1.2,1.2,2.2,3.5,41,162,102,0.14,0.12,1646,es ESP,"DF,MF",es La Liga,21.0,2003.0,29.2,2,19,6,31.6,0.65,0.21,0.11,0.33,15.4,0,0,0,1.2,1.2,0.07,0.8,0.8,1646,es ESP,"DF,MF",es La Liga,21.0,2003.0,29.2,1603,1855,86.4,25826,6911,2,2.2,1.8,-0.2,18,155,14,4,162,1646,es ESP,"DF,MF",es La Liga,21.0,2003.0,29.2,1855,1590,258,44,6,5,58,213,1,0,1,0,1603,7,35,1646,es ESP,"DF,MF",es La Liga,21.0,2003.0,29.2,56,1.92,45,3,3,2,2,1,6,0.21,1646,es ESP,"DF,MF",es La Liga,21.0,2003.0,29.2,51,28,30,15,6,63,50.8,31,18,6,12,31,82,76,2,1646,es ESP,"DF,MF",es La Liga,21.0,2003.0,29.2,2108,89,625,1009,488,55,2108,37,20,54.1,14,37.8,1183,5730,2704,41,31,5,25,14,1402,102,2026,es ESP,"DF,MF",es La Liga,21.0,2003.0,32,2624,82,76.7,29.2,30,87.0,24,2,4.0,5,1.16,32,45,-13,-0.45,-0.11,31.3,39.2,-7.8,-0.27,1646,es ESP,"DF,MF",es La Liga,21.0,2003.0,29.2,3,0,0,20,37,2,58,31,28,0,1,0,125,29,22,56.9,,,,,,,,,,,,,,,,,,,,,,,,,,,,,,,,,,,,,,,,,,,,,,,,,,,,,,DF,0.06859756097560976,0.06859756097560976,0.13719512195121952,0.04115853658536585,0.07545731707317074,0.978658536585366,1,0.8790449973149091,1,0.64090055,0.8339694738388062
1669,Pape Matar Sarr,sn SEN,MF,Tottenham,eng Premier League,21.0,2002.0,36,22,1913,21.3,3,2,5,3,0,0,6,0,3.7,3.7,1.6,5.3,33,88,53,0.24,0.25,1669,sn SEN,MF,eng Premier League,21.0,2002.0,21.3,3,34,13,38.2,1.6,0.61,0.09,0.23,20.9,0,0,0,3.7,3.7,0.11,-0.7,-0.7,1669,sn SEN,MF,eng Premier League,21.0,2002.0,21.3,889,1029,86.4,13609,3128,2,1.6,0.8,0.4,15,85,12,2,88,1669,sn SEN,MF,eng Premier League,21.0,2002.0,21.3,1029,999,26,9,1,3,14,12,0,0,0,0,889,4,20,1669,sn SEN,MF,eng Premier League,21.0,2002.0,21.3,45,2.12,35,2,2,4,0,2,7,0.33,1669,sn SEN,MF,eng Premier League,21.0,2002.0,21.3,49,36,19,23,7,25,48.0,13,26,10,16,30,79,25,1,1669,sn SEN,MF,eng Premier League,21.0,2002.0,21.3,1253,47,274,699,302,28,1253,30,11,36.7,16,53.3,772,4547,1918,33,37,5,29,22,872,53,2051,sn SEN,MF,eng Premier League,21.0,2002.0,36,1913,53,55.9,21.3,22,70.0,6,14,27.0,2,0.97,34,38,-4,-0.19,-0.37,31.0,36.7,-5.7,-0.27,1669,sn SEN,MF,eng Premier League,21.0,2002.0,21.3,6,0,0,34,35,2,14,30,36,0,1,0,115,34,45,43.0,,,,,,,,,,,,,,,,,,,,,,,,,,,,,,,,,,,,,,,,,,,,,,,,,,,,,,MF,0.1411395713538944,0.09409304756926293,0.23523261892315733,0.17407213800313645,0.07527443805541036,0.7793256664924202,1,0.739836002839812,1,0.59455717,0.4903845191001892
1675,Jean Mattéo Bahoya,fr FRA,"MF,FW",Eint Frankfurt,de Bundesliga,19.0,2005.0,24,10,921,10.2,2,3,5,2,0,0,3,0,1.9,1.9,1.7,3.6,24,28,93,0.49,0.35,1675,fr FRA,"MF,FW",de Bundesliga,19.0,2005.0,10.2,2,10,3,30.0,0.98,0.29,0.2,0.67,17.1,0,0,0,1.9,1.9,0.19,0.1,0.1,1675,fr FRA,"MF,FW",de Bundesliga,19.0,2005.0,10.2,260,350,74.3,3692,1155,3,1.7,2.3,1.3,18,15,11,4,28,1675,fr FRA,"MF,FW",de Bundesliga,19.0,2005.0,10.2,350,327,23,6,1,1,31,6,8,5,0,0,260,0,12,1675,fr FRA,"MF,FW",de Bundesliga,19.0,2005.0,10.2,41,4.01,33,3,1,1,2,1,6,0.59,1675,fr FRA,"MF,FW",de Bundesliga,19.0,2005.0,10.2,29,18,11,13,5,26,61.5,10,14,2,12,4,33,10,1,1675,fr FRA,"MF,FW",de Bundesliga,19.0,2005.0,10.2,475,8,79,208,199,33,475,30,17,56.7,12,40.0,267,1692,796,24,14,10,19,17,293,93,2057,fr FRA,"MF,FW",de Bundesliga,19.0,2005.0,24,921,38,30.1,10.2,10,66.0,0,14,18.0,4,1.54,23,12,11,1.07,0.61,19.5,14.4,5.1,0.5,1675,fr FRA,"MF,FW",de Bundesliga,19.0,2005.0,10.2,3,0,0,9,7,2,31,4,18,0,0,0,51,13,7,65.0,,,,,,,,,,,,,,,,,,,,,,,,,,,,,,,,,,,,,,,,,,,,,,,,,,,,,,MF,0.19543973941368079,0.2931596091205212,0.48859934853420195,0.18566775244299674,0.16612377850162866,1.012008957654723,1,0.42658567756284055,0,0.4646392,0.4180487394332886
1676,Alan Matturro,uy URU,DF,Genoa,it Serie A,19.0,2004.0,13,9,900,10.0,0,0,0,0,0,0,2,0,0.2,0.2,0.2,0.4,12,15,9,0.0,0.04,1676,uy URU,DF,it Serie A,19.0,2004.0,10.0,0,4,3,75.0,0.4,0.3,0.0,0.0,15.2,0,0,0,0.2,0.2,0.05,-0.2,-0.2,1676,uy URU,DF,it Serie A,19.0,2004.0,10.0,280,359,78.0,5637,1806,0,0.2,0.3,-0.2,3,10,4,2,15,1676,uy URU,DF,it Serie A,19.0,2004.0,10.0,359,325,33,4,0,1,8,28,0,0,0,0,280,1,7,1676,uy URU,DF,it Serie A,19.0,2004.0,10.0,9,0.9,7,1,0,0,0,1,0,0.0,1676,uy URU,DF,it Serie A,19.0,2004.0,10.0,11,6,6,5,0,14,21.4,11,10,3,7,14,25,38,0,1676,uy URU,DF,it Serie A,19.0,2004.0,10.0,458,51,243,170,47,9,458,5,3,60.0,2,40.0,218,1207,646,12,5,1,6,3,260,9,2059,uy URU,DF,it Serie A,19.0,2004.0,13,900,69,26.3,10.0,9,90.0,9,4,23.0,12,1.15,7,13,-6,-0.6,-0.39,7.4,12.9,-5.6,-0.56,1676,uy URU,DF,it Serie A,19.0,2004.0,10.0,2,0,0,10,5,2,8,14,6,0,1,0,26,16,16,50.0,,,,,,,,,,,,,,,,,,,,,,,,,,,,,,,,,,,,,,,,,,,,,,,,,,,,,,DF,0.0,0.0,0.0,0.02,0.02,0.375,0,0.12407388311405158,0,0.34186476,0.17647597193717957
1682,Christian Mawissa,fr FRA,DF,Monaco,fr Ligue 1,19.0,2005.0,22,17,1501,16.7,0,0,0,0,0,0,3,0,0.1,0.1,0.0,0.1,13,44,10,0.0,0.01,1682,fr FRA,DF,fr Ligue 1,19.0,2005.0,16.7,0,1,1,100.0,0.06,0.06,0.0,0.0,13.5,0,0,0,0.1,0.1,0.07,-0.1,-0.1,1682,fr FRA,DF,fr Ligue 1,19.0,2005.0,16.7,827,945,87.5,13430,4378,0,0.0,0.1,0.0,1,51,0,0,44,1682,fr FRA,DF,fr Ligue 1,19.0,2005.0,16.7,945,902,43,12,0,0,3,20,0,0,0,0,827,0,12,1682,fr FRA,DF,fr Ligue 1,19.0,2005.0,16.7,7,0.42,6,0,0,0,1,0,0,0.0,1682,fr FRA,DF,fr Ligue 1,19.0,2005.0,16.7,42,29,27,13,2,44,59.1,18,25,6,19,26,68,48,1,1682,fr FRA,DF,fr Ligue 1,19.0,2005.0,16.7,1138,101,436,653,64,6,1138,28,10,35.7,16,57.1,718,3790,1745,13,12,1,18,11,768,10,2067,fr FRA,DF,fr Ligue 1,19.0,2005.0,22,1501,68,49.1,16.7,17,84.0,12,5,13.0,9,1.86,33,25,8,0.48,-0.33,33.6,20.1,13.5,0.81,1682,fr FRA,DF,fr Ligue 1,19.0,2005.0,16.7,3,0,0,19,7,0,3,26,29,0,1,0,70,31,18,63.3,,,,,,,,,,,,,,,,,,,,,,,,,,,,,,,,,,,,,,,,,,,,,,,,,,,,,,DF,0.0,0.0,0.0,0.005996002664890074,0.0,0.6254166666666667,0,0.48954856199426644,0,0.46339193,0.5226114988327026
1685,Senny Mayulu,fr FRA,MF,Paris S-G,fr Ligue 1,18.0,2006.0,20,8,808,9.0,2,2,4,2,0,0,1,0,2.9,2.9,2.1,4.9,29,46,56,0.45,0.55,1685,fr FRA,MF,fr Ligue 1,18.0,2006.0,9.0,2,25,8,32.0,2.78,0.89,0.08,0.25,15.9,0,0,0,2.9,2.9,0.12,-0.9,-0.9,1685,fr FRA,MF,fr Ligue 1,18.0,2006.0,9.0,404,460,87.8,6268,1045,2,2.1,2.0,-0.1,12,32,14,1,46,1685,fr FRA,MF,fr Ligue 1,18.0,2006.0,9.0,460,427,31,7,0,4,9,13,4,2,0,0,404,2,12,1685,fr FRA,MF,fr Ligue 1,18.0,2006.0,9.0,38,4.23,28,0,0,5,2,3,6,0.67,1685,fr FRA,MF,fr Ligue 1,18.0,2006.0,9.0,25,16,8,14,3,14,57.1,6,8,3,5,5,30,12,0,1685,fr FRA,MF,fr Ligue 1,18.0,2006.0,9.0,592,17,75,265,257,40,592,33,15,45.5,17,51.5,341,1753,765,29,19,8,21,21,438,56,2072,fr FRA,MF,fr Ligue 1,18.0,2006.0,20,808,40,26.4,9.0,8,81.0,4,12,13.0,9,2.4,26,9,17,1.89,0.29,28.9,8.2,20.7,2.31,1685,fr FRA,MF,fr Ligue 1,18.0,2006.0,9.0,1,0,0,20,18,0,9,5,16,0,0,0,32,1,10,9.1,,,,,,,,,,,,,,,,,,,,,,,,,,,,,,,,,,,,,,,,,,,,,,,,,,,,,,MF,0.22277227722772278,0.22277227722772278,0.44554455445544555,0.323019801980198,0.23391089108910892,0.8703168316831684,1,0.41784427831984183,0,0.4611927,0.3762308359146118
1690,Samuel Mbangula,be BEL,FW,Juventus,it Serie A,20.0,2004.0,23,7,709,7.9,3,3,6,3,0,0,1,0,0.6,0.6,1.4,2.0,25,17,44,0.76,0.25,1690,be BEL,FW,it Serie A,20.0,2004.0,7.9,3,9,5,55.6,1.14,0.63,0.33,0.6,18.7,0,0,0,0.6,0.6,0.07,2.4,2.4,1690,be BEL,FW,it Serie A,20.0,2004.0,7.9,230,269,85.5,3018,589,3,1.4,0.8,1.6,15,15,10,4,17,1690,be BEL,FW,it Serie A,20.0,2004.0,7.9,269,263,5,1,0,0,17,4,0,0,0,0,230,1,3,1690,be BEL,FW,it Serie A,20.0,2004.0,7.9,23,2.92,20,0,1,0,1,1,5,0.63,1690,be BEL,FW,it Serie A,20.0,2004.0,7.9,15,10,7,6,2,13,53.8,6,7,0,7,3,18,4,0,1690,be BEL,FW,it Serie A,20.0,2004.0,7.9,349,6,46,147,159,20,349,27,9,33.3,13,48.1,229,1362,711,25,11,7,13,10,270,44,2078,be BEL,FW,it Serie A,20.0,2004.0,23,709,31,20.7,7.9,7,72.0,1,16,13.0,13,1.65,16,6,10,1.27,0.84,10.7,6.6,4.1,0.52,1690,be BEL,FW,it Serie A,20.0,2004.0,7.9,1,0,0,6,14,0,17,3,10,1,0,0,33,2,7,22.2,,,,,,,,,,,,,,,,,,,,,,,,,,,,,,,,,,,,,,,,,,,,,,,,,,,,,,FW,0.38081805359661497,0.38081805359661497,0.7616361071932299,0.076163610719323,0.1777150916784203,0.8443351355586899,1,0.37524619639575135,0,0.40775293,0.0
1713,Mohamed Meité,fr FRA,FW,Rennes,fr Ligue 1,16.0,2007.0,12,5,544,6.0,2,0,2,2,0,0,0,0,2.5,2.5,0.6,3.1,8,6,37,0.33,0.51,1713,fr FRA,FW,fr Ligue 1,16.0,2007.0,6.0,2,15,5,33.3,2.48,0.83,0.13,0.4,10.8,0,0,0,2.5,2.5,0.16,-0.5,-0.5,1713,fr FRA,FW,fr Ligue 1,16.0,2007.0,6.0,62,94,66.0,781,184,0,0.6,0.4,-0.6,5,3,3,0,6,1713,fr FRA,FW,fr Ligue 1,16.0,2007.0,6.0,94,88,6,0,1,0,2,0,0,0,0,0,62,0,4,1713,fr FRA,FW,fr Ligue 1,16.0,2007.0,6.0,13,2.17,11,0,0,1,1,0,1,0.17,1713,fr FRA,FW,fr Ligue 1,16.0,2007.0,6.0,2,0,0,2,0,1,100.0,0,1,0,1,0,2,5,0,1713,fr FRA,FW,fr Ligue 1,16.0,2007.0,6.0,155,4,9,66,81,29,155,11,1,9.1,9,81.8,100,440,190,8,5,5,21,17,126,37,2108,fr FRA,FW,fr Ligue 1,16.0,2007.0,12,544,45,17.8,6.0,5,88.0,3,7,15.0,4,1.0,7,6,1,0.17,0.17,7.4,7.8,-0.4,-0.07,1713,fr FRA,FW,fr Ligue 1,16.0,2007.0,6.0,0,0,0,14,8,4,2,0,0,0,0,0,5,15,11,57.7,,,,,,,,,,,,,,,,,,,,,,,,,,,,,,,,,,,,,,,,,,,,,,,,,,,,,,FW,0.33088235294117646,0.0,0.33088235294117646,0.4136029411764706,0.09926470588235294,0.3827287581699346,0,0.5106257917181122,1,0.42457235,0.0
1720,Antoine Mendy,sn SEN,DF,Nice,fr Ligue 1,20.0,2004.0,18,8,825,9.2,0,0,0,0,0,0,2,0,0.6,0.6,0.1,0.7,12,35,15,0.0,0.07,1720,sn SEN,DF,fr Ligue 1,20.0,2004.0,9.2,0,9,1,11.1,0.98,0.11,0.0,0.0,14.4,0,0,0,0.6,0.6,0.07,-0.6,-0.6,1720,sn SEN,DF,fr Ligue 1,20.0,2004.0,9.2,394,486,81.1,6764,2080,0,0.1,0.3,-0.1,2,29,7,3,35,1720,sn SEN,DF,fr Ligue 1,20.0,2004.0,9.2,486,427,59,16,1,2,7,43,0,0,0,0,394,0,6,1720,sn SEN,DF,fr Ligue 1,20.0,2004.0,9.2,13,1.42,10,0,1,1,1,0,2,0.22,1720,sn SEN,DF,fr Ligue 1,20.0,2004.0,9.2,30,21,16,14,0,29,65.5,10,9,5,4,8,38,29,1,1720,sn SEN,DF,fr Ligue 1,20.0,2004.0,9.2,595,44,222,323,59,11,595,12,5,41.7,5,41.7,314,1608,871,12,10,1,11,4,365,15,2117,sn SEN,DF,fr Ligue 1,20.0,2004.0,18,825,46,27.0,9.2,8,76.0,4,10,22.0,10,1.89,19,10,9,0.98,0.34,15.4,11.9,3.5,0.38,1720,sn SEN,DF,fr Ligue 1,20.0,2004.0,9.2,2,0,0,13,9,0,7,8,21,0,0,0,48,17,13,56.7,,,,,,,,,,,,,,,,,,,,,,,,,,,,,,,,,,,,,,,,,,,,,,,,,,,,,,DF,0.0,0.0,0.0,0.06545454545454545,0.01090909090909091,0.34375,0,0.16172548492826538,0,0.32554767,0.18551722168922424
1729,Rafik Messali,fr FRA,DF,Toulouse,fr Ligue 1,21.0,2003.0,13,5,456,5.1,0,1,1,0,0,0,0,0,0.3,0.3,1.0,1.3,13,21,29,0.2,0.25,1729,fr FRA,DF,fr Ligue 1,21.0,2003.0,5.1,0,4,0,0.0,0.79,0.0,0.0,,15.1,0,0,0,0.3,0.3,0.07,-0.3,-0.3,1729,fr FRA,DF,fr Ligue 1,21.0,2003.0,5.1,166,227,73.1,2756,890,1,1.0,1.0,0.0,11,15,8,3,21,1729,fr FRA,DF,fr Ligue 1,21.0,2003.0,5.1,227,199,28,4,0,0,16,24,0,0,0,0,166,0,10,1729,fr FRA,DF,fr Ligue 1,21.0,2003.0,5.1,16,3.16,16,0,0,0,0,0,2,0.39,1729,fr FRA,DF,fr Ligue 1,21.0,2003.0,5.1,15,8,6,6,3,8,87.5,1,9,1,8,10,25,12,0,1729,fr FRA,DF,fr Ligue 1,21.0,2003.0,5.1,298,12,71,132,100,12,298,9,4,44.4,5,55.6,155,897,454,13,7,5,16,12,176,29,2126,fr FRA,DF,fr Ligue 1,21.0,2003.0,13,456,35,14.9,5.1,5,63.0,0,8,18.0,14,1.38,9,7,2,0.39,0.43,7.2,4.7,2.5,0.49,1729,fr FRA,DF,fr Ligue 1,21.0,2003.0,5.1,0,0,0,9,8,1,16,10,8,0,0,0,28,6,4,60.0,,,,,,,,,,,,,,,,,,,,,,,,,,,,,,,,,,,,,,,,,,,,,,,,,,,,,,DF,0.0,0.19736842105263158,0.19736842105263158,0.05921052631578947,0.19736842105263158,0.5189473684210526,0,0.2840882153785785,0,0.37781206,0.3539988696575165
1753,Lucas Mincarelli,fr FRA,DF,Montpellier,fr Ligue 1,20.0,2004.0,10,8,715,7.9,1,0,1,1,0,0,0,0,0.6,0.6,0.3,0.9,15,25,16,0.13,0.11,1753,fr FRA,DF,fr Ligue 1,20.0,2004.0,7.9,1,7,2,28.6,0.88,0.25,0.14,0.5,15.3,0,0,0,0.6,0.6,0.09,0.4,0.4,1753,fr FRA,DF,fr Ligue 1,20.0,2004.0,7.9,309,379,81.5,5124,1980,0,0.3,0.6,-0.3,3,24,2,2,25,1753,fr FRA,DF,fr Ligue 1,20.0,2004.0,7.9,379,331,47,13,0,0,21,24,5,4,0,0,309,1,6,1753,fr FRA,DF,fr Ligue 1,20.0,2004.0,7.9,6,0.75,4,1,1,0,0,0,0,0.0,1753,fr FRA,DF,fr Ligue 1,20.0,2004.0,7.9,17,10,6,9,2,13,46.2,7,8,5,3,9,26,27,0,1753,fr FRA,DF,fr Ligue 1,20.0,2004.0,7.9,462,35,181,207,77,8,462,5,1,20.0,4,80.0,255,1441,819,15,11,2,5,2,297,16,2160,fr FRA,DF,fr Ligue 1,20.0,2004.0,10,715,72,23.4,7.9,8,83.0,6,2,25.0,6,0.4,4,21,-17,-2.14,-0.64,5.0,16.0,-11.0,-1.39,1753,fr FRA,DF,fr Ligue 1,20.0,2004.0,7.9,0,0,0,5,5,0,21,9,10,0,0,0,25,5,9,35.7,,,,,,,,,,,,,,,,,,,,,,,,,,,,,,,,,,,,,,,,,,,,,,,,,,,,,,DF,0.1258741258741259,0.0,0.1258741258741259,0.07552447552447553,0.03776223776223776,0.5077068764568765,0,0.12940774976048877,0,0.33002922,0.19108428061008453
1757,Yankuba Minteh,gm GAM,"FW,MF",Brighton,eng Premier League,20.0,2004.0,32,20,1838,20.4,6,4,10,6,0,0,6,0,4.1,4.1,5.0,9.1,90,48,201,0.49,0.44,1757,gm GAM,"FW,MF",eng Premier League,20.0,2004.0,20.4,6,34,16,47.1,1.66,0.78,0.18,0.38,13.8,0,0,0,4.1,4.1,0.12,1.9,1.9,1757,gm GAM,"FW,MF",eng Premier League,20.0,2004.0,20.4,348,557,62.5,5531,1843,4,5.0,5.0,-1.0,29,14,36,9,48,1757,gm GAM,"FW,MF",eng Premier League,20.0,2004.0,20.4,557,510,45,9,4,4,91,20,16,7,6,0,348,2,36,1757,gm GAM,"FW,MF",eng Premier League,20.0,2004.0,20.4,64,3.14,37,8,13,3,2,1,13,0.64,1757,gm GAM,"FW,MF",eng Premier League,20.0,2004.0,20.4,48,35,25,13,10,45,37.8,28,22,0,22,11,59,31,0,1757,gm GAM,"FW,MF",eng Premier League,20.0,2004.0,20.4,836,30,135,228,491,146,836,98,46,46.9,43,43.9,481,3573,2105,90,24,67,53,28,511,201,2165,gm GAM,"FW,MF",eng Premier League,20.0,2004.0,32,1838,57,53.7,20.4,20,78.0,3,12,24.0,1,1.59,37,33,4,0.2,0.03,34.5,27.6,6.9,0.34,1757,gm GAM,"FW,MF",eng Premier League,20.0,2004.0,20.4,6,0,0,21,11,6,91,11,35,0,0,0,85,17,34,33.3,,,,,,,,,,,,,,,,,,,,,,,,,,,,,,,,,,,,,,,,,,,,,,,,,,,,,,MF,0.29379760609357997,0.19586507072905332,0.4896626768226333,0.20076169749727962,0.24483133841131666,1.1355277475516867,1,0.6644819231137334,1,0.54125214,0.7655667662620544
1761,Fabio Miretti,it ITA,"MF,FW",Genoa,it Serie A,20.0,2003.0,25,22,1677,18.6,3,3,6,3,0,0,2,0,3.1,3.1,2.0,5.1,33,54,100,0.32,0.27,1761,it ITA,"MF,FW",it Serie A,20.0,2003.0,18.6,3,24,6,25.0,1.29,0.32,0.13,0.5,17.4,1,0,0,3.1,3.1,0.13,-0.1,-0.1,1761,it ITA,"MF,FW",it Serie A,20.0,2003.0,18.6,422,567,74.4,7280,2006,3,2.0,2.1,1.0,22,24,13,2,54,1761,it ITA,"MF,FW",it Serie A,20.0,2003.0,18.6,567,494,67,20,5,8,61,7,33,7,22,0,422,6,14,1761,it ITA,"MF,FW",it Serie A,20.0,2003.0,18.6,53,2.84,29,11,4,5,4,0,6,0.32,1761,it ITA,"MF,FW",it Serie A,20.0,2003.0,18.6,28,15,6,14,8,33,54.5,15,20,1,19,7,35,13,2,1761,it ITA,"MF,FW",it Serie A,20.0,2003.0,18.6,847,15,137,407,316,56,847,73,25,34.2,38,52.1,461,2721,1209,33,22,14,63,36,549,100,2169,it ITA,"MF,FW",it Serie A,20.0,2003.0,25,1677,67,49.0,18.6,22,72.0,2,3,31.0,2,1.12,15,23,-8,-0.43,-0.22,17.2,19.8,-2.7,-0.14,1761,it ITA,"MF,FW",it Serie A,20.0,2003.0,18.6,2,0,0,23,53,2,61,7,15,0,0,0,85,11,23,32.4,,,,,,,,,,,,,,,,,,,,,,,,,,,,,,,,,,,,,,,,,,,,,,,,,,,,,,MF,0.16100178890876565,0.16100178890876565,0.3220035778175313,0.16636851520572452,0.1073345259391771,0.9022553667262969,1,0.5766770187873422,1,0.53433025,0.6257808804512024
1775,Alberto Moleiro,es ESP,"FW,MF",Las Palmas,es La Liga,20.0,2003.0,35,32,2714,30.2,6,1,7,6,0,0,5,0,5.6,5.6,3.3,8.9,97,116,179,0.23,0.3,1775,es ESP,"FW,MF",es La Liga,20.0,2003.0,30.2,6,68,24,35.3,2.25,0.8,0.09,0.25,19.0,0,0,0,5.6,5.6,0.08,0.4,0.4,1775,es ESP,"FW,MF",es La Liga,20.0,2003.0,30.2,845,1039,81.3,11961,2734,1,3.3,3.6,-2.3,41,75,29,5,116,1775,es ESP,"FW,MF",es La Liga,20.0,2003.0,30.2,1039,1006,30,11,9,1,32,11,2,0,1,0,845,3,24,1775,es ESP,"FW,MF",es La Liga,20.0,2003.0,30.2,106,3.52,76,0,17,7,5,1,6,0.2,1775,es ESP,"FW,MF",es La Liga,20.0,2003.0,30.2,27,12,12,14,1,48,37.5,30,24,0,24,18,45,8,0,1775,es ESP,"FW,MF",es La Liga,20.0,2003.0,30.2,1416,4,153,682,607,102,1416,150,64,42.7,78,52.0,946,5912,3126,97,71,28,76,48,1097,179,2186,es ESP,"FW,MF",es La Liga,20.0,2003.0,35,2714,78,79.4,30.2,32,81.0,16,3,40.0,1,0.83,35,48,-13,-0.43,0.59,31.1,50.5,-19.4,-0.64,1775,es ESP,"FW,MF",es La Liga,20.0,2003.0,30.2,5,0,0,31,40,2,32,18,12,0,0,0,132,5,22,18.5,,,,,,,,,,,,,,,,,,,,,,,,,,,,,,,,,,,,,,,,,,,,,,,,,,,,,,MF,0.19896831245394253,0.03316138540899042,0.23212969786293294,0.18570375829034635,0.10943257184966837,0.7152910832719234,1,0.8623417897593023,1,0.6822205,0.7244676947593689
1785,Diego Moreira,pt POR,"DF,MF",Strasbourg,fr Ligue 1,19.0,2004.0,32,29,2568,28.5,2,7,9,2,0,0,4,1,2.0,2.0,7.3,9.3,99,87,245,0.32,0.33,1785,pt POR,"DF,MF",fr Ligue 1,19.0,2004.0,28.5,2,25,8,32.0,0.88,0.28,0.08,0.25,16.0,1,0,0,2.0,2.0,0.08,0.0,0.0,1785,pt POR,"DF,MF",fr Ligue 1,19.0,2004.0,28.5,1028,1327,77.5,16315,3941,7,7.3,7.4,-0.3,30,30,37,10,87,1785,pt POR,"DF,MF",fr Ligue 1,19.0,2004.0,28.5,1327,1170,152,27,7,6,93,116,9,4,3,0,1028,5,30,1785,pt POR,"DF,MF",fr Ligue 1,19.0,2004.0,28.5,67,2.35,44,5,10,4,2,2,10,0.35,1785,pt POR,"DF,MF",fr Ligue 1,19.0,2004.0,28.5,44,28,17,19,8,50,48.0,26,23,4,19,35,79,65,0,1785,pt POR,"DF,MF",fr Ligue 1,19.0,2004.0,28.5,1701,82,408,736,588,81,1701,125,57,45.6,59,47.2,953,5886,3285,99,63,36,65,33,1098,245,2202,pt POR,"DF,MF",fr Ligue 1,19.0,2004.0,32,2568,80,83.9,28.5,29,85.0,16,3,32.0,0,1.72,47,35,12,0.42,0.42,40.9,44.5,-3.6,-0.13,1785,pt POR,"DF,MF",fr Ligue 1,19.0,2004.0,28.5,4,1,0,26,35,2,93,35,28,0,1,0,139,27,29,48.2,,,,,,,,,,,,,,,,,,,,,,,,,,,,,,,,,,,,,,,,,,,,,,,,,,,,,,DF,0.07009345794392523,0.24532710280373832,0.31542056074766356,0.07009345794392523,0.2558411214953271,1.2757009345794392,1,0.9025429551703777,1,0.6887443,0.8339694738388062
1793,Ilaix Moriba,gn GUI,MF,Celta Vigo,es La Liga,21.0,2003.0,33,22,2132,23.7,1,1,2,1,0,0,9,1,1.7,1.7,1.5,3.2,34,119,64,0.08,0.14,1793,gn GUI,MF,es La Liga,21.0,2003.0,23.7,1,34,11,32.4,1.44,0.46,0.03,0.09,23.7,0,0,0,1.7,1.7,0.05,-0.7,-0.7,1793,gn GUI,MF,es La Liga,21.0,2003.0,23.7,843,984,85.7,13441,3569,1,1.5,2.4,-0.5,20,107,19,2,119,1793,gn GUI,MF,es La Liga,21.0,2003.0,23.7,984,953,27,22,3,11,6,4,0,0,0,0,843,4,7,1793,gn GUI,MF,es La Liga,21.0,2003.0,23.7,55,2.32,40,0,2,5,4,4,5,0.21,1793,gn GUI,MF,es La Liga,21.0,2003.0,23.7,68,42,24,30,14,57,56.1,25,29,4,25,14,82,33,1,1793,gn GUI,MF,es La Liga,21.0,2003.0,23.7,1305,36,218,740,364,39,1305,49,15,30.6,21,42.9,769,3643,1535,34,36,9,51,25,905,64,2212,gn GUI,MF,es La Liga,21.0,2003.0,33,2132,65,62.3,23.7,22,83.0,13,11,28.0,3,1.3,37,34,3,0.13,0.2,32.5,28.1,4.5,0.19,1793,gn GUI,MF,es La Liga,21.0,2003.0,23.7,9,1,1,32,58,2,6,14,42,1,0,0,108,24,25,49.0,,,,,,,,,,,,,,,,,,,,,,,,,,,,,,,,,,,,,,,,,,,,,,,,,,,,,,MF,0.04221388367729831,0.04221388367729831,0.08442776735459662,0.07176360225140713,0.06332082551594746,0.5766416510318949,0,0.7133559077053847,1,0.58914804,0.48902907967567444
1796,Raúl Moro,es ESP,"MF,FW",Valladolid,es La Liga,21.0,2002.0,33,26,2341,26.0,4,5,9,4,0,0,2,0,4.1,4.1,5.7,9.8,112,81,190,0.35,0.38,1796,es ESP,"MF,FW",es La Liga,21.0,2002.0,26.0,4,46,16,34.8,1.77,0.62,0.09,0.25,17.8,0,0,0,4.1,4.1,0.09,-0.1,-0.1,1796,es ESP,"MF,FW",es La Liga,21.0,2002.0,26.0,517,797,64.9,10214,3063,5,5.7,5.5,-0.7,44,41,38,22,81,1796,es ESP,"MF,FW",es La Liga,21.0,2002.0,26.0,797,692,100,18,7,14,149,31,51,18,12,1,517,5,32,1796,es ESP,"MF,FW",es La Liga,21.0,2002.0,26.0,94,3.61,57,13,19,1,3,1,9,0.35,1796,es ESP,"MF,FW",es La Liga,21.0,2002.0,26.0,22,13,15,4,3,32,40.6,19,8,0,8,10,32,20,1,1796,es ESP,"MF,FW",es La Liga,21.0,2002.0,26.0,1050,17,124,389,559,108,1050,132,57,43.2,67,50.8,607,5692,2999,112,69,60,47,11,713,190,2215,es ESP,"MF,FW",es La Liga,21.0,2002.0,33,2341,71,68.5,26.0,26,81.0,15,7,34.0,0,0.48,19,53,-34,-1.31,1.2,26.7,43.4,-16.6,-0.64,1796,es ESP,"MF,FW",es La Liga,21.0,2002.0,26.0,2,0,0,4,16,12,149,10,13,0,0,0,85,8,16,33.3,,,,,,,,,,,,,,,,,,,,,,,,,,,,,,,,,,,,,,,,,,,,,,,,,,,,,,MF,0.1537804357112345,0.19222554463904315,0.34600598035027763,0.15762494660401535,0.21913712088850917,0.9882315249893208,1,0.7874997302221207,1,0.6262115,0.7461574673652649
1799,Cristhian Mosquera,es ESP,DF,Valencia,es La Liga,20.0,2004.0,37,37,3319,36.9,1,0,1,1,0,0,6,0,0.4,0.4,0.0,0.4,35,123,6,0.03,0.01,1799,es ESP,DF,es La Liga,20.0,2004.0,36.9,1,5,2,40.0,0.14,0.05,0.2,0.5,10.5,0,0,0,0.4,0.4,0.08,0.6,0.6,1799,es ESP,DF,es La Liga,20.0,2004.0,36.9,1858,2053,90.5,32827,11556,0,0.0,0.3,0.0,0,118,1,0,123,1799,es ESP,DF,es La Liga,20.0,2004.0,36.9,2053,1931,117,57,0,6,2,49,0,0,0,0,1858,5,9,1799,es ESP,DF,es La Liga,20.0,2004.0,36.9,14,0.38,12,0,0,0,0,2,1,0.03,1799,es ESP,DF,es La Liga,20.0,2004.0,36.9,56,36,41,13,2,40,77.5,9,37,24,13,35,91,128,4,1799,es ESP,DF,es La Liga,20.0,2004.0,36.9,2367,233,1159,1144,74,7,2367,9,5,55.6,4,44.4,1401,7430,4283,35,11,0,18,10,1583,6,2221,es ESP,DF,es La Liga,20.0,2004.0,37,3319,90,97.0,36.9,37,90.0,36,0,,0,1.24,43,47,-4,-0.11,5.24,41.4,47.2,-5.8,-0.16,1799,es ESP,DF,es La Liga,20.0,2004.0,36.9,6,0,0,14,26,0,2,35,36,0,3,0,190,41,51,44.6,,,,,,,,,,,,,,,,,,,,,,,,,,,,,,,,,,,,,,,,,,,,,,,,,,,,,,DF,0.027116601385959626,0.0,0.027116601385959626,0.010846640554383852,0.0,0.795194335643266,1,0.8152299048612122,1,0.6121353,0.8339694738388062
1803,Yael Mouanga,fr FRA,DF,Montpellier,fr Ligue 1,19.0,2005.0,14,10,946,10.5,0,0,0,0,0,0,3,0,0.1,0.1,0.2,0.3,4,22,2,0.0,0.03,1803,fr FRA,DF,fr Ligue 1,19.0,2005.0,10.5,0,1,0,0.0,0.1,0.0,0.0,,5.4,0,0,0,0.1,0.1,0.1,-0.1,-0.1,1803,fr FRA,DF,fr Ligue 1,19.0,2005.0,10.5,420,479,87.7,7555,2597,0,0.2,0.1,-0.2,2,25,1,1,22,1803,fr FRA,DF,fr Ligue 1,19.0,2005.0,10.5,479,451,27,12,0,1,2,0,0,0,0,0,420,1,4,1803,fr FRA,DF,fr Ligue 1,19.0,2005.0,10.5,6,0.57,4,1,0,1,0,0,0,0.0,1803,fr FRA,DF,fr Ligue 1,19.0,2005.0,10.5,14,8,9,3,2,9,77.8,2,16,8,8,10,24,50,0,1803,fr FRA,DF,fr Ligue 1,19.0,2005.0,10.5,589,92,316,253,22,4,589,5,5,100.0,0,0.0,337,1862,945,4,5,2,9,3,386,2,2226,fr FRA,DF,fr Ligue 1,19.0,2005.0,14,946,68,30.9,10.5,10,81.0,6,4,33.0,8,0.29,5,25,-20,-1.9,-0.37,8.8,19.0,-10.2,-0.97,1803,fr FRA,DF,fr Ligue 1,19.0,2005.0,10.5,3,0,0,10,5,1,2,10,8,0,0,0,29,14,15,48.3,,,,,,,,,,,,,,,,,,,,,,,,,,,,,,,,,,,,,,,,,,,,,,,,,,,,,,DF,0.0,0.0,0.0,0.009513742071881607,0.019027484143763214,0.39416666666666667,0,0.0944595478943084,0,0.32744986,0.17647597193717957
1812,Ngal'Ayel Mukau,cd COD,MF,Lille,fr Ligue 1,19.0,2004.0,22,14,1190,13.2,0,1,1,0,0,0,4,0,0.8,0.8,0.7,1.5,19,57,43,0.08,0.11,1812,cd COD,MF,fr Ligue 1,19.0,2004.0,13.2,0,11,2,18.2,0.83,0.15,0.0,0.0,22.3,0,0,0,0.8,0.8,0.07,-0.8,-0.8,1812,cd COD,MF,fr Ligue 1,19.0,2004.0,13.2,575,645,89.1,9354,1964,1,0.7,0.7,0.3,12,52,8,1,57,1812,cd COD,MF,fr Ligue 1,19.0,2004.0,13.2,645,638,5,0,1,2,5,3,0,0,0,0,575,2,17,1812,cd COD,MF,fr Ligue 1,19.0,2004.0,13.2,20,1.51,19,0,0,1,0,0,1,0.08,1812,cd COD,MF,fr Ligue 1,19.0,2004.0,13.2,33,18,9,22,2,29,58.6,12,14,0,14,15,48,22,0,1812,cd COD,MF,fr Ligue 1,19.0,2004.0,13.2,778,19,115,466,201,16,778,17,9,52.9,8,47.1,426,1779,851,19,18,3,18,8,570,43,2238,cd COD,MF,fr Ligue 1,19.0,2004.0,22,1190,54,38.9,13.2,14,75.0,3,8,18.0,7,1.82,24,17,7,0.53,0.1,23.6,17.3,6.4,0.48,1812,cd COD,MF,fr Ligue 1,19.0,2004.0,13.2,4,0,0,19,15,0,5,15,18,0,0,0,63,14,14,50.0,,,,,,,,,,,,,,,,,,,,,,,,,,,,,,,,,,,,,,,,,,,,,,,,,,,,,,MF,0.0,0.07563025210084034,0.07563025210084034,0.06050420168067227,0.05294117647058823,0.4487605042016807,0,0.2562326518565816,0,0.34117118,0.23838160932064056
1825,Iker Muñoz,es ESP,MF,Osasuna,es La Liga,21.0,2002.0,23,4,610,6.8,0,1,1,0,0,0,2,0,0.5,0.5,1.0,1.4,6,24,10,0.15,0.21,1825,es ESP,MF,es La Liga,21.0,2002.0,6.8,0,11,0,0.0,1.62,0.0,0.0,,23.8,0,0,0,0.5,0.5,0.04,-0.5,-0.5,1825,es ESP,MF,es La Liga,21.0,2002.0,6.8,239,303,78.9,4147,1069,1,1.0,0.7,0.0,6,30,6,2,24,1825,es ESP,MF,es La Liga,21.0,2002.0,6.8,303,299,4,2,1,0,7,1,0,0,0,0,239,0,9,1825,es ESP,MF,es La Liga,21.0,2002.0,6.8,15,2.21,10,0,1,2,2,0,2,0.29,1825,es ESP,MF,es La Liga,21.0,2002.0,6.8,5,2,3,2,0,9,33.3,6,9,2,7,4,9,12,1,1825,es ESP,MF,es La Liga,21.0,2002.0,6.8,365,14,56,235,75,7,365,4,2,50.0,2,50.0,184,706,314,6,3,0,6,4,242,10,2253,es ESP,MF,es La Liga,21.0,2002.0,23,610,27,17.8,6.8,4,59.0,1,19,20.0,5,1.43,10,12,-2,-0.3,-0.23,9.4,12.3,-3.0,-0.44,1825,es ESP,MF,es La Liga,21.0,2002.0,6.8,2,0,0,12,14,0,7,4,2,0,0,0,28,10,12,45.5,,,,,,,,,,,,,,,,,,,,,,,,,,,,,,,,,,,,,,,,,,,,,,,,,,,,,,MF,0.0,0.14754098360655737,0.14754098360655737,0.07377049180327869,0.14754098360655737,0.4475819672131148,0,0.23004998228432272,0,0.34881526,0.2875758409500122
1833,Yunus Musah,us USA,"MF,FW",Milan,it Serie A,21.0,2002.0,29,19,1571,17.5,0,2,2,0,0,0,5,0,1.9,1.9,1.8,3.8,51,84,74,0.11,0.22,1833,us USA,"MF,FW",it Serie A,21.0,2002.0,17.5,0,22,5,22.7,1.26,0.29,0.0,0.0,19.5,0,0,0,1.9,1.9,0.09,-1.9,-1.9,1833,us USA,"MF,FW",it Serie A,21.0,2002.0,17.5,631,724,87.2,10809,2425,2,1.8,1.5,0.2,23,60,17,7,84,1833,us USA,"MF,FW",it Serie A,21.0,2002.0,17.5,724,694,29,7,3,2,24,21,1,0,0,0,631,1,11,1833,us USA,"MF,FW",it Serie A,21.0,2002.0,17.5,45,2.58,34,1,5,3,1,1,4,0.23,1833,us USA,"MF,FW",it Serie A,21.0,2002.0,17.5,27,19,13,9,5,17,70.6,5,9,1,8,7,34,9,3,1833,us USA,"MF,FW",it Serie A,21.0,2002.0,17.5,888,19,144,468,293,37,888,37,21,56.8,12,32.4,581,4052,2074,51,44,12,46,13,671,74,2262,us USA,"MF,FW",it Serie A,21.0,2002.0,29,1571,54,45.9,17.5,19,72.0,7,10,21.0,5,1.69,25,24,1,0.06,-0.77,24.9,18.8,6.2,0.35,1833,us USA,"MF,FW",it Serie A,21.0,2002.0,17.5,5,0,0,36,17,1,24,7,19,0,0,0,60,8,14,36.4,,,,,,,,,,,,,,,,,,,,,,,,,,,,,,,,,,,,,,,,,,,,,,,,,,,,,,MF,0.0,0.11457670273711011,0.11457670273711011,0.1088478676002546,0.10311903246339911,0.6219034054742202,0,0.555729261893446,1,0.4799157,0.45096659660339355
1834,Jamal Musiala,de GER,MF,Bayern Munich,de Bundesliga,21.0,2003.0,25,21,1798,20.0,12,2,14,12,0,0,3,0,9.3,9.3,4.5,13.8,71,107,156,0.7,0.69,1834,de GER,MF,de Bundesliga,21.0,2003.0,20.0,12,68,31,45.6,3.4,1.55,0.18,0.39,15.1,0,0,0,9.3,9.3,0.14,2.7,2.7,1834,de GER,MF,de Bundesliga,21.0,2003.0,20.0,778,942,82.6,10803,2645,2,4.5,5.9,-2.5,41,75,24,0,107,1834,de GER,MF,de Bundesliga,21.0,2003.0,20.0,942,914,23,2,14,2,8,6,7,0,0,0,778,5,33,1834,de GER,MF,de Bundesliga,21.0,2003.0,20.0,111,5.56,70,1,22,7,9,2,9,0.45,1834,de GER,MF,de Bundesliga,21.0,2003.0,20.0,36,21,7,16,13,29,41.4,17,30,0,30,8,44,5,1,1834,de GER,MF,de Bundesliga,21.0,2003.0,20.0,1278,7,94,565,636,163,1278,141,72,51.1,59,41.8,792,4412,2300,71,48,36,67,33,1031,156,2263,de GER,MF,de Bundesliga,21.0,2003.0,25,1798,72,58.8,20.0,21,81.0,9,4,24.0,0,2.44,51,18,33,1.65,-0.77,44.6,13.6,31.0,1.55,1834,de GER,MF,de Bundesliga,21.0,2003.0,20.0,3,0,0,20,55,2,8,8,21,1,0,0,75,7,14,33.3,,,,,,,,,,,,,,,,,,,,,,,,,,,,,,,,,,,,,,,,,,,,,,,,,,,,,,MF,0.6006674082313682,0.10011123470522804,0.7007786429365963,0.46551724137931044,0.22525027808676307,1.2503898776418243,1,0.8822931023109076,1,0.64515185,0.7637699246406555
1840,Junior Mwanga,fr FRA,MF,Le Havre,fr Ligue 1,21.0,2003.0,11,11,952,10.6,1,2,3,1,0,0,1,1,1.3,1.3,1.0,2.3,15,42,15,0.28,0.22,1840,fr FRA,MF,fr Ligue 1,21.0,2003.0,10.6,1,16,3,18.8,1.51,0.28,0.06,0.33,19.5,2,0,0,1.3,1.3,0.08,-0.3,-0.3,1840,fr FRA,MF,fr Ligue 1,21.0,2003.0,10.6,366,445,82.2,7166,2289,2,1.0,1.4,1.0,7,37,4,2,42,1840,fr FRA,MF,fr Ligue 1,21.0,2003.0,10.6,445,418,26,14,1,4,21,2,10,9,1,0,366,1,3,1840,fr FRA,MF,fr Ligue 1,21.0,2003.0,10.6,24,2.27,17,4,0,3,0,0,5,0.47,1840,fr FRA,MF,fr Ligue 1,21.0,2003.0,10.6,26,16,10,13,3,19,57.9,8,10,3,7,8,34,18,2,1840,fr FRA,MF,fr Ligue 1,21.0,2003.0,10.6,555,27,156,322,88,12,555,16,7,43.8,9,56.3,315,1751,844,15,7,2,9,15,342,15,2270,fr FRA,MF,fr Ligue 1,21.0,2003.0,11,952,87,31.1,10.6,11,87.0,9,0,,0,1.18,17,23,-6,-0.57,0.5,14.2,20.8,-6.6,-0.62,1840,fr FRA,MF,fr Ligue 1,21.0,2003.0,10.6,1,1,0,19,6,0,21,8,16,0,0,0,61,9,7,56.3,,,,,,,,,,,,,,,,,,,,,,,,,,,,,,,,,,,,,,,,,,,,,,,,,,,,,,MF,0.09453781512605042,0.18907563025210083,0.28361344537815125,0.12289915966386555,0.09453781512605042,0.7106890756302521,1,0.21744575697719828,0,0.35372636,0.2789052724838257
1860,Pau Navarro,es ESP,DF,Villarreal,es La Liga,19.0,2005.0,17,8,916,10.2,0,0,0,0,0,0,1,0,0.0,0.0,0.0,0.0,3,40,7,0.0,0.0,1860,es ESP,DF,es La Liga,19.0,2005.0,10.2,0,1,0,0.0,0.1,0.0,0.0,,30.4,0,0,0,0.0,0.0,0.01,0.0,0.0,1860,es ESP,DF,es La Liga,19.0,2005.0,10.2,517,577,89.6,8684,3122,0,0.0,0.2,0.0,1,28,1,0,40,1860,es ESP,DF,es La Liga,19.0,2005.0,10.2,577,497,78,19,0,2,2,59,0,0,0,0,517,2,2,1860,es ESP,DF,es La Liga,19.0,2005.0,10.2,6,0.59,6,0,0,0,0,0,1,0.1,1860,es ESP,DF,es La Liga,19.0,2005.0,10.2,23,17,15,6,2,39,48.7,20,13,6,7,4,27,41,0,1860,es ESP,DF,es La Liga,19.0,2005.0,10.2,668,51,283,323,66,2,668,7,3,42.9,4,57.1,322,1190,568,3,3,0,4,4,403,7,2295,es ESP,DF,es La Liga,19.0,2005.0,17,916,54,26.8,10.2,8,74.0,3,9,36.0,21,2.24,28,16,12,1.18,0.89,18.7,12.9,5.8,0.57,1860,es ESP,DF,es La Liga,19.0,2005.0,10.2,1,0,0,10,8,0,2,4,17,0,0,0,46,9,14,39.1,,,,,,,,,,,,,,,,,,,,,,,,,,,,,,,,,,,,,,,,,,,,,,,,,,,,,,DF,0.0,0.0,0.0,0.0,0.0,0.3816666666666666,0,0.10809295423210732,0,0.32313165,0.17647597193717957
1873,Paul Nebel,de GER,MF,Mainz 05,de Bundesliga,21.0,2002.0,31,26,2345,26.1,10,4,14,10,0,0,5,1,5.8,5.8,4.1,9.8,67,91,219,0.54,0.38,1873,de GER,MF,de Bundesliga,21.0,2002.0,26.1,10,44,18,40.9,1.69,0.69,0.23,0.56,17.1,0,0,0,5.8,5.8,0.13,4.2,4.2,1873,de GER,MF,de Bundesliga,21.0,2002.0,26.1,853,1167,73.1,13018,2789,4,4.1,5.6,-0.1,35,38,41,19,91,1873,de GER,MF,de Bundesliga,21.0,2002.0,26.1,1167,1115,49,9,12,4,111,22,17,4,9,1,853,3,62,1873,de GER,MF,de Bundesliga,21.0,2002.0,26.1,84,3.23,57,5,7,4,9,2,6,0.23,1873,de GER,MF,de Bundesliga,21.0,2002.0,26.1,38,24,11,18,9,35,31.4,24,54,4,50,13,51,30,2,1873,de GER,MF,de Bundesliga,21.0,2002.0,26.1,1516,29,182,635,717,73,1516,64,25,39.1,36,56.3,894,4572,1820,67,45,19,67,43,1079,219,2310,de GER,MF,de Bundesliga,21.0,2002.0,31,2345,76,76.6,26.1,26,87.0,17,5,18.0,2,1.52,41,28,13,0.5,0.62,39.1,34.0,5.0,0.19,1873,de GER,MF,de Bundesliga,21.0,2002.0,26.1,5,1,1,37,36,5,111,13,24,0,0,0,124,17,58,22.7,,,,,,,,,,,,,,,,,,,,,,,,,,,,,,,,,,,,,,,,,,,,,,,,,,,,,,MF,0.3837953091684435,0.15351812366737738,0.5373134328358209,0.22260127931769721,0.15735607675906182,1.1408315565031983,1,0.9309653666063242,1,0.6887443,0.7824544310569763
1875,Kosta Nedeljković,rs SRB,DF,RB Leipzig,de Bundesliga,18.0,2005.0,10,6,479,5.3,0,0,0,0,0,0,1,0,0.5,0.5,0.3,0.7,10,16,27,0.0,0.14,1875,rs SRB,DF,de Bundesliga,18.0,2005.0,5.3,0,4,0,0.0,0.75,0.0,0.0,,16.1,0,0,0,0.5,0.5,0.13,-0.5,-0.5,1875,rs SRB,DF,de Bundesliga,18.0,2005.0,5.3,194,238,81.5,3195,1052,0,0.3,0.6,-0.3,3,9,9,2,16,1875,rs SRB,DF,de Bundesliga,18.0,2005.0,5.3,238,194,42,1,0,0,17,41,0,0,0,0,194,2,2,1875,rs SRB,DF,de Bundesliga,18.0,2005.0,5.3,6,1.13,6,0,0,0,0,0,0,0.0,1875,rs SRB,DF,de Bundesliga,18.0,2005.0,5.3,11,8,5,6,0,10,60.0,4,6,4,2,2,13,14,0,1875,rs SRB,DF,de Bundesliga,18.0,2005.0,5.3,283,16,66,116,102,5,283,4,1,25.0,2,50.0,120,670,346,10,7,1,4,1,170,27,2312,rs SRB,DF,de Bundesliga,18.0,2005.0,10,479,48,15.7,5.3,6,69.0,1,4,17.0,4,1.1,7,8,-1,-0.19,-0.4,6.4,8.5,-2.0,-0.39,1875,rs SRB,DF,de Bundesliga,18.0,2005.0,5.3,1,0,0,7,1,1,17,2,8,0,0,0,11,0,3,0.0,,,,,,,,,,,,,,,,,,,,,,,,,,,,,,,,,,,,,,,,,,,,,,,,,,,,,,DF,0.0,0.0,0.0,0.0939457202505219,0.05636743215031315,0.19958333333333333,0,0.24708998602641563,0,0.3421595,0.2681182324886322
1885,Luca Netz,de GER,DF,Gladbach,de Bundesliga,21.0,2003.0,24,8,969,10.8,0,2,2,0,0,0,2,0,0.2,0.2,1.9,2.1,16,28,55,0.19,0.2,1885,de GER,DF,de Bundesliga,21.0,2003.0,10.8,0,3,0,0.0,0.28,0.0,0.0,,15.2,0,0,0,0.2,0.2,0.07,-0.2,-0.2,1885,de GER,DF,de Bundesliga,21.0,2003.0,10.8,428,528,81.1,6096,1762,2,1.9,1.0,0.1,16,30,13,7,28,1885,de GER,DF,de Bundesliga,21.0,2003.0,10.8,528,449,78,10,0,0,16,68,0,0,0,0,428,1,12,1885,de GER,DF,de Bundesliga,21.0,2003.0,10.8,27,2.51,25,1,0,0,0,1,4,0.37,1885,de GER,DF,de Bundesliga,21.0,2003.0,10.8,24,14,14,8,2,19,68.4,6,17,4,13,10,34,36,0,1885,de GER,DF,de Bundesliga,21.0,2003.0,10.8,666,44,241,257,172,17,666,21,6,28.6,14,66.7,288,1198,668,16,11,3,14,10,387,55,2326,de GER,DF,de Bundesliga,21.0,2003.0,24,969,40,31.7,10.8,8,83.0,4,16,19.0,3,1.25,15,16,-1,-0.09,-0.05,15.9,21.3,-5.4,-0.5,1885,de GER,DF,de Bundesliga,21.0,2003.0,10.8,2,0,0,8,6,1,16,10,14,0,0,0,42,11,14,44.0,,,,,,,,,,,,,,,,,,,,,,,,,,,,,,,,,,,,,,,,,,,,,,,,,,,,,,DF,0.0,0.18575851393188852,0.18575851393188852,0.018575851393188857,0.1764705882352941,0.7133475232198142,1,0.2593957210324335,0,0.32554767,0.27618157863616943
1888,João Neves,pt POR,"MF,DF",Paris S-G,fr Ligue 1,19.0,2004.0,29,22,1844,20.5,3,8,11,3,0,0,1,0,3.0,3.0,4.0,7.0,35,144,80,0.54,0.34,1888,pt POR,"MF,DF",fr Ligue 1,19.0,2004.0,20.5,3,28,11,39.3,1.37,0.54,0.11,0.27,13.7,0,0,0,3.0,3.0,0.11,0.0,0.0,1888,pt POR,"MF,DF",fr Ligue 1,19.0,2004.0,20.5,1491,1634,91.2,23851,5397,8,4.0,3.9,4.0,33,128,22,2,144,1888,pt POR,"MF,DF",fr Ligue 1,19.0,2004.0,20.5,1634,1538,93,35,11,17,15,48,0,0,0,0,1491,3,13,1888,pt POR,"MF,DF",fr Ligue 1,19.0,2004.0,20.5,68,3.32,56,1,3,2,3,3,14,0.68,1888,pt POR,"MF,DF",fr Ligue 1,19.0,2004.0,20.5,63,31,20,26,17,45,60.0,18,29,9,20,23,86,22,1,1888,pt POR,"MF,DF",fr Ligue 1,19.0,2004.0,20.5,1851,46,323,1051,494,55,1851,30,16,53.3,11,36.7,1018,4913,2262,35,44,3,26,16,1397,80,2329,pt POR,"MF,DF",fr Ligue 1,19.0,2004.0,29,1844,64,60.3,20.5,22,78.0,11,7,20.0,4,2.52,60,23,37,1.81,0.33,52.5,20.9,31.6,1.54,1888,pt POR,"MF,DF",fr Ligue 1,19.0,2004.0,20.5,1,0,0,17,33,3,15,23,31,0,0,0,123,21,12,63.6,,,,,,,,,,,,,,,,,,,,,,,,,,,,,,,,,,,,,,,,,,,,,,,,,,,,,,DF,0.14642082429501085,0.39045553145336226,0.5368763557483731,0.14642082429501085,0.19522776572668113,1.6447939262472886,1,0.8243283655658719,1,0.6121353,0.8339694738388062
1891,Mikayil Ngor Faye,sn SEN,DF,Rennes,fr Ligue 1,20.0,2004.0,11,7,688,7.6,0,0,0,0,0,0,1,1,0.4,0.4,0.0,0.4,12,35,4,0.0,0.05,1891,sn SEN,DF,fr Ligue 1,20.0,2004.0,7.6,0,6,3,50.0,0.78,0.39,0.0,0.0,16.6,0,0,0,0.4,0.4,0.06,-0.4,-0.4,1891,sn SEN,DF,fr Ligue 1,20.0,2004.0,7.6,473,534,88.6,8626,2543,0,0.0,0.3,0.0,1,35,1,0,35,1891,sn SEN,DF,fr Ligue 1,20.0,2004.0,7.6,534,494,38,26,0,2,1,10,0,0,0,0,473,2,6,1891,sn SEN,DF,fr Ligue 1,20.0,2004.0,7.6,4,0.52,3,0,0,1,0,0,1,0.13,1891,sn SEN,DF,fr Ligue 1,20.0,2004.0,7.6,15,12,10,3,2,9,77.8,2,9,4,5,12,27,30,0,1891,sn SEN,DF,fr Ligue 1,20.0,2004.0,7.6,617,41,241,336,49,7,617,6,2,33.3,4,66.7,386,1726,960,12,6,1,9,4,415,4,2332,sn SEN,DF,fr Ligue 1,20.0,2004.0,11,688,63,22.5,7.6,7,74.0,3,4,42.0,11,0.91,12,11,1,0.13,0.13,10.6,8.3,2.2,0.29,1891,sn SEN,DF,fr Ligue 1,20.0,2004.0,7.6,1,1,0,10,6,0,1,12,12,0,1,0,41,14,9,60.9,,,,,,,,,,,,,,,,,,,,,,,,,,,,,,,,,,,,,,,,,,,,,,,,,,,,,,DF,0.0,0.0,0.0,0.05232558139534883,0.0,0.2866666666666667,0,0.09912811267824852,0,0.33193037,0.17647597193717957
1915,Brooke Norton-Cuffy,eng ENG,"DF,FW",Genoa,it Serie A,20.0,2004.0,14,8,719,8.0,0,0,0,0,0,0,0,0,0.3,0.3,0.2,0.4,12,18,21,0.0,0.05,1915,eng ENG,"DF,FW",it Serie A,20.0,2004.0,8.0,0,5,2,40.0,0.63,0.25,0.0,0.0,21.4,0,0,0,0.3,0.3,0.05,-0.3,-0.3,1915,eng ENG,"DF,FW",it Serie A,20.0,2004.0,8.0,197,262,75.2,3037,1174,0,0.2,0.1,-0.2,2,10,2,1,18,1915,eng ENG,"DF,FW",it Serie A,20.0,2004.0,8.0,262,228,33,3,0,0,12,30,0,0,0,0,197,1,9,1915,eng ENG,"DF,FW",it Serie A,20.0,2004.0,8.0,13,1.63,10,1,2,0,0,0,3,0.38,1915,eng ENG,"DF,FW",it Serie A,20.0,2004.0,8.0,12,7,9,3,0,11,81.8,2,12,2,10,3,15,12,0,1915,eng ENG,"DF,FW",it Serie A,20.0,2004.0,8.0,344,19,104,175,70,8,344,20,7,35.0,11,55.0,190,1060,480,12,12,3,14,9,209,21,2363,eng ENG,"DF,FW",it Serie A,20.0,2004.0,14,719,51,21.0,8.0,8,75.0,2,6,21.0,12,0.93,11,15,-4,-0.5,-0.23,6.4,10.5,-4.0,-0.51,1915,eng ENG,"DF,FW",it Serie A,20.0,2004.0,8.0,0,0,0,7,3,0,12,3,7,0,0,0,26,12,16,42.9,,,,,,,,,,,,,,,,,,,,,,,,,,,,,,,,,,,,,,,,,,,,,,,,,,,,,,DF,0.0,0.0,0.0,0.037552155771905425,0.025034770514603618,0.2995833333333333,0,0.28597642791818306,0,0.37710688,0.28060224652290344
1920,Ernest Nuamah,gh GHA,"FW,MF",Lyon,fr Ligue 1,20.0,2003.0,23,13,1052,11.7,3,1,4,3,0,0,2,0,2.2,2.2,1.5,3.7,44,33,131,0.34,0.32,1920,gh GHA,"FW,MF",fr Ligue 1,20.0,2003.0,11.7,3,28,13,46.4,2.4,1.11,0.11,0.23,17.3,0,0,0,2.2,2.2,0.08,0.8,0.8,1920,gh GHA,"FW,MF",fr Ligue 1,20.0,2003.0,11.7,358,448,79.9,5021,917,1,1.5,1.3,-0.5,18,11,17,4,33,1920,gh GHA,"FW,MF",fr Ligue 1,20.0,2003.0,11.7,448,432,14,1,2,1,30,5,8,4,3,0,358,2,18,1920,gh GHA,"FW,MF",fr Ligue 1,20.0,2003.0,11.7,35,2.99,27,3,0,4,1,0,2,0.17,1920,gh GHA,"FW,MF",fr Ligue 1,20.0,2003.0,11.7,21,11,15,4,2,27,44.4,15,9,1,8,8,29,8,1,1920,gh GHA,"FW,MF",fr Ligue 1,20.0,2003.0,11.7,597,13,100,214,300,51,597,43,22,51.2,19,44.2,388,2425,1388,44,26,18,31,22,431,131,2368,gh GHA,"FW,MF",fr Ligue 1,20.0,2003.0,23,1052,46,34.4,11.7,13,65.0,3,10,21.0,1,1.7,18,20,-2,-0.17,-1.11,17.2,18.1,-0.9,-0.08,1920,gh GHA,"FW,MF",fr Ligue 1,20.0,2003.0,11.7,2,0,0,18,11,7,30,8,11,0,1,0,60,13,14,48.1,,,,,,,,,,,,,,,,,,,,,,,,,,,,,,,,,,,,,,,,,,,,,,,,,,,,,,MF,0.2566539923954373,0.08555133079847908,0.3422053231939164,0.18821292775665402,0.12832699619771865,0.6907566539923955,0,0.47572503956764706,0,0.46958095,0.42648255825042725
1926,Antonio Nusa,no NOR,"MF,DF",RB Leipzig,de Bundesliga,19.0,2005.0,25,16,1558,17.3,3,3,6,3,0,0,0,0,1.6,1.6,2.8,4.4,57,52,123,0.35,0.26,1926,no NOR,"MF,DF",de Bundesliga,19.0,2005.0,17.3,3,24,7,29.2,1.39,0.4,0.13,0.43,19.0,0,0,0,1.6,1.6,0.07,1.4,1.4,1926,no NOR,"MF,DF",de Bundesliga,19.0,2005.0,17.3,420,566,74.2,5993,1905,3,2.8,2.6,0.2,20,31,20,6,52,1926,no NOR,"MF,DF",de Bundesliga,19.0,2005.0,17.3,566,534,28,10,8,1,35,17,1,0,1,0,420,4,16,1926,no NOR,"MF,DF",de Bundesliga,19.0,2005.0,17.3,41,2.37,29,0,8,0,4,0,5,0.29,1926,no NOR,"MF,DF",de Bundesliga,19.0,2005.0,17.3,30,17,16,9,5,36,50.0,18,22,2,20,8,38,11,0,1926,no NOR,"MF,DF",de Bundesliga,19.0,2005.0,17.3,802,19,137,316,362,54,802,86,39,45.3,39,45.3,480,3164,1634,57,36,26,38,31,557,123,2376,no NOR,"MF,DF",de Bundesliga,19.0,2005.0,25,1558,62,50.9,17.3,16,83.0,10,9,25.0,0,1.52,35,27,8,0.46,0.64,25.1,29.0,-4.0,-0.23,1926,no NOR,"MF,DF",de Bundesliga,19.0,2005.0,17.3,0,0,0,14,28,9,35,8,17,0,1,0,78,6,15,28.6,,,,,,,,,,,,,,,,,,,,,,,,,,,,,,,,,,,,,,,,,,,,,,,,,,,,,,DF,0.17329910141206675,0.17329910141206675,0.3465982028241335,0.09242618741976893,0.1617458279845956,1.2268303380402226,1,0.6057160017637658,1,0.5306318,0.6590607166290283
1927,Ethan Nwaneri,eng ENG,"FW,MF",Arsenal,eng Premier League,17.0,2007.0,26,11,895,9.9,4,2,6,4,0,0,1,0,1.2,1.2,1.2,2.4,46,33,113,0.6,0.24,1927,eng ENG,"FW,MF",eng Premier League,17.0,2007.0,9.9,4,24,9,37.5,2.41,0.91,0.17,0.44,18.5,1,0,0,1.2,1.2,0.05,2.8,2.8,1927,eng ENG,"FW,MF",eng Premier League,17.0,2007.0,9.9,342,425,80.5,4906,1216,2,1.2,1.8,0.8,16,17,16,6,33,1927,eng ENG,"FW,MF",eng Premier League,17.0,2007.0,9.9,425,386,36,3,3,1,54,4,27,18,0,0,342,3,14,1927,eng ENG,"FW,MF",eng Premier League,17.0,2007.0,9.9,29,2.91,15,6,5,2,1,0,3,0.3,1927,eng ENG,"FW,MF",eng Premier League,17.0,2007.0,9.9,11,7,4,4,3,21,33.3,14,8,2,6,2,13,4,1,1927,eng ENG,"FW,MF",eng Premier League,17.0,2007.0,9.9,544,3,44,167,339,44,544,62,37,59.7,19,30.6,365,2852,1329,46,25,17,23,17,398,113,2377,eng ENG,"FW,MF",eng Premier League,17.0,2007.0,26,895,34,26.2,9.9,11,65.0,1,15,12.0,10,1.85,16,4,12,1.21,0.39,14.5,5.4,9.1,0.91,1927,eng ENG,"FW,MF",eng Premier League,17.0,2007.0,9.9,1,0,0,9,5,6,54,2,7,0,0,0,34,4,8,33.3,,,,,,,,,,,,,,,,,,,,,,,,,,,,,,,,,,,,,,,,,,,,,,,,,,,,,,MF,0.40223463687150834,0.20111731843575417,0.6033519553072625,0.12067039106145251,0.12067039106145251,1.0282192737430167,1,0.5323330745859111,1,0.4815293,0.5445057153701782
1930,Rabby Nzingoula,cg CGO,MF,Montpellier,fr Ligue 1,18.0,2005.0,27,20,1689,18.8,1,0,1,1,0,0,11,0,1.0,1.0,1.6,2.6,25,40,38,0.05,0.14,1930,cg CGO,MF,fr Ligue 1,18.0,2005.0,18.8,1,19,6,31.6,1.01,0.32,0.05,0.17,20.7,0,0,0,1.0,1.0,0.06,0.0,0.0,1930,cg CGO,MF,fr Ligue 1,18.0,2005.0,18.8,454,592,76.7,7468,1487,0,1.6,1.2,-1.6,8,32,6,0,40,1930,cg CGO,MF,fr Ligue 1,18.0,2005.0,18.8,592,578,11,8,7,2,16,1,2,0,0,0,454,3,27,1930,cg CGO,MF,fr Ligue 1,18.0,2005.0,18.8,35,1.92,22,0,2,1,6,4,0,0.0,1930,cg CGO,MF,fr Ligue 1,18.0,2005.0,18.8,64,42,26,31,7,58,46.6,31,27,5,22,29,93,23,0,1930,cg CGO,MF,fr Ligue 1,18.0,2005.0,18.8,850,38,238,429,206,23,850,52,25,48.1,22,42.3,454,2589,1138,25,30,6,33,23,503,38,2382,cg CGO,MF,fr Ligue 1,18.0,2005.0,27,1689,63,55.2,18.8,20,74.0,5,7,31.0,1,0.56,12,40,-28,-1.49,0.35,19.6,31.4,-11.8,-0.65,1930,cg CGO,MF,fr Ligue 1,18.0,2005.0,18.8,11,0,0,37,43,2,16,29,42,0,0,0,99,17,20,45.9,,,,,,,,,,,,,,,,,,,,,,,,,,,,,,,,,,,,,,,,,,,,,,,,,,,,,,MF,0.05328596802841918,0.0,0.05328596802841918,0.05328596802841918,0.0852575488454707,0.4755359680284192,0,0.5038915901676991,1,0.45850033,0.4816710650920868
1937,Adam Obert,sk SVK,DF,Cagliari,it Serie A,21.0,2002.0,21,13,1077,12.0,1,1,2,1,0,0,4,0,0.9,0.9,0.4,1.3,12,50,19,0.17,0.11,1937,sk SVK,DF,it Serie A,21.0,2002.0,12.0,1,9,2,22.2,0.75,0.17,0.11,0.5,12.0,0,0,0,0.9,0.9,0.11,0.1,0.1,1937,sk SVK,DF,it Serie A,21.0,2002.0,12.0,413,537,76.9,6894,2626,1,0.4,0.2,0.6,10,36,4,1,50,1937,sk SVK,DF,it Serie A,21.0,2002.0,12.0,537,430,104,12,0,3,11,92,0,0,0,0,413,3,17,1937,sk SVK,DF,it Serie A,21.0,2002.0,12.0,25,2.09,19,3,0,2,1,0,4,0.33,1937,sk SVK,DF,it Serie A,21.0,2002.0,12.0,31,18,12,17,2,27,59.3,11,19,7,12,23,54,48,2,1937,sk SVK,DF,it Serie A,21.0,2002.0,12.0,710,67,309,312,105,13,710,14,5,35.7,9,64.3,298,1488,797,12,9,0,26,7,330,19,2392,sk SVK,DF,it Serie A,21.0,2002.0,21,1077,51,31.5,12.0,13,72.0,5,8,17.0,15,0.81,13,16,-3,-0.25,0.25,12.5,18.9,-6.3,-0.53,1937,sk SVK,DF,it Serie A,21.0,2002.0,12.0,4,0,0,22,7,0,11,23,18,0,0,0,59,25,22,53.2,,,,,,,,,,,,,,,,,,,,,,,,,,,,,,,,,,,,,,,,,,,,,,,,,,,,,,DF,0.08356545961002786,0.08356545961002786,0.1671309192200557,0.07520891364902507,0.033426183844011144,0.7273015320334262,1,0.32569184814668306,0,0.38216302,0.550237774848938
1942,Wilson Odobert,fr FRA,"FW,MF",Tottenham,eng Premier League,19.0,2004.0,16,9,850,9.4,1,0,1,1,0,0,0,0,1.6,1.6,1.0,2.6,45,27,66,0.11,0.27,1942,fr FRA,"FW,MF",eng Premier League,19.0,2004.0,9.4,1,13,4,30.8,1.38,0.42,0.08,0.25,16.4,0,0,0,1.6,1.6,0.12,-0.6,-0.6,1942,fr FRA,"FW,MF",eng Premier League,19.0,2004.0,9.4,212,274,77.4,2878,567,0,1.0,0.8,-1.0,6,11,12,3,27,1942,fr FRA,"FW,MF",eng Premier League,19.0,2004.0,9.4,274,262,8,0,0,1,25,2,1,0,0,0,212,4,13,1942,fr FRA,"FW,MF",eng Premier League,19.0,2004.0,9.4,16,1.7,14,0,0,2,0,0,1,0.11,1942,fr FRA,"FW,MF",eng Premier League,19.0,2004.0,9.4,14,5,5,4,5,14,57.1,6,6,0,6,4,18,5,1,1942,fr FRA,"FW,MF",eng Premier League,19.0,2004.0,9.4,381,7,46,142,197,35,381,32,12,37.5,17,53.1,265,1949,1146,45,25,18,21,17,273,66,2398,fr FRA,"FW,MF",eng Premier League,19.0,2004.0,16,850,53,24.9,9.4,9,77.0,3,7,23.0,0,0.88,9,20,-11,-1.16,-1.51,10.8,16.3,-5.5,-0.58,1942,fr FRA,"FW,MF",eng Premier League,19.0,2004.0,9.4,0,0,0,2,3,1,25,4,5,0,0,0,34,4,8,33.3,,,,,,,,,,,,,,,,,,,,,,,,,,,,,,,,,,,,,,,,,,,,,,,,,,,,,,MF,0.10588235294117646,0.0,0.10588235294117646,0.16941176470588235,0.10588235294117646,0.31838235294117645,0,0.4764233988595555,0,0.47531188,0.4974534809589386
1945,Tim Oermann,de GER,DF,Bochum,de Bundesliga,20.0,2003.0,29,26,2213,24.6,0,2,2,0,0,0,0,0,0.2,0.2,0.6,0.8,15,61,16,0.08,0.03,1945,de GER,DF,de Bundesliga,20.0,2003.0,24.6,0,9,0,0.0,0.37,0.0,0.0,,28.8,0,0,0,0.2,0.2,0.02,-0.2,-0.2,1945,de GER,DF,de Bundesliga,20.0,2003.0,24.6,771,936,82.4,14338,4177,2,0.6,0.7,1.4,7,50,8,3,61,1945,de GER,DF,de Bundesliga,20.0,2003.0,24.6,936,844,87,11,1,2,14,74,0,0,0,0,771,5,16,1945,de GER,DF,de Bundesliga,20.0,2003.0,24.6,20,0.81,18,1,0,0,0,1,3,0.12,1945,de GER,DF,de Bundesliga,20.0,2003.0,24.6,50,31,25,21,4,43,60.5,17,32,16,16,22,72,64,0,1945,de GER,DF,de Bundesliga,20.0,2003.0,24.6,1172,93,443,631,107,2,1172,14,6,42.9,7,50.0,605,2826,1203,15,14,3,24,9,639,16,2402,de GER,DF,de Bundesliga,20.0,2003.0,29,2213,76,72.3,24.6,26,83.0,19,3,20.0,4,0.72,24,45,-21,-0.85,0.53,30.8,41.4,-10.5,-0.43,1945,de GER,DF,de Bundesliga,20.0,2003.0,24.6,0,0,0,16,8,0,14,22,31,0,0,0,99,27,37,42.2,,,,,,,,,,,,,,,,,,,,,,,,,,,,,,,,,,,,,,,,,,,,,,,,,,,,,,DF,0.0,0.08133755083596927,0.08133755083596927,0.008133755083596927,0.024401265250790782,0.8855625847266155,1,0.535128534676907,1,0.51031786,0.815461277961731
1959,Ben Old,nz NZL,"FW,MF",Saint-Étienne,fr Ligue 1,21.0,2002.0,13,4,528,5.9,0,0,0,0,0,0,0,0,1.0,1.0,0.8,1.8,16,14,48,0.0,0.31,1959,nz NZL,"FW,MF",fr Ligue 1,21.0,2002.0,5.9,0,11,2,18.2,1.87,0.34,0.0,0.0,18.7,0,0,0,1.0,1.0,0.09,-1.0,-1.0,1959,nz NZL,"FW,MF",fr Ligue 1,21.0,2002.0,5.9,108,146,74.0,1641,467,0,0.8,0.5,-0.8,9,6,4,1,14,1959,nz NZL,"FW,MF",fr Ligue 1,21.0,2002.0,5.9,146,137,8,1,2,0,19,2,5,4,0,0,108,1,7,1959,nz NZL,"FW,MF",fr Ligue 1,21.0,2002.0,5.9,16,2.73,11,0,2,1,1,1,1,0.17,1959,nz NZL,"FW,MF",fr Ligue 1,21.0,2002.0,5.9,7,5,3,3,1,11,27.3,8,8,1,7,2,9,2,0,1959,nz NZL,"FW,MF",fr Ligue 1,21.0,2002.0,5.9,218,4,40,72,112,23,218,22,9,40.9,12,54.5,134,906,400,16,6,8,19,6,163,48,2419,nz NZL,"FW,MF",fr Ligue 1,21.0,2002.0,13,528,41,17.3,5.9,4,74.0,0,9,26.0,1,1.0,4,15,-11,-1.87,-0.92,6.2,12.1,-5.9,-1.0,1959,nz NZL,"FW,MF",fr Ligue 1,21.0,2002.0,5.9,0,0,0,4,10,0,19,2,5,0,0,0,24,1,5,16.7,,,,,,,,,,,,,,,,,,,,,,,,,,,,,,,,,,,,,,,,,,,,,,,,,,,,,,MF,0.0,0.0,0.0,0.17045454545454547,0.13636363636363635,0.132,0,0.41580653242369175,0,0.39304453,0.44120723009109497
1990,Gaetano Oristanio,it ITA,"FW,MF",Venezia,it Serie A,21.0,2002.0,37,29,2315,25.7,3,3,6,3,0,0,3,0,4.1,4.1,2.6,6.8,72,64,131,0.23,0.26,1990,it ITA,"FW,MF",it Serie A,21.0,2002.0,25.7,3,44,12,27.3,1.71,0.47,0.07,0.25,17.1,3,0,0,4.1,4.1,0.09,-1.1,-1.1,1990,it ITA,"FW,MF",it Serie A,21.0,2002.0,25.7,307,443,69.3,4984,1398,3,2.6,2.2,0.4,33,32,22,8,64,1990,it ITA,"FW,MF",it Serie A,21.0,2002.0,25.7,443,419,21,5,4,6,59,2,9,7,0,0,307,3,20,1990,it ITA,"FW,MF",it Serie A,21.0,2002.0,25.7,69,2.68,43,4,9,3,9,1,7,0.27,1990,it ITA,"FW,MF",it Serie A,21.0,2002.0,25.7,17,13,5,8,4,15,46.7,8,16,0,16,6,23,6,1,1990,it ITA,"FW,MF",it Serie A,21.0,2002.0,25.7,758,5,70,300,416,88,757,123,55,44.7,59,48.0,543,4131,2046,72,48,30,80,72,569,131,2456,it ITA,"FW,MF",it Serie A,21.0,2002.0,37,2315,63,67.7,25.7,29,71.0,4,8,30.0,1,0.76,18,35,-17,-0.66,-0.09,22.7,40.2,-17.5,-0.68,1990,it ITA,"FW,MF",it Serie A,21.0,2002.0,25.7,3,0,0,50,71,11,59,6,13,0,0,0,84,14,38,26.9,,,,,,,,,,,,,,,,,,,,,,,,,,,,,,,,,,,,,,,,,,,,,,,,,,,,,,MF,0.11663066954643629,0.11663066954643629,0.23326133909287258,0.15939524838012958,0.10107991360691145,0.7998920086393089,1,0.7056876242086267,1,0.5543466,0.7405520081520081
2004,Guimissongui Ouattara,fr FRA,"DF,FW",Strasbourg,fr Ligue 1,18.0,2005.0,17,3,471,5.2,1,1,2,1,0,0,1,0,0.3,0.3,0.5,0.8,7,18,14,0.38,0.16,2004,fr FRA,"DF,FW",fr Ligue 1,18.0,2005.0,5.2,1,5,2,40.0,0.96,0.38,0.2,0.5,21.0,0,0,0,0.3,0.3,0.07,0.7,0.7,2004,fr FRA,"DF,FW",fr Ligue 1,18.0,2005.0,5.2,167,195,85.6,2758,602,1,0.5,0.1,0.5,3,11,2,0,18,2004,fr FRA,"DF,FW",fr Ligue 1,18.0,2005.0,5.2,195,185,10,1,0,1,3,9,0,0,0,0,167,0,3,2004,fr FRA,"DF,FW",fr Ligue 1,18.0,2005.0,5.2,9,1.72,5,1,0,1,0,2,3,0.57,2004,fr FRA,"DF,FW",fr Ligue 1,18.0,2005.0,5.2,6,4,3,1,2,5,60.0,2,10,0,10,9,15,12,2,2004,fr FRA,"DF,FW",fr Ligue 1,18.0,2005.0,5.2,251,16,70,115,68,7,251,4,2,50.0,2,50.0,119,554,225,7,4,4,7,4,164,14,2473,fr FRA,"DF,FW",fr Ligue 1,18.0,2005.0,17,471,28,15.4,5.2,3,83.0,1,14,16.0,6,1.53,10,6,4,0.76,0.49,8.5,9.8,-1.3,-0.25,2004,fr FRA,"DF,FW",fr Ligue 1,18.0,2005.0,5.2,1,0,0,7,1,1,3,9,4,0,0,0,26,3,6,33.3,,,,,,,,,,,,,,,,,,,,,,,,,,,,,,,,,,,,,,,,,,,,,,,,,,,,,,DF,0.19108280254777069,0.19108280254777069,0.38216560509554137,0.057324840764331204,0.09554140127388534,0.8331926751592356,1,0.21655393358388544,0,0.3378744,0.2681182324886322
2018,Nico O’Reilly,eng ENG,DF,Manchester City,eng Premier League,19.0,2005.0,9,6,528,5.9,2,0,2,2,0,0,0,0,1.3,1.3,0.4,1.6,16,17,26,0.34,0.28,2018,eng ENG,DF,eng Premier League,19.0,2005.0,5.9,2,8,3,37.5,1.36,0.51,0.25,0.67,15.4,0,0,0,1.3,1.3,0.16,0.7,0.7,2018,eng ENG,DF,eng Premier League,19.0,2005.0,5.9,305,353,86.4,4042,780,0,0.4,0.7,-0.4,4,28,1,1,17,2018,eng ENG,DF,eng Premier League,19.0,2005.0,5.9,353,311,41,5,1,0,8,36,0,0,0,0,305,1,3,2018,eng ENG,DF,eng Premier League,19.0,2005.0,5.9,12,2.05,9,1,1,0,1,0,2,0.34,2018,eng ENG,DF,eng Premier League,19.0,2005.0,5.9,9,4,3,3,3,8,50.0,4,5,1,4,4,13,12,0,2018,eng ENG,DF,eng Premier League,19.0,2005.0,5.9,419,14,71,223,130,18,419,15,9,60.0,6,40.0,249,1171,575,16,15,0,14,15,298,26,2490,eng ENG,DF,eng Premier League,19.0,2005.0,9,528,59,15.4,5.9,6,82.0,4,3,13.0,21,2.56,12,3,9,1.53,0.94,11.1,5.5,5.7,0.97,2018,eng ENG,DF,eng Premier League,19.0,2005.0,5.9,0,0,0,6,4,1,8,4,4,0,0,0,31,6,9,40.0,,,,,,,,,,,,,,,,,,,,,,,,,,,,,,,,,,,,,,,,,,,,,,,,,,,,,,DF,0.34090909090909094,0.0,0.34090909090909094,0.22159090909090912,0.06818181818181818,0.7881818181818182,1,0.2764985997377338,0,0.36256385,0.36458998918533325
2052,Aleksandar Pavlovic,de GER,MF,Bayern Munich,de Bundesliga,20.0,2004.0,21,18,1451,16.1,1,0,1,1,0,0,2,0,0.6,0.6,0.2,0.8,15,128,33,0.06,0.05,2052,de GER,MF,de Bundesliga,20.0,2004.0,16.1,1,9,4,44.4,0.56,0.25,0.11,0.25,20.4,0,0,0,0.6,0.6,0.06,0.4,0.4,2052,de GER,MF,de Bundesliga,20.0,2004.0,16.1,1437,1541,93.3,22476,5374,0,0.2,1.9,-0.2,7,169,13,1,128,2052,de GER,MF,de Bundesliga,20.0,2004.0,16.1,1541,1529,11,8,5,6,5,3,0,0,0,0,1437,1,9,2052,de GER,MF,de Bundesliga,20.0,2004.0,16.1,30,1.86,29,0,0,1,0,0,3,0.19,2052,de GER,MF,de Bundesliga,20.0,2004.0,16.1,38,21,13,15,10,32,68.8,10,18,3,15,5,43,14,0,2052,de GER,MF,de Bundesliga,20.0,2004.0,16.1,1648,17,194,1100,363,11,1648,5,5,100.0,0,0.0,1035,4360,1984,15,43,3,13,2,1401,33,2533,de GER,MF,de Bundesliga,20.0,2004.0,21,1451,69,47.4,16.1,18,76.0,8,3,26.0,3,2.38,49,12,37,2.29,0.62,34.5,12.6,21.9,1.36,2052,de GER,MF,de Bundesliga,20.0,2004.0,16.1,2,0,0,17,9,0,5,5,21,0,0,0,72,12,10,54.5,,,,,,,,,,,,,,,,,,,,,,,,,,,,,,,,,,,,,,,,,,,,,,,,,,,,,,MF,0.06202618883528601,0.0,0.06202618883528601,0.0372157133011716,0.012405237767057204,0.424776188835286,0,0.6923598824764564,1,0.52622753,0.2658957839012146
2057,Nicolás Paz,ar ARG,"MF,FW",Como,it Serie A,19.0,2004.0,35,30,2687,29.9,6,8,14,6,0,1,6,0,9.3,8.5,6.0,14.5,77,163,171,0.47,0.51,2057,ar ARG,"MF,FW",it Serie A,19.0,2004.0,29.9,6,109,37,33.9,3.65,1.24,0.06,0.16,20.7,12,0,1,9.3,8.5,0.08,-3.3,-2.5,2057,ar ARG,"MF,FW",it Serie A,19.0,2004.0,29.9,992,1231,80.6,13933,3946,8,6.0,3.9,2.0,54,116,38,2,163,2057,ar ARG,"MF,FW",it Serie A,19.0,2004.0,29.9,1231,1173,47,17,15,3,41,3,22,6,9,0,992,11,29,2057,ar ARG,"MF,FW",it Serie A,19.0,2004.0,29.9,144,4.82,96,11,19,11,6,1,16,0.54,2057,ar ARG,"MF,FW",it Serie A,19.0,2004.0,29.9,51,33,18,26,7,51,47.1,27,49,3,46,21,72,16,0,2057,ar ARG,"MF,FW",it Serie A,19.0,2004.0,29.9,1683,21,225,821,667,85,1682,135,69,51.1,58,43.0,1093,6153,2878,77,62,16,101,45,1265,171,2538,ar ARG,"MF,FW",it Serie A,19.0,2004.0,35,2687,77,78.6,29.9,30,85.0,17,5,26.0,1,1.37,40,38,2,0.07,0.68,36.3,32.2,4.0,0.14,2057,ar ARG,"MF,FW",it Serie A,19.0,2004.0,29.9,6,0,0,47,33,2,41,21,33,0,1,0,118,31,23,57.4,,,,,,,,,,,,,,,,,,,,,,,,,,,,,,,,,,,,,,,,,,,,,,,,,,,,,,MF,0.20096762188314105,0.2679568291775214,0.46892445106066244,0.31149981391886866,0.20096762188314105,1.1868812802381838,1,0.8985289688201519,1,0.6822205,0.7207008004188538
2061,Pedri,es ESP,MF,Barcelona,es La Liga,21.0,2002.0,37,35,2879,32.0,4,5,9,4,0,0,3,0,2.2,2.2,7.4,9.6,92,360,136,0.28,0.3,2061,es ESP,MF,es La Liga,21.0,2002.0,32.0,4,25,11,44.0,0.78,0.34,0.16,0.36,19.6,0,0,0,2.2,2.2,0.09,1.8,1.8,2061,es ESP,MF,es La Liga,21.0,2002.0,32.0,2404,2749,87.4,40804,10163,5,7.4,9.0,-2.4,70,331,79,4,360,2061,es ESP,MF,es La Liga,21.0,2002.0,32.0,2749,2605,140,74,27,16,58,15,41,22,1,0,2404,4,43,2061,es ESP,MF,es La Liga,21.0,2002.0,32.0,165,5.16,148,8,2,2,4,1,17,0.53,2061,es ESP,MF,es La Liga,21.0,2002.0,32.0,61,34,14,38,9,70,34.3,46,45,3,42,26,87,21,1,2061,es ESP,MF,es La Liga,21.0,2002.0,32.0,3060,37,279,1824,988,50,3060,61,40,65.6,20,32.8,2012,11238,5463,92,103,8,48,35,2389,136,2543,es ESP,MF,es La Liga,21.0,2002.0,37,2879,78,84.2,32.0,35,81.0,15,2,21.0,0,2.3,77,30,47,1.47,-1.19,70.8,34.6,36.2,1.13,2061,es ESP,MF,es La Liga,21.0,2002.0,32.0,3,0,0,10,51,2,58,26,34,0,0,0,254,7,6,53.8,,,,,,,,,,,,,,,,,,,,,,,,,,,,,,,,,,,,,,,,,,,,,,,,,,,,,,MF,0.12504341785342132,0.15630427231677665,0.281347690170198,0.06877387981938174,0.23133032302882947,0.8876519624869748,1,0.8974316957013937,1,0.65692544,0.7120899558067322
2075,Timothee Pembele,fr FRA,DF,Le Havre,fr Ligue 1,21.0,2002.0,20,12,1113,12.4,1,0,1,1,0,0,3,0,1.3,1.3,0.1,1.4,27,43,44,0.08,0.11,2075,fr FRA,DF,fr Ligue 1,21.0,2002.0,12.4,1,8,3,37.5,0.65,0.24,0.13,0.33,13.7,0,0,0,1.3,1.3,0.16,-0.3,-0.3,2075,fr FRA,DF,fr Ligue 1,21.0,2002.0,12.4,424,520,81.5,6665,2391,0,0.1,0.5,-0.1,3,25,7,3,43,2075,fr FRA,DF,fr Ligue 1,21.0,2002.0,12.4,520,440,79,15,1,2,28,64,0,0,0,0,424,1,23,2075,fr FRA,DF,fr Ligue 1,21.0,2002.0,12.4,12,0.97,9,0,1,0,2,0,1,0.08,2075,fr FRA,DF,fr Ligue 1,21.0,2002.0,12.4,30,22,17,9,4,23,60.9,9,16,5,11,11,41,42,0,2075,fr FRA,DF,fr Ligue 1,21.0,2002.0,12.4,680,45,254,291,145,20,680,29,15,51.7,12,41.4,368,2140,1066,27,14,4,19,12,398,44,2560,fr FRA,DF,fr Ligue 1,21.0,2002.0,20,1113,56,36.4,12.4,12,82.0,9,8,16.0,10,1.15,17,30,-13,-1.05,-0.22,15.9,24.5,-8.6,-0.69,2075,fr FRA,DF,fr Ligue 1,21.0,2002.0,12.4,3,0,0,9,11,1,28,11,22,0,0,0,46,10,14,41.7,,,,,,,,,,,,,,,,,,,,,,,,,,,,,,,,,,,,,,,,,,,,,,,,,,,,,,DF,0.08086253369272238,0.0,0.08086253369272238,0.10512129380053908,0.008086253369272238,0.5985208894878706,0,0.3500641239060528,0,0.41761133,0.35597938299179077
2080,Peque,es ESP,"MF,FW",Sevilla,es La Liga,21.0,2002.0,26,14,1134,12.6,1,1,2,1,0,0,1,0,2.5,2.5,1.2,3.7,14,35,44,0.16,0.29,2080,es ESP,"MF,FW",es La Liga,21.0,2002.0,12.6,1,19,4,21.1,1.51,0.32,0.05,0.25,15.7,0,0,0,2.5,2.5,0.13,-1.5,-1.5,2080,es ESP,"MF,FW",es La Liga,21.0,2002.0,12.6,279,349,79.9,4138,852,1,1.2,0.9,-0.2,12,25,6,1,35,2080,es ESP,"MF,FW",es La Liga,21.0,2002.0,12.6,349,329,20,0,5,0,10,0,4,2,0,0,279,0,13,2080,es ESP,"MF,FW",es La Liga,21.0,2002.0,12.6,32,2.54,24,0,0,5,3,0,3,0.24,2080,es ESP,"MF,FW",es La Liga,21.0,2002.0,12.6,16,5,4,10,2,17,41.2,10,16,0,16,8,24,5,0,2080,es ESP,"MF,FW",es La Liga,21.0,2002.0,12.6,485,3,51,253,186,35,485,26,11,42.3,12,46.2,266,1161,556,14,12,1,23,26,346,44,2565,es ESP,"MF,FW",es La Liga,21.0,2002.0,26,1134,44,33.2,12.6,14,70.0,1,12,13.0,11,0.96,16,17,-1,-0.08,0.39,14.7,14.7,0.1,0.0,2080,es ESP,"MF,FW",es La Liga,21.0,2002.0,12.6,1,0,0,22,26,2,10,8,5,0,1,0,41,8,26,23.5,,,,,,,,,,,,,,,,,,,,,,,,,,,,,,,,,,,,,,,,,,,,,,,,,,,,,,MF,0.07936507936507936,0.07936507936507936,0.15873015873015872,0.1984126984126984,0.09523809523809522,0.5215952380952381,0,0.38903676347709143,0,0.39769012,0.3718348443508148
2091,Francisco Perez,es ESP,"FW,MF",Valencia,es La Liga,21.0,2002.0,26,4,570,6.3,0,0,0,0,0,0,1,0,0.3,0.3,2.6,2.9,24,13,71,0.0,0.45,2091,es ESP,"FW,MF",es La Liga,21.0,2002.0,6.3,0,6,1,16.7,0.95,0.16,0.0,0.0,18.3,0,0,0,0.3,0.3,0.05,-0.3,-0.3,2091,es ESP,"FW,MF",es La Liga,21.0,2002.0,6.3,169,230,73.5,2529,533,0,2.6,1.5,-2.6,7,7,6,2,13,2091,es ESP,"FW,MF",es La Liga,21.0,2002.0,6.3,230,222,8,0,1,2,27,7,1,0,0,0,169,0,16,2091,es ESP,"FW,MF",es La Liga,21.0,2002.0,6.3,16,2.53,16,0,0,0,0,0,1,0.16,2091,es ESP,"FW,MF",es La Liga,21.0,2002.0,6.3,17,12,7,8,2,16,62.5,6,8,1,7,3,20,6,0,2091,es ESP,"FW,MF",es La Liga,21.0,2002.0,6.3,327,5,50,126,154,16,327,22,8,36.4,14,63.6,198,1440,658,24,11,4,17,14,230,71,2578,es ESP,"FW,MF",es La Liga,21.0,2002.0,26,570,22,16.7,6.3,4,53.0,0,22,16.0,5,1.54,5,9,-4,-0.63,-0.44,7.7,9.6,-2.0,-0.31,2091,es ESP,"FW,MF",es La Liga,21.0,2002.0,6.3,1,0,0,6,12,0,27,3,12,0,0,0,27,5,7,41.7,,,,,,,,,,,,,,,,,,,,,,,,,,,,,,,,,,,,,,,,,,,,,,,,,,,,,,MF,0.0,0.0,0.0,0.04736842105263158,0.41052631578947374,0.1425,0,0.46177416867993776,0,0.4442895,0.4489908814430237
2101,Máximo Perrone,ar ARG,MF,Como,it Serie A,21.0,2003.0,26,20,1857,20.6,0,3,3,0,0,0,6,0,0.9,0.9,2.2,3.1,16,98,19,0.15,0.15,2101,ar ARG,MF,it Serie A,21.0,2003.0,20.6,0,10,2,20.0,0.48,0.1,0.0,0.0,22.2,0,0,0,0.9,0.9,0.09,-0.9,-0.9,2101,ar ARG,MF,it Serie A,21.0,2003.0,20.6,1214,1343,90.4,19177,6168,3,2.2,1.7,0.8,30,97,16,0,98,2101,ar ARG,MF,it Serie A,21.0,2003.0,20.6,1343,1296,42,38,7,6,4,3,1,0,0,0,1214,5,14,2101,ar ARG,MF,it Serie A,21.0,2003.0,20.6,49,2.37,47,1,0,0,1,0,4,0.19,2101,ar ARG,MF,it Serie A,21.0,2003.0,20.6,38,27,19,14,5,38,34.2,25,15,2,13,20,58,43,0,2101,ar ARG,MF,it Serie A,21.0,2003.0,20.6,1502,62,372,932,205,15,1502,8,3,37.5,5,62.5,934,3623,1660,16,18,1,20,16,1165,19,2589,ar ARG,MF,it Serie A,21.0,2003.0,26,1857,71,54.3,20.6,20,84.0,13,6,30.0,0,1.38,28,26,2,0.1,0.38,26.7,24.1,2.6,0.13,2101,ar ARG,MF,it Serie A,21.0,2003.0,20.6,6,0,0,26,13,0,4,20,27,0,0,0,96,11,14,44.0,,,,,,,,,,,,,,,,,,,,,,,,,,,,,,,,,,,,,,,,,,,,,,,,,,,,,,MF,0.0,0.14539579967689822,0.14539579967689822,0.04361873990306947,0.10662358642972537,0.7407915993537965,1,0.711717231864293,1,0.52622753,0.3103581964969635
2126,Yeremi Pino,es ESP,"MF,FW",Villarreal,es La Liga,21.0,2002.0,34,25,1934,21.5,4,7,11,4,0,0,11,0,3.9,3.9,5.3,9.2,42,66,213,0.51,0.43,2126,es ESP,"MF,FW",es La Liga,21.0,2002.0,21.5,4,29,8,27.6,1.35,0.37,0.14,0.5,12.8,0,0,0,3.9,3.9,0.13,0.1,0.1,2126,es ESP,"MF,FW",es La Liga,21.0,2002.0,21.5,523,708,73.9,7895,2225,7,5.3,3.8,1.7,37,35,32,8,66,2126,es ESP,"MF,FW",es La Liga,21.0,2002.0,21.5,708,699,9,1,6,1,47,7,1,0,0,0,523,0,43,2126,es ESP,"MF,FW",es La Liga,21.0,2002.0,21.5,67,3.12,53,0,5,5,3,1,11,0.51,2126,es ESP,"MF,FW",es La Liga,21.0,2002.0,21.5,60,32,20,32,8,65,49.2,33,38,3,35,8,68,18,0,2126,es ESP,"MF,FW",es La Liga,21.0,2002.0,21.5,986,30,169,356,477,104,986,58,25,43.1,25,43.1,565,2781,1416,42,26,21,52,23,668,213,2620,es ESP,"MF,FW",es La Liga,21.0,2002.0,34,1934,57,56.5,21.5,25,69.0,1,9,24.0,1,1.79,43,28,15,0.7,0.4,37.4,22.7,14.7,0.68,2126,es ESP,"MF,FW",es La Liga,21.0,2002.0,21.5,11,0,0,49,30,15,47,8,32,1,0,0,93,12,16,42.9,,,,,,,,,,,,,,,,,,,,,,,,,,,,,,,,,,,,,,,,,,,,,,,,,,,,,,MF,0.1861427094105481,0.32574974146845914,0.5118924508790073,0.18148914167528438,0.2466390899689762,1.2876421923474664,1,0.780228627571614,1,0.58956516,0.7486199140548706
2128,Niccolò Pisilli,it ITA,MF,Roma,it Serie A,19.0,2004.0,28,11,1227,13.6,2,1,3,2,0,0,7,0,2.7,2.7,0.7,3.4,22,63,44,0.22,0.25,2128,it ITA,MF,it Serie A,19.0,2004.0,13.6,2,27,7,25.9,1.98,0.51,0.07,0.29,18.1,0,0,0,2.7,2.7,0.1,-0.7,-0.7,2128,it ITA,MF,it Serie A,19.0,2004.0,13.6,471,564,83.5,7869,1905,1,0.7,1.0,0.3,10,67,8,2,63,2128,it ITA,MF,it Serie A,19.0,2004.0,13.6,564,555,5,3,3,3,10,1,1,0,0,0,471,4,7,2128,it ITA,MF,it Serie A,19.0,2004.0,13.6,35,2.57,27,0,1,3,3,1,5,0.37,2128,it ITA,MF,it Serie A,19.0,2004.0,13.6,24,11,11,8,5,22,54.5,10,14,3,11,11,35,16,0,2128,it ITA,MF,it Serie A,19.0,2004.0,13.6,718,19,101,417,205,34,718,14,5,35.7,6,42.9,389,1888,921,22,16,6,27,15,507,44,2623,it ITA,MF,it Serie A,19.0,2004.0,28,1227,44,35.9,13.6,11,77.0,5,17,23.0,9,1.93,19,14,5,0.37,-0.29,18.4,14.8,3.6,0.26,2128,it ITA,MF,it Serie A,19.0,2004.0,13.6,7,0,0,19,13,1,10,11,11,0,0,0,58,3,21,12.5,,,,,,,,,,,,,,,,,,,,,,,,,,,,,,,,,,,,,,,,,,,,,,,,,,,,,,MF,0.14669926650366746,0.07334963325183373,0.22004889975550118,0.19804400977995112,0.05134474327628362,0.600148533007335,0,0.30067069708028293,0,0.39268097,0.2466641366481781
2148,Matteo Prati,it ITA,MF,Cagliari,it Serie A,20.0,2003.0,12,8,570,6.3,0,0,0,0,0,0,1,0,0.1,0.1,0.7,0.8,2,23,7,0.0,0.12,2148,it ITA,MF,it Serie A,20.0,2003.0,6.3,0,4,0,0.0,0.63,0.0,0.0,,27.9,0,0,0,0.1,0.1,0.03,-0.1,-0.1,2148,it ITA,MF,it Serie A,20.0,2003.0,6.3,180,250,72.0,3556,1034,0,0.7,0.4,-0.7,6,20,4,1,23,2148,it ITA,MF,it Serie A,20.0,2003.0,6.3,250,239,11,8,1,2,5,1,2,1,1,0,180,0,5,2148,it ITA,MF,it Serie A,20.0,2003.0,6.3,11,1.74,9,1,0,0,1,0,1,0.16,2148,it ITA,MF,it Serie A,20.0,2003.0,6.3,10,4,2,7,1,11,27.3,8,5,2,3,7,17,10,1,2148,it ITA,MF,it Serie A,20.0,2003.0,6.3,313,12,89,177,48,3,313,11,3,27.3,6,54.5,155,569,244,2,3,0,4,2,177,7,2651,it ITA,MF,it Serie A,20.0,2003.0,12,570,48,16.7,6.3,8,65.0,0,4,13.0,24,0.83,4,7,-3,-0.47,-0.06,4.9,6.5,-1.5,-0.24,2148,it ITA,MF,it Serie A,20.0,2003.0,6.3,1,0,0,8,6,0,5,7,4,0,0,0,24,1,6,14.3,,,,,,,,,,,,,,,,,,,,,,,,,,,,,,,,,,,,,,,,,,,,,,,,,,,,,,MF,0.0,0.0,0.0,0.015789473684210527,0.11052631578947367,0.1425,0,0.24670318189250084,0,0.37305805,0.2741958498954773
2158,Jarell Quansah,eng ENG,DF,Liverpool,eng Premier League,21.0,2003.0,13,4,495,5.5,0,0,0,0,0,0,2,0,0.1,0.1,0.1,0.2,3,19,4,0.0,0.04,2158,eng ENG,DF,eng Premier League,21.0,2003.0,5.5,0,1,0,0.0,0.18,0.0,0.0,,8.9,0,0,0,0.1,0.1,0.1,-0.1,-0.1,2158,eng ENG,DF,eng Premier League,21.0,2003.0,5.5,356,392,90.8,6327,2038,0,0.1,0.2,-0.1,2,22,1,0,19,2158,eng ENG,DF,eng Premier League,21.0,2003.0,5.5,392,360,32,10,0,1,2,12,0,0,0,0,356,0,2,2158,eng ENG,DF,eng Premier League,21.0,2003.0,5.5,3,0.55,3,0,0,0,0,0,0,0.0,2158,eng ENG,DF,eng Premier League,21.0,2003.0,5.5,12,8,8,4,0,10,70.0,3,10,7,3,7,19,28,1,2158,eng ENG,DF,eng Premier League,21.0,2003.0,5.5,464,80,245,189,30,6,464,3,1,33.3,2,66.7,268,1421,709,3,4,1,5,2,321,4,2662,eng ENG,DF,eng Premier League,21.0,2003.0,13,495,38,14.5,5.5,4,79.0,3,9,20.0,25,2.08,13,12,1,0.18,-1.17,10.3,10.3,0.0,-0.01,2158,eng ENG,DF,eng Premier League,21.0,2003.0,5.5,2,0,0,9,1,0,2,7,8,0,1,1,19,7,10,41.2,,,,,,,,,,,,,,,,,,,,,,,,,,,,,,,,,,,,,,,,,,,,,,,,,,,,,,DF,0.0,0.0,0.0,0.01818181818181818,0.01818181818181818,0.20625000000000002,0,0.08088776088847942,0,0.32744986,0.1840732991695404
2159,Leopold Querfeld,at AUT,DF,Union Berlin,de Bundesliga,20.0,2003.0,27,17,1747,19.4,2,2,4,2,0,0,8,0,1.1,1.1,1.0,2.2,3,49,5,0.21,0.11,2159,at AUT,DF,de Bundesliga,20.0,2003.0,19.4,2,16,4,25.0,0.82,0.21,0.13,0.5,14.1,0,0,0,1.1,1.1,0.07,0.9,0.9,2159,at AUT,DF,de Bundesliga,20.0,2003.0,19.4,648,802,80.8,13517,5754,2,1.0,1.2,1.0,10,53,5,0,49,2159,at AUT,DF,de Bundesliga,20.0,2003.0,19.4,802,749,48,30,1,12,0,1,0,0,0,0,648,5,6,2159,at AUT,DF,de Bundesliga,20.0,2003.0,19.4,26,1.34,24,0,0,1,1,0,2,0.1,2159,at AUT,DF,de Bundesliga,20.0,2003.0,19.4,25,12,21,4,0,18,72.2,5,25,10,15,19,44,144,2,2159,at AUT,DF,de Bundesliga,20.0,2003.0,19.4,1066,176,562,457,54,34,1066,9,3,33.3,5,55.6,531,2479,1336,3,2,0,5,2,574,5,2663,at AUT,DF,de Bundesliga,20.0,2003.0,27,1747,65,57.1,19.4,17,87.0,14,10,26.0,6,1.19,22,35,-13,-0.67,-0.46,19.8,28.4,-8.6,-0.44,2159,at AUT,DF,de Bundesliga,20.0,2003.0,19.4,8,0,0,20,13,0,0,19,12,0,1,0,66,65,54,54.6,,,,,,,,,,,,,,,,,,,,,,,,,,,,,,,,,,,,,,,,,,,,,,,,,,,,,,DF,0.1030337721808815,0.1030337721808815,0.206067544361763,0.05666857469948484,0.05151688609044075,1.0713625739362715,1,0.5016798303139945,1,0.45221537,0.5763643383979797
2199,Devyne Rensch,nl NED,DF,Roma,it Serie A,21.0,2003.0,14,5,469,5.2,0,1,1,0,0,0,0,0,0.3,0.3,0.8,1.0,2,14,25,0.19,0.2,2199,nl NED,DF,it Serie A,21.0,2003.0,5.2,0,3,2,66.7,0.58,0.38,0.0,0.0,13.6,0,0,0,0.3,0.3,0.09,-0.3,-0.3,2199,nl NED,DF,it Serie A,21.0,2003.0,5.2,213,260,81.9,3089,957,1,0.8,0.8,0.2,2,14,4,2,14,2199,nl NED,DF,it Serie A,21.0,2003.0,5.2,260,231,29,4,0,1,11,25,0,0,0,0,213,0,4,2199,nl NED,DF,it Serie A,21.0,2003.0,5.2,14,2.69,8,1,0,2,3,0,1,0.19,2199,nl NED,DF,it Serie A,21.0,2003.0,5.2,17,13,8,8,1,10,90.0,1,5,3,2,7,24,12,1,2199,nl NED,DF,it Serie A,21.0,2003.0,5.2,319,17,86,157,76,8,319,3,0,0.0,1,33.3,161,564,226,2,6,1,5,2,203,25,2714,nl NED,DF,it Serie A,21.0,2003.0,14,469,34,13.7,5.2,5,72.0,1,9,12.0,1,2.5,8,3,5,0.96,0.47,7.3,6.4,0.9,0.17,2199,nl NED,DF,it Serie A,21.0,2003.0,5.2,0,0,0,1,7,1,11,7,13,0,0,0,13,10,7,58.8,,,,,,,,,,,,,,,,,,,,,,,,,,,,,,,,,,,,,,,,,,,,,,,,,,,,,,DF,0.0,0.19189765458422176,0.19189765458422176,0.05756929637526652,0.1535181236673774,0.5152460909737029,0,0.17765912591340308,0,0.33145848,0.24176546931266785
2201,Guillaume Restes,fr FRA,GK,Toulouse,fr Ligue 1,19.0,2005.0,29,29,2543,28.3,0,1,1,0,0,0,2,0,0.0,0.0,0.1,0.1,0,0,0,0.04,0.0,2201,fr FRA,GK,fr Ligue 1,19.0,2005.0,28.3,0,0,0,,0.0,0.0,,,,0,0,0,0.0,0.0,,0.0,0.0,2201,fr FRA,GK,fr Ligue 1,19.0,2005.0,28.3,587,811,72.4,14175,9705,1,0.1,0.0,0.9,1,6,0,0,0,2201,fr FRA,GK,fr Ligue 1,19.0,2005.0,28.3,811,602,208,73,0,1,0,0,0,0,0,0,587,1,1,2201,fr FRA,GK,fr Ligue 1,19.0,2005.0,28.3,3,0.11,3,0,0,0,0,0,1,0.04,2201,fr FRA,GK,fr Ligue 1,19.0,2005.0,28.3,2,1,2,0,0,3,66.7,1,0,0,0,1,3,16,1,2201,fr FRA,GK,fr Ligue 1,19.0,2005.0,28.3,867,650,856,9,2,0,867,1,0,0.0,1,100.0,522,2494,1374,0,0,0,2,0,438,0,2716,fr FRA,GK,fr Ligue 1,19.0,2005.0,29,2543,88,83.1,28.3,29,88.0,27,0,,0,1.17,32,36,-4,-0.14,-1.01,39.0,29.0,10.1,0.36,2201,fr FRA,GK,fr Ligue 1,19.0,2005.0,28.3,2,0,0,1,2,0,0,1,1,0,1,0,50,0,1,0.0,153.0,fr FRA,GK,fr Ligue 1,19.0,2005.0,29.0,29.0,2543.0,28.3,36.0,1.27,92.0,58.0,62.0,9.0,7.0,13.0,8.0,27.6,2.0,1.0,1.0,0.0,153.0,fr FRA,GK,fr Ligue 1,19.0,2005.0,28.3,36.0,1.0,1.0,3.0,3.0,27.9,0.29,-5.1,-0.18,80.0,286.0,28.0,675.0,83.0,30.8,30.3,360.0,5.0,1.4,34.0,1.2,16.9,GK,0.0,0.03539127015336217,0.03539127015336217,0.0,0.003539127015336217,1.0,1,0.39897421953091533,0,0.38695797,0.0
2231,Álvaro Rodríguez,uy URU,FW,Getafe,es La Liga,20.0,2004.0,22,7,852,9.5,2,0,2,2,0,0,6,0,1.2,1.2,0.3,1.5,6,13,50,0.21,0.16,2231,uy URU,FW,es La Liga,20.0,2004.0,9.5,2,25,10,40.0,2.64,1.06,0.08,0.2,16.8,0,0,0,1.2,1.2,0.05,0.8,0.8,2231,uy URU,FW,es La Liga,20.0,2004.0,9.5,110,239,46.0,1496,344,0,0.3,0.4,-0.3,5,15,2,1,13,2231,uy URU,FW,es La Liga,20.0,2004.0,9.5,239,233,1,0,2,1,5,0,0,0,0,0,110,5,2,2231,uy URU,FW,es La Liga,20.0,2004.0,9.5,16,1.69,9,0,4,2,1,0,0,0.0,2231,uy URU,FW,es La Liga,20.0,2004.0,9.5,10,7,0,7,3,10,50.0,5,23,0,23,3,13,12,0,2231,uy URU,FW,es La Liga,20.0,2004.0,9.5,415,15,27,194,204,55,415,33,16,48.5,15,45.5,186,735,221,6,13,2,37,20,300,50,2754,uy URU,FW,es La Liga,20.0,2004.0,22,852,39,24.9,9.5,7,68.0,0,15,25.0,8,1.05,5,9,-4,-0.42,-0.39,8.4,13.1,-4.8,-0.5,2231,uy URU,FW,es La Liga,20.0,2004.0,9.5,6,0,0,30,19,6,5,3,7,0,0,0,31,104,84,55.3,,,,,,,,,,,,,,,,,,,,,,,,,,,,,,,,,,,,,,,,,,,,,,,,,,,,,,FW,0.2112676056338028,0.0,0.2112676056338028,0.1267605633802817,0.03169014084507042,0.38455399061032863,0,0.46460705205974867,0,0.44073704,0.0
2234,Damián Rodríguez,es ESP,MF,Celta Vigo,es La Liga,21.0,2003.0,17,10,927,10.3,0,0,0,0,0,0,3,0,0.1,0.1,0.8,0.9,8,71,12,0.0,0.09,2234,es ESP,MF,es La Liga,21.0,2003.0,10.3,0,4,0,0.0,0.39,0.0,0.0,,27.5,0,0,0,0.1,0.1,0.03,-0.1,-0.1,2234,es ESP,MF,es La Liga,21.0,2003.0,10.3,726,814,89.2,12535,3486,0,0.8,1.4,-0.8,17,85,4,0,71,2234,es ESP,MF,es La Liga,21.0,2003.0,10.3,814,746,66,34,2,6,30,0,31,5,16,0,726,2,10,2234,es ESP,MF,es La Liga,21.0,2003.0,10.3,26,2.52,17,9,0,0,0,0,2,0.19,2234,es ESP,MF,es La Liga,21.0,2003.0,10.3,14,9,3,10,1,16,37.5,10,6,1,5,7,21,13,0,2234,es ESP,MF,es La Liga,21.0,2003.0,10.3,876,15,127,589,162,4,876,2,0,0.0,2,100.0,529,2383,1230,8,8,0,4,6,680,12,2757,es ESP,MF,es La Liga,21.0,2003.0,17,927,55,27.1,10.3,10,78.0,6,7,21.0,19,1.35,20,20,0,0.0,-0.07,14.4,13.7,0.7,0.07,2234,es ESP,MF,es La Liga,21.0,2003.0,10.3,3,0,0,13,9,0,30,7,9,0,0,0,49,0,4,0.0,,,,,,,,,,,,,,,,,,,,,,,,,,,,,,,,,,,,,,,,,,,,,,,,,,,,,,MF,0.0,0.0,0.0,0.00970873786407767,0.07766990291262137,0.23175,0,0.25485392473185764,0,0.36501485,0.25481975078582764
2239,Javi Rodríguez,es ESP,DF,Celta Vigo,es La Liga,21.0,2003.0,36,26,2514,27.9,3,2,5,3,0,0,7,0,2.3,2.3,1.0,3.3,29,114,51,0.18,0.12,2239,es ESP,DF,es La Liga,21.0,2003.0,27.9,3,12,5,41.7,0.43,0.18,0.25,0.6,10.8,0,0,0,2.3,2.3,0.2,0.7,0.7,2239,es ESP,DF,es La Liga,21.0,2003.0,27.9,1488,1716,86.7,26876,8180,2,1.0,1.0,1.0,13,110,10,1,114,2239,es ESP,DF,es La Liga,21.0,2003.0,27.9,1716,1607,109,35,2,9,4,74,0,0,0,0,1488,0,18,2239,es ESP,DF,es La Liga,21.0,2003.0,27.9,35,1.25,29,0,2,1,3,0,3,0.11,2239,es ESP,DF,es La Liga,21.0,2003.0,27.9,53,38,35,17,1,47,70.2,14,29,10,19,33,86,96,2,2239,es ESP,DF,es La Liga,21.0,2003.0,27.9,1994,121,709,1072,217,23,1994,22,10,45.5,9,40.9,1187,5254,2820,29,27,1,22,5,1411,51,2762,es ESP,DF,es La Liga,21.0,2003.0,36,2514,70,73.5,27.9,26,85.0,20,10,29.0,1,1.53,44,40,4,0.14,0.34,39.4,31.3,8.1,0.29,2239,es ESP,DF,es La Liga,21.0,2003.0,27.9,7,0,0,37,22,0,4,33,38,0,0,0,87,40,35,53.3,,,,,,,,,,,,,,,,,,,,,,,,,,,,,,,,,,,,,,,,,,,,,,,,,,,,,,DF,0.10739856801909309,0.07159904534606205,0.17899761336515513,0.08233890214797135,0.03579952267303103,1.048329355608592,1,0.8336268659979769,1,0.6121353,0.8339694738388062
2240,Jesus Rodríguez,es ESP,FW,Betis,es La Liga,18.0,2005.0,21,15,1111,12.3,2,0,2,2,0,0,0,0,2.3,2.3,0.2,2.5,53,35,99,0.16,0.2,2240,es ESP,FW,es La Liga,18.0,2005.0,12.3,2,23,8,34.8,1.86,0.65,0.09,0.25,17.9,0,0,0,2.3,2.3,0.1,-0.3,-0.3,2240,es ESP,FW,es La Liga,18.0,2005.0,12.3,241,331,72.8,3111,935,0,0.2,0.7,-0.2,8,15,19,2,35,2240,es ESP,FW,es La Liga,18.0,2005.0,12.3,331,322,8,1,0,0,18,4,3,0,1,0,241,1,16,2240,es ESP,FW,es La Liga,18.0,2005.0,12.3,34,2.75,17,0,8,2,7,0,5,0.41,2240,es ESP,FW,es La Liga,18.0,2005.0,12.3,16,14,6,6,4,18,27.8,13,16,0,16,6,22,3,0,2240,es ESP,FW,es La Liga,18.0,2005.0,12.3,532,5,47,212,284,69,532,84,30,35.7,46,54.8,361,2868,1506,53,36,39,38,20,381,99,2763,es ESP,FW,es La Liga,18.0,2005.0,21,1111,53,32.5,12.3,15,67.0,0,6,17.0,3,1.71,20,14,6,0.49,0.45,15.9,14.5,1.5,0.12,2240,es ESP,FW,es La Liga,18.0,2005.0,12.3,0,0,0,17,38,2,18,6,14,1,0,0,58,3,8,27.3,,,,,,,,,,,,,,,,,,,,,,,,,,,,,,,,,,,,,,,,,,,,,,,,,,,,,,FW,0.162016201620162,0.0,0.162016201620162,0.18631863186318628,0.016201620162016202,0.4220224522452245,0,0.559409841446035,1,0.51391524,0.0
2257,Vitor Roque,br BRA,FW,Betis,es La Liga,19.0,2005.0,22,14,1235,13.7,4,0,4,4,0,0,4,0,6.1,6.1,1.2,7.3,24,17,57,0.29,0.53,2257,br BRA,FW,es La Liga,19.0,2005.0,13.7,4,41,18,43.9,2.99,1.31,0.1,0.22,14.5,0,0,0,6.1,6.1,0.15,-2.1,-2.1,2257,br BRA,FW,es La Liga,19.0,2005.0,13.7,142,195,72.8,1986,451,0,1.2,0.7,-1.2,12,4,10,3,17,2257,br BRA,FW,es La Liga,19.0,2005.0,13.7,195,163,32,0,1,0,6,1,1,0,0,0,142,0,7,2257,br BRA,FW,es La Liga,19.0,2005.0,13.7,34,2.48,19,0,5,5,5,0,4,0.29,2257,br BRA,FW,es La Liga,19.0,2005.0,13.7,11,6,1,6,4,5,20.0,4,5,0,5,7,18,4,0,2257,br BRA,FW,es La Liga,19.0,2005.0,13.7,365,3,27,167,179,57,365,39,10,25.6,25,64.1,213,1250,554,24,14,16,41,35,239,57,2783,br BRA,FW,es La Liga,19.0,2005.0,22,1235,56,36.1,13.7,14,74.0,3,8,24.0,0,1.45,18,23,-5,-0.36,-0.86,19.1,19.5,-0.4,-0.03,2257,br BRA,FW,es La Liga,19.0,2005.0,13.7,4,0,0,30,30,5,6,7,6,2,0,0,35,15,29,34.1,,,,,,,,,,,,,,,,,,,,,,,,,,,,,,,,,,,,,,,,,,,,,,,,,,,,,,FW,0.291497975708502,0.0,0.291497975708502,0.44453441295546553,0.0874493927125506,0.547104138551507,0,0.5724108017335033,1,0.49211985,0.0
2260,Max Rosenfelder,de GER,DF,Freiburg,de Bundesliga,21.0,2003.0,25,13,1249,13.9,1,0,1,1,0,0,2,0,0.4,0.4,0.7,1.0,24,29,18,0.07,0.08,2260,de GER,DF,de Bundesliga,21.0,2003.0,13.9,1,5,1,20.0,0.36,0.07,0.2,1.0,12.3,0,0,0,0.4,0.4,0.08,0.6,0.6,2260,de GER,DF,de Bundesliga,21.0,2003.0,13.9,576,675,85.3,9763,2723,0,0.7,0.2,-0.7,5,23,4,0,29,2260,de GER,DF,de Bundesliga,21.0,2003.0,13.9,675,622,51,11,0,0,9,30,0,0,0,0,576,2,18,2260,de GER,DF,de Bundesliga,21.0,2003.0,13.9,15,1.08,10,0,3,0,1,1,1,0.07,2260,de GER,DF,de Bundesliga,21.0,2003.0,13.9,27,17,17,10,0,19,73.7,5,17,9,8,7,34,65,0,2260,de GER,DF,de Bundesliga,21.0,2003.0,13.9,826,94,367,394,74,11,826,25,14,56.0,10,40.0,445,2701,1477,24,13,4,5,2,515,18,2786,de GER,DF,de Bundesliga,21.0,2003.0,25,1249,50,40.8,13.9,13,80.0,7,12,18.0,2,1.6,20,28,-8,-0.58,-0.78,18.6,16.2,2.3,0.17,2260,de GER,DF,de Bundesliga,21.0,2003.0,13.9,2,0,0,9,14,1,9,7,17,0,2,0,60,12,22,35.3,,,,,,,,,,,,,,,,,,,,,,,,,,,,,,,,,,,,,,,,,,,,,,,,,,,,,,DF,0.07205764611689351,0.0,0.07205764611689351,0.028823058446757407,0.05044035228182546,0.6405127435281558,0,0.2387855159744279,0,0.39794615,0.24538259208202362
2262,Tom Rothe,de GER,"DF,MF",Union Berlin,de Bundesliga,19.0,2004.0,26,19,1670,18.6,3,3,6,3,0,0,4,1,1.8,1.8,1.3,3.1,25,50,91,0.32,0.17,2262,de GER,"DF,MF",de Bundesliga,19.0,2004.0,18.6,3,23,9,39.1,1.24,0.49,0.13,0.33,11.7,0,0,0,1.8,1.8,0.08,1.2,1.2,2262,de GER,"DF,MF",de Bundesliga,19.0,2004.0,18.6,547,803,68.1,8464,3573,3,1.3,1.5,1.7,12,34,15,8,50,2262,de GER,"DF,MF",de Bundesliga,19.0,2004.0,18.6,803,618,182,5,1,4,46,177,0,0,0,0,547,3,36,2262,de GER,"DF,MF",de Bundesliga,19.0,2004.0,18.6,35,1.89,24,5,0,3,3,0,7,0.38,2262,de GER,"DF,MF",de Bundesliga,19.0,2004.0,18.6,45,28,27,15,3,51,56.9,22,41,5,36,18,63,57,1,2262,de GER,"DF,MF",de Bundesliga,19.0,2004.0,18.6,1074,65,324,411,342,38,1074,20,5,25.0,15,75.0,456,2080,889,25,11,3,23,31,522,91,2789,de GER,"DF,MF",de Bundesliga,19.0,2004.0,26,1670,64,54.6,18.6,19,79.0,10,7,25.0,4,1.08,24,34,-10,-0.54,-0.15,21.7,27.6,-5.9,-0.32,2262,de GER,"DF,MF",de Bundesliga,19.0,2004.0,18.6,4,1,0,25,11,2,46,18,28,1,0,0,77,43,44,49.4,,,,,,,,,,,,,,,,,,,,,,,,,,,,,,,,,,,,,,,,,,,,,,,,,,,,,,DF,0.16167664670658682,0.16167664670658682,0.32335329341317365,0.09700598802395209,0.07005988023952096,1.234755489021956,1,0.6760142839686932,1,0.5798219,0.7215437293052673
2268,Jon Rowe,eng ENG,"FW,MF",Marseille,fr Ligue 1,21.0,2003.0,28,6,807,9.0,3,3,6,3,0,0,2,0,3.5,3.5,4.5,8.0,30,31,96,0.67,0.89,2268,eng ENG,"FW,MF",fr Ligue 1,21.0,2003.0,9.0,3,36,15,41.7,4.01,1.67,0.08,0.2,16.8,0,0,0,3.5,3.5,0.1,-0.5,-0.5,2268,eng ENG,"FW,MF",fr Ligue 1,21.0,2003.0,9.0,233,291,80.1,3211,692,3,4.5,2.2,-1.5,18,8,14,5,31,2268,eng ENG,"FW,MF",fr Ligue 1,21.0,2003.0,9.0,291,271,19,3,5,1,28,3,6,3,1,0,233,1,8,2268,eng ENG,"FW,MF",fr Ligue 1,21.0,2003.0,9.0,38,4.24,20,2,8,6,2,0,7,0.78,2268,eng ENG,"FW,MF",fr Ligue 1,21.0,2003.0,9.0,15,11,5,4,6,14,42.9,8,4,1,3,2,17,4,0,2268,eng ENG,"FW,MF",fr Ligue 1,21.0,2003.0,9.0,438,3,32,141,269,55,438,48,20,41.7,25,52.1,294,1748,917,30,16,11,35,13,342,96,2795,eng ENG,"FW,MF",fr Ligue 1,21.0,2003.0,28,807,29,26.4,9.0,6,60.0,0,22,20.0,5,1.79,22,15,7,0.78,-0.02,21.0,14.1,6.9,0.77,2268,eng ENG,"FW,MF",fr Ligue 1,21.0,2003.0,9.0,2,0,0,14,26,6,28,2,11,0,0,0,21,7,14,33.3,,,,,,,,,,,,,,,,,,,,,,,,,,,,,,,,,,,,,,,,,,,,,,,,,,,,,,MF,0.33457249070631967,0.33457249070631967,0.6691449814126393,0.39033457249070636,0.5018587360594795,1.205467472118959,1,0.5126502198146611,1,0.4409576,0.5449281930923462
2323,Chuky san jose,es ESP,MF,Valladolid,es La Liga,20.0,2004.0,18,9,728,8.1,2,0,2,2,0,0,1,0,2.2,2.2,1.2,3.4,6,15,27,0.25,0.42,2323,es ESP,MF,es La Liga,20.0,2004.0,8.1,2,16,7,43.8,1.98,0.87,0.13,0.29,19.3,0,0,0,2.2,2.2,0.14,-0.2,-0.2,2323,es ESP,MF,es La Liga,20.0,2004.0,8.1,112,163,68.7,1897,530,0,1.2,1.5,-1.2,8,10,5,3,15,2323,es ESP,MF,es La Liga,20.0,2004.0,8.1,163,143,19,7,0,1,24,0,9,7,2,0,112,1,9,2323,es ESP,MF,es La Liga,20.0,2004.0,8.1,15,1.86,9,3,1,0,2,0,2,0.25,2323,es ESP,MF,es La Liga,20.0,2004.0,8.1,8,2,3,3,2,9,22.2,7,4,1,3,0,8,4,0,2323,es ESP,MF,es La Liga,20.0,2004.0,8.1,232,5,37,107,89,12,232,9,4,44.4,5,55.6,107,481,251,6,5,1,14,5,145,27,2867,es ESP,MF,es La Liga,20.0,2004.0,18,728,40,21.3,8.1,9,60.0,1,9,21.0,13,0.22,6,30,-24,-2.97,-1.63,7.0,19.6,-12.6,-1.57,2323,es ESP,MF,es La Liga,20.0,2004.0,8.1,1,0,0,3,10,4,24,0,2,0,0,0,20,2,10,16.7,,,,,,,,,,,,,,,,,,,,,,,,,,,,,,,,,,,,,,,,,,,,,,,,,,,,,,MF,0.24725274725274726,0.0,0.24725274725274726,0.271978021978022,0.14835164835164835,0.42925274725274726,0,0.3891221047184448,0,0.3882185,0.41723519563674927
2330,Juanlu Sánchez,es ESP,"MF,DF",Sevilla,es La Liga,20.0,2003.0,32,18,1722,19.1,4,4,8,4,0,0,6,1,2.1,2.1,2.8,5.0,44,68,83,0.42,0.26,2330,es ESP,"MF,DF",es La Liga,20.0,2003.0,19.1,4,13,6,46.2,0.68,0.31,0.31,0.67,12.1,0,0,0,2.1,2.1,0.17,1.9,1.9,2330,es ESP,"MF,DF",es La Liga,20.0,2003.0,19.1,568,697,81.5,8314,2421,4,2.8,1.7,1.2,24,51,14,5,68,2330,es ESP,"MF,DF",es La Liga,20.0,2003.0,19.1,697,635,60,2,0,2,40,55,0,0,0,0,568,2,31,2330,es ESP,"MF,DF",es La Liga,20.0,2003.0,19.1,40,2.09,36,0,2,2,0,0,5,0.26,2330,es ESP,"MF,DF",es La Liga,20.0,2003.0,19.1,50,34,28,15,7,59,59.3,24,27,2,25,17,67,19,0,2330,es ESP,"MF,DF",es La Liga,20.0,2003.0,19.1,884,22,204,413,279,31,884,28,11,39.3,16,57.1,427,2330,1394,44,23,8,24,12,558,83,2874,es ESP,"MF,DF",es La Liga,20.0,2003.0,32,1722,54,50.4,19.1,18,81.0,7,14,18.0,4,1.0,24,33,-9,-0.47,-0.26,21.2,24.9,-3.7,-0.19,2330,es ESP,"MF,DF",es La Liga,20.0,2003.0,19.1,6,1,1,18,12,1,40,17,34,0,0,0,66,19,19,50.0,,,,,,,,,,,,,,,,,,,,,,,,,,,,,,,,,,,,,,,,,,,,,,,,,,,,,,DF,0.20905923344947736,0.20905923344947736,0.4181184668989547,0.10975609756097561,0.14634146341463414,1.414364111498258,1,0.5126585100121974,1,0.4812606,0.6640075445175171
2339,Nhoa Sangui,fr FRA,"DF,MF",Reims,fr Ligue 1,18.0,2006.0,26,10,1158,12.9,0,2,2,0,0,0,3,0,0.1,0.1,0.5,0.6,21,45,53,0.16,0.05,2339,fr FRA,"DF,MF",fr Ligue 1,18.0,2006.0,12.9,0,3,0,0.0,0.23,0.0,0.0,,24.5,0,0,0,0.1,0.1,0.03,-0.1,-0.1,2339,fr FRA,"DF,MF",fr Ligue 1,18.0,2006.0,12.9,510,608,83.9,7468,2154,2,0.5,0.5,1.5,5,42,4,2,45,2339,fr FRA,"DF,MF",fr Ligue 1,18.0,2006.0,12.9,608,525,81,9,0,3,16,72,0,0,0,0,510,2,15,2339,fr FRA,"DF,MF",fr Ligue 1,18.0,2006.0,12.9,18,1.4,14,2,2,0,0,0,5,0.39,2339,fr FRA,"DF,MF",fr Ligue 1,18.0,2006.0,12.9,16,9,6,6,4,12,75.0,3,8,4,4,8,24,23,0,2339,fr FRA,"DF,MF",fr Ligue 1,18.0,2006.0,12.9,708,30,221,330,165,9,708,19,10,52.6,8,42.1,362,2006,1092,21,17,3,17,15,440,53,2884,fr FRA,"DF,MF",fr Ligue 1,18.0,2006.0,26,1158,45,37.8,12.9,10,78.0,5,16,24.0,5,0.96,17,21,-4,-0.31,0.16,13.0,21.6,-8.6,-0.67,2339,fr FRA,"DF,MF",fr Ligue 1,18.0,2006.0,12.9,3,0,0,9,8,0,16,8,9,0,0,0,64,6,12,33.3,,,,,,,,,,,,,,,,,,,,,,,,,,,,,,,,,,,,,,,,,,,,,,,,,,,,,,DF,0.0,0.15544041450777202,0.15544041450777202,0.007772020725388602,0.038860103626943004,0.7415673575129533,1,0.2916249670101369,0,0.3813016,0.5401155948638916
2347,Andrey Santos,br BRA,MF,Strasbourg,fr Ligue 1,20.0,2004.0,32,32,2855,31.7,10,3,13,10,0,0,8,0,5.1,5.1,3.3,8.4,29,149,26,0.41,0.27,2347,br BRA,MF,fr Ligue 1,20.0,2004.0,31.7,10,46,16,34.8,1.45,0.5,0.22,0.63,16.2,0,0,0,5.1,5.1,0.11,4.9,4.9,2347,br BRA,MF,fr Ligue 1,20.0,2004.0,31.7,1401,1588,88.2,23008,7859,3,3.3,2.0,-0.3,27,141,15,0,149,2347,br BRA,MF,fr Ligue 1,20.0,2004.0,31.7,1588,1519,62,61,8,1,0,1,0,0,0,0,1401,7,23,2347,br BRA,MF,fr Ligue 1,20.0,2004.0,31.7,56,1.77,47,0,1,1,2,5,6,0.19,2347,br BRA,MF,fr Ligue 1,20.0,2004.0,31.7,110,74,47,51,12,87,58.6,36,46,14,32,32,142,67,1,2347,br BRA,MF,fr Ligue 1,20.0,2004.0,31.7,1983,108,634,1159,213,36,1983,37,18,48.6,14,37.8,1015,4117,2383,29,14,3,44,11,1276,26,2892,br BRA,MF,fr Ligue 1,20.0,2004.0,32,2855,89,93.3,31.7,32,89.0,30,0,,0,1.72,55,42,13,0.41,0.85,46.9,53.4,-6.5,-0.21,2347,br BRA,MF,fr Ligue 1,20.0,2004.0,31.7,8,0,0,29,63,0,0,32,74,1,1,0,188,37,24,60.7,,,,,,,,,,,,,,,,,,,,,,,,,,,,,,,,,,,,,,,,,,,,,,,,,,,,,,MF,0.3152364273204904,0.09457092819614712,0.4098073555166375,0.1607705779334501,0.1040280210157618,0.9543782837127845,1,0.8590204702143196,1,0.6500784,0.5829474329948425
2348,Kauã Santos,br BRA,GK,Eint Frankfurt,de Bundesliga,21.0,2003.0,9,8,765,8.5,0,0,0,0,0,0,0,0,0.0,0.0,0.0,0.0,0,1,0,0.0,0.0,2348,br BRA,GK,de Bundesliga,21.0,2003.0,8.5,0,0,0,,0.0,0.0,,,,0,0,0,0.0,0.0,,0.0,0.0,2348,br BRA,GK,de Bundesliga,21.0,2003.0,8.5,205,295,69.5,5287,4026,0,0.0,0.0,0.0,1,4,0,0,1,2348,br BRA,GK,de Bundesliga,21.0,2003.0,8.5,295,233,59,15,0,0,0,0,0,0,0,0,205,3,1,2348,br BRA,GK,de Bundesliga,21.0,2003.0,8.5,3,0.35,2,1,0,0,0,0,0,0.0,2348,br BRA,GK,de Bundesliga,21.0,2003.0,8.5,0,0,0,0,0,0,,0,0,0,0,0,0,10,2,2348,br BRA,GK,de Bundesliga,21.0,2003.0,8.5,326,280,325,1,0,0,326,0,0,,0,,191,845,553,0,0,0,0,0,153,0,2893,br BRA,GK,de Bundesliga,21.0,2003.0,9,765,85,25.0,8.5,8,90.0,8,1,45.0,20,2.11,18,12,6,0.71,0.08,20.4,11.6,8.8,1.03,2348,br BRA,GK,de Bundesliga,21.0,2003.0,8.5,0,0,0,0,2,0,0,0,0,0,0,1,19,7,0,100.0,165.0,br BRA,GK,de Bundesliga,21.0,2003.0,9.0,8.0,765.0,8.5,12.0,1.41,46.0,35.0,76.1,5.0,1.0,2.0,3.0,37.5,1.0,1.0,0.0,0.0,165.0,br BRA,GK,de Bundesliga,21.0,2003.0,8.5,12.0,1.0,0.0,4.0,1.0,14.3,0.3,3.3,0.39,40.0,116.0,34.5,248.0,34.0,37.1,33.2,137.0,16.0,11.7,18.0,2.12,14.0,GK,0.0,0.0,0.0,0.0,0.0,0.425,0,0.283528252863833,0,0.37248653,0.0
2355,Mamadou Sarr,fr FRA,DF,Strasbourg,fr Ligue 1,18.0,2005.0,27,27,2365,26.3,0,1,1,0,0,0,4,0,0.8,0.8,0.3,1.1,7,52,1,0.04,0.04,2355,fr FRA,DF,fr Ligue 1,18.0,2005.0,26.3,0,5,0,0.0,0.19,0.0,0.0,,6.7,0,0,0,0.8,0.8,0.16,-0.8,-0.8,2355,fr FRA,DF,fr Ligue 1,18.0,2005.0,26.3,1593,1699,93.8,29195,9910,1,0.3,0.3,0.7,5,60,1,1,52,2355,fr FRA,DF,fr Ligue 1,18.0,2005.0,26.3,1699,1612,86,57,0,2,1,4,0,0,0,0,1593,1,13,2355,fr FRA,DF,fr Ligue 1,18.0,2005.0,26.3,12,0.46,10,0,0,2,0,0,2,0.08,2355,fr FRA,DF,fr Ligue 1,18.0,2005.0,26.3,37,21,24,11,2,24,66.7,8,26,20,6,25,62,117,3,2355,fr FRA,DF,fr Ligue 1,18.0,2005.0,26.3,1953,247,1062,858,42,12,1953,19,10,52.6,9,47.4,1241,5333,2691,7,9,1,16,10,1464,1,2901,fr FRA,DF,fr Ligue 1,18.0,2005.0,27,2365,88,77.3,26.3,27,88.0,24,0,,2,1.85,43,28,15,0.57,0.96,39.0,40.8,-1.9,-0.07,2355,fr FRA,DF,fr Ligue 1,18.0,2005.0,26.3,4,0,0,29,11,0,1,25,21,0,1,0,98,30,29,50.8,,,,,,,,,,,,,,,,,,,,,,,,,,,,,,,,,,,,,,,,,,,,,,,,,,,,,,DF,0.0,0.03805496828752643,0.03805496828752643,0.030443974630021145,0.011416490486257928,0.8134249471458774,1,0.7070395739403058,1,0.5369502,0.8118709325790405
2359,Sávio,br BRA,"FW,MF",Manchester City,eng Premier League,20.0,2004.0,29,21,1766,19.6,1,8,9,1,0,0,3,0,5.0,5.0,6.9,11.9,137,67,246,0.46,0.61,2359,br BRA,"FW,MF",eng Premier League,20.0,2004.0,19.6,1,55,21,38.2,2.8,1.07,0.02,0.05,17.6,1,0,0,5.0,5.0,0.09,-4.0,-4.0,2359,br BRA,"FW,MF",eng Premier League,20.0,2004.0,19.6,692,856,80.8,10296,1727,8,6.9,6.1,1.1,46,19,47,8,67,2359,br BRA,"FW,MF",eng Premier League,20.0,2004.0,19.6,856,824,32,4,5,7,84,9,18,10,2,0,692,0,33,2359,br BRA,"FW,MF",eng Premier League,20.0,2004.0,19.6,111,5.66,80,2,15,4,7,3,15,0.76,2359,br BRA,"FW,MF",eng Premier League,20.0,2004.0,19.6,23,17,5,10,8,19,52.6,9,14,2,12,6,29,9,1,2359,br BRA,"FW,MF",eng Premier League,20.0,2004.0,19.6,1095,14,55,286,774,154,1095,113,52,46.0,40,35.4,783,6489,3559,137,45,75,42,38,852,246,2905,br BRA,"FW,MF",eng Premier League,20.0,2004.0,29,1766,61,51.6,19.6,21,79.0,7,8,13.0,7,1.69,32,25,7,0.36,-0.79,36.1,21.0,15.1,0.77,2359,br BRA,"FW,MF",eng Premier League,20.0,2004.0,19.6,3,0,0,17,28,3,84,6,17,2,0,0,79,1,2,33.3,,,,,,,,,,,,,,,,,,,,,,,,,,,,,,,,,,,,,,,,,,,,,,,,,,,,,,MF,0.05096262740656852,0.40770101925254815,0.4586636466591167,0.2548131370328426,0.3516421291053228,1.3078646659116648,1,0.7921440374536749,1,0.62952167,0.7069042325019836
2360,Nicolò Savona,it ITA,DF,Juventus,it Serie A,21.0,2003.0,28,19,1724,19.2,2,1,3,2,0,0,5,0,0.5,0.5,1.2,1.7,35,59,44,0.16,0.09,2360,it ITA,DF,it Serie A,21.0,2003.0,19.2,2,6,4,66.7,0.31,0.21,0.33,0.5,14.8,0,0,0,0.5,0.5,0.08,1.5,1.5,2360,it ITA,DF,it Serie A,21.0,2003.0,19.2,982,1097,89.5,16461,4872,1,1.2,0.9,-0.2,16,62,12,9,59,2360,it ITA,DF,it Serie A,21.0,2003.0,19.2,1097,972,123,14,0,2,34,109,0,0,0,0,982,2,14,2360,it ITA,DF,it Serie A,21.0,2003.0,19.2,29,1.51,27,1,1,0,0,0,2,0.1,2360,it ITA,DF,it Serie A,21.0,2003.0,19.2,29,13,19,9,1,25,52.0,12,12,3,9,11,40,38,0,2360,it ITA,DF,it Serie A,21.0,2003.0,19.2,1227,60,438,597,199,15,1227,11,6,54.5,5,45.5,778,3980,1691,35,26,0,9,4,869,44,2906,it ITA,DF,it Serie A,21.0,2003.0,28,1724,62,50.4,19.2,19,80.0,9,9,23.0,5,1.89,30,13,17,0.89,0.57,23.1,16.4,6.7,0.35,2360,it ITA,DF,it Serie A,21.0,2003.0,19.2,5,0,0,13,9,1,34,11,13,0,0,0,72,9,18,33.3,,,,,,,,,,,,,,,,,,,,,,,,,,,,,,,,,,,,,,,,,,,,,,,,,,,,,,DF,0.10440835266821345,0.052204176334106726,0.15661252900232017,0.026102088167053363,0.06264501160092807,0.9793542150038669,1,0.7366874038953074,1,0.57201993,0.7541429996490479
2362,Joe Scally,us USA,DF,Gladbach,de Bundesliga,21.0,2002.0,32,30,2578,28.6,0,0,0,0,0,0,6,0,0.4,0.4,1.1,1.5,52,68,69,0.0,0.05,2362,us USA,DF,de Bundesliga,21.0,2002.0,28.6,0,6,1,16.7,0.21,0.03,0.0,0.0,19.7,0,0,0,0.4,0.4,0.06,-0.4,-0.4,2362,us USA,DF,de Bundesliga,21.0,2002.0,28.6,1300,1559,83.4,21091,6630,0,1.1,1.3,-1.1,11,60,15,7,68,2362,us USA,DF,de Bundesliga,21.0,2002.0,28.6,1559,1287,269,32,5,10,50,237,0,0,0,0,1300,3,34,2362,us USA,DF,de Bundesliga,21.0,2002.0,28.6,28,0.98,21,2,1,2,1,1,2,0.07,2362,us USA,DF,de Bundesliga,21.0,2002.0,28.6,45,32,25,18,2,46,58.7,19,35,11,24,16,61,86,2,2362,us USA,DF,de Bundesliga,21.0,2002.0,28.6,1850,107,701,851,312,22,1850,59,31,52.5,26,44.1,980,5418,2644,52,27,3,25,23,1163,69,2910,us USA,DF,de Bundesliga,21.0,2002.0,32,2578,81,84.2,28.6,30,84.0,19,2,35.0,1,1.41,51,47,4,0.14,1.26,42.3,51.4,-9.1,-0.32,2362,us USA,DF,de Bundesliga,21.0,2002.0,28.6,6,0,0,23,48,1,50,16,32,0,1,0,97,24,28,46.2,,,,,,,,,,,,,,,,,,,,,,,,,,,,,,,,,,,,,,,,,,,,,,,,,,,,,,DF,0.0,0.0,0.0,0.013964313421256789,0.038401861908456174,0.75,1,0.911211327596476,1,0.6491184,0.8339694738388062
2365,Oliver Scarles,eng ENG,"DF,FW",West Ham,eng Premier League,18.0,2005.0,15,7,665,7.4,0,0,0,0,0,0,1,0,0.1,0.1,0.1,0.2,12,22,44,0.0,0.03,2365,eng ENG,"DF,FW",eng Premier League,18.0,2005.0,7.4,0,3,0,0.0,0.41,0.0,0.0,,20.2,0,0,0,0.1,0.1,0.04,-0.1,-0.1,2365,eng ENG,"DF,FW",eng Premier League,18.0,2005.0,7.4,293,372,78.8,4388,1151,0,0.1,0.1,-0.1,2,10,5,1,22,2365,eng ENG,"DF,FW",eng Premier League,18.0,2005.0,7.4,372,333,36,4,1,1,15,32,0,0,0,0,293,3,5,2365,eng ENG,"DF,FW",eng Premier League,18.0,2005.0,7.4,6,0.81,6,0,0,0,0,0,0,0.0,2365,eng ENG,"DF,FW",eng Premier League,18.0,2005.0,7.4,21,11,17,3,1,22,63.6,8,14,2,12,11,32,26,0,2365,eng ENG,"DF,FW",eng Premier League,18.0,2005.0,7.4,466,32,159,179,133,9,466,7,2,28.6,5,71.4,219,871,483,12,9,2,12,3,272,44,2914,eng ENG,"DF,FW",eng Premier League,18.0,2005.0,15,665,44,19.4,7.4,7,70.0,2,8,22.0,6,1.13,6,9,-3,-0.41,0.02,8.3,9.9,-1.6,-0.22,2365,eng ENG,"DF,FW",eng Premier League,18.0,2005.0,7.4,1,0,0,5,3,1,15,11,11,0,0,0,34,6,6,50.0,,,,,,,,,,,,,,,,,,,,,,,,,,,,,,,,,,,,,,,,,,,,,,,,,,,,,,DF,0.0,0.0,0.0,0.013533834586466167,0.013533834586466167,0.27708333333333335,0,0.16747565080478719,0,0.3379985,0.24611276388168335
2372,Joël Schingtienne,be BEL,DF,Venezia,it Serie A,21.0,2002.0,16,12,1122,12.5,0,0,0,0,0,0,2,0,0.0,0.0,0.1,0.1,5,28,4,0.0,0.01,2372,be BEL,DF,it Serie A,21.0,2002.0,12.5,0,0,0,,0.0,0.0,,,,0,0,0,0.0,0.0,,0.0,0.0,2372,be BEL,DF,it Serie A,21.0,2002.0,12.5,420,487,86.2,6496,2235,0,0.1,0.1,-0.1,3,16,2,0,28,2372,be BEL,DF,it Serie A,21.0,2002.0,12.5,487,426,61,20,0,0,0,37,0,0,0,0,420,0,4,2372,be BEL,DF,it Serie A,21.0,2002.0,12.5,10,0.8,8,1,1,0,0,0,0,0.0,2372,be BEL,DF,it Serie A,21.0,2002.0,12.5,27,16,18,7,2,19,63.2,7,18,9,9,14,41,25,5,2372,be BEL,DF,it Serie A,21.0,2002.0,12.5,611,48,270,288,60,4,611,9,5,55.6,4,44.4,299,1463,669,5,6,0,16,5,320,4,2921,be BEL,DF,it Serie A,21.0,2002.0,16,1122,70,32.8,12.5,12,85.0,9,4,25.0,16,0.75,10,20,-10,-0.8,-0.25,12.1,17.7,-5.6,-0.45,2372,be BEL,DF,it Serie A,21.0,2002.0,12.5,2,0,0,7,1,0,0,14,16,0,1,0,49,4,14,22.2,,,,,,,,,,,,,,,,,,,,,,,,,,,,,,,,,,,,,,,,,,,,,,,,,,,,,,DF,0.0,0.0,0.0,0.0,0.008021390374331552,0.46749999999999997,0,0.14733277384048196,0,0.3178426,0.2768496870994568
2383,Alex Scott,eng ENG,MF,Bournemouth,eng Premier League,20.0,2003.0,20,8,755,8.4,0,0,0,0,0,0,3,0,0.7,0.7,0.9,1.6,15,52,33,0.0,0.19,2383,eng ENG,MF,eng Premier League,20.0,2003.0,8.4,0,15,6,40.0,1.79,0.72,0.0,0.0,21.1,1,0,0,0.7,0.7,0.05,-0.7,-0.7,2383,eng ENG,MF,eng Premier League,20.0,2003.0,8.4,286,342,83.6,4583,1359,0,0.9,1.0,-0.9,12,41,5,1,52,2383,eng ENG,MF,eng Premier League,20.0,2003.0,8.4,342,317,23,10,2,4,7,1,5,3,0,0,286,2,6,2383,eng ENG,MF,eng Premier League,20.0,2003.0,8.4,29,3.45,19,2,0,2,3,3,2,0.24,2383,eng ENG,MF,eng Premier League,20.0,2003.0,8.4,27,14,11,8,8,42,45.2,23,17,4,13,10,37,15,0,2383,eng ENG,MF,eng Premier League,20.0,2003.0,8.4,485,24,90,257,144,18,485,26,6,23.1,13,50.0,247,1401,663,15,10,3,23,8,294,33,2936,eng ENG,MF,eng Premier League,20.0,2003.0,20,755,38,22.1,8.4,8,59.0,0,12,24.0,1,1.35,10,8,2,0.24,-0.1,12.0,10.0,1.9,0.23,2383,eng ENG,MF,eng Premier League,20.0,2003.0,8.4,3,0,0,17,26,0,7,10,14,0,0,0,52,7,7,50.0,,,,,,,,,,,,,,,,,,,,,,,,,,,,,,,,,,,,,,,,,,,,,,,,,,,,,,MF,0.0,0.0,0.0,0.08344370860927151,0.10728476821192053,0.18875,0,0.23429727872148295,0,0.3508085,0.208299919962883
2391,Hiroki Sekine,jp JPN,DF,Reims,fr Ligue 1,21.0,2002.0,15,9,887,9.9,0,0,0,0,0,0,1,0,0.1,0.1,0.2,0.4,22,39,40,0.0,0.04,2391,jp JPN,DF,fr Ligue 1,21.0,2002.0,9.9,0,5,0,0.0,0.51,0.0,0.0,,17.7,0,0,0,0.1,0.1,0.03,-0.1,-0.1,2391,jp JPN,DF,fr Ligue 1,21.0,2002.0,9.9,407,504,80.8,6476,2340,0,0.2,0.5,-0.2,3,32,9,5,39,2391,jp JPN,DF,fr Ligue 1,21.0,2002.0,9.9,504,425,77,9,0,1,21,68,0,0,0,0,407,2,15,2391,jp JPN,DF,fr Ligue 1,21.0,2002.0,9.9,19,1.93,17,0,0,1,1,0,1,0.1,2391,jp JPN,DF,fr Ligue 1,21.0,2002.0,9.9,9,7,6,2,1,17,41.2,10,22,11,11,5,14,51,1,2391,jp JPN,DF,fr Ligue 1,21.0,2002.0,9.9,628,68,247,246,142,10,628,12,6,50.0,4,33.3,328,1758,931,22,14,2,12,10,384,40,2946,jp JPN,DF,fr Ligue 1,21.0,2002.0,15,887,59,29.0,9.9,9,88.0,8,6,17.0,1,0.8,4,13,-9,-0.91,-0.71,10.1,20.8,-10.7,-1.09,2391,jp JPN,DF,fr Ligue 1,21.0,2002.0,9.9,1,0,0,4,7,0,21,5,7,0,0,0,21,11,11,50.0,,,,,,,,,,,,,,,,,,,,,,,,,,,,,,,,,,,,,,,,,,,,,,,,,,,,,,DF,0.0,0.0,0.0,0.010146561443066518,0.020293122886133035,0.3695833333333333,0,0.28172224048917505,0,0.37538293,0.27275484800338745
2401,Benjamin Šeško,si SVN,"FW,MF",RB Leipzig,de Bundesliga,21.0,2003.0,33,30,2380,26.4,13,5,18,11,2,2,2,1,10.0,8.4,2.1,10.5,47,46,141,0.61,0.46,2401,si SVN,"FW,MF",de Bundesliga,21.0,2003.0,26.4,13,66,29,43.9,2.5,1.1,0.17,0.38,17.5,0,2,2,10.0,8.4,0.13,3.0,2.6,2401,si SVN,"FW,MF",de Bundesliga,21.0,2003.0,26.4,415,614,67.6,5132,1145,5,2.1,1.7,2.9,19,25,9,0,46,2401,si SVN,"FW,MF",de Bundesliga,21.0,2003.0,26.4,614,590,21,1,3,1,7,3,0,0,0,0,415,3,26,2401,si SVN,"FW,MF",de Bundesliga,21.0,2003.0,26.4,51,1.93,31,0,11,7,2,0,9,0.34,2401,si SVN,"FW,MF",de Bundesliga,21.0,2003.0,26.4,7,3,0,4,3,11,27.3,8,15,4,11,5,12,20,0,2401,si SVN,"FW,MF",de Bundesliga,21.0,2003.0,26.4,901,25,90,473,357,91,899,75,39,52.0,32,42.7,444,2670,1230,47,29,14,66,55,692,141,2959,si SVN,"FW,MF",de Bundesliga,21.0,2003.0,33,2380,72,77.8,26.4,30,78.0,9,3,18.0,0,1.52,41,34,7,0.26,0.53,33.6,39.0,-5.3,-0.2,2401,si SVN,"FW,MF",de Bundesliga,21.0,2003.0,26.4,2,1,1,26,20,18,7,5,3,0,0,0,62,70,49,58.8,,,,,,,,,,,,,,,,,,,,,,,,,,,,,,,,,,,,,,,,,,,,,,,,,,,,,,MF,0.49159663865546216,0.18907563025210083,0.680672268907563,0.37815126050420167,0.07941176470588236,1.3197478991596638,1,0.7530395156712905,1,0.5838689,0.7548974752426147
2408,Armindo Sieb,de GER,"FW,MF",Mainz 05,de Bundesliga,21.0,2003.0,27,5,762,8.5,2,2,4,2,0,0,2,0,2.8,2.8,1.1,3.9,28,18,64,0.47,0.47,2408,de GER,"FW,MF",de Bundesliga,21.0,2003.0,8.5,2,29,7,24.1,3.43,0.83,0.07,0.29,16.3,0,0,0,2.8,2.8,0.1,-0.8,-0.8,2408,de GER,"FW,MF",de Bundesliga,21.0,2003.0,8.5,136,195,69.7,1814,544,2,1.1,0.6,0.9,8,12,8,2,18,2408,de GER,"FW,MF",de Bundesliga,21.0,2003.0,8.5,195,185,8,0,1,0,6,2,0,0,0,0,136,2,6,2408,de GER,"FW,MF",de Bundesliga,21.0,2003.0,8.5,17,2.0,10,0,2,4,1,0,4,0.47,2408,de GER,"FW,MF",de Bundesliga,21.0,2003.0,8.5,10,4,4,5,1,10,30.0,7,4,0,4,1,11,7,0,2408,de GER,"FW,MF",de Bundesliga,21.0,2003.0,8.5,333,4,33,147,156,46,333,36,11,30.6,24,66.7,184,1187,551,28,7,8,33,25,238,64,2970,de GER,"FW,MF",de Bundesliga,21.0,2003.0,27,762,28,24.9,8.5,5,55.0,0,22,22.0,7,1.56,14,10,4,0.47,0.16,11.7,13.0,-1.3,-0.15,2408,de GER,"FW,MF",de Bundesliga,21.0,2003.0,8.5,2,0,0,13,13,10,6,1,4,0,0,0,29,15,25,37.5,,,,,,,,,,,,,,,,,,,,,,,,,,,,,,,,,,,,,,,,,,,,,,,,,,,,,,MF,0.23622047244094488,0.23622047244094488,0.47244094488188976,0.3307086614173228,0.1299212598425197,0.8991614173228347,1,0.5620120939167166,1,0.5119232,0.5765768885612488
2426,Giuliano Simeone,ar ARG,MF,Atlético Madrid,es La Liga,21.0,2002.0,33,26,1926,21.4,2,6,8,2,0,0,4,0,2.2,2.2,5.2,7.4,69,49,189,0.37,0.35,2426,ar ARG,MF,es La Liga,21.0,2002.0,21.4,2,22,7,31.8,1.03,0.33,0.09,0.29,14.5,0,0,0,2.2,2.2,0.1,-0.2,-0.2,2426,ar ARG,MF,es La Liga,21.0,2002.0,21.4,600,795,75.5,7159,2076,6,5.2,4.7,0.8,24,30,27,10,49,2426,ar ARG,MF,es La Liga,21.0,2002.0,21.4,795,765,29,0,2,0,49,28,1,0,0,0,600,1,40,2426,ar ARG,MF,es La Liga,21.0,2002.0,21.4,50,2.34,40,0,5,2,3,0,9,0.42,2426,ar ARG,MF,es La Liga,21.0,2002.0,21.4,27,13,6,11,10,30,50.0,15,22,3,19,14,41,22,1,2426,ar ARG,MF,es La Liga,21.0,2002.0,21.4,1034,20,173,416,461,87,1034,68,30,44.1,33,48.5,652,3555,1783,69,42,24,55,20,748,189,2991,ar ARG,MF,es La Liga,21.0,2002.0,33,1926,58,56.3,21.4,26,68.0,3,7,22.0,5,2.09,44,18,26,1.21,0.49,41.1,17.0,24.1,1.13,2426,ar ARG,MF,es La Liga,21.0,2002.0,21.4,4,0,0,23,42,7,49,14,13,1,0,0,72,11,23,32.4,,,,,,,,,,,,,,,,,,,,,,,,,,,,,,,,,,,,,,,,,,,,,,,,,,,,,,MF,0.09345794392523364,0.2803738317757009,0.37383177570093457,0.102803738317757,0.2429906542056075,1.1042056074766353,1,0.835158742516296,1,0.6148704,0.7385782599449158
2429,Xavi Simons,nl NED,MF,RB Leipzig,de Bundesliga,21.0,2003.0,25,25,2150,23.9,10,6,16,10,0,0,5,0,5.1,5.1,6.3,11.4,85,140,185,0.67,0.48,2429,nl NED,MF,de Bundesliga,21.0,2003.0,23.9,10,50,23,46.0,2.09,0.96,0.2,0.43,19.4,4,0,0,5.1,5.1,0.1,4.9,4.9,2429,nl NED,MF,de Bundesliga,21.0,2003.0,23.9,944,1201,78.6,14792,3997,6,6.3,6.0,-0.3,51,79,60,4,140,2429,nl NED,MF,de Bundesliga,21.0,2003.0,23.9,1201,1061,132,40,23,4,79,9,58,20,20,1,944,8,25,2429,nl NED,MF,de Bundesliga,21.0,2003.0,23.9,108,4.52,77,13,3,3,11,1,12,0.5,2429,nl NED,MF,de Bundesliga,21.0,2003.0,23.9,28,21,5,15,8,26,46.2,14,19,3,16,12,40,19,1,2429,nl NED,MF,de Bundesliga,21.0,2003.0,23.9,1557,13,149,766,672,82,1557,100,33,33.0,56,56.0,869,5261,2765,85,71,22,73,55,1112,185,2995,nl NED,MF,de Bundesliga,21.0,2003.0,25,2150,86,70.3,23.9,25,86.0,18,0,,0,1.6,38,28,10,0.42,0.91,32.5,36.3,-3.8,-0.16,2429,nl NED,MF,de Bundesliga,21.0,2003.0,23.9,5,0,0,24,56,5,79,12,21,0,0,0,128,19,26,42.2,,,,,,,,,,,,,,,,,,,,,,,,,,,,,,,,,,,,,,,,,,,,,,,,,,,,,,MF,0.41860465116279066,0.25116279069767444,0.6697674418604651,0.21348837209302327,0.2637209302325581,1.3709302325581396,1,0.9322058768588577,1,0.6887443,0.7582255005836487
2469,Jhon Solis,co COL,MF,Girona,es La Liga,19.0,2004.0,19,3,535,5.9,1,0,1,1,0,0,3,0,0.7,0.7,0.1,0.7,9,29,15,0.17,0.12,2469,co COL,MF,es La Liga,19.0,2004.0,5.9,1,4,1,25.0,0.67,0.17,0.25,1.0,16.0,0,0,0,0.7,0.7,0.16,0.3,0.3,2469,co COL,MF,es La Liga,19.0,2004.0,5.9,264,295,89.5,4005,885,0,0.1,0.3,-0.1,2,29,1,1,29,2469,co COL,MF,es La Liga,19.0,2004.0,5.9,295,291,2,2,1,0,3,0,0,0,0,0,264,2,1,2469,co COL,MF,es La Liga,19.0,2004.0,5.9,6,1.01,5,0,0,1,0,0,0,0.0,2469,co COL,MF,es La Liga,19.0,2004.0,5.9,13,7,3,9,1,14,42.9,8,13,1,12,4,17,6,1,2469,co COL,MF,es La Liga,19.0,2004.0,5.9,364,11,67,231,69,6,364,12,5,41.7,6,50.0,229,1305,557,9,10,1,9,10,274,15,3043,co COL,MF,es La Liga,19.0,2004.0,19,535,28,15.6,5.9,3,76.0,1,16,19.0,13,0.95,9,18,-9,-1.51,-1.3,7.6,12.6,-5.0,-0.83,2469,co COL,MF,es La Liga,19.0,2004.0,5.9,3,0,0,9,6,0,3,4,7,0,0,0,27,3,5,37.5,,,,,,,,,,,,,,,,,,,,,,,,,,,,,,,,,,,,,,,,,,,,,,,,,,,,,,MF,0.16822429906542058,0.0,0.16822429906542058,0.11775700934579438,0.016822429906542057,0.3019742990654206,0,0.1918911763916291,0,0.34323147,0.30873656272888184
2476,Hugo Sotelo,es ESP,MF,Celta Vigo,es La Liga,20.0,2003.0,24,15,1254,13.9,0,0,0,0,0,0,5,0,0.2,0.2,1.7,1.8,21,83,38,0.0,0.13,2476,es ESP,MF,es La Liga,20.0,2003.0,13.9,0,4,0,0.0,0.29,0.0,0.0,,20.6,0,0,0,0.2,0.2,0.05,-0.2,-0.2,2476,es ESP,MF,es La Liga,20.0,2003.0,13.9,873,1018,85.8,16257,4277,0,1.7,1.8,-1.7,19,100,12,3,83,2476,es ESP,MF,es La Liga,20.0,2003.0,13.9,1018,941,77,37,3,19,50,1,39,14,18,0,873,0,10,2476,es ESP,MF,es La Liga,20.0,2003.0,13.9,40,2.87,27,12,0,0,0,1,0,0.0,2476,es ESP,MF,es La Liga,20.0,2003.0,13.9,28,17,8,10,10,31,41.9,18,9,1,8,5,33,9,1,2476,es ESP,MF,es La Liga,20.0,2003.0,13.9,1097,17,177,706,226,10,1097,20,8,40.0,9,45.0,656,3170,1326,21,18,2,11,12,860,38,3052,es ESP,MF,es La Liga,20.0,2003.0,24,1254,52,36.7,13.9,15,76.0,4,9,13.0,12,1.17,21,20,1,0.07,0.03,22.0,14.2,7.9,0.57,2476,es ESP,MF,es La Liga,20.0,2003.0,13.9,5,0,0,19,9,1,50,5,17,0,0,0,71,2,10,16.7,,,,,,,,,,,,,,,,,,,,,,,,,,,,,,,,,,,,,,,,,,,,,,,,,,,,,,MF,0.0,0.0,0.0,0.014354066985645933,0.12200956937799043,0.3135,0,0.576498622979727,1,0.5103974,0.2831195592880249
2481,Matìas Soulé,ar ARG,"MF,DF",Roma,it Serie A,21.0,2003.0,27,22,1781,19.8,5,5,10,5,0,0,3,0,3.0,3.0,5.2,8.3,84,89,191,0.51,0.42,2481,ar ARG,"MF,DF",it Serie A,21.0,2003.0,19.8,5,42,13,31.0,2.12,0.66,0.12,0.38,21.1,1,0,0,3.0,3.0,0.07,2.0,2.0,2481,ar ARG,"MF,DF",it Serie A,21.0,2003.0,19.8,785,955,82.2,11957,2869,5,5.2,3.4,-0.2,51,53,34,12,89,2481,ar ARG,"MF,DF",it Serie A,21.0,2003.0,19.8,955,853,100,21,5,2,88,35,38,23,8,0,785,2,15,2481,ar ARG,"MF,DF",it Serie A,21.0,2003.0,19.8,90,4.55,63,17,3,5,2,0,8,0.4,2481,ar ARG,"MF,DF",it Serie A,21.0,2003.0,19.8,26,16,12,7,7,23,43.5,13,25,3,22,9,35,25,0,2481,ar ARG,"MF,DF",it Serie A,21.0,2003.0,19.8,1271,24,137,472,673,73,1271,108,35,32.4,54,50.0,794,4724,2444,84,56,32,56,32,915,191,3057,ar ARG,"MF,DF",it Serie A,21.0,2003.0,27,1781,66,52.1,19.8,22,79.0,6,5,10.0,10,1.78,23,17,6,0.3,-0.52,23.9,20.5,3.4,0.17,2481,ar ARG,"MF,DF",it Serie A,21.0,2003.0,19.8,3,0,0,12,36,1,88,9,16,0,0,0,105,10,17,37.0,,,,,,,,,,,,,,,,,,,,,,,,,,,,,,,,,,,,,,,,,,,,,,,,,,,,,,DF,0.25266704098820886,0.25266704098820886,0.5053340819764177,0.15160022459292533,0.26277372262773724,1.5843068032940295,1,0.7939377420070197,1,0.6236468,0.806016206741333
2497,Lucas Stassin,be BEL,FW,Saint-Étienne,fr Ligue 1,19.0,2004.0,28,23,1887,21.0,12,4,16,12,0,0,4,0,7.0,7.0,3.4,10.4,26,35,149,0.76,0.53,2497,be BEL,FW,fr Ligue 1,19.0,2004.0,21.0,12,44,23,52.3,2.1,1.1,0.27,0.52,14.1,0,0,0,7.0,7.0,0.18,3.0,3.0,2497,be BEL,FW,fr Ligue 1,19.0,2004.0,21.0,350,473,74.0,4654,669,4,3.4,3.1,0.6,18,13,12,1,35,2497,be BEL,FW,fr Ligue 1,19.0,2004.0,21.0,473,408,63,0,5,1,19,0,0,0,0,0,350,2,23,2497,be BEL,FW,fr Ligue 1,19.0,2004.0,21.0,34,1.7,27,0,3,2,2,0,8,0.4,2497,be BEL,FW,fr Ligue 1,19.0,2004.0,21.0,16,11,3,5,8,20,30.0,14,10,0,10,3,19,8,0,2497,be BEL,FW,fr Ligue 1,19.0,2004.0,21.0,655,9,39,273,347,85,655,36,15,41.7,19,52.8,326,1346,558,26,13,13,57,20,455,149,3077,be BEL,FW,fr Ligue 1,19.0,2004.0,28,1887,67,61.7,21.0,23,79.0,9,5,14.0,0,0.96,28,46,-18,-0.86,0.68,23.0,46.3,-23.3,-1.17,2497,be BEL,FW,fr Ligue 1,19.0,2004.0,21.0,4,0,0,32,26,7,19,3,11,1,0,0,34,15,29,34.1,,,,,,,,,,,,,,,,,,,,,,,,,,,,,,,,,,,,,,,,,,,,,,,,,,,,,,FW,0.5723370429252782,0.1907790143084261,0.7631160572337043,0.3338632750397456,0.16216216216216217,1.0914149443561207,1,0.6617458905164065,1,0.5463466,0.0
2499,Orri Steinn Óskarsson,is ISL,FW,Real Sociedad,es La Liga,19.0,2004.0,23,9,944,10.5,3,0,3,3,0,0,1,0,5.2,5.2,0.2,5.4,6,9,50,0.29,0.52,2499,is ISL,FW,es La Liga,19.0,2004.0,10.5,3,19,7,36.8,1.81,0.67,0.16,0.43,13.1,0,0,0,5.2,5.2,0.27,-2.2,-2.2,2499,is ISL,FW,es La Liga,19.0,2004.0,10.5,104,197,52.8,1158,178,0,0.2,0.5,-0.2,5,4,3,1,9,2499,is ISL,FW,es La Liga,19.0,2004.0,10.5,197,188,4,0,0,0,7,0,0,0,0,0,104,5,9,2499,is ISL,FW,es La Liga,19.0,2004.0,10.5,10,0.95,8,0,0,1,1,0,0,0.0,2499,is ISL,FW,es La Liga,19.0,2004.0,10.5,6,6,2,1,3,8,25.0,6,10,1,9,2,8,11,0,2499,is ISL,FW,es La Liga,19.0,2004.0,10.5,285,9,25,127,134,37,285,8,2,25.0,5,62.5,122,462,154,6,2,5,17,11,207,50,3082,is ISL,FW,es La Liga,19.0,2004.0,23,944,41,27.6,10.5,9,66.0,1,14,25.0,2,1.22,9,15,-6,-0.57,-0.39,12.6,11.8,0.7,0.07,2499,is ISL,FW,es La Liga,19.0,2004.0,10.5,1,0,0,7,6,10,7,2,6,0,0,0,15,31,55,36.0,,,,,,,,,,,,,,,,,,,,,,,,,,,,,,,,,,,,,,,,,,,,,,,,,,,,,,FW,0.2860169491525424,0.0,0.2860169491525424,0.4957627118644068,0.019067796610169493,0.4624340866290019,0,0.3818230816891017,0,0.39375877,0.0
2519,Luka Sučić,hr CRO,MF,Real Sociedad,es La Liga,21.0,2002.0,29,21,1792,19.9,1,1,2,1,0,0,4,0,3.3,3.3,2.6,5.9,30,79,56,0.1,0.3,2519,hr CRO,MF,es La Liga,21.0,2002.0,19.9,1,43,11,25.6,2.16,0.55,0.02,0.09,23.6,1,0,0,3.3,3.3,0.08,-2.3,-2.3,2519,hr CRO,MF,es La Liga,21.0,2002.0,19.9,727,882,82.4,11561,2321,1,2.6,2.2,-1.6,25,52,13,2,79,2519,hr CRO,MF,es La Liga,21.0,2002.0,19.9,882,852,24,7,5,7,18,1,1,0,1,0,727,6,15,2519,hr CRO,MF,es La Liga,21.0,2002.0,19.9,55,2.76,44,0,3,5,2,1,5,0.25,2519,hr CRO,MF,es La Liga,21.0,2002.0,19.9,25,18,8,12,5,26,38.5,16,30,2,28,15,40,16,1,2519,hr CRO,MF,es La Liga,21.0,2002.0,19.9,1094,20,146,623,339,32,1094,53,25,47.2,24,45.3,666,3752,1594,30,34,5,33,16,779,56,3106,hr CRO,MF,es La Liga,21.0,2002.0,29,1792,62,52.4,19.9,21,78.0,10,8,20.0,3,1.21,16,27,-11,-0.55,-0.55,24.3,23.8,0.5,0.03,2519,hr CRO,MF,es La Liga,21.0,2002.0,19.9,4,0,0,11,15,3,18,15,18,0,0,0,109,26,25,51.0,,,,,,,,,,,,,,,,,,,,,,,,,,,,,,,,,,,,,,,,,,,,,,,,,,,,,,MF,0.05022321428571428,0.05022321428571428,0.10044642857142856,0.16573660714285715,0.13058035714285715,0.5986696428571429,0,0.6687899517620022,1,0.5762109,0.3755512237548828
2527,Zion Suzuki,jp JPN,GK,Parma,it Serie A,21.0,2002.0,37,37,3314,36.8,0,0,0,0,0,0,2,1,0.0,0.0,0.0,0.0,0,0,0,0.0,0.0,2527,jp JPN,GK,it Serie A,21.0,2002.0,36.8,0,0,0,,0.0,0.0,,,,0,0,0,0.0,0.0,,0.0,0.0,2527,jp JPN,GK,it Serie A,21.0,2002.0,36.8,1008,1496,67.4,29293,22017,0,0.0,0.1,0.0,0,47,1,0,0,2527,jp JPN,GK,it Serie A,21.0,2002.0,36.8,1496,1138,357,134,0,2,0,0,0,0,0,0,1008,1,1,2527,jp JPN,GK,it Serie A,21.0,2002.0,36.8,9,0.24,8,1,0,0,0,0,1,0.03,2527,jp JPN,GK,it Serie A,21.0,2002.0,36.8,1,0,1,0,0,2,50.0,1,0,0,0,0,1,35,4,2527,jp JPN,GK,it Serie A,21.0,2002.0,36.8,1605,1295,1594,12,0,0,1605,0,0,,0,,953,4946,3187,0,0,0,1,0,748,0,3114,jp JPN,GK,it Serie A,21.0,2002.0,37,3314,90,96.9,36.8,37,90.0,36,0,,0,0.97,42,53,-11,-0.3,2.25,42.2,53.2,-11.0,-0.3,2527,jp JPN,GK,it Serie A,21.0,2002.0,36.8,2,1,1,3,6,0,0,0,0,0,1,0,44,13,1,92.9,188.0,jp JPN,GK,it Serie A,21.0,2002.0,36.0,36.0,3240.0,36.8,53.0,1.47,150.0,99.0,68.0,7.0,15.0,15.0,7.0,19.4,5.0,5.0,0.0,0.0,188.0,jp JPN,GK,it Serie A,21.0,2002.0,36.8,53.0,5.0,3.0,5.0,2.0,51.4,0.32,0.4,0.01,204.0,669.0,30.5,1272.0,184.0,41.4,37.5,614.0,64.0,10.4,38.0,1.03,12.1,GK,0.0,0.0,0.0,0.0,0.0,1.0,1,0.724831405190741,1,0.55250657,0.0
2533,Williot Swedberg,se SWE,"FW,MF",Celta Vigo,es La Liga,20.0,2004.0,32,15,1348,15.0,4,5,9,4,0,0,1,0,5.2,5.2,2.6,7.9,34,28,116,0.6,0.52,2533,se SWE,"FW,MF",es La Liga,20.0,2004.0,15.0,4,32,15,46.9,2.14,1.0,0.13,0.27,14.7,0,0,0,5.2,5.2,0.17,-1.2,-1.2,2533,se SWE,"FW,MF",es La Liga,20.0,2004.0,15.0,266,363,73.3,3749,737,5,2.6,2.2,2.4,16,16,12,1,28,2533,se SWE,"FW,MF",es La Liga,20.0,2004.0,15.0,363,360,2,0,4,1,18,2,0,0,0,0,266,1,18,2533,se SWE,"FW,MF",es La Liga,20.0,2004.0,15.0,36,2.4,24,0,3,8,1,0,8,0.53,2533,se SWE,"FW,MF",es La Liga,20.0,2004.0,15.0,23,16,9,10,4,20,65.0,7,12,1,11,3,26,10,1,2533,se SWE,"FW,MF",es La Liga,20.0,2004.0,15.0,562,6,53,222,293,72,562,44,10,22.7,29,65.9,351,2103,1032,34,21,18,50,16,412,116,3121,se SWE,"FW,MF",es La Liga,20.0,2004.0,32,1348,42,39.4,15.0,15,62.0,0,17,25.0,1,1.28,29,19,10,0.67,1.02,25.6,17.1,8.5,0.56,2533,se SWE,"FW,MF",es La Liga,20.0,2004.0,15.0,1,0,0,21,32,7,18,3,16,0,0,0,46,8,15,34.8,,,,,,,,,,,,,,,,,,,,,,,,,,,,,,,,,,,,,,,,,,,,,,,,,,,,,,MF,0.26706231454005935,0.3338278931750742,0.6008902077151336,0.34718100890207715,0.17359050445103857,1.2717181008902079,1,0.5945114405131643,1,0.5192294,0.698136031627655
2534,Abakar Sylla,ci CIV,DF,Strasbourg,fr Ligue 1,21.0,2002.0,21,10,950,10.6,1,0,1,1,0,0,2,1,0.4,0.4,0.1,0.5,0,21,3,0.09,0.05,2534,ci CIV,DF,fr Ligue 1,21.0,2002.0,10.6,1,5,1,20.0,0.47,0.09,0.2,1.0,9.0,0,0,0,0.4,0.4,0.08,0.6,0.6,2534,ci CIV,DF,fr Ligue 1,21.0,2002.0,10.6,583,658,88.6,9980,3603,0,0.1,0.1,-0.1,1,21,1,0,21,2534,ci CIV,DF,fr Ligue 1,21.0,2002.0,10.6,658,589,69,25,0,1,1,12,0,0,0,0,583,0,7,2534,ci CIV,DF,fr Ligue 1,21.0,2002.0,10.6,4,0.38,3,0,0,1,0,0,1,0.09,2534,ci CIV,DF,fr Ligue 1,21.0,2002.0,10.6,27,15,14,11,2,17,88.2,2,18,10,8,11,38,63,0,2534,ci CIV,DF,fr Ligue 1,21.0,2002.0,10.6,791,151,510,258,26,9,791,6,3,50.0,3,50.0,425,1490,618,0,1,0,5,4,497,3,3125,ci CIV,DF,fr Ligue 1,21.0,2002.0,21,950,45,31.0,10.6,10,78.0,7,11,15.0,9,1.71,15,21,-6,-0.57,-1.34,15.6,20.3,-4.7,-0.45,2534,ci CIV,DF,fr Ligue 1,21.0,2002.0,10.6,2,1,0,17,7,0,1,11,15,0,0,1,39,20,15,57.1,,,,,,,,,,,,,,,,,,,,,,,,,,,,,,,,,,,,,,,,,,,,,,,,,,,,,,DF,0.09473684210526316,0.0,0.09473684210526316,0.037894736842105266,0.009473684210526316,0.5537280701754387,0,0.14728796189345142,0,0.32725203,0.17647597193717957
2560,Loum Tchaouna,fr FRA,"FW,MF",Lazio,it Serie A,20.0,2003.0,24,6,660,7.3,1,0,1,1,0,0,4,1,2.5,2.5,0.6,3.1,22,20,66,0.14,0.42,2560,fr FRA,"FW,MF",it Serie A,20.0,2003.0,7.3,1,23,8,34.8,3.14,1.09,0.04,0.13,17.8,0,0,0,2.5,2.5,0.11,-1.5,-1.5,2560,fr FRA,"FW,MF",it Serie A,20.0,2003.0,7.3,172,247,69.6,2582,567,0,0.6,0.7,-0.6,10,9,8,1,20,2560,fr FRA,"FW,MF",it Serie A,20.0,2003.0,7.3,247,223,24,1,1,2,32,4,15,11,3,0,172,0,5,2560,fr FRA,"FW,MF",it Serie A,20.0,2003.0,7.3,25,3.4,20,1,0,2,0,2,6,0.82,2560,fr FRA,"FW,MF",it Serie A,20.0,2003.0,7.3,8,4,2,2,4,9,33.3,6,5,1,4,4,12,14,2,2560,fr FRA,"FW,MF",it Serie A,20.0,2003.0,7.3,341,14,35,133,174,33,341,10,5,50.0,5,50.0,188,1050,516,22,8,8,26,6,246,66,3156,fr FRA,"FW,MF",it Serie A,20.0,2003.0,24,660,28,19.3,7.3,6,52.0,0,18,19.0,13,1.58,19,10,9,1.23,1.13,12.6,12.2,0.5,0.07,2560,fr FRA,"FW,MF",it Serie A,20.0,2003.0,7.3,4,1,1,10,7,0,32,4,4,0,0,0,18,5,26,16.1,,,,,,,,,,,,,,,,,,,,,,,,,,,,,,,,,,,,,,,,,,,,,,,,,,,,,,MF,0.13636363636363635,0.0,0.13636363636363635,0.34090909090909094,0.08181818181818182,0.30136363636363633,0,0.3930053006030934,0,0.42794976,0.3688643276691437
2562,Enzo Tchato,cm CMR,DF,Montpellier,fr Ligue 1,21.0,2002.0,27,21,1899,21.1,0,0,0,0,0,0,3,0,0.1,0.1,1.5,1.7,44,62,95,0.0,0.08,2562,cm CMR,DF,fr Ligue 1,21.0,2002.0,21.1,0,4,2,50.0,0.19,0.09,0.0,0.0,24.7,0,0,0,0.1,0.1,0.03,-0.1,-0.1,2562,cm CMR,DF,fr Ligue 1,21.0,2002.0,21.1,757,1010,75.0,12674,4703,0,1.5,1.2,-1.5,14,46,13,12,62,2562,cm CMR,DF,fr Ligue 1,21.0,2002.0,21.1,1010,807,196,20,1,0,77,176,0,0,0,0,757,7,28,2562,cm CMR,DF,fr Ligue 1,21.0,2002.0,21.1,33,1.56,27,5,1,0,0,0,0,0.0,2562,cm CMR,DF,fr Ligue 1,21.0,2002.0,21.1,48,26,26,18,4,44,59.1,18,30,10,20,22,70,59,0,2562,cm CMR,DF,fr Ligue 1,21.0,2002.0,21.1,1204,79,346,577,295,14,1204,14,6,42.9,7,50.0,532,3083,1735,44,34,3,16,5,670,95,3158,cm CMR,DF,fr Ligue 1,21.0,2002.0,27,1899,70,62.1,21.1,21,80.0,13,6,36.0,0,0.56,19,50,-31,-1.47,0.47,24.7,38.2,-13.5,-0.64,2562,cm CMR,DF,fr Ligue 1,21.0,2002.0,21.1,3,0,0,21,16,2,77,22,26,0,0,0,60,19,12,61.3,,,,,,,,,,,,,,,,,,,,,,,,,,,,,,,,,,,,,,,,,,,,,,,,,,,,,,DF,0.0,0.0,0.0,0.004739336492890996,0.07109004739336493,0.75,1,0.7160994701300845,1,0.6283201,0.8339694738388062
2566,Mathys Tel,fr FRA,FW,Tottenham,eng Premier League,19.0,2005.0,13,11,911,10.1,2,1,3,1,1,1,2,0,3.0,2.2,2.6,4.7,28,21,72,0.2,0.55,2566,fr FRA,FW,eng Premier League,19.0,2005.0,10.1,2,22,8,36.4,2.17,0.79,0.05,0.13,16.0,1,1,1,3.0,2.2,0.1,-1.0,-1.2,2566,fr FRA,FW,eng Premier League,19.0,2005.0,10.1,185,266,69.5,3172,666,1,2.6,1.5,-1.6,14,12,14,4,21,2566,fr FRA,FW,eng Premier League,19.0,2005.0,10.1,266,243,22,3,2,1,35,7,8,6,2,0,185,1,12,2566,fr FRA,FW,eng Premier League,19.0,2005.0,10.1,28,2.77,18,1,3,2,4,0,2,0.2,2566,fr FRA,FW,eng Premier League,19.0,2005.0,10.1,16,6,5,6,5,13,38.5,8,8,1,7,2,18,8,2,2566,fr FRA,FW,eng Premier League,19.0,2005.0,10.1,414,9,58,150,217,40,413,53,15,28.3,31,58.5,266,1578,805,28,23,11,28,15,279,72,3163,fr FRA,FW,eng Premier League,19.0,2005.0,13,911,70,26.6,10.1,11,82.0,6,2,4.0,1,0.77,10,20,-10,-0.99,-1.31,14.6,17.2,-2.5,-0.25,2566,fr FRA,FW,eng Premier League,19.0,2005.0,10.1,2,0,0,14,16,1,35,2,6,1,0,0,38,4,7,36.4,,,,,,,,,,,,,,,,,,,,,,,,,,,,,,,,,,,,,,,,,,,,,,,,,,,,,,FW,0.19758507135016465,0.09879253567508232,0.29637760702524696,0.29637760702524696,0.25686059275521406,0.4901576411757531,0,0.5091977538082333,1,0.49022415,0.0
2573,Filippo Terracciano,it ITA,"DF,MF",Milan,it Serie A,21.0,2003.0,13,6,539,6.0,0,0,0,0,0,0,3,0,0.2,0.2,0.1,0.3,5,14,9,0.0,0.04,2573,it ITA,"DF,MF",it Serie A,21.0,2003.0,6.0,0,3,1,33.3,0.5,0.17,0.0,0.0,20.9,0,0,0,0.2,0.2,0.06,-0.2,-0.2,2573,it ITA,"DF,MF",it Serie A,21.0,2003.0,6.0,226,257,87.9,3828,822,0,0.1,0.1,-0.1,2,21,1,1,14,2573,it ITA,"DF,MF",it Serie A,21.0,2003.0,6.0,257,219,38,7,1,1,3,31,0,0,0,0,226,0,2,2573,it ITA,"DF,MF",it Serie A,21.0,2003.0,6.0,4,0.67,3,1,0,0,0,0,0,0.0,2573,it ITA,"DF,MF",it Serie A,21.0,2003.0,6.0,9,6,1,6,2,10,50.0,5,1,0,1,6,15,11,0,2573,it ITA,"DF,MF",it Serie A,21.0,2003.0,6.0,303,10,93,169,43,3,303,2,0,0.0,2,100.0,162,642,338,5,3,0,1,5,194,9,3170,it ITA,"DF,MF",it Serie A,21.0,2003.0,13,539,41,15.8,6.0,6,82.0,4,7,7.0,25,1.85,7,6,1,0.17,-0.36,8.3,7.4,0.9,0.14,2573,it ITA,"DF,MF",it Serie A,21.0,2003.0,6.0,3,0,0,11,9,1,3,6,6,0,0,0,21,10,5,66.7,,,,,,,,,,,,,,,,,,,,,,,,,,,,,,,,,,,,,,,,,,,,,,,,,,,,,,DF,0.0,0.0,0.0,0.033395176252319116,0.016697588126159558,0.22458333333333336,0,0.15567998909627165,0,0.34332904,0.24176546931266785
2612,David Torres,es ESP,DF,Valladolid,es La Liga,21.0,2003.0,18,15,1387,15.4,0,0,0,0,0,0,5,0,0.3,0.3,0.0,0.3,11,37,3,0.0,0.02,2612,es ESP,DF,es La Liga,21.0,2003.0,15.4,0,3,1,33.3,0.19,0.06,0.0,0.0,10.1,0,0,0,0.3,0.3,0.09,-0.3,-0.3,2612,es ESP,DF,es La Liga,21.0,2003.0,15.4,589,714,82.5,11231,4594,0,0.0,0.1,0.0,1,27,1,1,37,2612,es ESP,DF,es La Liga,21.0,2003.0,15.4,714,649,63,17,0,3,3,11,0,0,0,0,589,2,10,2612,es ESP,DF,es La Liga,21.0,2003.0,15.4,3,0.19,3,0,0,0,0,0,0,0.0,2612,es ESP,DF,es La Liga,21.0,2003.0,15.4,13,8,12,1,0,11,63.6,4,19,17,2,10,23,74,0,2612,es ESP,DF,es La Liga,21.0,2003.0,15.4,846,139,539,295,18,5,846,2,1,50.0,1,50.0,451,2520,1604,11,6,0,2,3,547,3,3211,es ESP,DF,es La Liga,21.0,2003.0,18,1387,77,40.6,15.4,15,84.0,13,3,41.0,15,0.61,11,37,-26,-1.69,0.0,12.3,28.8,-16.4,-1.07,2612,es ESP,DF,es La Liga,21.0,2003.0,15.4,5,0,0,13,3,0,3,10,8,0,0,1,27,20,21,48.8,,,,,,,,,,,,,,,,,,,,,,,,,,,,,,,,,,,,,,,,,,,,,,,,,,,,,,DF,0.0,0.0,0.0,0.01946647440519106,0.0,0.5779166666666666,0,0.25452584859468247,0,0.3589383,0.18576787412166595
2618,Bazoumana Touré,ci CIV,"FW,MF",Hoffenheim,de Bundesliga,18.0,2006.0,13,7,609,6.8,0,3,3,0,0,0,1,0,1.4,1.4,1.9,3.3,24,14,56,0.44,0.49,2618,ci CIV,"FW,MF",de Bundesliga,18.0,2006.0,6.8,0,19,5,26.3,2.81,0.74,0.0,0.0,17.6,0,0,0,1.4,1.4,0.07,-1.4,-1.4,2618,ci CIV,"FW,MF",de Bundesliga,18.0,2006.0,6.8,125,187,66.8,1869,423,3,1.9,1.8,1.1,13,9,11,5,14,2618,ci CIV,"FW,MF",de Bundesliga,18.0,2006.0,6.8,187,181,4,0,0,2,24,3,1,0,0,0,125,2,8,2618,ci CIV,"FW,MF",de Bundesliga,18.0,2006.0,6.8,25,3.7,17,0,3,3,1,1,4,0.59,2618,ci CIV,"FW,MF",de Bundesliga,18.0,2006.0,6.8,12,10,2,7,3,8,25.0,6,4,0,4,3,15,2,0,2618,ci CIV,"FW,MF",de Bundesliga,18.0,2006.0,6.8,291,4,37,105,156,36,291,22,12,54.5,9,40.9,183,1175,580,24,12,11,36,8,198,56,3218,ci CIV,"FW,MF",de Bundesliga,18.0,2006.0,13,609,47,19.9,6.8,7,74.0,1,6,15.0,1,0.85,12,17,-5,-0.74,-0.11,9.2,9.9,-0.6,-0.09,2618,ci CIV,"FW,MF",de Bundesliga,18.0,2006.0,6.8,1,0,0,13,3,7,24,3,10,0,0,0,27,12,17,41.4,,,,,,,,,,,,,,,,,,,,,,,,,,,,,,,,,,,,,,,,,,,,,,,,,,,,,,MF,0.0,0.4433497536945813,0.4433497536945813,0.20689655172413793,0.28078817733990147,1.0389495073891626,1,0.5478178860161798,1,0.45358038,0.5824764370918274
2621,Souleymane Touré,fr FRA,DF,Udinese,it Serie A,21.0,2003.0,12,11,733,8.1,1,0,1,1,0,0,2,2,0.4,0.4,0.0,0.4,6,26,3,0.12,0.05,2621,fr FRA,DF,it Serie A,21.0,2003.0,8.1,1,4,2,50.0,0.49,0.25,0.25,0.5,7.0,0,0,0,0.4,0.4,0.09,0.6,0.6,2621,fr FRA,DF,it Serie A,21.0,2003.0,8.1,474,517,91.7,8403,2159,0,0.0,0.2,0.0,2,34,4,1,26,2621,fr FRA,DF,it Serie A,21.0,2003.0,8.1,517,498,19,8,0,2,6,1,0,0,0,0,474,0,3,2621,fr FRA,DF,it Serie A,21.0,2003.0,8.1,8,0.98,6,0,0,1,0,1,0,0.0,2621,fr FRA,DF,it Serie A,21.0,2003.0,8.1,7,6,4,3,0,5,80.0,1,15,6,9,9,16,17,1,2621,fr FRA,DF,it Serie A,21.0,2003.0,8.1,585,57,260,282,45,10,585,10,5,50.0,4,40.0,378,1752,831,6,5,1,7,0,424,3,3222,fr FRA,DF,it Serie A,21.0,2003.0,12,733,61,21.4,8.1,11,65.0,6,1,16.0,5,0.92,11,11,0,0.0,0.5,6.5,8.1,-1.6,-0.2,2621,fr FRA,DF,it Serie A,21.0,2003.0,8.1,2,2,0,15,6,1,6,9,6,0,0,1,23,7,5,58.3,,,,,,,,,,,,,,,,,,,,,,,,,,,,,,,,,,,,,,,,,,,,,,,,,,,,,,DF,0.12278308321964529,0.0,0.12278308321964529,0.04911323328785812,0.0,0.5100551386994088,0,0.1068878928019553,0,0.32744986,0.191930890083313
2643,Christantus Uche,ng NGA,"FW,MF",Getafe,es La Liga,21.0,2003.0,33,30,2486,27.6,4,6,10,4,0,0,8,2,3.8,3.8,2.9,6.7,43,49,148,0.36,0.24,2643,ng NGA,"FW,MF",es La Liga,21.0,2003.0,27.6,4,50,14,28.0,1.81,0.51,0.08,0.29,17.1,0,0,0,3.8,3.8,0.08,0.2,0.2,2643,ng NGA,"FW,MF",es La Liga,21.0,2003.0,27.6,387,592,65.4,5080,1266,6,2.9,3.1,3.1,29,37,16,4,49,2643,ng NGA,"FW,MF",es La Liga,21.0,2003.0,27.6,592,578,11,0,1,2,22,0,0,0,0,0,387,3,23,2643,ng NGA,"FW,MF",es La Liga,21.0,2003.0,27.6,78,2.82,53,0,7,2,15,1,10,0.36,2643,ng NGA,"FW,MF",es La Liga,21.0,2003.0,27.6,35,21,8,19,8,20,45.0,11,20,2,18,10,45,19,0,2643,ng NGA,"FW,MF",es La Liga,21.0,2003.0,27.6,971,17,102,391,498,105,971,91,32,35.2,49,53.8,553,3077,1160,43,26,18,113,67,726,148,3251,ng NGA,"FW,MF",es La Liga,21.0,2003.0,33,2486,75,72.7,27.6,30,80.0,10,3,34.0,0,1.27,29,23,6,0.22,1.28,25.6,27.8,-2.2,-0.08,2643,ng NGA,"FW,MF",es La Liga,21.0,2003.0,27.6,8,2,1,55,68,19,22,10,21,0,0,0,110,91,124,42.3,,,,,,,,,,,,,,,,,,,,,,,,,,,,,,,,,,,,,,,,,,,,,,,,,,,,,,MF,0.14481094127111827,0.21721641190667737,0.36202735317779566,0.13757039420756234,0.10498793242156074,1.029243765084473,1,0.7606122456301656,1,0.59601766,0.7375835180282593
2644,Destiny Udogie,it ITA,DF,Tottenham,eng Premier League,21.0,2002.0,25,24,1924,21.4,0,1,1,0,0,0,2,0,0.3,0.3,1.5,1.8,54,121,94,0.05,0.08,2644,it ITA,DF,eng Premier League,21.0,2002.0,21.4,0,5,1,20.0,0.23,0.05,0.0,0.0,15.1,0,0,0,0.3,0.3,0.06,-0.3,-0.3,2644,it ITA,DF,eng Premier League,21.0,2002.0,21.4,972,1115,87.2,14117,4770,1,1.5,1.2,-0.5,16,89,6,1,121,2644,it ITA,DF,eng Premier League,21.0,2002.0,21.4,1115,944,170,28,0,0,19,142,0,0,0,0,972,1,34,2644,it ITA,DF,eng Premier League,21.0,2002.0,21.4,36,1.68,31,0,0,1,1,3,3,0.14,2644,it ITA,DF,eng Premier League,21.0,2002.0,21.4,75,47,42,26,7,48,68.8,15,40,6,34,22,97,36,1,2644,it ITA,DF,eng Premier League,21.0,2002.0,21.4,1376,63,394,609,389,49,1376,32,13,40.6,16,50.0,758,4340,2352,54,40,12,37,19,819,94,3252,it ITA,DF,eng Premier League,21.0,2002.0,25,1924,77,56.3,21.4,24,80.0,14,1,4.0,5,1.12,36,35,1,0.05,0.17,34.5,33.3,1.2,0.06,2644,it ITA,DF,eng Premier League,21.0,2002.0,21.4,2,0,0,29,38,3,19,22,47,0,0,1,111,13,13,50.0,,,,,,,,,,,,,,,,,,,,,,,,,,,,,,,,,,,,,,,,,,,,,,,,,,,,,,DF,0.0,0.04677754677754678,0.04677754677754678,0.014033264033264032,0.07016632016632017,0.827962577962578,1,0.805960015929868,1,0.60856366,0.8339694738388062
2646,Lesley Ugochukwu,fr FRA,MF,Southampton,eng Premier League,20.0,2004.0,26,18,1655,18.4,1,1,2,1,0,0,7,0,0.9,0.9,1.0,1.9,29,49,20,0.11,0.1,2646,fr FRA,MF,eng Premier League,20.0,2004.0,18.4,1,10,1,10.0,0.54,0.05,0.1,1.0,17.0,0,0,0,0.9,0.9,0.09,0.1,0.1,2646,fr FRA,MF,eng Premier League,20.0,2004.0,18.4,600,706,85.0,9335,2081,1,1.0,0.6,0.0,14,54,7,1,49,2646,fr FRA,MF,eng Premier League,20.0,2004.0,18.4,706,697,9,9,2,0,6,0,0,0,0,0,600,0,11,2646,fr FRA,MF,eng Premier League,20.0,2004.0,18.4,24,1.3,20,0,1,1,2,0,1,0.05,2646,fr FRA,MF,eng Premier League,20.0,2004.0,18.4,50,24,16,30,4,36,50.0,18,27,10,17,14,64,23,2,2646,fr FRA,MF,eng Premier League,20.0,2004.0,18.4,879,50,215,501,169,24,879,28,19,67.9,8,28.6,479,2565,1229,29,15,6,12,13,600,20,3254,fr FRA,MF,eng Premier League,20.0,2004.0,26,1655,64,48.4,18.4,18,77.0,4,8,33.0,6,0.42,13,39,-26,-1.41,0.32,13.5,39.5,-26.0,-1.41,2646,fr FRA,MF,eng Premier League,20.0,2004.0,18.4,7,0,0,31,16,0,6,14,24,0,1,0,67,20,18,52.6,,,,,,,,,,,,,,,,,,,,,,,,,,,,,,,,,,,,,,,,,,,,,,,,,,,,,,MF,0.054380664652567974,0.054380664652567974,0.10876132930513595,0.04894259818731118,0.054380664652567974,0.576891993957704,0,0.3219142715498738,0,0.42482775,0.28448501229286194
2647,Lukas Ullrich,de GER,DF,Gladbach,de Bundesliga,20.0,2004.0,26,24,1903,21.1,1,2,3,1,0,0,4,0,0.9,0.9,1.8,2.7,31,39,71,0.14,0.13,2647,de GER,DF,de Bundesliga,20.0,2004.0,21.1,1,8,2,25.0,0.38,0.09,0.13,0.5,13.2,0,0,0,0.9,0.9,0.11,0.1,0.1,2647,de GER,DF,de Bundesliga,20.0,2004.0,21.1,647,850,76.1,9822,3416,2,1.8,1.9,0.2,8,29,9,6,39,2647,de GER,DF,de Bundesliga,20.0,2004.0,21.1,850,713,134,5,1,0,47,129,0,0,0,0,647,3,39,2647,de GER,DF,de Bundesliga,20.0,2004.0,21.1,28,1.32,24,1,1,1,1,0,5,0.24,2647,de GER,DF,de Bundesliga,20.0,2004.0,21.1,25,16,18,6,1,42,35.7,27,26,9,17,23,48,74,1,2647,de GER,DF,de Bundesliga,20.0,2004.0,21.1,1073,82,432,434,218,26,1073,24,8,33.3,13,54.2,531,2734,1370,31,19,4,21,12,612,71,3255,de GER,DF,de Bundesliga,20.0,2004.0,26,1903,73,62.2,21.1,24,77.0,5,2,25.0,3,1.35,38,37,1,0.05,0.28,31.1,38.7,-7.6,-0.36,2647,de GER,DF,de Bundesliga,20.0,2004.0,21.1,4,0,0,22,17,0,47,23,16,0,2,0,73,14,19,42.4,,,,,,,,,,,,,,,,,,,,,,,,,,,,,,,,,,,,,,,,,,,,,,,,,,,,,,DF,0.04729374671571203,0.09458749343142406,0.1418812401471361,0.042564372044140826,0.08512874408828165,0.9864687335785602,1,0.5454515700785839,1,0.5609446,0.5969671010971069
2654,Kacper Urbanski,pl POL,MF,Monza,it Serie A,19.0,2004.0,8,6,500,5.6,0,0,0,0,0,0,1,0,0.1,0.1,0.1,0.3,10,41,14,0.0,0.05,2654,pl POL,MF,it Serie A,19.0,2004.0,5.6,0,5,1,20.0,0.9,0.18,0.0,0.0,23.0,0,0,0,0.1,0.1,0.03,-0.1,-0.1,2654,pl POL,MF,it Serie A,19.0,2004.0,5.6,215,249,86.3,3905,1045,0,0.1,0.3,-0.1,4,30,2,0,41,2654,pl POL,MF,it Serie A,19.0,2004.0,5.6,249,242,7,5,1,2,4,1,1,0,1,0,215,0,6,2654,pl POL,MF,it Serie A,19.0,2004.0,5.6,7,1.26,7,0,0,0,0,0,0,0.0,2654,pl POL,MF,it Serie A,19.0,2004.0,5.6,5,3,1,2,2,7,57.1,3,7,2,5,2,7,9,0,2654,pl POL,MF,it Serie A,19.0,2004.0,5.6,304,11,69,167,69,3,304,8,3,37.5,4,50.0,187,1160,473,10,5,0,6,10,222,14,3265,pl POL,MF,it Serie A,19.0,2004.0,8,500,63,14.6,5.6,6,77.0,2,2,21.0,9,0.13,0,9,-9,-1.62,-0.63,2.0,9.2,-7.3,-1.31,2654,pl POL,MF,it Serie A,19.0,2004.0,5.6,1,0,0,8,4,0,4,2,3,0,0,0,23,6,13,31.6,,,,,,,,,,,,,,,,,,,,,,,,,,,,,,,,,,,,,,,,,,,,,,,,,,,,,,MF,0.0,0.0,0.0,0.018000000000000002,0.018000000000000002,0.125,0,0.20508379665153442,0,0.35001615,0.26409637928009033
2655,Jonas Urbig,de GER,GK,Bayern Munich,de Bundesliga,20.0,2003.0,8,8,720,8.0,0,0,0,0,0,0,0,0,0.0,0.0,0.0,0.0,0,3,0,0.0,0.0,2655,de GER,GK,de Bundesliga,20.0,2003.0,8.0,0,0,0,,0.0,0.0,,,,0,0,0,0.0,0.0,,0.0,0.0,2655,de GER,GK,de Bundesliga,20.0,2003.0,8.0,232,286,81.1,6043,4239,0,0.0,0.1,0.0,0,8,1,0,3,2655,de GER,GK,de Bundesliga,20.0,2003.0,8.0,286,259,27,4,0,1,0,0,0,0,0,0,232,0,1,2655,de GER,GK,de Bundesliga,20.0,2003.0,8.0,1,0.12,1,0,0,0,0,0,0,0.0,2655,de GER,GK,de Bundesliga,20.0,2003.0,8.0,0,0,0,0,0,0,,0,0,0,0,0,0,9,2,2655,de GER,GK,de Bundesliga,20.0,2003.0,8.0,310,202,296,14,1,0,310,0,0,,0,,201,924,580,0,0,0,1,0,194,0,3266,de GER,GK,de Bundesliga,20.0,2003.0,8,720,90,23.5,8.0,8,90.0,8,0,,7,1.88,21,12,9,1.13,-1.11,18.1,7.2,10.9,1.36,2655,de GER,GK,de Bundesliga,20.0,2003.0,8.0,0,0,0,0,0,0,0,0,0,0,0,0,25,2,0,100.0,198.0,de GER,GK,de Bundesliga,20.0,2003.0,8.0,8.0,720.0,8.0,12.0,1.5,28.0,16.0,57.1,4.0,3.0,1.0,2.0,25.0,0.0,0.0,0.0,0.0,198.0,de GER,GK,de Bundesliga,20.0,2003.0,8.0,12.0,0.0,0.0,2.0,0.0,10.3,0.38,-1.7,-0.21,30.0,79.0,38.0,263.0,33.0,26.2,30.9,81.0,5.0,6.2,21.0,2.63,17.4,GK,0.0,0.0,0.0,0.0,0.0,0.4,0,0.25378180864275685,0,0.34060022,0.0
2656,Can Uzun,tr TUR,"MF,FW",Eint Frankfurt,de Bundesliga,18.0,2005.0,20,6,675,7.5,4,1,5,4,0,0,1,0,3.0,3.0,1.1,4.1,11,42,45,0.67,0.55,2656,tr TUR,"MF,FW",de Bundesliga,18.0,2005.0,7.5,4,27,11,40.7,3.6,1.47,0.15,0.36,16.3,0,0,0,3.0,3.0,0.11,1.0,1.0,2656,tr TUR,"MF,FW",de Bundesliga,18.0,2005.0,7.5,239,299,79.9,3821,1135,1,1.1,1.1,-0.1,14,25,18,4,42,2656,tr TUR,"MF,FW",de Bundesliga,18.0,2005.0,7.5,299,289,10,1,2,1,18,0,6,2,2,0,239,0,11,2656,tr TUR,"MF,FW",de Bundesliga,18.0,2005.0,7.5,38,5.06,24,2,6,3,1,2,3,0.4,2656,tr TUR,"MF,FW",de Bundesliga,18.0,2005.0,7.5,10,4,1,4,5,10,50.0,5,9,0,9,1,11,3,0,2656,tr TUR,"MF,FW",de Bundesliga,18.0,2005.0,7.5,395,4,33,191,174,31,395,22,11,50.0,9,40.9,265,1368,523,11,13,4,19,14,315,45,3267,tr TUR,"MF,FW",de Bundesliga,18.0,2005.0,20,675,34,22.1,7.5,6,66.0,0,14,20.0,13,1.4,18,7,11,1.47,1.05,15.3,11.2,4.1,0.54,2656,tr TUR,"MF,FW",de Bundesliga,18.0,2005.0,7.5,1,0,0,8,16,0,18,1,4,0,0,0,31,5,3,62.5,,,,,,,,,,,,,,,,,,,,,,,,,,,,,,,,,,,,,,,,,,,,,,,,,,,,,,MF,0.5333333333333333,0.13333333333333333,0.6666666666666666,0.4,0.14666666666666667,0.96875,1,0.39701437910702425,0,0.37424028,0.3581590950489044
2664,Álex Valle,es ESP,DF,Como,it Serie A,20.0,2004.0,15,12,1030,11.4,0,0,0,0,0,0,2,0,0.3,0.3,0.7,1.0,19,44,30,0.0,0.08,2664,es ESP,DF,it Serie A,20.0,2004.0,11.4,0,9,1,11.1,0.79,0.09,0.0,0.0,22.2,0,0,0,0.3,0.3,0.03,-0.3,-0.3,2664,es ESP,DF,it Serie A,20.0,2004.0,11.4,562,661,85.0,8597,3030,0,0.7,0.5,-0.7,11,51,9,4,44,2664,es ESP,DF,it Serie A,20.0,2004.0,11.4,661,533,126,27,0,4,16,99,0,0,0,0,562,2,20,2664,es ESP,DF,it Serie A,20.0,2004.0,11.4,25,2.18,22,1,0,2,0,0,0,0.0,2664,es ESP,DF,it Serie A,20.0,2004.0,11.4,26,12,12,12,2,21,71.4,6,13,2,11,8,34,42,0,2664,es ESP,DF,it Serie A,20.0,2004.0,11.4,799,26,276,375,155,12,799,18,9,50.0,9,50.0,425,2246,1068,19,20,5,18,8,460,30,3279,es ESP,DF,it Serie A,20.0,2004.0,15,1030,69,30.1,11.4,12,82.0,6,3,16.0,1,1.6,17,13,4,0.35,0.61,14.7,11.9,2.8,0.24,2664,es ESP,DF,it Serie A,20.0,2004.0,11.4,2,0,0,14,18,1,16,8,12,0,0,0,51,6,15,28.6,,,,,,,,,,,,,,,,,,,,,,,,,,,,,,,,,,,,,,,,,,,,,,,,,,,,,,DF,0.0,0.0,0.0,0.026213592233009706,0.06116504854368932,0.42916666666666664,0,0.22884083505538935,0,0.33588138,0.29608219861984253
2683,Jesus Vazquez,es ESP,DF,Valencia,es La Liga,21.0,2003.0,19,10,919,10.2,0,0,0,0,0,0,3,0,0.1,0.1,0.6,0.8,32,21,48,0.0,0.08,2683,es ESP,DF,es La Liga,21.0,2003.0,10.2,0,5,1,20.0,0.49,0.1,0.0,0.0,26.4,0,0,0,0.1,0.1,0.03,-0.1,-0.1,2683,es ESP,DF,es La Liga,21.0,2003.0,10.2,345,447,77.2,4732,1323,0,0.6,0.6,-0.6,3,18,3,2,21,2683,es ESP,DF,es La Liga,21.0,2003.0,10.2,447,332,112,8,0,0,23,103,0,0,0,0,345,3,22,2683,es ESP,DF,es La Liga,21.0,2003.0,10.2,9,0.88,6,0,1,1,0,1,1,0.1,2683,es ESP,DF,es La Liga,21.0,2003.0,10.2,23,18,12,9,2,19,52.6,9,16,5,11,10,33,30,0,2683,es ESP,DF,es La Liga,21.0,2003.0,10.2,586,36,170,237,188,14,586,36,14,38.9,17,47.2,250,1510,881,32,27,5,14,8,284,48,3302,es ESP,DF,es La Liga,21.0,2003.0,19,919,48,26.9,10.2,10,76.0,5,9,17.0,16,1.05,10,16,-6,-0.59,-0.44,9.0,15.0,-6.0,-0.59,2683,es ESP,DF,es La Liga,21.0,2003.0,10.2,3,0,0,17,11,1,23,10,18,0,0,0,42,12,13,48.0,,,,,,,,,,,,,,,,,,,,,,,,,,,,,,,,,,,,,,,,,,,,,,,,,,,,,,DF,0.0,0.0,0.0,0.009793253536452667,0.05875952121871599,0.3829166666666667,0,0.28217964456264055,0,0.41699034,0.33632519841194153
2688,Renato Veiga,pt POR,DF,Juventus,it Serie A,21.0,2003.0,13,12,1093,12.1,0,1,1,0,0,0,2,0,1.0,1.0,0.1,1.1,9,40,0,0.08,0.09,2688,pt POR,DF,it Serie A,21.0,2003.0,12.1,0,12,5,41.7,0.99,0.41,0.0,0.0,14.6,1,0,0,1.0,1.0,0.09,-1.0,-1.0,2688,pt POR,DF,it Serie A,21.0,2003.0,12.1,500,568,88.0,10016,3525,1,0.1,0.2,0.9,2,35,2,0,40,2688,pt POR,DF,it Serie A,21.0,2003.0,12.1,568,530,38,23,1,4,0,0,0,0,0,0,500,0,1,2688,pt POR,DF,it Serie A,21.0,2003.0,12.1,9,0.74,9,0,0,0,0,0,1,0.08,2688,pt POR,DF,it Serie A,21.0,2003.0,12.1,17,12,7,9,1,14,64.3,5,17,13,4,19,36,81,0,2688,pt POR,DF,it Serie A,21.0,2003.0,12.1,727,130,384,311,35,11,727,1,1,100.0,0,0.0,388,2311,1173,9,5,0,2,0,423,0,3307,pt POR,DF,it Serie A,21.0,2003.0,13,1093,84,32.0,12.1,12,87.0,11,1,45.0,1,2.08,18,11,7,0.58,-0.04,15.3,10.5,4.8,0.4,2688,pt POR,DF,it Serie A,21.0,2003.0,12.1,2,0,0,9,2,1,0,19,12,0,0,0,38,27,11,71.1,,,,,,,,,,,,,,,,,,,,,,,,,,,,,,,,,,,,,,,,,,,,,,,,,,,,,,DF,0.0,0.08234217749313816,0.08234217749313816,0.08234217749313816,0.008234217749313816,0.5926536291552302,0,0.14614088457192223,0,0.3317455,0.17647597193717957
2689,Alejo Véliz,ar ARG,FW,Espanyol,es La Liga,20.0,2003.0,27,10,1127,12.5,1,0,1,1,0,0,3,0,2.3,2.3,0.6,2.8,2,8,27,0.08,0.22,2689,ar ARG,FW,es La Liga,20.0,2003.0,12.5,1,19,6,31.6,1.52,0.48,0.05,0.17,10.7,0,0,0,2.3,2.3,0.12,-1.3,-1.3,2689,ar ARG,FW,es La Liga,20.0,2003.0,12.5,122,187,65.2,1608,182,0,0.6,0.1,-0.6,3,9,0,0,8,2689,ar ARG,FW,es La Liga,20.0,2003.0,12.5,187,161,26,0,0,0,0,2,0,0,0,0,122,0,2,2689,ar ARG,FW,es La Liga,20.0,2003.0,12.5,14,1.1,7,0,0,2,5,0,4,0.31,2689,ar ARG,FW,es La Liga,20.0,2003.0,12.5,1,1,0,1,0,7,14.3,6,12,2,10,4,5,23,1,2689,ar ARG,FW,es La Liga,20.0,2003.0,12.5,317,25,35,189,93,30,317,5,1,20.0,3,60.0,123,408,116,2,3,0,34,12,205,27,3308,ar ARG,FW,es La Liga,20.0,2003.0,27,1127,42,33.0,12.5,10,71.0,2,17,25.0,11,0.89,18,22,-4,-0.32,-0.04,13.7,21.7,-8.0,-0.63,2689,ar ARG,FW,es La Liga,20.0,2003.0,12.5,3,0,0,20,33,5,0,4,1,1,0,0,20,51,58,46.8,,,,,,,,,,,,,,,,,,,,,,,,,,,,,,,,,,,,,,,,,,,,,,,,,,,,,,FW,0.07985803016858918,0.0,0.07985803016858918,0.18367346938775508,0.04791481810115351,0.36895617667356795,0,0.4070605432065324,0,0.40397075,0.0
2695,Bart Verbruggen,nl NED,GK,Brighton,eng Premier League,21.0,2002.0,36,36,3240,36.0,0,1,1,0,0,0,5,0,0.0,0.0,0.0,0.0,0,2,0,0.03,0.0,2695,nl NED,GK,eng Premier League,21.0,2002.0,36.0,0,0,0,,0.0,0.0,,,,0,0,0,0.0,0.0,,0.0,0.0,2695,nl NED,GK,eng Premier League,21.0,2002.0,36.0,1011,1315,76.9,23986,16175,1,0.0,0.0,1.0,1,20,1,0,2,2695,nl NED,GK,eng Premier League,21.0,2002.0,36.0,1315,1164,145,62,0,0,0,0,0,0,0,0,1011,6,2,2695,nl NED,GK,eng Premier League,21.0,2002.0,36.0,5,0.14,5,0,0,0,0,0,1,0.03,2695,nl NED,GK,eng Premier League,21.0,2002.0,36.0,0,0,0,0,0,3,0.0,3,1,0,1,0,0,29,5,2695,nl NED,GK,eng Premier League,21.0,2002.0,36.0,1406,1109,1392,14,0,0,1406,2,2,100.0,0,0.0,955,3507,1804,0,1,1,2,0,909,0,3314,nl NED,GK,eng Premier League,21.0,2002.0,36,3240,90,94.7,36.0,36,90.0,36,0,,0,1.53,61,58,3,0.08,-1.92,55.2,52.7,2.5,0.07,2695,nl NED,GK,eng Premier League,21.0,2002.0,36.0,5,0,0,0,2,0,0,0,0,0,0,0,59,10,1,90.9,202.0,nl NED,GK,eng Premier League,21.0,2002.0,36.0,36.0,3240.0,36.0,58.0,1.61,143.0,87.0,65.7,14.0,13.0,9.0,7.0,19.4,9.0,9.0,0.0,0.0,202.0,nl NED,GK,eng Premier League,21.0,2002.0,36.0,58.0,9.0,1.0,4.0,2.0,51.0,0.31,-5.0,-0.14,122.0,386.0,31.6,1226.0,122.0,26.9,29.7,414.0,27.0,6.5,47.0,1.31,13.9,GK,0.0,0.027777777777777776,0.027777777777777776,0.0,0.0,1.0,1,0.6946564063371361,1,0.55250657,0.0
2698,Arthur Vermeeren,be BEL,MF,RB Leipzig,de Bundesliga,19.0,2005.0,28,18,1572,17.5,0,2,2,0,0,0,7,0,0.4,0.4,0.9,1.3,14,77,20,0.11,0.07,2698,be BEL,MF,de Bundesliga,19.0,2005.0,17.5,0,4,1,25.0,0.23,0.06,0.0,0.0,17.9,0,0,0,0.4,0.4,0.09,-0.4,-0.4,2698,be BEL,MF,de Bundesliga,19.0,2005.0,17.5,821,953,86.1,12663,3480,2,0.9,1.3,1.1,12,71,6,0,77,2698,be BEL,MF,de Bundesliga,19.0,2005.0,17.5,953,940,12,9,2,1,3,2,0,0,0,0,821,1,18,2698,be BEL,MF,de Bundesliga,19.0,2005.0,17.5,28,1.6,27,0,0,0,0,1,2,0.11,2698,be BEL,MF,de Bundesliga,19.0,2005.0,17.5,32,19,14,13,5,47,29.8,33,34,12,22,23,55,25,2,2698,be BEL,MF,de Bundesliga,19.0,2005.0,17.5,1109,46,250,669,201,6,1109,15,6,40.0,9,60.0,536,2174,992,14,16,1,19,12,753,20,3318,be BEL,MF,de Bundesliga,19.0,2005.0,28,1572,56,51.4,17.5,18,72.0,3,10,28.0,4,1.36,31,30,1,0.06,-0.18,23.3,29.5,-6.3,-0.36,2698,be BEL,MF,de Bundesliga,19.0,2005.0,17.5,7,0,0,22,1,0,3,23,19,0,0,0,94,8,20,28.6,,,,,,,,,,,,,,,,,,,,,,,,,,,,,,,,,,,,,,,,,,,,,,,,,,,,,,MF,0.0,0.11450381679389314,0.11450381679389314,0.022900763358778626,0.05152671755725191,0.6220076335877863,0,0.34892579760966247,0,0.4510953,0.22440537810325623
2711,Samuele Vignato,it ITA,MF,Monza,it Serie A,20.0,2004.0,17,3,470,5.2,0,0,0,0,0,0,0,0,0.3,0.3,0.0,0.3,5,17,30,0.0,0.06,2711,it ITA,MF,it Serie A,20.0,2004.0,5.2,0,4,1,25.0,0.77,0.19,0.0,0.0,13.2,0,0,0,0.3,0.3,0.07,-0.3,-0.3,2711,it ITA,MF,it Serie A,20.0,2004.0,5.2,126,167,75.4,1778,293,0,0.0,0.2,0.0,1,9,2,0,17,2711,it ITA,MF,it Serie A,20.0,2004.0,5.2,167,166,1,0,1,1,14,1,0,0,0,0,126,0,5,2711,it ITA,MF,it Serie A,20.0,2004.0,5.2,7,1.34,7,0,0,0,0,0,1,0.19,2711,it ITA,MF,it Serie A,20.0,2004.0,5.2,6,3,0,4,2,7,42.9,4,1,0,1,0,6,6,0,2711,it ITA,MF,it Serie A,20.0,2004.0,5.2,214,5,27,101,90,7,214,13,4,30.8,9,69.2,139,729,269,5,8,1,8,10,163,30,3332,it ITA,MF,it Serie A,20.0,2004.0,17,470,28,13.7,5.2,3,74.0,0,14,18.0,13,0.53,1,8,-7,-1.34,-0.3,2.8,8.3,-5.5,-1.05,2711,it ITA,MF,it Serie A,20.0,2004.0,5.2,0,0,0,3,3,1,14,0,3,0,0,0,12,5,13,27.8,,,,,,,,,,,,,,,,,,,,,,,,,,,,,,,,,,,,,,,,,,,,,,,,,,,,,,MF,0.0,0.0,0.0,0.0574468085106383,0.0,0.11750000000000001,0,0.3197364935470284,0,0.3817575,0.3338771164417267
2731,Aster Vranckx,be BEL,MF,Wolfsburg,de Bundesliga,21.0,2002.0,14,6,556,6.2,0,0,0,0,0,0,1,0,0.0,0.0,0.0,0.0,5,20,6,0.0,0.01,2731,be BEL,MF,de Bundesliga,21.0,2002.0,6.2,0,0,0,,0.0,0.0,,,,0,0,0,0.0,0.0,,0.0,0.0,2731,be BEL,MF,de Bundesliga,21.0,2002.0,6.2,166,202,82.2,2747,773,0,0.0,0.4,0.0,1,16,2,0,20,2731,be BEL,MF,de Bundesliga,21.0,2002.0,6.2,202,197,4,2,1,2,3,0,0,0,0,0,166,1,10,2731,be BEL,MF,de Bundesliga,21.0,2002.0,6.2,6,0.97,5,0,0,0,1,0,1,0.16,2731,be BEL,MF,de Bundesliga,21.0,2002.0,6.2,11,6,3,8,0,9,33.3,6,14,3,11,10,21,13,0,2731,be BEL,MF,de Bundesliga,21.0,2002.0,6.2,276,30,94,149,37,4,276,6,5,83.3,1,16.7,123,487,206,5,2,0,13,5,144,6,3360,be BEL,MF,de Bundesliga,21.0,2002.0,14,556,40,18.2,6.2,6,75.0,2,8,13.0,7,1.21,7,13,-6,-0.97,-1.26,6.8,10.7,-3.9,-0.63,2731,be BEL,MF,de Bundesliga,21.0,2002.0,6.2,1,0,0,12,11,0,3,10,6,0,0,0,22,7,14,33.3,,,,,,,,,,,,,,,,,,,,,,,,,,,,,,,,,,,,,,,,,,,,,,,,,,,,,,MF,0.0,0.0,0.0,0.0,0.0,0.139,0,0.21081941534795867,0,0.3412467,0.25549188256263733
2735,Elye Wahi,fr FRA,FW,Marseille,fr Ligue 1,21.0,2003.0,13,7,574,6.4,3,1,4,2,1,1,1,0,6.0,5.2,0.4,5.6,7,7,41,0.47,1.0,2735,fr FRA,FW,fr Ligue 1,21.0,2003.0,6.4,3,16,9,56.3,2.51,1.41,0.13,0.22,12.1,0,1,1,6.0,5.2,0.33,-3.0,-3.2,2735,fr FRA,FW,fr Ligue 1,21.0,2003.0,6.4,88,111,79.3,1129,158,1,0.4,0.2,0.6,6,7,0,0,7,2735,fr FRA,FW,fr Ligue 1,21.0,2003.0,6.4,111,102,8,0,0,1,2,0,0,0,0,0,88,1,6,2735,fr FRA,FW,fr Ligue 1,21.0,2003.0,6.4,16,2.5,12,0,2,2,0,0,4,0.63,2735,fr FRA,FW,fr Ligue 1,21.0,2003.0,6.4,0,0,0,0,0,4,0.0,4,1,0,1,1,1,0,0,2735,fr FRA,FW,fr Ligue 1,21.0,2003.0,6.4,161,0,8,87,67,30,160,10,2,20.0,8,80.0,103,423,177,7,0,5,15,11,126,41,3365,fr FRA,FW,fr Ligue 1,21.0,2003.0,13,574,44,18.8,6.4,7,62.0,0,6,24.0,2,2.0,17,8,9,1.41,0.76,14.1,8.0,6.1,0.96,2735,fr FRA,FW,fr Ligue 1,21.0,2003.0,6.4,1,0,0,17,8,10,2,1,0,0,0,0,8,4,13,23.5,,,,,,,,,,,,,,,,,,,,,,,,,,,,,,,,,,,,,,,,,,,,,,,,,,,,,,FW,0.47038327526132406,0.156794425087108,0.627177700348432,0.9407665505226481,0.0627177700348432,0.6455071622144792,0,0.3663888430778232,0,0.3579609,0.0
2745,Paul Wanner,de GER,"MF,FW",Heidenheim,de Bundesliga,18.0,2005.0,29,20,1771,19.7,3,2,5,2,1,1,2,0,3.7,2.9,1.3,4.1,28,64,65,0.2,0.25,2745,de GER,"MF,FW",de Bundesliga,18.0,2005.0,19.7,3,24,5,20.8,1.22,0.25,0.08,0.4,18.2,3,1,1,3.7,2.9,0.12,-0.7,-0.9,2745,de GER,"MF,FW",de Bundesliga,18.0,2005.0,19.7,518,709,73.1,7975,2039,2,1.3,1.8,0.7,20,43,13,3,64,2745,de GER,"MF,FW",de Bundesliga,18.0,2005.0,19.7,709,600,105,34,4,2,52,15,25,17,5,0,518,4,19,2745,de GER,"MF,FW",de Bundesliga,18.0,2005.0,19.7,51,2.59,30,9,1,6,5,0,7,0.36,2745,de GER,"MF,FW",de Bundesliga,18.0,2005.0,19.7,40,27,16,21,3,32,46.9,17,15,0,15,4,44,20,0,2745,de GER,"MF,FW",de Bundesliga,18.0,2005.0,19.7,935,19,138,480,338,41,934,59,25,42.4,29,49.2,496,2613,1109,28,29,6,45,37,575,65,3376,de GER,"MF,FW",de Bundesliga,18.0,2005.0,29,1771,61,57.9,19.7,20,74.0,3,9,33.0,4,0.72,18,38,-20,-1.02,-0.53,22.4,30.8,-8.3,-0.42,2745,de GER,"MF,FW",de Bundesliga,18.0,2005.0,19.7,2,0,0,23,18,1,52,4,27,0,0,0,90,12,18,40.0,,,,,,,,,,,,,,,,,,,,,,,,,,,,,,,,,,,,,,,,,,,,,,,,,,,,,,MF,0.15245623941276115,0.10163749294184077,0.2540937323546019,0.18802936194240544,0.0660643704121965,0.7984812252964427,1,0.6342136424010154,1,0.57450753,0.6958410739898682
2756,Nelson Weiper,de GER,"FW,MF",Mainz 05,de Bundesliga,19.0,2005.0,23,7,704,7.8,3,2,5,3,0,0,2,0,4.1,4.1,1.9,6.0,12,13,62,0.64,0.77,2756,de GER,"FW,MF",de Bundesliga,19.0,2005.0,7.8,3,22,12,54.5,2.81,1.53,0.14,0.25,12.8,0,0,0,4.1,4.1,0.19,-1.1,-1.1,2756,de GER,"FW,MF",de Bundesliga,19.0,2005.0,7.8,116,173,67.1,1561,339,2,1.9,0.7,0.1,10,12,5,0,13,2756,de GER,"FW,MF",de Bundesliga,19.0,2005.0,7.8,173,160,12,0,0,0,6,2,0,0,0,0,116,1,9,2756,de GER,"FW,MF",de Bundesliga,19.0,2005.0,7.8,16,2.05,11,0,2,3,0,0,2,0.26,2756,de GER,"FW,MF",de Bundesliga,19.0,2005.0,7.8,5,4,2,3,0,4,50.0,2,5,0,5,2,7,5,1,2756,de GER,"FW,MF",de Bundesliga,19.0,2005.0,7.8,311,5,22,127,164,50,311,21,10,47.6,11,52.4,149,702,248,12,6,5,54,11,213,62,3387,de GER,"FW,MF",de Bundesliga,19.0,2005.0,23,704,31,23.0,7.8,7,71.0,1,16,13.0,6,1.35,9,8,1,0.13,-0.29,11.1,10.8,0.3,0.04,2756,de GER,"FW,MF",de Bundesliga,19.0,2005.0,7.8,2,0,0,19,1,8,6,2,4,0,0,0,20,34,44,43.6,,,,,,,,,,,,,,,,,,,,,,,,,,,,,,,,,,,,,,,,,,,,,,,,,,,,,,MF,0.38352272727272724,0.2556818181818182,0.6392045454545454,0.5241477272727272,0.24289772727272727,1.0708863636363635,1,0.5094803784710737,1,0.41908565,0.5376349091529846
2763,Adam Wharton,eng ENG,MF,Crystal Palace,eng Premier League,20.0,2004.0,20,16,1318,14.6,0,2,2,0,0,0,2,0,0.4,0.4,3.0,3.4,14,107,11,0.14,0.23,2763,eng ENG,MF,eng Premier League,20.0,2004.0,14.6,0,13,5,38.5,0.89,0.34,0.0,0.0,25.4,0,0,0,0.4,0.4,0.03,-0.4,-0.4,2763,eng ENG,MF,eng Premier League,20.0,2004.0,14.6,548,725,75.6,10271,3780,2,3.0,2.2,-1.0,26,78,18,5,107,2763,eng ENG,MF,eng Premier League,20.0,2004.0,14.6,725,678,40,14,5,1,39,0,26,19,1,0,548,7,12,2763,eng ENG,MF,eng Premier League,20.0,2004.0,14.6,59,4.03,45,11,0,2,0,1,6,0.41,2763,eng ENG,MF,eng Premier League,20.0,2004.0,14.6,34,14,14,16,4,44,38.6,27,11,2,9,20,54,27,0,2763,eng ENG,MF,eng Premier League,20.0,2004.0,14.6,872,30,204,463,212,11,872,10,2,20.0,8,80.0,430,2014,1078,14,23,2,17,13,533,11,3396,eng ENG,MF,eng Premier League,20.0,2004.0,20,1318,66,38.5,14.6,16,77.0,3,4,23.0,1,1.25,18,21,-3,-0.2,-0.33,21.1,19.2,1.9,0.13,2763,eng ENG,MF,eng Premier League,20.0,2004.0,14.6,2,0,0,12,21,0,39,20,14,0,0,0,102,7,16,30.4,,,,,,,,,,,,,,,,,,,,,,,,,,,,,,,,,,,,,,,,,,,,,,,,,,,,,,MF,0.0,0.13657056145675267,0.13657056145675267,0.027314112291350532,0.20485584218512898,0.6026411229135054,0,0.34002334959148756,0,0.40146723,0.21962958574295044
2780,Florian Wirtz,de GER,"MF,FW",Leverkusen,de Bundesliga,21.0,2003.0,31,25,2351,26.1,10,12,22,8,2,4,3,0,9.4,6.1,7.0,13.1,131,176,309,0.77,0.63,2780,de GER,"MF,FW",de Bundesliga,21.0,2003.0,26.1,10,74,35,47.3,2.83,1.34,0.11,0.23,19.7,1,2,4,9.4,6.1,0.08,0.6,1.9,2780,de GER,"MF,FW",de Bundesliga,21.0,2003.0,26.1,1370,1749,78.3,18566,5171,12,7.0,9.4,5.0,57,96,65,8,176,2780,de GER,"MF,FW",de Bundesliga,21.0,2003.0,26.1,1749,1619,120,23,26,8,101,48,42,17,4,0,1370,10,40,2780,de GER,"MF,FW",de Bundesliga,21.0,2003.0,26.1,148,5.66,107,7,23,6,4,1,26,0.99,2780,de GER,"MF,FW",de Bundesliga,21.0,2003.0,26.1,32,20,10,12,10,22,40.9,13,32,3,29,10,42,6,1,2780,de GER,"MF,FW",de Bundesliga,21.0,2003.0,26.1,2096,10,129,814,1177,137,2092,167,82,49.1,79,47.3,1217,7053,3641,131,72,53,58,47,1638,309,3418,de GER,"MF,FW",de Bundesliga,21.0,2003.0,31,2351,76,76.8,26.1,25,87.0,17,6,28.0,0,1.94,58,32,26,1.0,0.61,44.1,27.6,16.5,0.63,2780,de GER,"MF,FW",de Bundesliga,21.0,2003.0,26.1,3,0,0,22,39,11,101,10,20,1,0,0,113,9,36,20.0,,,,,,,,,,,,,,,,,,,,,,,,,,,,,,,,,,,,,,,,,,,,,,,,,,,,,,MF,0.38281582305401957,0.4593789876648235,0.8421948107188431,0.35984687367077844,0.2679710761378137,1.7515737983836666,1,0.9552968968703103,1,0.6887443,0.7800709009170532
2793,Lamine Yamal,es ESP,FW,Barcelona,es La Liga,17.0,2007.0,35,31,2856,31.7,9,13,22,9,0,0,3,0,9.8,9.8,13.9,23.8,181,160,433,0.69,0.75,2793,es ESP,FW,es La Liga,17.0,2007.0,31.7,9,144,46,31.9,4.54,1.45,0.06,0.2,19.4,0,0,0,9.8,9.8,0.07,-0.8,-0.8,2793,es ESP,FW,es La Liga,17.0,2007.0,31.7,1161,1553,74.8,16208,4559,13,13.9,11.6,-0.9,64,78,95,16,160,2793,es ESP,FW,es La Liga,17.0,2007.0,31.7,1553,1497,48,5,33,4,108,23,20,5,0,0,1161,8,57,2793,es ESP,FW,es La Liga,17.0,2007.0,31.7,188,5.92,112,3,38,20,11,4,29,0.91,2793,es ESP,FW,es La Liga,17.0,2007.0,31.7,42,28,8,17,17,38,42.1,22,12,0,12,16,58,3,0,2793,es ESP,FW,es La Liga,17.0,2007.0,31.7,2094,9,104,667,1364,226,2094,316,161,50.9,128,40.5,1486,10141,5270,181,96,95,102,49,1723,433,3434,es ESP,FW,es La Liga,17.0,2007.0,35,2856,82,83.5,31.7,31,87.0,20,4,41.0,0,2.49,92,28,64,2.02,2.18,80.6,31.3,49.3,1.55,2793,es ESP,FW,es La Liga,17.0,2007.0,31.7,3,0,0,30,60,13,108,16,28,2,0,0,123,1,3,25.0,,,,,,,,,,,,,,,,,,,,,,,,,,,,,,,,,,,,,,,,,,,,,,,,,,,,,,FW,0.28361344537815125,0.40966386554621853,0.6932773109243697,0.3088235294117647,0.4380252100840336,1.1081932773109244,1,0.9463449264322256,1,0.6887443,0.0
2796,Yehor Yarmoliuk,ua UKR,MF,Brentford,eng Premier League,20.0,2004.0,31,15,1450,16.1,0,0,0,0,0,0,6,0,0.6,0.6,0.9,1.5,15,63,47,0.0,0.09,2796,ua UKR,MF,eng Premier League,20.0,2004.0,16.1,0,9,2,22.2,0.56,0.12,0.0,0.0,15.9,0,0,0,0.6,0.6,0.07,-0.6,-0.6,2796,ua UKR,MF,eng Premier League,20.0,2004.0,16.1,661,760,87.0,11716,2679,0,0.9,0.9,-0.9,9,71,8,4,63,2796,ua UKR,MF,eng Premier League,20.0,2004.0,16.1,760,752,7,3,4,9,16,4,0,0,0,0,661,1,12,2796,ua UKR,MF,eng Premier League,20.0,2004.0,16.1,26,1.62,21,0,2,1,1,1,2,0.12,2796,ua UKR,MF,eng Premier League,20.0,2004.0,16.1,49,28,21,21,7,55,50.9,27,26,9,17,13,62,33,0,2796,ua UKR,MF,eng Premier League,20.0,2004.0,16.1,960,61,277,501,203,15,960,27,13,48.1,11,40.7,520,2790,908,15,19,3,26,21,599,47,3438,ua UKR,MF,eng Premier League,20.0,2004.0,31,1450,47,42.4,16.1,15,79.0,6,16,16.0,7,1.52,27,25,2,0.12,-0.2,22.8,26.1,-3.3,-0.21,2796,ua UKR,MF,eng Premier League,20.0,2004.0,16.1,6,0,0,19,13,2,16,13,28,0,0,0,113,8,10,44.4,,,,,,,,,,,,,,,,,,,,,,,,,,,,,,,,,,,,,,,,,,,,,,,,,,,,,,MF,0.0,0.0,0.0,0.037241379310344824,0.05586206896551724,0.36250000000000004,0,0.2909124532763448,0,0.38939708,0.23265428841114044
2800,Kenan Yıldız,tr TUR,"FW,MF",Juventus,it Serie A,19.0,2005.0,35,28,2402,26.7,7,4,11,7,0,0,2,1,4.3,4.3,5.0,9.3,115,121,223,0.41,0.35,2800,tr TUR,"FW,MF",it Serie A,19.0,2005.0,26.7,7,61,22,36.1,2.29,0.82,0.11,0.32,17.5,0,0,0,4.3,4.3,0.07,2.7,2.7,2800,tr TUR,"FW,MF",it Serie A,19.0,2005.0,26.7,896,1124,79.7,13767,3753,4,5.0,4.8,-1.0,57,70,52,13,121,2800,tr TUR,"FW,MF",it Serie A,19.0,2005.0,26.7,1124,1040,79,6,9,2,115,21,50,24,14,0,896,5,24,2800,tr TUR,"FW,MF",it Serie A,19.0,2005.0,26.7,130,4.87,86,11,13,12,5,3,10,0.37,2800,tr TUR,"FW,MF",it Serie A,19.0,2005.0,26.7,54,30,13,26,15,32,56.3,14,25,0,25,5,59,13,3,2800,tr TUR,"FW,MF",it Serie A,19.0,2005.0,26.7,1485,17,161,590,752,103,1485,111,59,53.2,49,44.1,964,6159,3376,115,59,43,86,41,1116,223,3443,tr TUR,"FW,MF",it Serie A,19.0,2005.0,35,2402,69,70.2,26.7,28,80.0,13,7,25.0,1,1.94,39,15,24,0.9,0.99,34.9,20.1,14.8,0.56,2800,tr TUR,"FW,MF",it Serie A,19.0,2005.0,26.7,2,1,0,25,48,4,115,5,30,0,0,0,123,8,26,23.5,,,,,,,,,,,,,,,,,,,,,,,,,,,,,,,,,,,,,,,,,,,,,,,,,,,,,,MF,0.2622814321398834,0.1498751040799334,0.41215653621981685,0.1611157368859284,0.18734388009991673,1.0120316402997502,1,0.8593560541679536,1,0.6822205,0.7503615021705627
2801,Leny Yoro,fr FRA,DF,Manchester Utd,eng Premier League,18.0,2005.0,21,12,1165,12.9,0,0,0,0,0,0,5,0,0.7,0.7,0.1,0.8,19,52,4,0.0,0.06,2801,fr FRA,DF,eng Premier League,18.0,2005.0,12.9,0,5,1,20.0,0.39,0.08,0.0,0.0,8.6,0,0,0,0.7,0.7,0.15,-0.7,-0.7,2801,fr FRA,DF,eng Premier League,18.0,2005.0,12.9,708,766,92.4,11513,3678,0,0.1,0.2,-0.1,2,44,5,1,52,2801,fr FRA,DF,eng Premier League,18.0,2005.0,12.9,766,745,20,9,2,1,1,7,0,0,0,0,708,1,5,2801,fr FRA,DF,eng Premier League,18.0,2005.0,12.9,9,0.7,6,0,0,2,0,1,0,0.0,2801,fr FRA,DF,eng Premier League,18.0,2005.0,12.9,29,11,19,9,1,19,68.4,6,5,3,2,18,47,43,0,2801,fr FRA,DF,eng Premier League,18.0,2005.0,12.9,894,87,413,414,70,13,894,4,2,50.0,2,50.0,614,3173,1765,19,13,1,3,4,656,4,3445,fr FRA,DF,eng Premier League,18.0,2005.0,21,1165,55,34.1,12.9,12,78.0,5,9,26.0,0,0.81,17,24,-7,-0.54,-0.42,18.1,19.4,-1.3,-0.1,2801,fr FRA,DF,eng Premier League,18.0,2005.0,12.9,5,0,0,9,2,1,1,18,11,0,0,0,46,16,16,50.0,,,,,,,,,,,,,,,,,,,,,,,,,,,,,,,,,,,,,,,,,,,,,,,,,,,,,,DF,0.0,0.0,0.0,0.05407725321888412,0.007725321888412018,0.4854166666666667,0,0.3979702450249988,0,0.36728266,0.40404415130615234
2804,Illia Zabarnyi,ua UKR,DF,Bournemouth,eng Premier League,21.0,2002.0,36,35,3109,34.5,0,1,1,0,0,0,4,1,1.3,1.3,0.7,2.0,27,140,4,0.03,0.06,2804,ua UKR,DF,eng Premier League,21.0,2002.0,34.5,0,12,1,8.3,0.35,0.03,0.0,0.0,9.8,0,0,0,1.3,1.3,0.11,-1.3,-1.3,2804,ua UKR,DF,eng Premier League,21.0,2002.0,34.5,1404,1710,82.1,29649,10860,1,0.7,0.8,0.3,12,153,7,0,140,2804,ua UKR,DF,eng Premier League,21.0,2002.0,34.5,1710,1677,31,27,6,7,6,1,0,0,0,0,1404,2,10,2804,ua UKR,DF,eng Premier League,21.0,2002.0,34.5,29,0.84,26,1,0,0,0,2,1,0.03,2804,ua UKR,DF,eng Premier League,21.0,2002.0,34.5,52,36,31,20,1,50,68.0,16,33,20,13,41,93,182,2,2804,ua UKR,DF,eng Premier League,21.0,2002.0,34.5,2062,234,929,1078,77,16,2062,9,6,66.7,2,22.2,1282,8351,4948,27,21,0,14,3,1306,4,3449,ua UKR,DF,eng Premier League,21.0,2002.0,36,3109,86,90.9,34.5,35,88.0,30,1,45.0,0,1.53,53,41,12,0.35,0.35,57.2,42.0,15.2,0.44,2804,ua UKR,DF,eng Premier League,21.0,2002.0,34.5,4,1,0,20,7,0,6,41,36,0,0,0,157,77,44,63.6,,,,,,,,,,,,,,,,,,,,,,,,,,,,,,,,,,,,,,,,,,,,,,,,,,,,,,DF,0.0,0.02894821486008363,0.02894821486008363,0.037632679318108715,0.02026375040205854,0.7982470247668061,1,0.8681004778397167,1,0.6389176,0.8339694738388062
2810,Warren Zaïre-Emery,fr FRA,"MF,DF",Paris S-G,fr Ligue 1,18.0,2006.0,29,23,2050,22.8,1,2,3,1,0,0,3,0,1.7,1.7,1.4,3.1,49,135,92,0.13,0.14,2810,fr FRA,"MF,DF",fr Ligue 1,18.0,2006.0,22.8,1,17,7,41.2,0.75,0.31,0.06,0.14,20.5,0,0,0,1.7,1.7,0.1,-0.7,-0.7,2810,fr FRA,"MF,DF",fr Ligue 1,18.0,2006.0,22.8,1557,1677,92.8,22787,4864,2,1.4,1.4,0.6,18,116,9,1,135,2810,fr FRA,"MF,DF",fr Ligue 1,18.0,2006.0,22.8,1677,1605,70,17,2,18,9,50,0,0,0,0,1557,2,22,2810,fr FRA,"MF,DF",fr Ligue 1,18.0,2006.0,22.8,52,2.28,47,1,1,3,0,0,4,0.18,2810,fr FRA,"MF,DF",fr Ligue 1,18.0,2006.0,22.8,51,26,17,21,13,45,51.1,22,35,6,29,23,74,20,2,2810,fr FRA,"MF,DF",fr Ligue 1,18.0,2006.0,22.8,1908,49,314,1051,555,32,1908,37,20,54.1,17,45.9,1211,6383,3200,49,63,6,39,32,1506,92,3457,fr FRA,"MF,DF",fr Ligue 1,18.0,2006.0,29,2050,71,67.0,22.8,23,82.0,15,6,26.0,0,2.38,61,21,40,1.76,0.24,54.6,21.7,32.9,1.45,2810,fr FRA,"MF,DF",fr Ligue 1,18.0,2006.0,22.8,3,0,0,25,19,1,9,23,26,0,0,0,136,9,14,39.1,,,,,,,,,,,,,,,,,,,,,,,,,,,,,,,,,,,,,,,,,,,,,,,,,,,,,,DF,0.04390243902439024,0.08780487804878048,0.13170731707317074,0.07463414634146341,0.06146341463414634,0.9695121951219512,1,0.8721342729271331,1,0.64736533,0.8339694738388062
2837,Nathan Zeze,fr FRA,DF,Nantes,fr Ligue 1,19.0,2005.0,18,17,1512,16.8,0,0,0,0,0,0,6,0,0.3,0.3,0.0,0.3,2,46,0,0.0,0.02,2837,fr FRA,DF,fr Ligue 1,19.0,2005.0,16.8,0,6,2,33.3,0.36,0.12,0.0,0.0,10.5,0,0,0,0.3,0.3,0.05,-0.3,-0.3,2837,fr FRA,DF,fr Ligue 1,19.0,2005.0,16.8,737,859,85.8,14468,5641,0,0.0,0.2,0.0,1,47,2,0,46,2837,fr FRA,DF,fr Ligue 1,19.0,2005.0,16.8,859,826,32,20,1,4,1,5,0,0,0,0,737,1,2,2837,fr FRA,DF,fr Ligue 1,19.0,2005.0,16.8,10,0.6,9,0,0,0,1,0,0,0.0,2837,fr FRA,DF,fr Ligue 1,19.0,2005.0,16.8,38,22,22,16,0,33,69.7,10,22,9,13,23,61,120,1,2837,fr FRA,DF,fr Ligue 1,19.0,2005.0,16.8,1083,155,572,498,19,6,1083,4,3,75.0,1,25.0,600,2809,1477,2,2,0,9,1,678,0,3487,fr FRA,DF,fr Ligue 1,19.0,2005.0,18,1512,84,49.4,16.8,17,88.0,15,1,19.0,4,1.17,17,20,-3,-0.18,0.4,16.0,23.3,-7.4,-0.44,2837,fr FRA,DF,fr Ligue 1,19.0,2005.0,16.8,6,0,0,17,17,0,1,23,22,0,0,0,63,28,25,52.8,,,,,,,,,,,,,,,,,,,,,,,,,,,,,,,,,,,,,,,,,,,,,,,,,,,,,,DF,0.0,0.0,0.0,0.017857142857142856,0.0,0.63,0,0.49062961638466485,0,0.4692709,0.5126344561576843
2844,Luck Zogbé,ci CIV,DF,Brest,fr Ligue 1,19.0,2005.0,13,7,638,7.1,0,0,0,0,0,0,2,0,0.3,0.3,0.1,0.4,4,19,19,0.0,0.06,2844,ci CIV,DF,fr Ligue 1,19.0,2005.0,7.1,0,8,1,12.5,1.13,0.14,0.0,0.0,23.2,0,0,0,0.3,0.3,0.03,-0.3,-0.3,2844,ci CIV,DF,fr Ligue 1,19.0,2005.0,7.1,253,328,77.1,4265,1357,0,0.1,0.1,-0.1,4,12,2,2,19,2844,ci CIV,DF,fr Ligue 1,19.0,2005.0,7.1,328,259,69,10,0,0,14,59,0,0,0,0,253,0,7,2844,ci CIV,DF,fr Ligue 1,19.0,2005.0,7.1,15,2.11,8,0,0,2,2,3,1,0.14,2844,ci CIV,DF,fr Ligue 1,19.0,2005.0,7.1,32,18,17,11,4,26,69.2,8,11,2,9,14,46,22,1,2844,ci CIV,DF,fr Ligue 1,19.0,2005.0,7.1,436,30,158,192,92,5,436,19,4,21.1,11,57.9,196,985,384,4,7,0,9,5,202,19,3495,ci CIV,DF,fr Ligue 1,19.0,2005.0,13,638,49,20.8,7.1,7,79.0,6,6,14.0,17,1.69,15,14,1,0.14,0.44,9.8,15.3,-5.5,-0.78,2844,ci CIV,DF,fr Ligue 1,19.0,2005.0,7.1,2,0,0,9,11,1,14,14,18,0,0,0,51,12,4,75.0,,,,,,,,,,,,,,,,,,,,,,,,,,,,,,,,,,,,,,,,,,,,,,,,,,,,,,DF,0.0,0.0,0.0,0.04231974921630094,0.014106583072100314,0.26583333333333337,0,0.15594866785554212,0,0.33319795,0.18901872634887695
